code	binomial	pubmed_count
aaf	Aureococcus anophagefferens	102
aag	Aedes aegypti	14108
aalb	Aedes albopictus	5780
aali	Anopheles albimanus	512
aara	Anopheles arabiensis	1143
abp	Agaricus bisporus	1774
abrc	Anser brachyrhynchus	31
abru	Argiope bruennichi	54
acan	Acanthamoeba castellanii	1629
acep	Atta cephalotes	78
achc	Aquila chrysaetos	138
acoo	Adelges cooleyi	11
acoz	Anopheles coluzzii	516
acs	Anolis carolinensis	632
act	Aspergillus clavatus	233
acun	Athene cunicularia	72
acyg	Anser cygnoides	198
adar	Anopheles darlingi	414
adr	Apis dorsata	152
aec	Acromyrmex echinatior	59
aflr	Apis florea	82
afm	Aspergillus fumigatus	12830
afun	Anopheles funestus	859
afv	Aspergillus flavus	6348
aga	Anopheles gambiae	5683
agb	Anoplophora glabripennis	206
agif	Aphidius gifuensis	58
agrg	Anthonomus grandis	220
ahf	Arachis hypogaea	2752
ajc	Anneissia japonica	6
aje	Histoplasma mississippiense	4
alud	Anastrepha ludens	240
aly	Arabidopsis lyrata	356
ame	Apis mellifera	8525
amer	Anopheles merus	45
amex	Astyanax mexicanus	403
amil	Acropora millepora	244
aml	Ailuropoda melanoleuca	561
anan	Aotus nancymaae	98
ang	Aspergillus niger	10821
ani	Aspergillus nidulans	5195
aoce	Amphiprion ocellaris	104
aof	Asparagus officinalis	427
aoq	Anastrepha obliqua	111
aor	Aspergillus oryzae	3552
api	Acyrthosiphon pisum	1140
apla	Anas platyrhynchos	1775
aplc	Acanthaster planci	148
apln	Agrilus planipennis	252
aqu	Amphimedon queenslandica	108
aroa	Athalia rosae	67
arow	Apteryx rowi	7
aste	Anopheles stephensi	2170
atd	Aethina tumida	117
aten	Actinia tenebrosa	20
ath	Arabidopsis thaliana	51204
atr	Amborella trichopoda	113
atra	Amyelois transitella	99
ats	Aegilops tauschii	662
baff	Bombus affinis	15
bany	Bicyclus anynana	228
bbig	Babesia bigemina	851
bbo	Babesia bovis	1221
bmor	Bombyx mori	8252
boe	Brassica oleracea	3204
bta	Bos taurus	4420
cal	Candida albicans	45078
cci	Coprinopsis cinerea	301
cel	Caenorhabditis elegans	31694
cfa	Canis lupus	2062
cge	Cricetulus griseus	223
cgi	Cryptococcus gattii	1146
chx	Capra hircus	1361
cic	Citrus x	62
clum	Cyclopterus lumpus	165
cnb	Cryptococcus deneoformans	56
cne	Cryptococcus deneoformans	56
cpoo	Crocodylus porosus	237
cre	Chlamydomonas reinhardtii	6912
crg	Magallana gigas	196
ctp	Candida tropicalis	4326
ddi	Dictyostelium discoideum	6064
dme	Drosophila melanogaster	41928
dosa	Oryza sativa	17788
dre	Danio rerio	12343
dsq	Dichomitus squalens	79
ecb	Equus caballus	981
fgr	Fusarium graminearum	3609
fme	Fomitiporia mediterranea	38
fox	Fusarium oxysporum	6899
gga	Gallus gallus	3606
gmx	Glycine max	9919
gtr	Gloeophyllum trabeum	152
hir	Heterobasidion irregulare	33
hmg	Hydra vulgaris	321
hsa	Homo sapiens	5830
iti	Ictidomys tridecemlineatus	194
lbc	Laccaria bicolor	238
lma	Leishmania major	5215
lsv	Lactuca sativa	3097
mdm	Malus domestica	2349
mesc	Manihot esculenta	1290
mmu	Mus musculus	6807
ncr	Neurospora crassa	6650
oas	Ovis aries	1894
ocu	Oryctolagus cuniculus	2142
ogl	Oryza glaberrima	192
osa	Oryza sativa	17788
pco	Phanerochaete carnosa	22
pdul	Prunus dulcis	479
pfa	Plasmodium falciparum	39627
pop	Populus trichocarpa	1264
pper	Prunus persica	1502
ppp	Physcomitrium patens	408
psq	Punctularia strigosozonata	5
ptep	Parasteatoda tepidariorum	92
ptr	Pan troglodytes	2992
rno	Rattus norvegicus	4583
sbi	Sorghum bicolor	2926
sce	Saccharomyces cerevisiae	81383
scm	Schizophyllum commune	1058
shs	Stereum hirsutum	84
sly	Solanum lycopersicum	7149
sot	Solanum tuberosum	5149
spo	Schizosaccharomyces pombe	9167
ssc	Sus scrofa	4574
ssl	Sclerotinia sclerotiorum	2222
taes	Triticum aestivum	12803
tgu	Taeniopygia guttata	1230
tms	Tremella mesenterica	29
tre	Trichoderma reesei	2792
tvs	Trametes versicolor	1335
vde	Varroa destructor	1208
vra	Vigna radiata	1596
vvi	Vitis vinifera	6107
xtr	Xenopus tropicalis	1120
yli	Yarrowia lipolytica	2800
zma	Zea mays	15325
aacu	Anas acuta	104
aage	Aricia agestis	14
aalt	Alternaria alternata	2922
aam	Apteryx mantelli	51
aamp	Arvicola amphibius	47
aamu	Asterias amurensis	155
aang	Anguilla anguilla	1538
aans	Argentina anserina	19
abe	Trichophyton benhamiae	71
abv	Agaricus bisporus	1774
acak	Aristolochia californica	2
acar	Antrostomus carolinensis	1
acat	Aquarana catesbeiana	44
acer	Apis cerana	857
ache	Aspergillus chevalieri	83
achl	Acanthisitta chloris	10
acoc	Atta colombica	44
acoe	Aphelocoma coerulescens	74
acos	Anopheles coustani	83
adac	Alternaria dauci	46
adf	Acropora digitifera	130
adl	Auricularia subglabra	5
adu	Arachis duranensis	98
aew	Actinidia eriantha	92
afb	Anoplopoma fimbria	62
afil	Amphiura filiformis	50
afor	Aptenodytes forsteri	107
afra	Artemia franciscana	627
aful	Aythya fuligula	59
afz	Antechinus flavipes	26
agen	Astur gentilis	5
aglu	Alnus glutinosa	378
ago	Eremothecium gossypii	17
agrv	Apium graveolens	573
ags	Aphis gossypii	827
aib	Anomalospiza imberbis	17
aip	Arachis ipaensis	69
airr	Argopecten irradians	211
ajj	Apostichopus japonicus	823
ajm	Artibeus jamaicensis	146
aju	Acinonyx jubatus	434
alab	Apis laboriosa	12
alat	Acanthopagrus latus	112
alim	Austrofundulus limnaeus	49
aluc	Aspergillus luchuensis	110
amap	Anopheles maculipalpis	5
amen	Ascidia mentula	7
amir	Anarhichas minor	43
amj	Alligator mississippiensis	682
ammm	Ammodytes marinus	16
amou	Anopheles moucheti	36
amrs	Anopheles marshallii	9
amua	Acropora muricata	51
amus	Akanthomyces muscarius	21
anil	Anopheles nili	46
anoc	Athene noctua	92
anu	Arvicanthis niloticus	210
apan	Andrographis paniculata	1423
aprc	Abrus precatorius	327
apri	Ahaetulla prasina	7
apro	Auxenochlorella protothecoides	77
apur	Augochlora pura	3
apuu	Aspergillus puulaauensis	11
arab	Ascochyta rabiei	149
arot	Anguilla rostrata	283
arun	Luidia clathrata	12
arut	Acipenser ruthenus	241
asad	Alosa sapidissima	58
asao	Anolis sagrei	207
asau	Australozyma saopauloensis	0
asn	Alligator sinensis	102
astr	Antennarius striatus	5
asua	Armigeres subalbatus	218
asyl	Apodemus sylvaticus	564
atrc	Agelaius tricolor	7
atri	Amaranthus tricolor	169
avit	Apaloderma vittatum	1
bacu	Balaenoptera acutorostrata	195
barl	Babylonia areolata	40
bbel	Branchiostoma belcheri	227
bbes	Besnoitia besnoiti	215
bbif	Bombus bifarius	12
bbuf	Bufo bufo	885
bcom	Baudoinia panamericana	1
bcoo	Bradysia coprophila	12
bfer	Bombus fervidus	9
bfre	Brachyistius frenatus	2
bhw	Bidens hawaiensis	1
bke	Bubalus kerabau	1
bnn	Brettanomyces nanus	1
bobo	Brevipalpus obovatus	8
bpyo	Bombus pyrosoma	7
brhi	Buceros rhinoceros	2
bvan	Bombus vancouverensis	6
cabi	Chelonoidis abingdonii	3
cana	Clinocottus analis	11
canu	Magallana angulata	4
cbrm	Coenobita brevimanus	9
ccac	Cutaneotrichosporon cavernicola	3
cclm	Corticium candelabrum	6
ccoa	Cyphomyrmex costatus	1
ccrc	Colias croceus	11
cdec	Cryptococcus decagattii	3
cdep	Cryptococcus depauperatus	3
cery	Chanodichthys erythropterus	11
cfai	Chamaea fasciata	5
cgig	Colletes gigas	7
cgob	Cottoperca gobio	9
cins	Chelonus insularis	12
cit	Citrus sinensis	1835
clon	Condylostylus longicornis	1
clud	Canis lupus	2062
clus	Clavispora lusitaniae	176
cmy	Chelonia mydas	1052
cnic	Caloenas nicobarica	3
cot	Lodderomyces orthopsilosis	0
cpap	Carica papaya	1410
cpea	Chaetura pelagica	11
cstb	Cydia strobilella	7
csti	Colius striatus	8
csyr	Carlito syrichta	9
cteg	Cryptococcus tetragattii	8
cten	Yamadazyma tenuis	6
cthr	Thermochaetoides thermophila	4
ctig	Crotalus tigris	4
ctul	Cyprinodon tularosa	5
ctyp	Cotesia typhae	11
cvf	Charadrius vociferus	11
daes	Danio aesculapii	7
dam	Diachasma alloeum	12
dcor	Dalotia coriaria	7
dfa	Cavenderia fasciculata	2
dgt	Dendronephthya gigantea	10
dnv	Drosophila navojoa	5
dpub	Dryobates pubescens	6
dsm	Diprion similis	6
eaf	Eurytemora carolleeae	6
earm	Enoplosus armatus	1
eclr	Epargyreus clarus	6
ecra	Etheostoma cragini	4
ehs	Eurypyga helias	2
erc	Eremothecium cymbalariae	6
ero	Encephalitozoon romaleae	6
esim	Euwallacea similis	2
esp	Etheostoma spectabile	7
etl	Empidonax traillii	9
fve	Fragaria vesca	576
gae	Gigantopelta aegis	8
gmu	Girardinichthys multiradiatus	12
gsh	Geotrypetes seraphini	7
gvr	Galeopterus variegatus	11
haka	Hemitrygon akajei	8
hcg	Hemicordylus capensis	4
hek	Heliangelus exortis	3
hpum	Henckelia pumila	0
hsq	Hyla sarda	5
kaf	Kazachstania africana	3
kbi	Kwoniella bestiolae	0
kbo	Kwoniella botswanensis	1
kdj	Kwoniella dejecticola	0
kep	Kwoniella dendrophila	0
ker	Kwoniella europaea	2
kmg	Kwoniella mangroviensis	3
kne	Kwoniella newhampshirensis	4
kng	Huiozyma naganishii	0
kpin	Kwoniella pini	0
ksh	Kwoniella shivajii	0
ksn	Kwoniella shandongensis	3
lbg	Lodderomyces beijingensis	3
lcai	Lichenostomus cassidix	0
ldi	Leptosomus discolor	0
lein	Leishmania sp. Namibia	0
leis	Leishmania sp. Ghana 2012 LV757	0
leri	Leucoraja erinaceus	1
llon	Lineus longissimus	9
lmix	Labrus mixtus	4
maen	Molothrus aeneus	0
mbe	Drepanopeziza brunnea	0
mcaz	Montipora capricornis	11
mfoo	Montipora foliosa	7
mfot	Alexandromys fortis	1
mjp	Malassezia japonica	8
mjv	Manis javanica	111
mnb	Merops nubicus	3
mng	Monoraphidium neglectum	7
msin	Magnolia sinica	7
mui	Mesitornis unicolor	1
muo	Microcaecilia unicolor	5
mves	Malassezia vespertilionis	1
mzt	Mycetomoellerius zeteki	0
ndi	Naumovozyma dairenensis	4
nfb	Neodiprion fabricii	0
ngi	Nannospalax galili	7
ngra	Neoarius graeffei	9
nhe	Fusarium vanettenii	8
niq	Nymphalis io	4
nmay	Nesoenas mayeri	8
npa	Neofusicoccum parvum	176
npd	Nothoprocta perdicaria	10
npt	Neodiprion pinetum	4
nvg	Neodiprion virginianus	0
nwh	Nematolebias whitei	2
oma	Oenanthe melanoleuca	2
otc	Onychostruthus taczanowskii	4
pbel	Podospora bellae-mahoneyi	1
pcs	Penicillium rubens	109
pcur	Phaenicophaeus curvirostris	0
pebu	Primulina eburnea	5
pech	Psittacula echo	2
pee	Phycodurus eques	7
pfd	Plasmodium falciparum	39627
pfh	Plasmodium falciparum	39627
pgab	Plasmodium gaboni	11
pgc	Pseudomyrmex gracilis	8
pgeo	Pseudochaenichthys georgianus	9
pguu	Pterocles gutturalis	0
phet	Porcisia hertigi	3
phua	Primulina huaijiensis	5
pki	Paramormyrops kingsleyae	5
pklu	Pempheris klunzingeri	1
plag	Plasmodium adleri	3
plet	Phaethon lepturus	12
pmec	Polyergus mexicanus	3
pmeo	Paramacrobiotus metropolitanus	4
pmum	Prunus mume	419
pocc	Pezoporus occidentalis	3
ppam	Pteronotus mesoamericanus	8
ppei	Pyricularia pennisetigena	5
pprl	Poeciliopsis prolifica	5
ppsa	Podospora pseudoanserina	1
ppsd	Podospora pseudocomata	2
ppsf	Penicillium psychrofluorescens	1
ppsp	Podospora pseudopauciseta	1
ppus	Pogoniulus pusillus	0
praf	Podarcis raffonei	8
pruf	Pyrgilauda ruficollis	6
psat	Lathyrus oleraceus	3
psco	Mollisia scopiformis	0
pswi	Pseudoliparis swirei	12
ptab	Primulina tabacum	1
ptet	Puntigrus tetrazona	10
ptkz	Purpureocillium takamizusanense	6
pvp	Pteropus vampyrus	67
pxb	Pyrus x	6
rarg	Rhodamnia argentea	6
rbra	Raja brachyura	12
rkg	Rhinichthys klamathensis	1
rsz	Raphanus sativus	1728
rthe	Remersonia thermophila	2
rvl	Rhododendron vialii	4
rze	Rhagoletis zephyria	9
salp	Salvelinus sp. IW2-2015	0
sanh	Sinocyclocheilus anshuiensis	5
sbia	Syngnathoides biaculeatus	6
sfum	Sorex fumeus	9
sgra	Sporisorium graminicola	2
shab	Strigops habroptila	3
shon	Sturnira hondurensis	3
slb	Sugiyamaella lignohabitans	8
som	Schizosaccharomyces osmophilus	4
srx	Sinocyclocheilus rhinocerous	8
sstn	Solanum stenotomum	7
stow	Sphaerodactylus townsendi	2
tame	Temnothorax americanus	9
tbl	Henningerozyma blattae	0
tbr	Trypanosoma brucei	9904
tbt	Telmatherina bonti	1
tbu	Taurulus bubalis	6
tcz	Trachymyrmex cornetzi	3
tdw	Triplophysa dalaica	5
teo	Tauraco erythrolophus	1
tgb	Torulaspora globosa	9
tgt	Tinamus guttatus	2
tpf	Tetrapisispora phaffii	10
trn	Trichomycterus rosablanca	2
tros	Triplophysa rosa	7
trr	Trichoderma reesei	2792
tss	Telopea speciosissima	6
tvc	Tachysurus vachellii	2
udv	Uloborus diversus	8
uma	Mycosarcoma maydis	1
val	Verticillium alfalfae	9
vcha	Vidua chalybeata	4
vem	Vollenhovia emeryi	8
vmc	Vidua macroura	5
vpo	Vanderwaltozyma polyspora	6
wsb	Watersipora subatra	5
wse	Wallemia mellicola	8
xco	Xiphophorus couchianus	11
xen	Xenia sp. Carnegie-2017	0
yba	Ylistrum balloti	2
zce	Zerene cesonia	3
zmk	Zygotorulaspora mrakii	7
zro	Zygosaccharomyces rouxii	395
hca	Helicobacter pylori	51613
aamb	Acidianus ambivalens	70
abi	Aciduliprofundum boonei	10
abri	Acidianus brierleyi	25
acf	Candidatus Aciduliprofundum sp.	0
acia	Acidilobus sp. 7A	0
acih	Acidianus sp. HS-5	0
acj	Aeropyrum camini	5
afg	Archaeoglobus fulgidus	569
afu	Archaeoglobus fulgidus	569
agw	Archaeon GW2011_AR10	0
aho	Acidianus hospitalis	14
apo	Archaeoglobus profundus	11
arg	Archaeon GW2011_AR20	0
asc	Acidilobus saccharovorans	6
ast	Archaeoglobus sulfaticallidus	2
asul	Acidianus sulfidivorans	4
ave	Archaeoglobus veneficus	4
barb	Candidatus Bathyarchaeota archaeon	3
barc	Candidatus Bathyarchaeota archaeon	3
ccai	Conexivisphaera calida	1
cdiv	Cuniculiplasma divulgatum	10
clg	Caldisphaera lagunensis	2
csty	Stygiolobus caldivivus	1
csu	Candidatus Caldarchaeum subterraneum	0
dka	Desulfurococcus amylolyticus	23
dmu	Desulfurococcus mucosus	11
feo	Ferroplasma sp. BR_04	0
ffo	Fervidicoccus fontis	2
flt	Candidatus Fermentimicrarchaeum limneticum	0
gac	Geoglobus acetivorans	8
gah	Geoglobus ahangari	7
haaa	Halalkaliarchaeum sp. AArc-CO	0
haad	Halocatena salina	1
hab	Haloarcula sp. CBA1115	0
habn	Halorhabdus sp. BNX81	0
habo	Halobacterium sp. BOL4-2	0
hacb	Halobaculum sp. CBA1158	0
hae	Halohasta litchfieldiae	5
haer	Haloplanus aerogenes	4
hags	Halobacterium sp. GSL-19	0
hahs	Halanaeroarchaeum sp. HSR-CO	0
haj	Haloplanus rubicundus	1
hakz	Haloterrigena alkaliphila	1
hala	Halorhabdus sp. CBA1104	0
halb	Halorubrum sp. BOL3-1	0
halg	Halorarum halophilum	0
halh	Halodesulfurarchaeum formicicum	0
hali	Halorientalis sp. IM1011	0
halj	Haloarcula sp. JP-L23	0
hall	Halomicrobium sp. LC1Hm	0
halm	Haloprofundus sp. MHR1	0
haln	Halolamina sp. CBA1230	0
halp	Halorubrum sp. PV6	0
halq	Halorubrum sp. CBA1229	0
halr	Halarchaeum sp. CBA1220	0
halu	Halorarum salinum	1
halv	Natronosalvus halobius	1
halx	Halorussus limi	1
haly	Natrinema halophilum	1
halz	Halomicrobium mukohataei	8
hanr	Halobacterium salinarum	634
hanx	Halobacterium sp. NMX12-1	0
haq	Haloplanus rubicundus	1
hara	Natranaeroarchaeum sulfidigenes	2
harc	Halococcoides cellulosivorans	1
hasv	Halorhabdus sp. SVX81	0
haxy	Halorussus vallis	1
haxz	Halorussus gelatinilyticus	1
hayc	Halorussus salilacus	1
hazp	Halomicrobium sp. ZPS1	0
hazz	Halorubrum sp. 2020YC2	0
hbu	Hyperthermus butylicus	11
hda	Natronorubrum daqingense	3
hdf	Halalkaliarchaeum desulfuricum	1
hdl	Halobacterium sp. DL1	0
hdo	Halococcus dombrowskii	8
hdr	Haloferax denitrificans	10
hds	Halapricum desulfuricans	1
hezz	Halorubrum ezzemoulense	7
hhb	Halobacterium hubeiense	3
hhn	Haloarcula hispanica	79
hhsr	Halodesulfurarchaeum formicicum	0
hje	Halalkalicoccus jeotgali	10
hjt	Natrinema thermotolerans	1
hlc	Natronobacterium lacisalsi	0
hlm	Halobellus limi	3
hln	Haloferax volcanii	761
hlo	Natrinema longum	1
hlr	Halostagnicola larsenii	8
hls	Haloferax larsenii	11
hlt	Halosimplex litoreum	1
hlu	Halobacterium litoreum	1
hmp	Halobaculum magnesiiphilum	2
hmu	Halomicrobium mukohataei	8
hpal	Halorientalis pallida	1
hpel	Halosimplex pelagicum	2
hra	Haloplanus rallus	1
hre	Halobaculum roseum	2
hrl	Haloplanus ruber	3
hrm	Halobaculum rubrum	2
hrr	Halosimplex rubrum	2
hru	Halovivax ruber	4
hsaa	Haloarcula salina	0
hsai	Halorubrum salinarum	2
hsal	Haloterrigena salifodinae	4
hsf	Halanaeroarchaeum sulfurireducens	3
hsin	Haloarcula marismortui	256
hsl	Halobacterium salinarum	634
hsn	Halapricum salinum	2
hss	Halorubrum ruber	2
hsu	Halanaeroarchaeum sulfurireducens	3
hta	Haloarcula taiwanensis	2
hti	Halorhabdus tiamatea	7
htp	Halorubrum trapanicum	6
hvo	Haloferax volcanii	761
hwc	Haloquadratum walsbyi	67
hxa	Halopiger xanaduensis	6
hxj	Halorubrum xinjiangense	7
iag	Ignisphaera aggregans	8
iis	Ignicoccus islandicus	6
ipc	Ignicoccus pacificus	4
kcr	Candidatus Korarchaeum cryptofilum	6
lob	Candidatus Lokiarchaeum ossiferum	3
loki	Candidatus Lokiarchaeum sp.	1
manq	Methanomicrobium antiquum	2
maqe	Methanofollis aquaemaris	4
marh	Candidatus Mancarchaeum acidiphilum	2
marv	Microcaldota archaeon	0
max	Methanomethylophilus alvi	1
mbak	Methanosarcina barkeri	548
mbar	Methanosarcina barkeri	548
mbn	Methanoregula boonei	6
mbw	Methanosarcina barkeri	548
mby	Methanosarcina barkeri	548
mchk	Methanoculleus chikugoensis	5
mcn	Metallosphaera cuprina	9
mcub	Methanobacterium congolense	10
meac	Methanobacterium nebraskense	2
meae	Methanonatronarchaeum sp. AMET-Sl	0
meam	Methanonatronarchaeum sp. AMET6-2	0
mear	Candidatus Methanoplasma termitum	2
meax	Methanothermococcus jasoni	1
meb	Methanobrevibacter sp. AbM4	4
meer	Methanobacterium sp. ERen5	0
mees	Methanimicrococcus stummii	0
mef	Methanosarcina sp. WH1	0
mefw	Methanochimaera problematica	1
mehf	Methanimicrococcus hongohii	0
meis	Methanosphaera sp. ISO3-F5	0
mek	Methanosarcina sp. Kolksee	0
mel	Methanobacterium lacus	4
melo	Methanococcoides orientis	4
melu	Candidatus Methanoliparum sp.	0
mema	Methanoculleus bourgensis	45
meme	Methanobacterium alkalithermotolerans	1
mend	Methanoplanus endosymbiosus	3
meq	Methanosarcina sp. WWM596	0
mer	Candidatus Methanomassiliicoccus intestinalis	5
mesa	Methanocaldococcus lauensis	1
mesb	Methanogenium sp. S4BF	0
mesg	Methanocaldococcus lauensis	1
mesk	Methanoregula sp. SKADARSKE-2	0
metb	Methanosphaera sp. BMS	0
metc	Methanothermobacter sp. CaT2	0
mete	Methanothermobacter sp. EMTCatA1	0
metf	Methanofervidicoccus sp. A16	0
meth	Methanobacterium sp. MB1	0
metj	Methanothermobacter sp. THM-2	0
metk	Methanothermobacter sp. KEPCO-1	0
metm	Methanosarcina sp. MTP4	0
metn	Methanobacterium sp. MZ-A1	0
meto	Methanobacterium sp. BAmetb5	0
mett	Methanobacterium sp. BRmetb2	0
metv	Methanobrevibacter sp. TLL-48-HuF1	0
metw	Methanosarcina sp. 795	0
metz	Methanothermobacter sp. MT-2	0
meuz	Candidatus Methanogranum gryphiswaldense	1
mev	Methanohalobium evestigatum	4
mew	Methanobacterium paludis	4
meye	Methanobrevibacter sp. YE315	2
mez	Methanocella conradii	8
mezk	Methanolobus sp. ZRKC1	0
mfe	Methanocaldococcus fervens	4
mfeg	Methanobacterium ferruginis	1
mfi	Methanobacterium formicicum	159
mfk	Methanofollis formosanus	4
mfo	Methanoregula formicica	3
mfs	Methanocaldococcus sp. FS406-22	2
mfz	Methanosarcina flavescens	11
mhab	Methanosarcina hadiensis	1
mhaz	Methanohalophilus halophilus	4
mhi	Methanothrix harundinacea	8
mhk	Metallosphaera hakonensis	6
mhor	Methanosarcina horonobensis	7
mif	Methanocaldococcus infernus	12
mig	Methanotorris igneus	4
mine	Methanobrevibacter intestini	6
miy	Candidatus Micrarchaeum sp.	0
mjh	Methanocaldococcus bathoardescens	5
mjk	Candidatus Methanospirare jalkutatii	0
mjn	Metallosphaera javensis	2
mlaa	Methanospirillum lacunae	4
mls	Methanosarcina lacustris	6
mmac	Methanosarcina mazei	380
mmaj	Methanosarcina mangrovi	1
mmak	Methanococcus maripaludis	332
mmao	Methanococcus maripaludis	332
mmap	Methanococcoides mangrovi	1
mmav	Methanolobus mangrovi	1
mmaz	Methanosarcina mazei	380
mmd	Methanococcus maripaludis	332
mmh	Methanohalophilus mahii	6
mmj	Methanosarcina mazei	380
mmp	Methanococcus maripaludis	332
mmq	Methanococcus maripaludis	332
mmvi	Methanococcus mangrovi	1
mmx	Methanococcus maripaludis	332
mmz	Methanococcus maripaludis	332
mok	Methanothermococcus okinawensis	11
mol	Methanobrevibacter olleyae	12
mou	Methanogenium organophilum	3
mpd	Methanocella paludicola	10
mpi	Methanolacinia petrolearia	4
mpl	Methanosphaerula palustris	5
mpru	Metallosphaera sedula	95
mpum	Methanocalculus pumilus	3
mrc	Methanoculleus receptaculi	4
mrid	Methanobacterium aridiramus	1
mrtj	Methanospirillum purgamenti	1
msds	Methanosarcina sediminis	1
mse	Metallosphaera sedula	95
mseb	Methanolobus sediminis	1
msel	Methanococcoides seepicolus	1
msj	Methanosarcina siciliae	9
msoc	Methanothermus sociabilis	5
mstm	Methanospirillum stamsii	4
msub	Methanobacterium subterraneum	8
msum	Methanoculleus submarinus	5
msw	Methanosarcina siciliae	9
msz	Methanosarcina siciliae	9
mtee	Methanothermobacter tenebrarum	4
mten	Metallosphaera tengchongensis	2
mthm	Methanothermobacter sp. THM-1	0
mthr	Methanosarcina thermophila	199
mtp	Methanothrix thermoacetophila	6
mvc	Methanosarcina vacuolata	7
mvj	Candidatus Methanosuratincola verstraetei	1
mvu	Methanocaldococcus vulcanius	2
mzh	Methanosalsum zhilinae	1
mzi	Methanolobus zinderi	4
naa	Candidatus Nanopusillus acidilobi	1
nac	Nanohaloarchaea archaeon	0
naer	Nanobdella aerobiophila	4
nag	Natrarchaeobaculum sulfurireducens	1
naj	Natrarchaeobaculum aegyptiacum	0
nan	Natrarchaeobaculum sulfurireducens	1
nara	Natrialbaceae archaeon	2
nas	Natronorubrum aibiense	3
nat	Natrinema gari	9
nay	Natrinema zhouii	1
nbg	Natronorubrum bangense	6
nbv	Candidatus Nitrosopelagicus brevis	4
nck	Candidatus Nitrosotenuis chungbukensis	1
ncl	Nitrosopumilus cobalaminigenes	1
ncon	Candidatus Nanohalobium constans	2
nct	Candidatus Nitrosomarinus catalinensis	0
ncv	Candidatus Nitrosocaldus cavascurensis	1
ndv	Nitrosotalea devaniterrae	2
nev	Candidatus Nitrososphaera evergladensis	2
nfn	Candidatus Nitrosocosmicus franklandianus	1
nhf	Candidatus Nanohalovita haloferacivicina	0
nho	Natronomonas halophila	1
nic	Nitrosarchaeum sp. AC2	0
nid	Nitrosopumilus piranensis	4
nin	Nitrosopumilus adriaticus	6
nip	Nitrosopumilus sp. K4	0
nir	Candidatus Nitrosopumilus sediminis	1
niu	Candidatus Nitrosotenuis sp.	0
niw	Candidatus Nitrosopumilus sp.	1
nkr	Candidatus Nitrosopumilus koreensis	6
nmo	Natronomonas moolapensis	4
nocc	Candidatus Nanohalococcus occultus	1
nox	Nitrosopumilus oxyclinae	1
npe	Natrinema pellirubrum	5
npl	Natrinema pallidum	10
nsal	Natronomonas salina	1
nue	Nitrosopumilus ureiphilus	2
nvr	Natrinema versiforme	5
nzt	Nitrosopumilus zosterae	2
omr	Oxyplasma meridianum	2
oyw	Candidatus Odinarchaeum yellowstonii	1
pare	Pyrofollis japonicus	1
pas	Pyrobaculum arsenaticum	12
pdl	Pyrodictium delaneyi	5
pfm	Pyrolobus fumarii	11
pfu	Pyrococcus furiosus	1485
pog	Pyrobaculum oguniense	8
ppac	Palaeococcus pacificus	8
psyt	Promethearchaeum syntrophicum	5
pto	Picrophilus oshimae	8
pyc	Pyrococcus kukulkanii	2
pyn	Pyrococcus sp. NA2	0
pyr	Pyrobaculum ferrireducens	1
pys	Pyrococcus sp. ST04	1
pyw	Pyrobaculum sp. WP30	0
rci	Methanocella arvoryzae	2
sacd	Sulfodiicoccus acidiphilus	2
sacr	Sulfolobus acidocaldarius	712
sacs	Sulfolobus acidocaldarius	712
sahs	Sulfolobales archaeon	4
sai	Sulfolobus acidocaldarius	712
saim	Salinarchaeum sp. IM2453	0
sali	Salinarchaeum sp. Harcht-Bsk1	0
salr	Salarchaeum sp. JOR-1	0
sawl	Natronosalvus rutilus	1
sazo	Stygiolobus azoricus	7
scas	Saccharolobus caldissimus	2
shc	Staphylothermus hellenicus	6
sic	Saccharolobus islandicus	34
sid	Saccharolobus islandicus	34
sih	Saccharolobus islandicus	34
sii	Saccharolobus islandicus	34
sim	Saccharolobus islandicus	34
sin	Saccharolobus islandicus	34
sir	Saccharolobus islandicus	34
sis	Saccharolobus islandicus	34
siy	Saccharolobus islandicus	34
sjv	Sulfurisphaera javensis	2
smet	Sulfuracidifex metallicus	2
soh	Sulfurisphaera ohwakuensis	11
srub	Salinigranum rubrum	3
ssai	Salinirubellus salinus	1
sshi	Saccharolobus shibatae	4
sso	Saccharolobus solfataricus	63
ssoa	Saccharolobus solfataricus	63
ssof	Saccharolobus solfataricus	63
ssol	Saccharolobus solfataricus	63
step	Sulfuracidifex tepidarius	2
sto	Sulfurisphaera tokodaii	9
sula	Saccharolobus sp. A20	0
sule	Saccharolobus sp. E5-1-F	0
sull	Sulfolobus sp. S-194	0
sulo	Sulfolobus sp. E11-6	0
taa	Candidatus Nitrosocosmicus oleophilus	0
tag	Thermosphaera aggregans	6
tagg	Thermococcus aggregans	8
tah	Candidatus Nitrosotenuis cloacae	1
tbs	Thermococcus barossii	4
tcb	Thermofilum adornatum	2
tch	Thermococcus chitonophagus	9
tcq	Thermococcus camini	1
tcs	Thermosphaera chiliense	0
teu	Thermococcus eurythermalis	7
tgy	Thermococcus guaymasensis	6
tha	Thermococcus sp. AM4	0
thb	Thermofilum adornatum	2
the	Thermococcus sp. 4557	0
thei	Thermococcus argininiproducens	1
thel	Infirmifilum lucidum	3
them	Thermococcus aciditolerans	3
thf	Infirmifilum uzonense	3
thg	Thermogladius calderae	2
thh	Thermococcus sp. 5-4	0
thm	Thermococcus cleftensis	1
ths	Thermococcus paralvinellae	8
thv	Thermococcus sp. 2319x1	0
thy	Thermococcus sp. P6	0
tic	Thermococcus indicus	1
tmik	Tardisphaera miroshnichenkoae	0
tne	Pyrobaculum neutrophilum	2
tnu	Thermococcus nautili	8
tpaf	Thermococcus pacificus	7
tpep	Thermococcus peptonophilus	6
tpie	Thermococcus piezophilus	5
trl	Thermococcus radiotolerans	3
tsl	Thermococcus siculi	4
tuz	Thermoproteus uzoniensis	10
vdi	Vulcanisaeta distributa	8
vmo	Vulcanisaeta moutnovskia	7
vso	Vulcanisaeta souniana	4
war	Candidatus Woesearchaeota archaeon	1
sjj	Streptococcus pneumoniae	30367
aaa	Paracidovorax avenae	4
aab	Amycolatopsis albispora	2
aacd	Amycolatopsis acidiphila	3
aacr	Arboribacterium acericorticis	1
aact	Aggregatibacter actinomycetemcomitans	2381
aacx	Acididesulfobacillus acetoxydans	4
aad	Alicyclobacillus acidocaldarius	169
aade	Candidatus Annandia adelgestsuga	0
aaeg	Achromobacter aegrifaciens	11
aaeo	Acidihalobacter aeolianus	4
aagg	Anatilimnocola aggregata	2
aah	Aggregatibacter actinomycetemcomitans	2381
aaj	Aeromonas hydrophila	5702
aal	Alteromonas australica	8
aala	Aureimonas sp. OT7	0
aalc	Aliiphycobium algicola	1
aale	Alteromonas algae	1
aalg	Arenibacter algicola	5
aalk	Abyssibius alkaniclasticus	1
aaln	Advenella alkanexedens	3
aalu	Algihabitans albus	3
aamm	Alcaligenes ammonioxydans	10
aamy	Anoxybacteroides amylolyticum	0
aan	Aggregatibacter actinomycetemcomitans	2381
aana	Halarcobacter anaerophilus	1
aanh	Aquirufa antheringensis	1
aanr	Arenibacter antarcticus	2
aant	Comamonas antarctica	1
aao	Aggregatibacter actinomycetemcomitans	2381
aapc	Arsenophonus apicola	3
aapi	Apilactobacillus apisilvae	1
aapn	Apilactobacillus apinorum	8
aaq	Arthrobacter alpinus	5
aaqa	Ampullimonas aquatilis	2
aaqd	Anatilimnocola aquadivae	1
aaqi	Arcobacter aquimarinus	1
aaqw	Actomonas aquatica	2
aar	Acetohalobium arabaticum	5
aarc	Agromyces archimandritae	1
aare	Azospirillum argentinense	11
aarg	Amedibacterium intestinale	2
aars	Agrobacterium arsenijevicii	1
aart	Actinobacillus arthritidis	2
aas	Candidatus Amoebophilus asiaticus	10
aasc	Acetobacter ascendens	4
aasz	Acinetobacter sp. AS23	1
aat	Aggregatibacter actinomycetemcomitans	2381
aau	Paenarthrobacter aurescens	7
aaur	Actinokineospora auranticolor	4
aaus	Alteromonas australica	8
aaut	Aceticella autotrophica	1
aav	Paracidovorax citrulli	11
aaw	Alteromonas stellipolaris	12
aaxa	Haploplasma axanthum	0
aay	Croceibacterium atlanticum	1
aayd	Anoxybacillus ayderensis	9
aaz	Aggregatibacter aphrophilus	104
aba	Candidatus Koribacter versatilis	4
abab	Acinetobacter baumannii	17168
abac	Luteitalea pratensis	3
abad	Acinetobacter baumannii	17168
abae	Suicoccus acidiformans	2
abai	Actinobacteria bacterium	6
abaj	Acinetobacter baumannii	17168
abal	Acinetobacter baumannii	17168
abam	Candidatus Nanopelagicus limnae	0
aban	Acinetobacter baumannii	17168
abao	Anaerolineaceae bacterium	7
abar	Amycolatopsis bartoniae	5
abas	Acidisarcina polymorpha	3
abat	Candidatus Brevifilum fermentans	0
abau	Acinetobacter baumannii	17168
abaw	Georhizobium profundi	2
abaz	Acinetobacter baumannii	17168
abb	Acinetobacter baumannii	17168
abc	Acinetobacter baumannii	17168
abd	Acinetobacter baumannii	17168
abez	Aquimarina besae	1
abf	Azospirillum brasilense	1023
abh	Acinetobacter baumannii	17168
abiw	Akkermansia biwaensis	6
abj	Acinetobacter baumannii	17168
abk	Acinetobacter baumannii	17168
abm	Acinetobacter baumannii	17168
abn	Acinetobacter baumannii	17168
abom	Apilactobacillus bombintestini	1
abou	Acinetobacter bouvetii	12
abq	Azospirillum brasilense	1023
abr	Acinetobacter baumannii	17168
abra	Acholeplasma brassicae	2
abre	Aromatoleum bremense	2
abry	Actinacidiphila bryophytorum	2
absi	Amedibacterium intestinale	2
abt	Aliarcobacter butzleri	31
abu	Aliarcobacter butzleri	31
abut	Aminipila butyrica	7
abw	Acinetobacter baumannii	17168
abx	Acinetobacter baumannii	17168
aby	Acinetobacter baumannii	17168
abz	Acinetobacter baumannii	17168
acaa	Malaciobacter canalis	0
acab	Amycolatopsis carbonis	2
acad	Actinoalloteichus fjordicus	2
acae	Alkalicella caledoniensis	3
acaf	Alienimonas californiensis	2
acag	Acetobacterium carbinolicum	4
acai	Thermaerobacillus caldiproteolyticus	0
acam	Acaryochloris sp. Moss Beach	0
acao	Arthrobacter caoxuetaonis	1
acap	Actinomyces capricornis	1
acaq	Acinetobacter sp. ASP199	0
acas	Arcanobacterium canis	5
acau	Actinoalloteichus caeruleus	3
acaz	Acinetobacter sp. A1-4-2	0
acb	Acinetobacter baumannii	17168
accx	Acinetobacter sp. C32I	0
accz	Acinetobacter sp. C26M	0
acek	Acetobacter vaccinii	1
acel	Anaerocolumna cellulosilytica	3
aces	Acinetobacter sp. ESL0695	0
acet	Acetobacter sp. JWB	0
ach	Pseudarthrobacter chlorophenolicus	2
acha	Achromobacter sp. ES-001	0
achb	Achromobacter sp. B7	0
achh	Achromobacter sp. HNDS-1	0
achi	Acinetobacter chinensis	2
achj	Achromobacter sp. JD417	0
achm	Achromobacter sp. E1	0
achn	Actinomyces sp. HMT 175	0
acho	Achromobacter sp. 77	0
achp	Aciduricibacillus chroicocephali	1
achr	Achromobacter sp. AONIH1	0
acht	Anaerocolumna chitinilytica	1
achu	Acinetobacter chenhuanii	0
achy	Acidaminobacterium chupaoyuni	1
acib	Aliarcobacter cibarius	1
acic	Acinetobacter sp. Ac-14	0
acid	Acidovorax carolinensis	1
acie	Acinetobacter sp. BHS4	0
acif	Acinetobacter sp. LUNF3	0
acig	Acinetobacter sp. LoGeW2-3	0
acii	Acidiferrobacter sp. SPIII_3	0
acij	Acidipropionibacterium virtanenii	2
acik	Acinetobacter sp. Z1	0
acil	Candidatus Azoamicus ciliaticola	2
acim	Acidocella sp. MX-AZ03	0
acin	Acidovorax carolinensis	1
acio	Acidovorax sp. 1608163	0
acip	Acidovorax carolinensis	1
aciq	Acidovorax sp. DW039	0
acir	Actinomadura citrea	3
acis	Acidovorax carolinensis	1
aciu	Acinetobacter sp. NCu2D-2	0
aciv	Acidovorax sp. JMULE5	0
acix	Acidovorax sp. FHTAMBA	0
aciy	Acidithiobacillus sp. YTS05	0
aciz	Acinetobacter sp. Tol 5	0
ack	Acidovorax sp. KKS102	3
acld	Algirhabdus cladophorae	1
aclf	Acinetobacter sp. LF10	1
aclo	Arcobacter cloacae	3
acm	Granulicella tundricola	5
acms	Acidithiobacillus sp. M4-SHS-6	0
acny	Acinetobacter sp. NyZ410	0
aco	Aminobacterium colombiense	11
acoa	Alterisphingorhabdus coralli	1
acob	Candidatus Andeanibacterium colombiense	0
acog	Candidatus Accumulibacter cognatus	0
acoi	Acinetobacter colistiniresistens	11
acom	Parazoarcus communis	0
acop	Aeribacillus composti	1
acor	Amycolatopsis coloradensis	7
acot	Acinetobacter corruptisaponis	1
acou	Alistipes communis	8
acpd	Achromobacter sp. PD1	0
acpz	Acinetobacter sp. P1332	0
acq	Actinomyces sp. oral taxon 414	0
acra	Acidovorax sp. RAC01	0
acre	Aliarcobacter cryaerophilus	7
acro	Aliiroseovarius crassostreae	8
acrs	Alysiella crassa	3
acru	Aerophototrophica crusticola	1
acry	Crystallibacter crystallopoietes	0
acta	Actinoalloteichus sp. AHMU CJ021	0
actb	Actimicrobium sp. CCC2.4	0
actc	Actinomyces sp. Chiba101	0
acte	Actinoplanes sp. OR16	0
acth	Actinomyces sp. HMT897	0
acti	Actinoalloteichus sp. GBA129-24	0
actl	Actinoplanes sp. L3-i22	0
actm	Tongtianella jiaweipingae	1
actn	Actinoplanes sp. N902-109	2
acto	Actinomyces sp. oral taxon 897	0
actp	Actinomyces gaoshouyii	1
actq	Actinoallomurus sp. NBC_01490	0
actr	Actinoplanes sp. NBRC 14428	0
acts	Actinoplanes sp. SE50	3
actt	Actinobaculum sp. 313	0
actu	Actinokineospora sp. UTMC 2448	0
actw	Actinomadura sp. WMMB 499	0
acty	Actinomycetospora sp. NBC_00405	0
actz	Actinomyces sp. 432	0
acuc	Agrobacterium cucumeris	1
acum	Acinetobacter cumulans	3
acur	Paenalicyclobacillus curvatus	0
acut	Acuticoccus sp. I52.16.1	0
acv	Acinetobacter sp. TGL-Y2	0
acw	Acinetobacter sp. DUT-2	0
acwc	Acinetobacter sp. WCHAc010052	0
acyc	Paenalicyclobacillus cycloheptanicus	0
acyn	Amycolatopsis cynarae	1
acz	Acidithiobacillus caldus	144
aczq	Acinetobacter sp. 2019-01-05	0
ada	Alistipes dispar	3
adae	Aquihabitans daechungensis	1
adau	Alicyclobacillus dauci	1
adb	Aeromicrobium duanguangcaii	1
add	Adhaeribacter radiodurans	1
ade	Anaeromyxobacter dehalogenans	39
adg	Ammonifex degensii	4
adi	Alloalcanivorax dieselolei	0
adin	Alloacidobacterium dinghuense	2
adj	Azospirillum doebereinerae	10
adn	Alicycliphilus denitrificans	31
ado	Tsuneonella dongtanensis	1
adp	Actinobacillus delphinicola	3
adq	Annamia dubia	1
ads	Acinetobacter dispersus	2
adv	Acinetobacter defluvii	2
ady	Achromobacter deleyi	4
adz	Arcobacter defluvii	7
aea	Aeromonas sp. ASNIH3	0
aeb	Aeromicrobium sp. A1-2	0
aed	Arsenophonus endosymbiont	4
aee	Anabaenopsis elenkinii	10
aef	Aeromicrobium yanjiei	2
aeg	Agromyces endophyticus	1
aei	Acinetobacter equi	4
aej	Aeromonas sp. 2692-1	0
aek	Aeoliella fuhlenseeensis	1
aell	Arcobacter ellisii	5
aem	Aeromonas sp. CU5	0
aen	Arsenophonus endosymbiont	4
aequ	Aequorivita marisscotiae	2
aer	Aeromicrobium erythreum	15
aero	Aeromonas sp. CA23	0
aerz	Aeromonas sp. 1805	0
aes	Aeromonas sp. ASNIH5	0
aest	Aestuariibaculum sp. YM273	0
aet	Arsenophonus apicola	3
aev	Aequorivita ciconiae	1
aey	Actinopolyspora erythraea	7
aez	Aeromicrobium chenweiae	2
afal	Acinetobacter faecalis	4
afas	Alicyclobacillus fastidiosus	7
afc	Aliarcobacter faecis	4
afer	Acidithiobacillus ferruginosus	0
aff	Alysiella filiformis	8
afh	Acidithiobacillus ferrianus	2
afj	Acidithiobacillus ferridurans	8
afk	Agrilactobacillus fermenti	1
afla	Antarcticibacterium flavum	2
aflv	Pseudoblastomonas flavescens	1
afp	Acidithiobacillus ferriphilus	7
afq	Alcaligenes faecalis	1018
afr	Acidithiobacillus ferrooxidans	837
afri	Allofrancisella frigidaquae	2
aft	Anoxybacter fermentans	3
afus	Aequoribacter fuscus	2
afuv	Ammonicoccus fulvus	2
afw	Anaeromyxobacter sp. Fw109-5	1
afx	Paenalicyclobacillus mengziensis	0
afy	Acidihalobacter ferrooxydans	4
agaq	Agarivorans sp. QJM3NY_29	0
agar	Agarivorans sp. OAG1	0
agat	Agathobaculum sp. NTUH-O15-33	0
agaz	Agarivorans sp. Z349TD_7	0
agc	Agrobacterium sp. RAC06	0
agd	Anseongella ginsenosidimutans	1
ageg	Arthrobacter gengyunqii	1
agf	Agromyces protaetiae	2
agg	Agrococcus sp. SGAir0287	0
agi	Arachidicoccus ginsenosidivorans	3
agj	Aggregatibacter sp. oral taxon 513	0
agk	Actinobacillus genomosp.	0
agl	Neoakkermansia glycaniphila	0
agla	Actinacidiphila glaucinigra	0
agm	Agromyces badenianii	1
agou	Affinirhizobium gouqiense	1
agp	Actinobacillus genomosp.	0
agq	Agarivorans sp. B2Z047	1
agra	Actinomadura graeca	1
agrc	Agrobacterium sp. CGMCC 11546	0
agri	Agrococcus sp. SCSIO52902	0
agro	Agrococcus sp. Marseille-Q4369	0
agrs	Agrococcus sp. SL85	0
agrz	Agrobacterium sp. 13-2099-1-2	0
agt	Agrobacterium sp. 33MFTa1.1	0
agv	Aquisphaera giovannonii	5
agx	Agreia sp. COWG	0
agy	Agromyces aureus	3
agyl	Acinetobacter gyllenbergii	11
agz	Agarivorans sediminis	1
aha	Aeromonas hydrophila	5702
ahad	Anoxybacterium hadale	1
ahai	Actinospongiicola halichondriae	0
ahal	Alkalicoccus halolimnae	4
ahao	Algoriphagus halophytocola	1
ahap	Algoriphagus halophilus	8
ahat	Adlercreutzia hattorii	1
ahb	Anaeromicropila herbilytica	1
ahc	Aristaeella hokkaidonensis	2
ahd	Aeromonas hydrophila	5702
ahei	Allofrancisella heilbronnii	1
ahel	Aureliella helgolandensis	2
ahg	Actinoalloteichus hoggarensis	2
ahh	Aeromonas hydrophila	5702
ahi	Aeromonas hydrophila	5702
ahj	Aeromonas hydrophila	5702
ahk	Acholeplasma hippikon	2
ahm	Actinoalloteichus hymeniacidonis	9
ahp	Aeromonas hydrophila	5702
ahq	Allocoprobacillus halotolerans	1
ahr	Aeromonas hydrophila	5702
ahs	Malaciobacter halophilus	0
aht	Antarctobacter heliothermus	6
ahu	Azospirillum humicireducens	5
ahv	Azonexus hydrophilus	3
ahw	Actinomyces howellii	1
ahx	Arcanobacterium hippocoleae	7
ahy	Aeromonas hydrophila	5702
ahyd	Aetokthonos hydrillicola	9
ahz	Pseudalgibacter alginicilyticus	1
aia	Anaerobacillus isosaccharinicus	2
aic	Aequorivita iocasae	1
aie	Arcobacter iocasae	2
aif	Aurantivibrio infirmus	1
aig	Auritidibacter ignavus	9
aih	Actinoplanes ianthinogenes	10
aii	Allofrancisella inopinata	2
ail	Agromyces intestinalis	2
aim	Amygdalobacter indicium	2
aiq	Azospira inquinata	2
aiu	Alistipes ihumii	8
aja	Amycolatopsis japonica	6
ajg	Arthrobacter jiangjiafuii	1
aji	Acidipropionibacterium jensenii	5
ajp	Amphritea japonica	4
ajr	Arthrobacter jinronghuae	1
ajs	Acidovorax sp. JS42	0
ako	Arthrobacter koreensis	8
ala	Acinetobacter larvae	1
alac	Aristaeella lactis	2
alam	Atribacter laminatus	2
alan	Aliarcobacter lanthieri	5
alav	Agromyces larvae	1
alax	Aulosira laxa	1
alb	Altererythrobacter sp. B11	0
alca	Alcanivorax sp. ALC70	0
alcn	Alcaligenes sp. NLF5-7	0
alcs	Alcaligenes sp. SDU_A2	0
ald	Alistipes sp. dk3624	0
ale	Alteromonas sp. Mac1	0
aleg	Agrobacterium leguminum	3
alen	Aquirufa lenticrescens	1
alf	Agrobacterium larrymoorei	11
alg	Aquicella lusitana	2
algo	Algoriphagus sp. NBT04N3	0
alh	Altererythrobacter sp. BO-6	0
alic	Alicyclobacillus sp. SO9	0
alih	Aliinostoc sp. HNIBRCY26	0
alii	Aliiglaciecola sp. LCG003	0
alil	Actinomyces lilanjuaniae	1
aliq	Streptomyces cyclosori	1
alj	Acinetobacter lanii	1
alk	Poseidonibacter lekithochrous	1
alka	Alkalibacter rhizosphaerae	2
alkf	Alkalibacterium sp. f15	0
alkg	Alkalihalobacillus sp. AL-G	0
alkl	Alkalihalobacillus sp. LMS39	0
alkm	Alkalimarinus alittae	1
alkq	Xiashengella succiniciproducens	1
allo	Allobaculum sp. Allo2	0
alm	Algoriphagus sanaruensis	1
aln	Alcanivorax sp. NBRC 101098	0
alo	Alloactinosynnema sp. L-07	0
aloy	Aerococcus loyolae	2
alp	Poseidonibacter parvus	2
alq	Pseudoprevotella muciniphila	2
alr	Alteromonas sp. RKMC-009	0
als	Arcticibacterium luteifluviistationis	4
alt	Alteromonas naphthalenivorans	4
alta	Alteromonas sp. BL110	0
altb	Alteromonas sp. B31-7	0
altc	Altererythrobacter arenosus	1
altd	Alteromonas sp. D210916BOD_24	0
alte	Alteromonas sp. 76-1	0
altf	Alteromonas sp. CI.11.F.A3	0
alti	Constantimarinum furrinae	1
altm	Alteromonas sp. Mex14	0
altn	Altererythrobacter sp. N1	0
alto	Alteromonas sp. I4	0
altr	Alteromonas sp. RW2A1	0
alts	Alteromonas sp. 4B03	0
altz	Alteromonas sp. OM2203	0
alus	Anaerohalosphaera lusitana	4
alut	Algibacter luteus	0
alx	Allobranchiibius sp. GilTou73	0
alz	Alteromonas sp. Mac2	0
amab	Alteromonas marina	11
amad	Alteromonas mediterranea	17
amae	Alteromonas mediterranea	17
amag	Alteromonas mediterranea	17
amai	Alteromonas mediterranea	17
amaj	Acetobacterium malicum	4
amak	Akkermansia massiliensis	10
amal	Alteromonas mediterranea	17
amam	Actinomyces marmotae	1
amao	Alteromonas mediterranea	17
amaq	Algicella marina	1
amar	Malaciobacter marinus	3
amas	Actinomyces massiliensis	9
amat	Aliinostoc maniaoense	0
amau	Agromyces marinus	2
amav	Agromyces mangrovi	2
amax	Ahrensia marina	1
amb	Alteromonas macleodii	148
amc	Alteromonas mediterranea	17
amei	Peptoniphilus sp. GNH	0
amf	Anaplasma marginale	1542
amg	Alteromonas macleodii	148
amh	Alteromonas mediterranea	17
amic	Aminipila terrae	1
amih	Aminobacter sp. MSH1	2
amij	Aminipila luticellarii	1
amin	Aurantimicrobium minutum	4
amio	Aminobacter sp. NyZ550	0
amis	Aminobacter sp. Y103A	0
amit	Aerococcus mictus	3
amiw	Aminobacter sp. MDW-2	1
amiz	Aminobacterium sp. MB27-C1	0
amk	Alteromonas macleodii	148
amm	Amycolatopsis mediterranei	141
amn	Amycolatopsis mediterranei	141
amo	Acetomicrobium mobile	4
amob	Adhaeretor mobilis	1
amog	Amycolatopsis mongoliensis	1
amol	Malaciobacter molluscorum	1
amon	Paenacidovorax monticola	0
amp	Anaplasma marginale	1542
amt	Alkaliphilus metalliredigens	7
amuc	Aeoliella mucimassa	2
amue	Aquimarina muelleri	12
amuo	Allobaculum mucilyticum	2
amur	Acutalibacter muris	5
amw	Anaplasma marginale	1542
amx	Pelagerythrobacter marensis	3
amy	Schaalia meyeri	2
amyb	Amycolatopsis sp. BJA-103	0
amyc	Amycolatopsis sp. AA4	0
amyd	Amycolatopsis sp. DSM 110486	0
amye	Amycolatopsis sp. EV170708-02-1	0
amyl	Amylibacter sp. IMCC11727	0
amyo	Amycolatopsis cyclosori	1
amyq	Aeromonas mytilicola	1
amys	Amycolatopsis sp. TNS106	0
amyt	Malaciobacter mytili	0
amyy	Amycolatopsis sp. YIM 10	0
amyz	Amycolatopsis sp. CA-230715	0
amz	Amycolatopsis mediterranei	141
ana	Nostoc sp. PCC 7120	11
anb	Anabaena sp. 90	0
anc	Ancylobacter sp. TS-1	0
and	Anoxybacillus sp. PDR2	0
aneu	Aneurinibacillus sp. Ricciae_BoGa-3	0
anf	Aquipluma nitroreducens	2
angu	Angustibacter sp. McL0619	0
anh	Paraurantiacibacter namhicola	0
aniv	Candidatus Arsenophonus nilaparvatae	1
anj	Aminobacter niigataensis	11
ank	Anaeromyxobacter sp. K	0
anl	Anoxybacillus sp. B7M1	0
anm	Anoxybacillus sp. B2M1	0
ann	Anabaena sp. YBS01	0
anot	Acetoanaerobium noterae	3
anox	Anoxybacillus dikiliensis	1
anp	Antarcticibacterium arcticum	1
anq	Amygdalobacter nucleatus	1
anr	Anaerocolumna sedimenticola	2
anv	Anaerotignum sp. MB30-C6	0
anw	Amycolatopsis nalaikhensis	2
anx	Aneurinibacillus sp. XH2	0
anz	Anaerococcus sp. AH8042_DFU013_CI05	0
aob	Anaerococcus obesiensis	3
aod	Arthrobacter oryzae	7
aog	Antiquaquibacter oligotrophicus	1
aoi	Amycolatopsis keratiniphila	10
aoj	Aeromonas oralensis	2
aol	Bradyrhizobium oligotrophicum	7
aon	Aquabacterium olei	1
aory	Anaeromyxobacter oryzae	1
aou	Actinoplanes oblitus	1
aoy	Acetobacter oryzoeni	5
apac	Isoalcanivorax pacificus	2
apah	Aquidulcibacter paucihalophilus	5
apai	Malaciobacter pacificus	1
apal	Alteracholeplasma palmae	0
apar	Alcaligenes parafaecalis	1
apau	Anaeromyxobacter paludicola	1
apb	Candidatus Puniceispirillum marinum	8
apel	Alteromonas pelagimontana	2
aper	Acetobacter persici	9
apes	Achromobacter pestifer	4
apet	Aromatoleum petrolei	2
apg	Acetobacter pasteurianus	313
aph	Anaplasma phagocytophilum	2514
apha	Anaplasma phagocytophilum	2514
aphe	Alkalihalobacillus phoenicis	0
aphf	Abyssogena phaseoliformis	1
aphn	Agrococcus phoenicis	1
apho	Arcanobacterium phocisimile	7
apib	Apibacter sp. B2966	0
apic	Apibacter sp. B3706	0
apii	Arcanobacterium pinnipediorum	5
apin	Candidatus Annandia pinicola	1
apis	Acinetobacter piscicola	2
apj	Actinobacillus pleuropneumoniae	1630
apk	Acetobacter pasteurianus	313
apl	Actinobacillus pleuropneumoniae	1630
aplv	Aurantivibrio plasticivorans	1
aply	Asaia platycodi	2
apm	Alpha proteobacterium	534
apn	Pseudarthrobacter phenanthrenivorans	12
apoa	Arthrobacter polaris	1
apoc	Arcobacter porcinus	3
apol	Ancylobacter polymorphus	3
apop	Algimonas porphyrae	4
apor	Actinobacillus porcitonsillarum	11
apot	Acinetobacter portensis	4
apq	Acetobacter pasteurianus	313
apra	Ancylobacter pratisalsi	4
aprd	Candidatus Absconditicoccus praedator	1
aprp	Aminirod propionatiphilus	0
aprs	Acidihalobacter prosperus	10
aprt	Amycolatopsis sp. FBCC-B4732	0
aps	Candidatus Azobacteroides pseudotrichonymphae	2
apse	Acinetobacter pseudolwoffii	8
apt	Acetobacter pasteurianus	313
apu	Acetobacter pasteurianus	313
apv	Lancefieldella parvula	7
apw	Acetobacter pasteurianus	313
apx	Acetobacter pasteurianus	313
apy	Anaplasma phagocytophilum	2514
apz	Acetobacter pasteurianus	313
aqa	Aquimarina sp. AD1	0
aqb	Aquimarina sp. BL5	0
aqd	Aquimarina sp. AD10	0
aqe	Aquimarina sp. ERC-38	0
aqg	Aquiluna borgnonia	1
aqi	Aquabacter sp. L1I39	0
aqj	Aquabacterium sp. J223	0
aqk	Aquiluna sp. KACHI24	0
aql	Aquaspirillum sp. LM1	0
aqn	Aegicerorhabdus qinzhovensis	1
aqr	Aquimarina sp. TRL1	0
aqs	Aquitalea sp. USM4	0
aqt	Radiobacillus deserti	2
aqw	Aquiluna sp. Uisw_065	0
aqz	Aquihabitans sp. G128	0
arac	Rhizosphaericola mali	1
arad	Acidovorax radicis	10
aram	Aminithiophilus ramosus	1
arb	Arachidicoccus ginsenosidimutans	0
arc	Arcobacter sp. L	0
arca	Arcanobacterium buesumense	1
arco	Arcobacter sp. 15-2	0
are	Arthrobacter sp. ERGS1:01	0
arep	Actinomyces respiraculi	1
ares	Azospira restricta	4
arev	Actinacidiphila reveromycinica	2
arf	Anaerostipes rhamnosivorans	8
arh	Arthrobacter sp. Hiyo8	0
arhd	Amycolatopsis rhabdoformis	3
arhi	Amycolatopsis rhizosphaerihabitans	1
arho	Aquimarina rhodophyticola	1
ari	Psychromicrobium lacuslunae	3
ariv	Aeromonas rivuli	2
ark	Arachidicoccus soli	1
arl	Arthrobacter sp. calajunan LS16	0
arm	Arthrobacter sp. PAMC 25486	0
arn	Arthrobacter sp. YN	0
aro	Martinezella rhizogenes	0
aroo	Amycolatopsis roodepoortensis	2
aros	Arcobacter roscoffensis	2
arq	Arthrobacter sp. QXT-31	0
arr	Arthrobacter sp. Rue61a	0
ars	Arsenicicoccus sp. oral taxon 190	0
arse	Arsenophonus sp. aPb	0
art	Arthrobacter sp. FB24	0
arta	Arthrobacter sp. ATA002	0
artc	Arthrobacter sp. PAMC25284	0
arte	Arthrobacter sp. EM1	0
arth	Arthrobacter sp. PGP41	0
artl	Arthrobacter sp. Helios	0
artm	Arthrobacter sp. MN05-02	0
artn	Arthrobacter sp. NyZ413	0
artp	Arthrobacter sp. PAMC25564	0
artq	Arthrobacter sp. 7749	0
artt	Arthrobacter sp. TES	0
artu	Arthrobacter sp. UKPF54-2	0
arty	Arthrobacter sp. Hiyo4	0
artz	Arthrobacter sp. 24S4-2	0
aru	Arthrobacter sp. U41	1
arub	Arachnia rubra	4
arue	Altererythrobacter rubellus	2
arv	Aeromonas rivipollensis	10
arw	Arthrobacter alpinus	5
arx	Arthrobacter sp. ZXY-2	2
ary	Arthrobacter sp. YC-RL1	2
arz	Arthrobacter sp. ATCC 21022	0
asa	Aeromonas salmonicida	1288
asaa	Aeromonas sanarellii	5
asac	Athalassotoga saccharophila	2
asag	Aggregatimonas sangjinii	2
asah	Acidovorax sacchari	1
asal	Agrobacterium salinitolerans	3
asb	Candidatus Arthromitus sp.	7
asca	Aliisedimentitalea scapharcae	3
asd	Hoyosella subflava	2
ase	Actinoplanes sp. SE50/110	3
ased	Brevibacillus sedimenti	0
asel	Achromobacter seleniivolatilans	1
asem	Alkalimarinus sediminis	4
aser	Actinocatenispora sera	3
asez	Aeromicrobium senzhongii	1
asf	Candidatus Arthromitus sp.	7
asha	Acinetobacter shaoyimingii	1
asib	Acidithiobacillus sibiricus	1
asic	Actinoplanes sichuanensis	3
asim	Aeromonas simiae	6
asip	Aquicella siphonis	4
asit	Terrirhizobium terrae	1
ask	Aliarcobacter skirrowii	1
asl	Aequorivita sublithincola	1
asla	Actinomyces slackii	2
asm	Candidatus Arthromitus sp.	7
aso	Candidatus Arthromitus sp.	7
asoc	Aneurinibacillus soli	3
asoi	Agromyces soli	5
asp	Alteromonas stellipolaris	12
asq	Alteromonas stellipolaris	12
ass	Actinobacillus suis	121
astd	Asticcacaulis sp. DW145	0
asti	Asticcacaulis sp. ZE23SCel15	0
astm	Asticcacaulis sp. MM231	0
asub	Atlantibacter subterraneus	0
asue	Acinetobacter suaedae	1
asuf	Arthrobacter sulfonylureivorans	1
asui	Arcobacter suis	4
asun	Arthrobacter sunyaminii	1
asuu	Acidithiobacillus sulfuriphilus	1
asv	Acetobacter oryzifermentans	6
aswu	Adhaeribacter swui	3
asx	Alkalitalea saponilacus	4
asy	Candidatus Arsenophonus lipoptenae	1
ata	Agrobacterium tumefaciens	6556
atb	Atopobium sp. oral taxon 416	0
atee	Arachidicoccus terrestris	1
atep	Allochromatium tepidum	5
atf	Agrobacterium tumefaciens	6556
athm	Amycolatopsis thermalba	3
atho	Atrimonas thermophila	1
athr	Aliarcobacter thereius	1
atim	Actinotignum timonense	2
atin	Actinomyces timonensis	6
atio	Acidaminococcus timonensis	2
atj	Aerococcus tenax	2
atk	Aureibacter tunicatorum	3
atl	Actinocatenispora thailandica	4
atm	Anaerolinea thermophila	6
atp	Aliarcobacter trophiarum	0
atq	Actinomarinicola tropica	2
att	Acinetobacter sp. TTH0-4	0
atv	Acinetobacter thermotolerans	1
atw	Pseudazoarcus pumilus	0
aty	Acidiferrobacter thiooxydans	5
atz	Acinetobacter tibetensis	3
aua	Aureimonas sp. AU20	0
aub	Aurantimonas sp. HBX-1	0
aud	Aneurinibacillus uraniidurans	1
aue	Pukyongia salina	1
auh	Aerococcus urinaehominis	4
aul	Auritidibacter sp. NML130574	0
aum	Aurantimicrobium photophilum	2
auo	Actinomyces urogenitalis	12
aup	Aureispira anguillae	2
aur	Aerococcus sp. Group 1	0
aus	Austwickia sp. Fred_18-Q3-R57-64_BATAC.85v2	0
aut	Aurantimicrobium sp. INA4	0
auu	Actinotignum urinale	2
auv	Alteromonas ulvae	1
auw	Aurantimicrobium sp. MWH-Uga1	0
auz	Aureimonas sp. SA4125	0
avb	Acinetobacter variabilis	10
avf	Gillisella vitis	0
avh	Achromobacter veterisilvae	1
avi	Allorhizobium ampelinum	1
aviv	Acinetobacter vivianii	3
avj	Alloalcanivorax venustensis	1
avl	Azotobacter vinelandii	2133
avn	Azotobacter vinelandii	2133
avp	Arcobacter venerupis	4
avq	Agrobacterium vaccinii	1
avr	Aeromonas veronii	854
avt	Avibacterium volantium	4
avu	Boudabousia tangfeifanii	1
avv	Gillisella vitis	0
awa	Anabaena sp. WA102	0
awe	Actinomyces weissii	4
awg	Acinetobacter wanghuae	1
awl	Arcanobacterium wilhelmae	3
awn	Aeromicrobium wangtongii	1
aws	Actinomadura welshii	1
awu	Acinetobacter wuhouensis	2
axe	Alloalcanivorax xenomutans	2
axo	Achromobacter xylosoxidans	788
axx	Achromobacter xylosoxidans	788
axy	Achromobacter xylosoxidans	788
aym	Ilumatobacter coccineus	6
ayu	Acinetobacter yuyunsongii	0
aza	Azoarcus sp. KH32C	1
azd	Azoarcus sp. DN11	1
azh	Arthrobacter zhangbolii	1
azi	Azoarcus sp. CIB	0
azl	Azospirillum sp. B510	1
azm	Azospirillum ramasamyi	1
azo	Azoarcus olearius	14
azp	Azospirillum sp. TSA2s	0
azq	Nitrogeniibacter mangrovi	2
azr	Azoarcus sp. DD4	0
azs	Azospirillum sp. TSH100	0
azt	Azospirillum sp. TSH58	0
azu	Acinetobacter zhairuonensis	0
azx	Arthrobacter zhaoxinii	1
azz	Azospirillum thermophilum	3
baab	Bacterium AB1	0
baap	Bacillus sp. ABP14	0
baaz	Bacillus sp. A260	0
babb	Brucella abortus	4438
babc	Brucella abortus	4438
babd	Bacillus sp. BD59S	1
babo	Brucella abortus	4438
babr	Brucella abortus	4438
babs	Brucella abortus	4438
babt	Brucella abortus	4438
babu	Brucella abortus	4438
babz	Bacillus sp. B25	0
baca	Bacillus sp. S3	1
bacb	Bacillus sp. BH072	0
bacd	Bacillus sp. DU-106	4
bace	Bacteroides sp. CACC 737	2
bacf	Bacillus sp. FJAT-18017	0
bacg	Biomaibacter acetigenes	2
bach	Bacillus sp. H15-1	1
baci	Bacillus sp. 1NLA3E	0
bacj	Bacillus sp. 1s-1	1
back	Bacillus sp. KH172YL63	0
bacl	Bacillus sp. BS34A	0
bacm	Bacillus sp. Man122	0
bacn	Bacillus sp. N1-1	0
baco	Bacillus sp. OxB-1	0
bacp	Bacillus sp. Pc3	0
bacq	Bacillus sp. Y1	0
bacr	Bacillus sp. RZ2MS9	0
bacs	Bacillus sp. SDLI1	0
bact	Bifidobacterium actinocoloniiforme	4
bacv	Bacillus sp. V3	0
bacw	Bacillus sp. WP8	0
bacx	Bacillus sp. R45	0
bacy	Bacillus sp. YP1	0
bacz	Bacterioplanoides sp. SCSIO 12839	0
badl	Bifidobacterium adolescentis	774
bado	Bifidobacterium adolescentis	774
baek	Baekduia sp. Peel2402	0
baen	Burkholderia aenigmatica	3
baez	Bacillus sp. E25	0
bafc	Bacillus sp. FCW2	0
bafe	Borreliella afzelii	7
bafh	Borreliella afzelii	7
baft	Borreliella afzelii	7
bafz	Borrelia afzelii	678
bahb	Bacillus sp. HBCD-sjtu	0
bai	Bacillus anthracis	5683
baj	Buchnera aphidicola	307
bajc	Buchnera aphidicola	307
bak	Buchnera aphidicola	307
bakc	Bacillus sp. KICET-3	0
baki	Bacillus sp. KICET-1	0
bal	Bacillus cereus	11793
bala	Baekduia alba	1
balb	Brevundimonas albigilva	3
balm	Bacillus sp. LM 4-2	0
bam	Burkholderia ambifaria	109
bamb	Bacillus velezensis	1659
bame	Borreliella americana	0
bamf	Bacillus amyloliquefaciens	2731
bami	Bacillus amyloliquefaciens	2731
baml	Bacillus velezensis	1659
bamn	Bacillus velezensis	1659
bamp	Bacillus velezensis	1659
bamt	Bacillus velezensis	1659
bamy	Bacillus velezensis	1659
ban	Bacillus anthracis	5683
bana	Bipolaricaulis sanaerobius	0
banc	Bartonella ancashensis	8
band	Borreliella andersonii	0
banh	Bacillus anthracis	5683
bani	Bifidobacterium animalis	1473
banl	Bifidobacterium animalis	1473
banm	Bifidobacterium animalis	1473
banp	Bacillus sp. NSP9.1	0
banr	Bacillus anthracis	5683
bans	Bacillus anthracis	5683
bant	Bacillus anthracis	5683
banv	Bacillus anthracis	5683
bao	Bacillus amyloliquefaciens	2731
bap	Buchnera aphidicola	307
bapa	Ditibartonella apihabitans	0
bapf	Buchnera aphidicola	307
bapg	Buchnera aphidicola	307
baph	Buchnera aphidicola	307
bapi	Ditibartonella choladocola	0
bapk	Bombiscardovia apis	0
bapm	Bacillus sp. PM8313	0
bapp	Bacillus sp. PGP15	0
bapu	Buchnera aphidicola	307
bapv	Bacillus sp. PVC-6B	0
bapw	Buchnera aphidicola	307
baq	Bacillus velezensis	1659
baqk	Bifidobacterium aquikefiricola	1
baqt	Brakhagea aquatica	1
baqu	Bacillus aquiflavi	1
bar	Bacillus anthracis	5683
bara	Bartonella sp. A1379B	0
bard	Bacillus arachidis	3
barh	Bradyrhizobium arachidis	12
barj	Bartonella sp. JB63	0
barn	Bartonella krasnovii	5
baro	Bartonella sp. 1-1C	0
barr	Bartonella sp. Raccoon60	0
bars	Bartonella sp. CDC_skunk	0
bart	Bartonella sp. JB15	0
barw	Bartonella sp. WD16.2	0
bas	Buchnera aphidicola	307
basb	Bacillus sp. SB49	0
basd	Bacillus sp. SD-4	0
bat	Bacillus anthracis	5683
batn	Borrelia tanukii	4
bau	Buchnera aphidicola	307
baus	Bartonella australis	7
baut	Bradyrhizobium brasilense	4
bavx	Bacteriovorax sp. As-1	0
baw	Buchnera aphidicola	307
bawr	Bacillus sp. WR11	0
bax	Bacillus anthracis	5683
bay	Bacillus velezensis	1659
bayd	Brevibacillus aydinogluensis	2
baz	Bacillus amyloliquefaciens	2731
bazs	Bacillus sp. 275	1
bbac	Bdellovibrio bacteriovorus	487
bbad	Pseudobacillus badius	3
bbae	Allomicrovenator marinus	1
bbai	Beijerinckiaceae bacterium	1
bbal	Brakhagea baltica	1
bbam	Bacillaceae bacterium	4
bban	Bradyrhizobium barranii	3
bbar	Beijerinckiaceae bacterium	1
bbat	Bdellovibrio bacteriovorus	487
bbay	Burkholderiales bacterium	20
bbb	Bifidobacterium animalis	1473
bbc	Bifidobacterium animalis	1473
bbd	Belliella baltica	12
bben	Bartonella bennetti	1
bbet	Bradyrhizobium betae	7
bbev	Salisediminibacterium beveridgei	0
bbg	Blattabacterium sp.	2
bbgw	Berkelbacteria bacterium	0
bbi	Bifidobacterium bifidum	1459
bbl	Blattabacterium sp. (Blattella germanica) Bge	0
bbm	Bordetella bronchiseptica	1502
bbn	Borreliella burgdorferi	96
bbp	Bifidobacterium bifidum	1459
bbq	Blattabacterium sp.	2
bbr	Bordetella bronchiseptica	1502
bbra	Bradyrhizobium brasilense	4
bbrd	Bifidobacterium breve	1190
bbre	Bifidobacterium breve	1190
bbrg	Blastococcus brunescens	1
bbrj	Bifidobacterium breve	1190
bbrn	Bifidobacterium breve	1190
bbro	Bordetella bronchialis	5
bbrs	Bifidobacterium breve	1190
bbru	Bifidobacterium breve	1190
bbrv	Bifidobacterium breve	1190
bbs	Borreliella bissettiae	1
bbt	Bradyrhizobium sp. BTAi1	0
bbu	Borreliella burgdorferi	96
bbul	Brevundimonas bullata	7
bbur	Borreliella burgdorferi	96
bbv	Bifidobacterium breve	1190
bbw	Bdellovibrio bacteriovorus	487
bbx	Bordetella bronchiseptica	1502
bbz	Borreliella burgdorferi	96
bca	Bacillus cereus	11793
bcad	Bergeyella cardium	6
bcaf	Borreliella californiensis	0
bcai	Paraburkholderia caribensis	9
bcam	Brochothrix campestris	10
bcao	Bacillus carboniphilus	9
bcas	Brucella canis	463
bcaz	Borreliella carolinensis	0
bcb	Bacillus cereus	11793
bcc	Buchnera aphidicola	307
bce	Bacillus cereus	11793
bcef	Bacillus cereus	11793
bceo	Burkholderia cenocepacia	936
bcep	Burkholderia cepacia	3233
bcer	Bacillus cereus	11793
bcet	Brucella ceti	75
bcew	Burkholderia cenocepacia	936
bcf	Bacillus cereus	11793
bcg	Bacillus cereus	11793
bch	Burkholderia cenocepacia	936
bchi	Borrelia chilensis	8
bchr	Candidatus Blochmanniella chromaiodes	0
bci	Baumannia cicadellinicola	10
bcib	Candidatus Palibaumannia cicadellinicola	0
bcig	Candidatus Palibaumannia cicadellinicola	0
bcj	Burkholderia cenocepacia	936
bck	Heyndrickxia coagulans	58
bcm	Burkholderia orbicola	6
bco	Evansella cellulosilytica	0
bcoa	Heyndrickxia coagulans	58
bcoh	Sutcliffiella cohnii	1
bcop	Brevibacillus composti	2
bcor	Bifidobacterium coryneforme	8
bcou	Bradyrhizobium commune	1
bcp	Blattabacterium Cpu	0
bcq	Bacillus cereus	11793
bcr	Bacillus cereus	11793
bcrb	Bacillus sp. CRB-7	0
bcro	Eshraghiella crossota	2
bcs	Brucella canis	463
bct	Burkholderia cepacia	3233
bcu	Bacillus cereus	11793
bcv	Beutenbergia cavernae	5
bcx	Bacillus cereus	11793
bcz	Bacillus cereus	11793
bda	Cytobacillus dafuensis	1
bdc	Bdellovibrio sp. NC01	0
bdf	Burkholderia diffusa	6
bdg	Bradyrhizobium daqingense	11
bdk	Bdellovibrio sp. KM01	0
bdn	Bifidobacterium dentium	113
bdo	Phocaeicola dorei	35
bdq	Bdellovibrio sp. qaytius	0
bds	Bacteroides difficilis	1
bdv	Bdellovibrio bacteriopascens	1
bdy	Bradyrhizobium dasycarpum	1
bdz	Bdellovibrio sp. ZAP7	0
beb	Betaproteobacteria bacterium	2
beba	Betaproteobacteria bacterium	2
bec	Blochmannia endosymbiont	2
bed	Blochmannia endosymbiont	2
bei	Barrientosiimonas endolithica	2
bem	Blochmannia endosymbiont	2
ben	Blochmannia endosymbiont	2
beo	Priestia filamentosa	10
ber	Bernardetia aquimarina	1
beu	Bifidobacterium eulemuris	1
bex	Pseudobdellovibrio exovorus	0
bfa	Brachybacterium faecium	12
bfai	Candidatus Borrelia fainii	5
bfc	Bacteroides faecium	2
bfca	Bifidobacterium canis	2
bfd	Bacillus freudenreichii	1
bff	Borrelia finlandensis	2
bfg	Bacteroides fragilis	5900
bfh	Butyricimonas faecihominis	6
bfj	Bifidobacterium adolescentis	774
bfk	Bifidobacterium fermentum	1
bfl	Candidatus Blochmanniella floridana	0
bfp	Bombilactobacillus folatiphilus	1
bfq	Brevundimonas fontaquae	0
bfr	Bacteroides fragilis	5900
bfs	Bacteroides fragilis	5900
bft	Buttiauxella ferragutiae	5
bfw	Blastomonas fulva	2
bfy	Buchananella felis	1
bfz	Bordetella flabilis	3
bgb	Borreliella garinii	5
bgc	Borreliella garinii	5
bge	Paraburkholderia atlantica	3
bgea	Bradyrhizobium genosp.	3
bgel	Brevibacillus gelatini	5
bgep	Bradyrhizobium genosp.	3
bgf	Burkholderia sp. CCGE1003	0
bgg	Brachybacterium ginsengisoli	3
bgi	Alkalicoccobacillus gibsonii	1
bgk	Bradyrhizobium genosp.	3
bgm	Bordetella genomosp.	1
bgn	Borreliella garinii	5
bgo	Burkholderia gladioli	356
bgoe	Brevundimonas goettingensis	0
bgok	Bythopirellula goksoeyrii	1
bgq	Bradyrhizobium guangdongense	4
bgs	Borreliella garinii	5
bgu	Burkholderia glumae	252
bgv	Bordetella genomosp.	1
bgx	Bifidobacterium pullorum	10
bgy	Bacillus glycinifermentans	11
bgz	Bradyrhizobium guangzhouense	2
bhai	Bacillus haikouensis	3
bham	Bacillus haimaensis	2
bhan	Blautia hansenii	12
bhar	Bartonella harrusi	2
bhb	Candidatus Blochmanniella camponoti	0
bhc	Breznakiella homolactica	3
bhg	Burkholderia humptydooensis	2
bhh	Brachybacterium halotolerans	2
bhk	Sutcliffiella horikoshii	6
bhl	Bacteroides helcogenes	10
bhn	Bartonella henselae	2044
bho	Bordetella holmesii	107
bhom	Bacteroides hominis	2
bhq	Brachybacterium huguangmaarense	1
bhr	Borrelia hermsii	269
bhs	Bartonella henselae	2044
bhua	Bradyrhizobium huanghuaihaiense	4
bhud	Bisgaardia hudsonensis	7
bhui	Brevibacillus humidisoli	1
bhum	Bacteroides parvus	1
bhx	Bartonella heixiaziensis	2
bhy	Brachyspira hyodysenteriae	314
bhyb	Brachyspira hyodysenteriae	314
bhyj	Brachyspira hyodysenteriae	314
bia	Bizionia sp. M204	0
bic	Bradyrhizobium icense	5
bie	Bengtsoniella intestinalis	1
bih	Candidatus Bipolaricaulis sibiricus	0
bii	Bifidobacterium indicum	6
bir	Brevundimonas intermedia	10
biz	Brenneria izadpanahii	1
bjo	Borreliella japonica	0
bjs	Bacillus sp. JS	1
bju	Bradyrhizobium japonicum	1466
bka	Bifidobacterium catenulatum	95
bki	Brachybacterium kimchii	1
bkn	Bacillus kandeliae	1
bko	Cytobacillus kochii	7
bkr	Brevibacterium koreense	1
bks	Bifidobacterium catenulatum	95
bku	Borreliella kurtenbachii	0
bkw	Halalkalibacter krulwichiae	0
bky	Bartonella kosoy	0
bla	Bifidobacterium animalis	1473
blab	Blautia sp. SC05B48	1
blad	Blattabacterium sp. DPU	0
blag	Blastochloris tepida	3
blan	Borreliella lanei	0
blap	Blastococcus sp. PRF04-17	0
blar	Blautia parvula	2
blas	Blastomonas sp. RAC04	0
blat	Burkholderia latens	4
blau	Blautia argi	5
blc	Bifidobacterium animalis	1473
blck	Blattabacterium sp.	2
ble	Shouchella lehensis	1
blem	Bifidobacterium lemurum	3
blen	Lederbergia lenta	1
blep	Beggiatoa leptomitoformis	7
blf	Bifidobacterium longum	2731
blg	Bifidobacterium longum	2731
bli	Bacillus licheniformis	3837
bliq	Blautia liquoris	1
blj	Bifidobacterium longum	2731
blk	Bifidobacterium longum	2731
bll	Bifidobacterium longum	2731
blm	Bifidobacterium longum	2731
bln	Bifidobacterium longum	2731
blo	Bifidobacterium longum	2731
blon	Bifidobacterium longum	2731
blq	Salinivirga cyanobacteriivorans	1
bls	Bifidobacterium animalis	1473
blt	Bifidobacterium animalis	1473
blu	Blattabacterium sp.	2
blv	Bifidobacterium animalis	1473
blw	Bifidobacterium animalis	1473
blx	Bifidobacterium longum	2731
blz	Bifidobacterium longum	2731
bmaa	Pseudoblastomonas marina	0
bmab	Burkholderia mallei	467
bmac	Bartonella machadoae	6
bmae	Burkholderia mallei	467
bmaf	Burkholderia mallei	467
bmai	Burkholderia mallei	467
bmal	Burkholderia mallei	467
bmaq	Burkholderia mallei	467
bmar	Bermanella marisrubri	4
bmat	Borrelia maritima	1
bmay	Borreliella mayonii	1
bmaz	Burkholderia mallei	467
bmb	Brucella abortus	4438
bmc	Brucella abortus	4438
bmec	Burkholderia metallica	7
bmed	Brevundimonas mediterranea	4
bmee	Brucella melitensis	2648
bmei	Botrimarina mediterranea	1
bmel	Brucella melitensis	2648
bmf	Brucella abortus	4438
bmg	Brucella melitensis	2648
bmh	Bacillus megaterium	3401
bmi	Brucella melitensis	2648
bmk	Burkholderia multivorans	291
bml	Burkholderia mallei	467
bmm	Blattabacterium sp.	2
bmn	Burkholderia mallei	467
bmo	Borrelia miyamotoi	492
bmon	Blastococcus montanus	1
bmp	Bacillus velezensis	1659
bmq	Priestia megaterium	238
bmt	Brucella suis	780
bmu	Burkholderia multivorans	291
bmuc	Bacteroides mucinivorans	2
bmul	Burkholderia multivorans	291
bmur	Peribacillus muralis	2
bmv	Burkholderia mallei	467
bmw	Brucella melitensis	2648
bmx	Halobacteriovorax marinus	2
bmz	Brucella melitensis	2648
bnc	Bacillus cereus	11793
bnd	Brevundimonas nasdae	5
bng	Brenneria nigrifluens	12
bni	Bifidobacterium animalis	1473
bnk	Bombiscardovia nodaiensis	0
bnm	Bifidobacterium animalis	1473
bnt	Bacillus nitratireducens	8
bnu	Candidatus Bandiella numerosa	0
bny	Borrelia nietonii	1
bob	Bombella sp. ESL0368	0
boc	Burkholderia oklahomensis	12
bocr	Candidatus Blochmannia ocreatus	0
bof	Allobosea sp. F3-2	0
bog	Bombilactobacillus thymidiniphilus	1
boh	Bordetella sp. H567	0
boi	Allobosea sp. Tri-49	0
boj	Bordetella sp. J329	0
bok	Burkholderia oklahomensis	12
bol	Brucella canis	463
bomb	Aristophania vespae	1
bon	Cytobacillus oceanisediminis	8
boo	Rhodophyticola sp. CCM32	0
bop	Allobosea sp. PAMC 26642	0
boq	Borrelia sp. HM	0
borr	Candidatus Borrelia mahuryensis	1
bos	Allobosea sp. RAC05	0
bose	Allobosea sp. 685	0
bosg	Boseongicola sp. MH-Pat-all_autometa_1-3	0
bou	Heyndrickxia oleronia	4
bow	Allobosea sp. NBC_00550	0
box	Brasilonema octagenarum	3
boy	Bradyrhizobium ontarionense	1
boz	Orrella marina	4
bpaa	Brucepastera parasyntrophica	1
bpam	Bacillus paramobilis	4
bpao	Candidatus Bealeia paramacronuclearis	1
bpar	Bordetella parapertussis	405
bpe	Bordetella pertussis	6528
bper	Bordetella pertussis	6528
bpet	Bordetella pertussis	6528
bpeu	Bordetella pertussis	6528
bpf	Alkalihalophilus pseudofirmus	0
bpi	Blattabacterium sp. BPLAN	0
bpit	Candidatus Brocadia pituitae	0
bpj	Brachyspira pilosicoli	206
bpk	Burkholderia pseudomallei	3424
bpl	Burkholderia pseudomallei	3424
bpla	Burkholderia plantarii	39
bpm	Burkholderia pseudomallei	3424
bpn	Candidatus Blochmanniella pennsylvanica	0
bpo	Brachyspira pilosicoli	206
bpoc	Butyricicoccus porcorum	7
bpon	Brevundimonas pondensis	2
bpor	Bergeyella porcorum	4
bpq	Burkholderia pseudomallei	3424
bpr	Burkholderia pseudomallei	3424
bpro	Blautia producta	72
bprs	Butyrate-producing bacterium	89
bps	Burkholderia pseudomallei	3424
bpsa	Burkholderia pseudomallei	3424
bpsd	Burkholderia pseudomallei	3424
bpse	Burkholderia pseudomallei	3424
bpsh	Burkholderia pseudomallei	3424
bpsi	Basilea psittacipulmonis	2
bpsl	Burkholderia pseudomultivorans	6
bpsm	Burkholderia pseudomallei	3424
bpsn	Brucella pseudintermedia	4
bpso	Burkholderia pseudomallei	3424
bpsu	Burkholderia pseudomallei	3424
bpum	Bacillus pumilus	1547
bpun	Blattabacterium punctulatus	1
bpur	Borrelia puertoricensis	6
bpus	Bacillus pumilus	1547
bpv	Brucella pinnipedialis	35
bpw	Brachyspira pilosicoli	206
bpx	Paraburkholderia phenoliruptrix	1
bpz	Burkholderia pseudomallei	3424
bqb	Bradyrhizobium quebecense	1
bql	Bacillus amyloliquefaciens	2731
bqu	Bartonella quintana	522
bqy	Bacillus velezensis	1659
bra	Bradyrhizobium sp. ORS 278	0
braa	Bradyrhizobium sp. Ash2021	0
brab	Bradyrhizobium sp. BWA-3-5	0
brac	Brachybacterium sp. GU-2	0
brad	Bradyrhizobium sp. BF49	0
brah	Bradyrhizobium sp. BWC-3-1	0
brai	Bradyrhizobium sp. I71	0
bral	Bradyrhizobium zaerense	2
bran	Bradyrhizobium sp. NDS-1	0
brar	Bradyrhizobium zaerense	2
bray	Bradyrhizobium sp. 62B	0
braz	Bradyrhizobium sp. C-145	0
brb	Brenneria rubrifaciens	6
brc	Bradyrhizobium sp. CCGE-LA001	0
brd	Brevundimonas sp. DS20	0
brea	Brevundimonas sp. AJA228-03	0
breb	Brevibacterium sp. BDJS002	0
breh	Brevibacillus sp. HD3.3A	0
brej	Brevibacterium sp. JSBI002	0
brem	Bremerella sp. P1	0
bren	Brevundimonas sp. NIBR11	0
brep	Brevibacillus sp. NSP2.1	0
bres	Brevundimonas sp. scallop	0
breu	Brevundimonas sp. M20	0
brev	Brevundimonas sp. SGAir0440	0
brew	Brevibacillus sp. WF146	0
brey	Bdellovibrio reynosensis	1
brf	Brevundimonas sp. MF30-B	0
brg	Brevundimonas sp. GW460-12-10-14-LB2	0
brh	Mycetohabitans rhizoxinica	9
brha	Brachybacterium sp. NBEC-018	0
bri	Brevibacterium sp. CS2	0
brj	Brucella sp. 09RB8471	0
brk	Bradyrhizobium sp. SK17	0
brl	Brevundimonas sp. LM2	0
brn	Breoghania sp. L-A4	0
bro	Bradyrhizobium sp. ORS 285	0
broo	Brooklawnia propionicigenes	1
bros	Bradyrhizobium roseum	0
brq	Bradyrhizobium amphicarpaeae	2
brr	Brachybacterium sp. SGAir0954	0
brs	Bradyrhizobium cosmicum	2
brt	Propioniciclava sp. MC1595	0
bru	Brucella sp. 2002734562	0
brub	Brucella sp. BO3	0
bruc	Brucella sp. JSBI001	0
brum	Brevibacillus ruminantium	1
brur	Candidatus Borrelia rubricentralis	1
brv	Brachybacterium avium	1
brw	Brevibacillus sp. 7WMA2	0
brx	Brachybacterium sp. P6-10-X1	0
brz	Brachybacterium vulturis	1
bsa	Phocaeicola salanitronis	2
bsaa	Borrelia salvatorii	1
bsan	Bacterioplanes sanyensis	1
bsau	Brachybacterium saurashtrense	6
bsav	Burkholderia savannae	1
bsed	Bradymonas sediminis	5
bsei	Bradyrhizobium sediminis	1
bsel	Buttiauxella selenatireducens	1
bsen	Brasilonema sennae	1
bsep	Bradyrhizobium septentrionale	1
bser	Burkholderia semiarida	3
bsf	Brucella suis	780
bsg	Brucella suis	780
bsh	Bacillus subtilis	39318
bshi	Bacillus shivajii	2
bsi	Brucella suis	780
bsin	Borreliella sinica	0
bsk	Brucella canis	463
bsl	Bacillus subtilis	39318
bslv	Brakhagea slesvicensis	1
bsn	Bacillus subtilis	39318
bso	Bacillus subtilis	39318
bsoa	Burkholderia sola	3
bsol	Baekduia soli	3
bsp	Bacillus subtilis	39318
bspi	Borreliella spielmanii	0
bspo	Brevibacterium spongiae	1
bsq	Bacillus subtilis	39318
bsr	Bacillus subtilis	39318
bss	Bacillus subtilis	39318
bst	Bacillus spizizenii	47
bsta	Brevundimonas staleyi	3
bstg	Burkholderia stagnalis	8
bsu	Bacillus subtilis	39318
bsuc	Brucella suis	780
bsue	Bifidobacterium subtile	6
bsui	Brucella suis	780
bsul	Bacillus subtilis	39318
bsup	Brucella suis	780
bsus	Bacillus subtilis	39318
bsut	Bacillus subtilis	39318
bsuv	Brucella suis	780
bsv	Brucella suis	780
bsw	Brucella suis	780
bsx	Bacillus subtilis	39318
bsy	Bacillus subtilis	39318
bsym	Bradyrhizobium symbiodeficiens	1
bsz	Brucella suis	780
btac	Candidatus Borrelia tachyglossi	7
btc	Bacillus thuringiensis	9423
bte	Burkholderia thailandensis	463
btf	Bacillus thuringiensis	9423
btg	Bacillus thuringiensis	9423
btha	Burkholderia thailandensis	463
bthe	Burkholderia thailandensis	463
bthi	Bacillus thuringiensis	9423
bthl	Burkholderia thailandensis	463
bthm	Burkholderia thailandensis	463
btho	Bacteroides thetaiotaomicron	1259
bthr	Bacillus thuringiensis	9423
btht	Bacillus thuringiensis	9423
bthu	Bacillus thuringiensis	9423
bthv	Caldibacillus thermoamylovorans	8
bthy	Bacillus thuringiensis	9423
bti	Bacillus thuringiensis	9423
btj	Burkholderia thailandensis	463
btk	Bacillus thuringiensis	9423
btl	Bacillus thuringiensis	9423
btn	Bacillus thuringiensis	9423
btq	Burkholderia thailandensis	463
btra	Bibersteinia trehalosi	75
btre	Bibersteinia trehalosi	75
btrh	Bibersteinia trehalosi	75
btro	Bacillus tropicus	70
bts	Kyrpidia tusciae	6
btt	Bacillus thuringiensis	9423
btv	Burkholderia thailandensis	463
btw	Bacillus thuringiensis	9423
btx	Bartonella tribocorum	66
bty	Bacillus toyonensis	117
btz	Burkholderia thailandensis	463
bua	Buchnera aphidicola	307
buc	Buchnera aphidicola	307
bud	Burkholderia humptydooensis	2
bue	Caballeronia cordobensis	1
buf	Buttiauxella sp. 3AFRM03	0
bug	Burkholderia sp. CCGE1001	0
buh	Buchnera aphidicola	307
bui	Burkholderia sp. PAMC 28687	0
buk	Burkholderia sp. KJ006	0
bul	Burkholderia humptydooensis	2
bull	Bulleidia sp. zg-1006	0
bum	Burkholderia sp. PAMC 26561	0
buo	Caballeronia insecticola	10
bup	Buchnera aphidicola	307
buq	Burkholderia sp. HB1	0
burf	Burkholderia sp. FERM BP-3421	0
burk	Burkholderia sp. JP2-270	1
burm	Burkholderia sp. MS389	0
burt	Burkholderia sp. THE68	0
bus	Candidatus Bostrichicola ureolyticus	0
but	Burkholderia pseudomallei	3424
buu	Burkholderia mayonis	1
buv	Burkholderia sp. MS455	0
buw	Candidatus Borrelia undatumii	1
buy	Butyricimonas faecalis	3
buz	Paraburkholderia phytofirmans	50
bva	Candidatus Blochmanniella vafra	0
bves	Allobosea vestrisii	1
bvi	Burkholderia vietnamiensis	145
bvit	Brevundimonas vitis	0
bvj	Heyndrickxia vini	1
bvl	Brucella vulpis	3
bvo	Bremerella volcania	1
bvq	Rossellomorea vietnamensis	3
bvs	Barnesiella viscericola	8
bvt	Borreliella valaisiana	1
bvu	Phocaeicola vulgatus	116
bvv	Allobosea vaviloviae	1
bvw	Borrelia venezuelensis	3
bvx	Candidatus Blochmannia vicinus	0
bvy	Brevundimonas vancanneytii	3
bwa	Berryella wangjianweii	1
bwe	Bacillus mycoides	295
bwf	Candidatus Bandiella euplotis	0
bwh	Metabacillus harenarius	1
bwn	Allobrachymonas wangyanguii	1
bww	Bacillus mycoides	295
bxe	Paraburkholderia xenovorans	25
bxh	Bacillus amyloliquefaciens	2731
bxn	Bradyrhizobium xenonodulans	1
bya	Bacillus velezensis	1659
byi	Burkholderia sp. YI23	0
byl	Blautia pseudococcoides	2
byn	Borreliella yangtzensis	0
bza	Bacteroides zhangwenhongii	2
bzg	Bacteroides zoogleoformans	4
bzh	Bacillus zhangzhouensis	19
caa	Coraliomargarita akajimensis	7
caba	Caballeronia sp. SBC2	0
cabj	Caproicibacterium sp. BJN0003	0
cabk	Caballeronia sp. NK8	0
cabo	Chlamydia abortus	256
caby	Caldithrix abyssi	7
cace	Andreesenella acetica	0
caci	Candidatus Cloacimonas acidaminivorans	0
cacs	Capnocytophaga canis	12
cact	Cognatishimia activa	3
cad	Gottschalkia acidurici	4
cae	Clostridium acetobutylicum	1178
caen	Caenibius sp. WL	0
cagg	Costertonia aggregata	1
caj	Campylobacter iguaniorum	5
cak	Caulobacter sp. K31	0
cald	Caloramator sp. Dgby_cultured_2	0
cale	Caloramator sp. E03	0
calg	Coraliomargarita algicola	1
calh	Calothrix sp. 336/3	0
calk	Candidatus Contubernalis alkaliaceticus	1
call	Candidatus Chlorohelix allophototropha	1
caln	Calothrix sp. NIES-2098	0
calo	Calothrix sp. PCC 7507	0
cals	Calothrix sp. NIES-3974	0
calt	Calothrix sp. PCC 6303	0
calu	Candidatus Caldatribacterium sp.	0
cama	Citrobacter amalonaticus	101
caml	Caproicibacterium amylolyticum	5
camq	Campylobacter sp. GTC17093	0
camr	Campylobacter sp. RM16704	0
camu	Cyclobacterium amurskyense	3
camv	Campylobacter sp. VBCF_01 NA2	0
camy	Campylobacter porcelli	1
camz	Campylobacter vicugnae	2
cans	Corynebacterium anserum	1
cant	Kaistella antarctica	3
cap	Caldilinea aerophila	7
capa	Capnocytophaga sp. ARDL2	0
capf	Capnocytophaga sp. FDAARGOS_737	0
caph	Capnocytophaga sp. H4358	0
capn	Capnocytophaga endodontalis	1
capo	Capnocytophaga sp. oral taxon 902	0
capp	Corynebacterium appendicis	3
capq	Capnocytophaga sp. H2931	0
capr	Caproiciproducens sp. NJN-50	1
caq	Candidatus Paracaedimonas acanthamoebae	1
caqa	Candidatus Chazhemtobacterium aquaticus	1
caqm	Corynebacterium aquatimens	2
caqu	Corynebacterium aquilae	1
carc	Carnobacterium antarcticum	3
care	Collimonas arenae	6
cari	Chitinimonas arctica	2
carl	Caproicibacterium argilliputei	2
carm	Campylobacter armoricus	4
carn	Carnobacterium sp. PL17GRE32	0
cars	Citrobacter arsenatis	1
cart	Cryobacterium arcticum	6
caru	Chimaeribacter arupi	3
cast	Castellaniella sp. MT123	0
cate	Saccharobesus litoralis	3
cati	Catellatospora sp. IY07-71	0
catr	Corynebacterium atrinae	1
catt	Catenovulum adriaticum	1
caub	Caulobacter sp. NIBR1757	0
caue	Caulobacter sp. ErkDOM-YI	0
cauf	Caulobacter sp. FWC26	0
caui	Corynebacterium auris	9
caul	Phenylobacterium montanum	1
cauu	Chryseomicrobium aureum	4
cavi	Campylobacter avium	3
caw	Carnobacterium inhibens	9
cax	Corynebacterium atypicum	2
caxi	Corynebacterium axilliensis	1
cay	Clostridium acetobutylicum	1178
caz	Corynebacterium argentoratense	8
cazo	Caloranaerobacter azorensis	9
cazt	Cereibacter azotoformans	2
cbaa	Serpentinimonas raichei	1
cbab	Serpentinimonas maccroryi	1
cbac	Berryella intestinalis	0
cbae	Chitinophaga caeni	1
cbak	Celeribacter baekdonensis	6
cbam	Mycovorax composti	1
cbar	Petrocella atlantisensis	1
cbat	Cellulophaga baltica	20
cbau	Marnyiella aurantia	1
cbb	Clostridium botulinum	4277
cbd	Coxiella burnetii	4692
cbei	Clostridium beijerinckii	480
cben	Chryseobacterium bernardetii	6
cber	Cognaticolwellia beringensis	0
cbf	Clostridium botulinum	4277
cbg	Coxiella burnetii	4692
cbh	Clostridium botulinum	4277
cbi	Clostridium botulinum	4277
cbii	Campylobacter bilis	9
cbil	Claveliimonas bilis	1
cbj	Clostridium botulinum	4277
cbk	Clostridium botulinum	4277
cbl	Clostridium botulinum	4277
cbla	Campylobacter blaseri	1
cbly	Candidatus Competibacteraceae bacterium	0
cbm	Clostridium botulinum	4277
cbn	Clostridium botulinum	4277
cbo	Clostridium botulinum	4277
cbot	Candidatus Viadribacter manganicus	1
cbp	Chryseobacterium balustinum	11
cbre	Corynebacterium breve	1
cbrv	Congregibacter brevis	1
cbs	Coxiella burnetii	4692
cbt	Clostridium botulinum	4277
cbu	Coxiella burnetii	4692
cbue	Chlamydia buteonis	6
cbut	Clostridium butyricum	1361
cbx	Candidatus Symbiobacter mobilis	1
cby	Clostridium botulinum	4277
cbz	Clostridium beijerinckii	480
ccab	Chryseobacterium camelliae	5
ccaf	Clavibacter californiensis	3
ccah	Crenobacter cavernae	3
ccak	Clostridium caseinilyticum	1
ccam	Cupriavidus campinensis	10
ccao	Chryseobacterium capnotolerans	1
ccap	Clavibacter capsici	6
ccaq	Campylobacter californiensis	2
ccas	Kaistella carnis	4
ccau	Chryseobacterium carnipullorum	5
ccaw	Corynebacterium canis	4
ccax	Cupriavidus cauae	4
ccaz	Couchioplanes caeruleus	7
ccf	Campylobacter coli	2006
cch	Chlorobium chlorochromatii	6
ccha	Caldicellulosiruptor changbaiensis	4
cche	Cellulomonas chengniuliangii	1
cchl	Cohnella cholangitidis	2
cchn	Chryseobacterium chendengshani	1
ccho	Corynebacterium choanae	2
cchr	Candidiatus Paracoxiella	0
ccit	Curtobacterium citreum	12
ccj	Corynebacterium camporealensis	4
ccjz	Corynebacterium crudilactis	1
ccoc	Campylobacter concisus	216
ccoe	Corynebacterium comes	2
ccof	Campylobacter coli	2006
ccoi	Campylobacter coli	2006
ccol	Campylobacter coli	2006
ccom	Allocoprococcus comes	2
ccon	Cronobacter condimenti	12
ccoo	Campylobacter coli	2006
ccop	Crateriforma conspicua	2
ccor	Campylobacter corcagiensis	4
ccos	Caulifigura coniformis	2
ccot	Capsulimonas corticalis	1
ccou	Corynebacterium confusum	2
ccq	Campylobacter coli	2006
ccrd	Chlamydia crocodili	3
ccs	Caulobacter vibrioides	43
cct	Pseudocoprococcus catus	1
ccu	Cryptobacterium curtum	9
ccuc	Chryseobacterium cucumeris	12
ccun	Campylobacter cuniculorum	6
ccup	Cupriavidus sp. USMAHM13	1
ccur	Cylindrospermopsis curvispora	0
ccy	Campylobacter coli	2006
ccyc	Sinomonas cyclohexanicum	1
ccys	Corynebacterium cystitidis	8
ccz	Chthonomonas calidirosea	4
cdae	Chryseobacterium daecheongense	6
cdan	Anaerocellum danielii	1
cdb	Corynebacterium diphtheriae	2179
cdd	Corynebacterium diphtheriae	2179
cde	Corynebacterium diphtheriae	2179
cden	Corynebacterium dentalis	2
cdes	Candidatus Chromulinivorax destructor	0
cdev	Campylobacter devanensis	1
cdf	Clostridioides difficile	6247
cdh	Corynebacterium diphtheriae	2179
cdi	Corynebacterium diphtheriae	2179
cdia	Anaerocellum diazotrophicum	0
cdip	Corynebacterium diphtheriae	2179
cdiz	Celerinatantimonas diazotrophica	5
cdl	Clostridioides difficile	6247
cdo	Corynebacterium doosanense	1
cdon	Cellulomonas dongxiuzhuiae	1
cdp	Corynebacterium diphtheriae	2179
cdr	Corynebacterium diphtheriae	2179
cds	Corynebacterium diphtheriae	2179
cdt	Corynebacterium diphtheriae	2179
cdv	Corynebacterium diphtheriae	2179
cdw	Corynebacterium diphtheriae	2179
cdx	Corynebacterium deserti	3
cdz	Corynebacterium diphtheriae	2179
ceb	Cellvibrio sp. PSBB023	0
cec	Cardinium endosymbiont	8
cee	Corynebacterium endometrii	2
ceec	Cyanobacterium endosymbiont	1
ceg	Cellvibrio sp. KY-GH-1	0
ceh	Celeribacter ethanolicus	1
cei	Corynebacterium epidermidicanis	4
cej	Cellulomonas sp. JZ18	0
cek	Cellvibrio sp. KY-YJ-3	0
cela	Cellulomonas sp. ATA003	0
celc	Cellulomonas sp. C5510	0
cele	Cellulomonas sp. ES6	0
celh	Cellulomonas sp. H30R-01	0
cell	Cellvibrio sp. PSBB006	0
celn	Cellulomonas electrica	1
celz	Cellulomonas shaoxiangyii	1
cen	Cedecea neteri	19
cend	Coxiella endosymbiont	16
ceng	Cardinium endosymbiont	8
ceno	Coxiella endosymbiont	16
cenp	Comamonas endophytica	1
cens	Citrobacter enshiensis	1
ceo	Cyanobacterium endosymbiont	1
cep	Crinalium epipsammum	1
cequ	Cutibacterium equinum	1
cer	Cyanobacterium endosymbiont	1
cet	Cellulosimicrobium sp. TH-20	1
cew	Cellulosilyticum sp. WCF-2	0
cex	Caldisericum exile	3
cexi	Corallococcus exiguus	11
cey	Coxiella mudrowiae	3
cez	Cellulomonas sp. PSBB021	0
cfac	Corynebacterium faecale	1
cfae	Kaistella faecalis	1
cfas	Coprobacter fastidiosus	5
cfb	Clostridium felsineum	18
cfem	Caproicibacter fermentans	6
cfen	Cellulomonas fengjieae	1
cfer	Clostridium fermenticellae	3
cfeu	Corynebacterium felinum	2
cff	Campylobacter fetus	1111
cfg	Corynebacterium freiburgense	4
cfh	Caulobacter flavus	7
cfil	Chitinophaga filiformis	4
cfk	Corynebacterium frankenforstense	5
cflu	Chryseobacterium fluminis	1
cfm	Andreesenella formicacetica	0
cfn	Corynebacterium falsenii	11
cfon	Chitinibacter fontanus	3
cfou	Corynebacterium fournieri	0
cfp	Campylobacter fetus	1111
cfq	Citrobacter freundii	2607
cfs	Chlamydia trachomatis	15950
cft	Campylobacter fetus	1111
cfv	Campylobacter fetus	1111
cfw	Chlamydia trachomatis	15950
cfx	Campylobacter fetus	1111
cfz	Campylobacter fetus	1111
cga	Cellulomonas gilvus	1
cgam	Chryseobacterium gambrini	5
cgc	Cyanobium gracile	8
cgel	Clostridium gelidum	2
cgeo	Campylobacter geochelonis	3
cget	Croceiramulus getboli	1
cgf	Corynebacterium guangdongense	1
cgg	Corynebacterium glutamicum	3463
cgin	Castellaniella ginsengisoli	8
cgj	Corynebacterium glutamicum	3463
cgk	Corynebacterium geronticis	0
cgl	Corynebacterium glutamicum	3463
cgm	Corynebacterium glutamicum	3463
cgn	Chryseobacterium gallinarum	7
cgo	Coriobacterium glomerans	12
cgoi	Corynebacterium gottingense	4
cgot	Cytobacillus gottheilii	4
cgp	Corynebacterium genitalium	12
cgq	Corynebacterium glutamicum	3463
cgs	Corynebacterium glutamicum	3463
cgt	Corynebacterium glutamicum	3463
cgu	Corynebacterium glutamicum	3463
cgv	Corynebacterium glaucum	1
cgw	Candidatus Campbellbacteria bacterium	0
cgx	Corynebacterium glutamicum	3463
cgy	Corynebacterium glyciniphilum	4
chad	Corynebacterium hadale	2
chan	Corynebacterium hansenii	2
chc	Chlamydia psittaci	1956
chd	Caldicellulosiruptor hydrothermalis	9
che	Cardinium endosymbiont	8
chea	Chelativorans sp. AA-79	0
cheb	Cohnella herbarum	1
chei	Corynebacterium heidelbergense	1
chel	Chelatococcus sp. CO-6	1
ches	Corynebacterium hesseae	2
chf	Chitinophaga pendula	1
chg	Capnocytophaga haemolytica	6
chh	Chryseobacterium glaciei	1
chhl	Chromobacterium sp. HL1	0
chi	Chlamydia psittaci	1956
chic	Chitiniphilus purpureus	1
chih	Chitinophaga agri	2
chii	Chitinophaga sp. 180180018-2	0
chim	Chitinophaga sp. MD30	0
chin	Corynebacterium hindlerae	3
chit	Chitinophaga sp. XS-30	0
chiz	Chitinibacter bivalviorum	2
chk	Chryseolinea soli	2
chl	Chloroflexus aurantiacus	312
chla	Chlamydia poikilotherma	0
chlo	Chloracidobacterium sp. MS 40/45	0
chm	Corynebacterium humireducens	9
chn	Corynebacterium halotolerans	6
chon	Chondrocystis sp. NIES-4102	0
chor	Chitinophaga horti	1
chp	Chlamydia psittaci	1956
chr	Chlamydia psittaci	1956
chrb	Chromobacterium phragmitis	1
chrc	Chryseobacterium gotjawalense	1
chrd	Chryseobacterium sp. D764	0
chre	Chryseoglobus sp. 28M-23	0
chrh	Chryseobacterium sp. PCH239	0
chri	Chromobacterium phragmitis	1
chrj	Chryseobacterium sp. JV274	0
chrk	Chryseobacterium sp. KCF3-3	0
chrm	Chromobacterium paludis	2
chrn	Christiangramia sp. OXR-203	0
chro	Chromobacterium sp. ATCC 53434	0
chrp	Chryseobacterium sp. POL2	0
chrr	Chryseobacterium sp. PMSZPI	0
chrs	Chryseobacterium sp. 3008163	0
chrt	Chryseobacterium sp. Y16C	1
chru	Chromobacterium sp. Rain0013	0
chrw	Chryseotalea sp. WA131a	0
chry	Chryseobacterium sp. T16E-39	0
chrz	Chryseobacterium sp. 6424	0
chs	Chlamydia psittaci	1956
cht	Chlamydia psittaci	1956
chya	Calycomorphotria hydatis	1
chyd	Croceimicrobium hydrocarbonivorans	3
chz	Chryseobacterium sp. StRB126	0
cia	Clostridium isatidis	6
cib	Citrobacter sp. TSA-1	0
cid	Celeribacter indicus	6
cie	Citrobacter sp. CRE-46	0
cif	Citrobacter sp. FDAARGOS_156	0
cig	Citricoccus sp. SGAir0253	0
cih	Chryseobacterium sp. IHB B 17019	0
cihu	Corynebacterium ihumii	2
cii	Corynebacterium imitans	8
cij	Citromicrobium sp. JL477	0
cik	Corynebacterium incognitum	1
cinf	Candidatus Campylobacter infans	7
cip	Candidatus Cytomitobacter indipagum	0
ciq	Citrobacter sp. TBCP-5362	0
cir	Citrobacter sp. CFNIH10	0
cira	Cellulomonas iranensis	7
cis	Campylobacter insulaenigrae	9
citr	Citrobacter sp. LUTT5	0
citz	Citrobacter tructae	1
civ	Cruoricaptor ignavus	2
ciw	Caulobacter inopinatus	1
cix	Citrobacter sp. XT1-2-2	2
ciy	Citrobacter sp. Y3	1
cjam	Corynebacterium jamesii	1
cjap	Caldichromatium japonicum	1
cjd	Campylobacter jejuni	9787
cje	Campylobacter jejuni	9787
cjei	Campylobacter jejuni	9787
cjej	Campylobacter jejuni	9787
cjen	Campylobacter jejuni	9787
cjer	Campylobacter jejuni	9787
cjeu	Campylobacter jejuni	9787
cjg	Kaistella jeonii	4
cjh	Corynebacterium jeddahense	3
cji	Campylobacter jejuni	9787
cjj	Campylobacter jejuni	9787
cjl	Campylobacter jejuni	9787
cjm	Campylobacter jejuni	9787
cjn	Campylobacter jejuni	9787
cjp	Campylobacter jejuni	9787
cjq	Campylobacter jejuni	9787
cjr	Campylobacter jejuni	9787
cjs	Campylobacter jejuni	9787
cju	Campylobacter jejuni	9787
cjv	Campylobacter jejuni	9787
cjw	Campylobacter jejuni	9787
cjx	Campylobacter jejuni	9787
cjy	Campylobacter jejuni	9787
cjz	Campylobacter jejuni	9787
ckf	Corynebacterium kefirresidentii	5
ckh	Conchiformibius kuhniae	0
cki	Caldicellulosiruptor acetigenus	5
ckn	Caldicellulosiruptor kronotskyensis	10
ckr	Clostridium kluyveri	245
cks	Chitinimonas koreensis	10
ckw	Corynebacterium kalinowskii	1
clac	Chryseobacterium lactis	12
clav	Caproiciproducens lactatisolvens	1
clb	Clostridium sp. BNL1100	1
clc	Caldicellulosiruptor acetigenus	5
cle	Cellulosilyticum lentocellum	10
cleh	Corynebacterium lehmanniae	1
clf	Caproicibacterium lactatifermentans	5
clia	Corynebacterium liangguodongii	2
clih	Nitratidesulfovibrio liaohensis	1
clit	Chondrinema litorale	0
cliz	Corynebacterium lizhenjunii	1
cll	Campylobacter lari	214
clm	Campylobacter lari	214
cln	Campylobacter lari	214
clod	Clostridium sp. MD294	0
clol	Clostridium sp. LQ25	2
clom	Clostridium sp. MF28	0
cloo	Clostridium sp. OS1-26	0
clos	Clostridium sp. AWRP	3
clq	Campylobacter lari	214
clr	Campylobacter lari	214
cls	Clostridium sp. SY8519	0
clt	Clostridium bornimense	4
cluj	Corynebacterium lujinxingii	1
clw	Corynebacterium lactis	3
cly	Cellulophaga lytica	38
cmag	Pacificitalea manganoxidans	0
cmah	Clostridium manihotivorum	4
cmal	Corynebacterium macclintockiae	3
cman	Croceicoccus marinus	8
cmaq	Chryseobacterium manosquense	1
cmar	Celeribacter marinus	2
cmas	Corynebacterium massiliense	3
cmau	Corynebacterium marquesiae	2
cmav	Chitinibacter mangrovi	3
cmb	Caulobacter mirabilis	8
cmd	Corynebacterium maris	7
cmed	Caminibacter mediatlanticus	7
cmet	Chenggangzhangella methanolivorans	5
cmi	Clavibacter michiganensis	441
cmic	Caldinitratiruptor microaerophilus	2
cmik	Candidatus Mikella endobia	0
cmm	Chlamydia muridarum	512
cmn	Chlamydia muridarum	512
cmol	Campylobacter molothri	2
cmor	Caldicellulosiruptor morganii	4
cmp	Chamaesiphon minutus	1
cmq	Corynebacterium marinum	3
cmr	Cyclobacterium marinum	10
cmu	Chlamydia muridarum	512
cmua	Citricoccus muralis	6
cmur	Chlamydia muridarum	512
cmv	Corynebacterium mustelae	7
cmx	Chlamydia muridarum	512
cmz	Chlamydia muridarum	512
cna	Croceicoccus naphthovorans	6
cnag	Caldicellulosiruptor naganoensis	3
cnca	Chitinophaga caseinilytica	2
cni	Calditerrivibrio nitroreducens	6
cnk	Chryseobacterium nakagawai	5
cnp	Chryseobacterium nepalense	3
cnq	Catalinimonas niigatensis	2
cnr	Cloacibacterium normanense	10
cnt	Cedecea neteri	19
cnu	Carbonicoccus niuqiaonis	1
cnv	Campylobacter novaezeelandiae	2
coa	Corynebacterium sp. ATCC 6931	0
cobb	Cobetia sp. 4B	0
cobc	Cobetia sp. cqz5-12	0
cobd	Cobetia sp. D5	1
cobe	Cobetia sp. AM6	0
cobu	Cobetia sp. UIB-001	1
codo	Comamonas odontotermitis	9
coe	Corynebacterium pseudotuberculosis	675
cof	Comamonas flocculans	3
coh	Cohnella candida	0
cohl	Cohnella sp. LGH	2
cohn	Cohnella abietis	1
coi	Corynebacterium pseudotuberculosis	675
coj	Campylobacter ornithocola	3
cok	Corynebacterium occultum	1
col	Capnocytophaga sp. oral taxon 323	0
cola	Colwellia sp. Arc7-D	0
coll	Collinsella sp. zg1085	0
colw	Colwellia sp. PAMC 21821	0
com	Colwellia sp. MT41	0
comb	Comamonas sp. B21-038	0
comm	Commensalibacter melissae	3
comn	Cellulophaga omnivescoria	4
con	Actibacterium sp. EMB200-NS6	0
coo	Coprococcus sp. ART55/1	2
cop	Corynebacterium pseudotuberculosis	675
copr	Coprobacter secundus	6
coq	Commensalibacter melissae	3
cor	Corynebacterium pseudotuberculosis	675
cora	Chryseobacterium oranimense	5
core	Corynebacterium sp. Z-1	1
cork	Corynebacterium sp. 22KM0430	0
corm	Corynebacterium sp. 21KM1197	0
corn	Corynebacterium sp. NML98-0116	0
cors	Corynebacterium sp. SCR221107	0
cory	Corynebacterium sp. sy039	0
corz	Chryseobacterium oryzae	1
cos	Corynebacterium pseudotuberculosis	675
cou	Corynebacterium pseudotuberculosis	675
cov	Colwellia sp. Arc7-635	0
cow	Caldicellulosiruptor owensensis	11
coy	Chitinophaga oryzae	3
coz	Colwellia sp. PAMC 20917	0
cpa	Chlamydia pneumoniae	4200
cpaa	Chlamydophila parapsittaci	1
cpab	Companilactobacillus pabuli	4
cpaf	Caminibacter pacificus	1
cpal	Cellulomonas palmilytica	2
cpar	Citrobacter pasteurii	7
cpas	Clostridium pasteurianum	778
cpat	Clostridium pasteurianum	778
cpc	Chlorobaculum parvum	3
cpeg	Corynebacterium pelargi	2
cpel	Campylobacter peloridis	4
cpeo	Chlamydia pecorum	212
cper	Chlamydia pecorum	212
cpf	Clostridium perfringens	9285
cpg	Corynebacterium pseudotuberculosis	675
cph	Chlorobium phaeobacteroides	40
cpha	Clavibacter phaseoli	4
cpho	Corynebacterium phocae	2
cphy	Cnuibacter physcomitrellae	1
cpin	Campylobacter pinnipediorum	3
cpip	Chryseobacterium piperi	10
cpis	Comamonas piscis	3
cpj	Chlamydia pneumoniae	4200
cpk	Corynebacterium pseudotuberculosis	675
cpl	Corynebacterium pseudotuberculosis	675
cpm	Chlamydia pecorum	212
cpn	Chlamydia pneumoniae	4200
cpol	Chitinophaga pollutisoli	1
cpom	Curtobacterium pomorum	1
cpon	Curtobacterium poinsettiae	0
cpor	Cloacibacillus porcorum	11
cpoy	Corynebacterium poyangense	1
cpp	Corynebacterium pseudotuberculosis	675
cpq	Corynebacterium pseudotuberculosis	675
cpr	Clostridium perfringens	9285
cpra	Collimonas pratensis	12
cpre	Corynebacterium provencense	5
cprf	Crassaminicella profunda	5
cpri	Candidatus Cytomitobacter primus	0
cpro	Anaerotignum propionicum	9
cprt	Cellulosimicrobium protaetiae	2
cprv	Cyclonatronum proteinivorum	1
cpsa	Chlamydia psittaci	1956
cpsb	Chlamydia psittaci	1956
cpsc	Chlamydia psittaci	1956
cpsd	Chlamydia psittaci	1956
cpse	Corynebacterium pseudotuberculosis	675
cpsf	Corynebacterium pseudotuberculosis	675
cpsg	Chlamydia psittaci	1956
cpsi	Chlamydia psittaci	1956
cpsk	Corynebacterium pseudokroppenstedtii	5
cpsl	Corynebacterium pseudogenitalium	11
cpsm	Chlamydia psittaci	1956
cpsn	Chlamydia psittaci	1956
cpso	Corynebacterium pseudopelargi	1
cpss	Cytobacillus pseudoceanisediminis	1
cpst	Chlamydia psittaci	1956
cpsu	Corynebacterium pseudotuberculosis	675
cpsv	Chlamydia psittaci	1956
cpsw	Chlamydia psittaci	1956
cpt	Chlamydia pneumoniae	4200
cpu	Corynebacterium pseudotuberculosis	675
cpul	Caproiciproducens puteiluti	1
cpx	Corynebacterium pseudotuberculosis	675
cpy	Lachnoclostridium phytofermentans	9
cpyr	Corynebacterium pyruviciproducens	12
cpz	Corynebacterium pseudotuberculosis	675
cqf	Curtobacterium flaccumfaciens	87
cqn	Corynebacterium qintianiae	1
cqs	Clavibacter quasicaliforniensis	1
cra	Chlamydia trachomatis	15950
cras	Crassaminicella indica	1
crd	Corynebacterium resistens	11
crf	Corynebacterium rouxii	11
crh	Candidatus Carsonella ruddii	38
crhi	Chryseobacterium rhizoplanae	4
crhn	Corynebacterium rhinophilum	1
cri	Candidatus Carsonella ruddii	38
crj	Comamonas resistens	4
crm	Paracrocinitomix mangrovi	1
crn	Carnobacterium sp. 17-4	0
cros	Crossiella sp. CA-258035	0
crp	Candidatus Carsonella ruddii	38
crr	Candidatus Carsonella ruddii	38
crs	Crassaminicella thermophila	2
crt	Candidatus Carsonella ruddii	38
cru	Candidatus Carsonella ruddii	38
crud	Candidatus Carsonella ruddii	38
crv	Candidatus Carsonella ruddii	38
crw	Clostridium felsineum	18
cry	Cryobacterium sp. LW097	0
crz	Chromobacterium rhizoryzae	2
csa	Chromohalobacter israelensis	7
csac	Chitinophaga sancti	12
csah	Candidatus Caldatribacterium saccharofermentans	0
csal	Chryseobacterium salivictor	4
csan	Corynebacterium sanguinis	3
csau	Capilliphycus salinus	3
csaz	Candidatus Chlamydia sanziniae	0
csd	Thermoclostridium stercorarium	11
csee	Chlamydia serpentis	3
csei	Clavibacter seminis	1
csen	Comamonas sediminis	4
cser	Comamonas serinivorans	3
cses	Chitinirhabdus sediminis	1
csf	Campylobacter subantarcticus	4
csha	Chryseobacterium shandongense	3
csi	Cronobacter malonaticus	69
csil	Corynebacterium silvaticum	11
csk	Cronobacter sakazakii	808
csm	Campylobacter subantarcticus	4
csn	Cyanobacterium stanieri	6
cso	Clostridium cf. saccharolyticum K10	0
csoa	Cytobacillus solani	5
cspg	Cytobacillus spongiae	1
csph	Corynebacterium sphenisci	3
cspn	Crateriforma spongiae	1
cspo	Caminicella sporogenes	3
csqu	Comamonas squillarum	1
css	Thermoclostridium stercorarium	11
cst	Acetoanaerobium sticklandii	8
cstc	Collinsella stercoris	12
cste	Conchiformibius steedae	1
csto	Capnocytophaga stomatis	1
csua	Litchfieldia suaedae	0
csub	Carboxydichorda subterranea	0
csue	Corynebacterium suedekumii	1
csup	Chryseobacterium suipulveris	1
csur	Corynebacterium suranareeae	2
csw	Chlamydia trachomatis	15950
csx	Corynebacterium singulare	3
csz	Cronobacter sakazakii	808
cta	Chlamydia trachomatis	15950
ctae	Clostridium taeniosporum	7
ctag	Clostridium tagluense	10
ctai	Chryseobacterium taihuense	4
ctak	Chryseobacterium taklimakanense	3
ctb	Chlamydia trachomatis	15950
ctcf	Chlamydia trachomatis	15950
ctch	Chlamydia trachomatis	15950
ctcj	Chlamydia trachomatis	15950
ctct	Chlamydia trachomatis	15950
ctd	Chlamydia trachomatis	15950
ctec	Chlamydia trachomatis	15950
cted	Corynebacterium testudinoris	5
ctel	Citrobacter telavivensis	3
cter	Corynebacterium terpenotabidum	5
ctet	Clostridium tetani	788
ctf	Chlamydia trachomatis	15950
ctfs	Chlamydia trachomatis	15950
ctfw	Chlamydia trachomatis	15950
ctg	Chlamydia trachomatis	15950
cthd	Clostridium thermosuccinogenes	11
cthf	Chlamydia trachomatis	15950
cthi	Caldimicrobium thiodismutans	3
cthj	Chlamydia trachomatis	15950
cthm	Carboxydocella thermautotrophica	3
ctj	Chlamydia trachomatis	15950
ctjs	Chlamydia trachomatis	15950
ctjt	Chlamydia trachomatis	15950
ctk	Chlamydia trachomatis	15950
ctl	Chlamydia trachomatis	15950
ctla	Chlamydia trachomatis	15950
ctlb	Chlamydia trachomatis	15950
ctlc	Chlamydia trachomatis	15950
ctlf	Chlamydia trachomatis	15950
ctli	Chlamydia trachomatis	15950
ctlj	Chlamydia trachomatis	15950
ctll	Chlamydia trachomatis	15950
ctlm	Chlamydia trachomatis	15950
ctln	Chlamydia trachomatis	15950
ctlq	Chlamydia trachomatis	15950
ctls	Chlamydia trachomatis	15950
ctlx	Chlamydia trachomatis	15950
ctlz	Chlamydia trachomatis	15950
ctmj	Chlamydia trachomatis	15950
ctn	Chlamydia trachomatis	15950
cto	Chlamydia trachomatis	15950
ctq	Chlamydia trachomatis	15950
ctr	Chlamydia trachomatis	15950
ctra	Chlamydia trachomatis	15950
ctrb	Chlamydia trachomatis	15950
ctrc	Chlamydia trachomatis	15950
ctrd	Chlamydia trachomatis	15950
ctre	Chlamydia trachomatis	15950
ctrf	Chlamydia trachomatis	15950
ctrg	Chlamydia trachomatis	15950
ctrh	Chlamydia trachomatis	15950
ctri	Chlamydia trachomatis	15950
ctrj	Chlamydia trachomatis	15950
ctrk	Chlamydia trachomatis	15950
ctrl	Chlamydia trachomatis	15950
ctrm	Chlamydia trachomatis	15950
ctrn	Chlamydia trachomatis	15950
ctro	Chlamydia trachomatis	15950
ctrp	Chlamydia trachomatis	15950
ctrq	Chlamydia trachomatis	15950
ctrr	Chlamydia trachomatis	15950
ctrs	Chlamydia trachomatis	15950
ctrt	Chlamydia trachomatis	15950
ctru	Chlamydia trachomatis	15950
ctrv	Chlamydia trachomatis	15950
ctrw	Chlamydia trachomatis	15950
ctrx	Chlamydia trachomatis	15950
ctry	Chlamydia trachomatis	15950
ctrz	Chlamydia trachomatis	15950
cts	Chloroherpeton thalassium	8
cttj	Chlamydia trachomatis	15950
ctur	Chryseobacterium sp. C-71	0
ctv	Chlamydia trachomatis	15950
ctw	Chlamydia trachomatis	15950
ctx	Acetivibrio thermocellus	40
cty	Chlamydia trachomatis	15950
ctz	Chlamydia trachomatis	15950
cub	Curtobacterium sp. BH-2-1-1	0
cue	Corynebacterium ulcerans	270
cuf	Curtobacterium aetherium	2
cug	Curtobacterium sp. SGAir0471	0
cuh	Cupriavidus necator	802
cui	Cronobacter universalis	7
cuk	Cupriavidus sp. KK10	0
cul	Corynebacterium ulcerans	270
cum	Curtobacterium sp. MR_MD2014	0
cun	Corynebacterium ulcerans	270
cuo	Corynebacterium urogenitale	2
cupa	Cupriavidus sp. Agwp_2	1
cupd	Cupriavidus sp. DF5525	0
cupe	Cupriavidus sp. EM10	0
cupp	Cupriavidus sp. P-10	0
cupr	Cupriavidus sp. ISTL7	0
cur	Corynebacterium urealyticum	163
curb	Curtobacterium sp. 458	0
curo	Curtobacterium sp. TC1	0
curt	Curtobacterium sp. TXMA1	0
curz	Curtobacterium sp. C1	0
cus	Corynebacterium ramonii	3
cut	Corynebacterium uterequi	4
cuu	Cupriavidus sp. USMAA2-4	1
cuv	Corynebacterium ureicelerivorans	7
cuw	Corynebacterium uberis	1
cuy	Curtobacterium sp. YC1	0
cvb	Congregibacter variabilis	1
cvd	Carnobacterium viridans	3
cvl	Chloracidobacterium validum	2
cvo	Campylobacter volucris	8
cvt	Corynebacterium vitaeruminis	7
cvu	Campylobacter vulpis	2
cwan	Cellulomonas wangleii	1
cwg	Chryseobacterium wangxinyae	1
cwk	Corynebacterium wankanglinii	1
cwn	Cellulomonas wangsupingiae	1
cxi	Cyclobacterium xiamenense	2
cxie	Cellulomonas xiejunii	1
cya	Synechococcus sp. JA-3-3Ab	0
cyb	Synechococcus sp. JA-2-3B'a	1
cyc	Gloeothece citriformis	1
cyd	Cyanobacterium sp. DS4	0
cyh	Rippkaea orientalis	3
cyi	Cyanobium sp. NIES-981	0
cyj	Gloeothece verrucosa	0
cyl	Cyanobacterium sp. HL-69	0
cyn	Cyanothece sp. PCC 7425	0
cyp	Rippkaea orientalis	3
cyq	Cycloclasticus sp. P1	0
cyr	Cyanobacterium sp. IPPAS B-1200	0
cys	Cysteiniphilum sp. QT6929	0
cyx	Cytobacillus sp. BC1816	0
cyy	Cycloclasticus sp. PY97N	0
cyz	Corynebacterium yudongzhengii	1
cza	Cycloclasticus zancles	1
czh	Clavibacter zhangzhiyongii	5
czn	Carbonicoccus zhangzhihongae	1
czo	Corynebacterium zhongnanshanii	1
daa	Frigidibacter mobilis	2
dab	Deinococcus actinosclerus	6
dact	Dactylosporangium sp. AC04546	0
dad	Dickeya ananatis	1
dae	Desulfofarcimen acetoxidans	0
daer	Diaphorobacter aerolatus	3
daf	Desulfocurvibacter africanus	0
dag	Devosia algicola	1
dah	Deinococcus aetherius	6
dai	Desulfosporosinus acidiphilus	4
daj	Dechloromonas aquae	1
dal	Desulfatibacillum aliphaticivorans	6
dalk	Desulfosarcina alkanivorans	1
dao	Desulfobacca acetoxidans	7
dap	Denitrovibrio acetiphilus	8
daq	Dickeya aquatica	5
daqt	Dokdonella aquatica	1
daqu	Deinococcus aquaticus	10
das	Pseudodesulfovibrio aespoeensis	5
dat	Desulforapulum autotrophicum	0
dav	Desulfurella acetivorans	7
daw	Candidatus Desulfofervidus auxilii	5
dax	Desulfoglaeba alkanexedens	4
dbc	Metallumcola ferriviriculae	1
dbk	Desulfomarina profundi	1
dbr	Desulfarculus baarsii	5
dcb	Solidesulfovibrio carbinolicus	1
dce	Denitrificimonas caeni	1
dch	Deinococcus soli	5
dcm	Dolichospermum compactum	1
dcn	Dyadobacter chenwenxiniae	1
dcp	Demequina capsici	1
dcs	Dyella caseinilytica	1
dda	Musicola paradisiaca	1
ddc	Dickeya parazeae	3
dden	Dechloromonas denitrificans	11
ddf	Deferribacter desulfuricans	6
ddl	Desulfitobacterium dichloroeliminans	7
ddn	Pseudodesulfovibrio mercurii	7
ddo	Dokdonia donghaensis	8
ddt	Denitrobacterium detoxificans	9
ddu	Desulfolithobacter dissulfuricans	2
ddz	Candidatus Desulfobacillus denitrificans	2
dea	Devosia ginsengisoli	1
dec	Dehalobacter sp. CF	0
dech	Dechloromonas sp. TW-R-39-2	0
ded	Dehalobacter sp. DCA	0
dee	Deefgea piscis	1
def	Desulfovibrio falkowii	2
deg	Dehalococcoides mccartyi	233
deh	Dehalococcoides mccartyi	233
deha	Dehalobacter sp. CP	0
deht	Dehalobacter sp. TBBPA1	0
dei	Devosia sp. I507	0
deid	Deinococcus sp. D7000	0
dein	Deinococcus sp. AJ005	0
dej	Pseudodesulfovibrio indicus	2
dek	Desulfoluna limicola	1
del	Delftia sp. Cs1-4	1
delf	Desulfovibrio sp. 86	2
delo	Desulfitobacterium elongatum	1
delu	Delftia sp. UGAL515B_04	0
dem	Demequina sp. TMPB413	0
den	Candidatus Doolittlea endobia	0
dend	Dyadobacter endophyticus	5
deni	Denitratisoma sp. DHT3	0
deo	Desulfobulbus oralis	5
dep	Desulfuromonas sp. AOP6	0
deq	Devosia sp. H5989	0
derm	Dermacoccus sp. PAMC28757	0
des	Desulfuromonas soudanensis	3
desb	Desulfosarcina sp. BuS5	0
desd	Desulfitobacterium sp. AusDCA	0
desl	Desulfoscipio sp. L	0
desu	Desulfomicrobium sp. ZS1	0
det	Dehalococcoides mccartyi	233
deth	Dehalogenimonas etheniformans	6
deu	Desulfuromonas sp. DDH964	0
dev	Dehalococcoides mccartyi	233
devd	Devosia sp. D6-9	0
devo	Devosia sp. MC521	0
devs	Devosia sp. SD17-2	0
dew	Dehalogenimonas sp. WBC-2	0
dex	Defluviicoccus sp. SSA4	0
dey	Dechloromonas sp. HYN0024	0
dez	Deinococcus irradiatisoli	2
dfg	Desulforamulus ferrireducens	0
dfk	Desulfovibrio falkowii	2
dfn	Dickeya fangzhongdai	20
dfo	Dehalogenimonas formicexedens	3
dfq	Dyadobacter fanqingshengii	1
dfu	Dactylosporangium fulvum	6
dgg	Megalodesulfovibrio gigas	0
dgi	Desulfoscipio gibsoniae	0
dgl	Desulforhopalus glucosivorans	1
dgo	Deinococcus gobiensis	7
dhg	Desulfobacter hydrogenophilus	9
dhi	Dermatobacter hominis	1
dhk	Delftia sp. HK171	0
dho	Dialister hominis	4
dhr	Dissulfurimicrobium hydrothermale	3
dht	Dolichospermum heterosporum	0
dhy	Maridesulfovibrio hydrothermalis	1
dia	Acidovorax ebreus	5
dic	Dickeya poaceiphila	1
did	Dietzia sp. DQ12-45-1b	2
dih	Diaphorobacter sp. HDW4A	0
dij	Diaphorobacter sp. JS3050	0
dil	Diaphorobacter sp. LI3	0
dim	Diaphorobacter sp. MNS-0	0
din	Desulfurispirillum indicum	7
dinc	Desemzia incerta	12
dis	Diaphorobacter sp. JS3051	0
dit	Dietzia sp. oral taxon 368	0
diu	Dialister sp. UW_FK_DIAL1_1	0
diz	Dietzia sp. JS16-p6b	0
dji	Dyella jiangningensis	4
djj	Dermabacter jinjuensis	2
dki	Dellaglioa kimchii	1
dkn	Dietzia kunjamensis	5
dku	Desulfofundulus kuznetsovii	3
dky	Dyella kyungheensis	2
dlc	Dickeya lacustris	1
dlf	Dehalogenimonas loeffleri	2
dlg	Desulfovibrio legallii	3
dli	Desulfonema limicola	3
dlm	Desulfofustis limnaeus	2
dls	Diaphorobacter limosus	3
dlu	Dietzia lutea	2
dly	Dehalogenimonas lykanthroporepellens	9
dma	Solidesulfovibrio magneticus	2
dmat	Dactylosporangium vinaceum	2
dmb	Deinococcus metallilatus	4
dmc	Dehalococcoides mccartyi	233
dmd	Dehalococcoides mccartyi	233
dmf	Deferrivibrio metallireducens	1
dmg	Dehalococcoides mccartyi	233
dmm	Desulfonema magnum	4
dmp	Desulfoferula mesophila	0
dmr	Deinococcus maricopensis	5
dms	Oceanidesulfovibrio marinus	1
dmt	Desulfitobacterium metallireducens	2
dmx	Dehalococcoides mccartyi	233
dmy	Dehalococcoides mccartyi	233
dmz	Dehalococcoides mccartyi	233
dnp	Devosia neptuniae	10
dns	Desulfitobacterium nosdiversum	0
doa	Desulfomicrobium orale	8
doc	Dolichospermum sp. DL01	0
dod	Dokdonia sp. Dokd-P16	0
doe	Denitratisoma oestradiolicum	8
dog	Desulfobulbus oligotrophicus	3
dok	Dokdonia sp. MED134	0
dol	Desulfosudis oleivorans	0
dom	Domibacillus sp. DTU_2020_1001157_1_SI_ALB_TIR_016	0
don	Marivivens sp. JLT3646	0
dori	Draconibacterium orientale	7
dot	Dolichospermum sp. DET69	0
dou	Dolichospermum sp. UHCC 0315A	0
dov	Desulfosarcina ovata	3
doy	Devosia oryziradicis	3
doz	Dolichospermum sp. UKL201	0
dpb	Candidatus Babela massiliensis	0
dpc	Dietzia psychralcaliphila	3
dpd	Deinococcus peraridilitoris	4
dpf	Dyadobacter pollutisoli	1
dph	Deinococcus psychrotolerans	1
dpi	Pseudodesulfovibrio piezophilus	2
dpk	Desulfovectis peckii	0
dpu	Deinococcus puniceus	1
dpv	Devosia polycyclovorans	1
drb	Deinococcus rubellus	2
drc	Draconibacterium halophilum	1
drg	Diaphorobacter ruginosibacter	1
drh	Devosia rhizoryzae	1
dri	Devosia rhizosphaerae	1
drm	Desulforamulus reducens	0
dros	Dactylosporangium roseum	2
drp	Devosia rhodophyticola	1
drt	Desulfohalobium retbaense	8
dru	Desulforamulus ruminis	0
dsa	Maridesulfovibrio salexigens	0
dsal	Devosia salina	1
dsb	Desulfovibrio subterraneus	2
dsc	Deinococcus sonorensis	1
dsd	Desulfolutivibrio sulfodismutans	3
dsf	Desulfocapsa sulfexigens	2
dsg	Dyella stictolepturae	1
dsj	Deinococcus superficialis	1
dsl	Dactylococcopsis salina	7
dsn	Dyadobacter sandarakinus	1
dss	Demequina sediminis	1
dst	Dolosigranulum savutiense	1
dsx	Desulfolutivibrio sulfoxidireducens	3
dsy	Desulfitobacterium hafniense	129
dta	Dyella terrae	9
dtae	Deinococcus taeanensis	1
dtb	Desertifilum tharense	12
dtd	Dyella thailandensis	1
dte	Desulfurobacterium thermolithotrophum	10
dtf	Desulfosceptrum tomskiensis	1
dtk	Deefgea tanakiae	1
dtl	Dyella telluris	1
dtm	Dietzia timorensis	5
dtp	Dissulfurispira thermophila	2
dtr	Candidatus Desulfovibrio trichonymphae	4
dtx	Dyella thiooxydans	10
duc	Dehalococcoides sp. UCH007	0
dug	Duganella dendranthematis	1
dun	Duncaniella sp. B8	0
duq	Duncaniella sp. C9	0
dva	Dermabacter vaginalis	3
dvc	Dactylosporangium vinaceum	2
dve	Desulfuromonas versatilis	1
dvg	Nitratidesulfovibrio vulgaris	11
dvl	Nitratidesulfovibrio vulgaris	11
dvm	Nitratidesulfovibrio vulgaris	11
dvn	Defluviicoccus vanus	11
dvu	Nitratidesulfovibrio vulgaris	11
dwd	Desulfosarcina widdelii	2
dyc	Dyadobacter chenhuakuii	1
dye	Dyella sp. M7H15-1	0
dyg	Dyella sp. GSA-30	0
dyh	Dysgonomonas sp. HDW5B	0
dys	Dysgonomonas sp. HDW5A	0
dzo	Duganella zoogloeoides	10
eab	Escherichia coli	336361
eac	Peptoclostridium acidaminophilum	3
eag	Candidatus Ecksteinia adelgidicola	2
eah	Ensifer adhaerens	103
eaj	Candidatus Electrothrix aestuarii	0
eak	Sinorhizobium alkalisoli	0
ealg	Ekhidna algicida	2
eams	Erysipelothrix amsterdamensis	2
eap	Exiguobacterium alkaliphilum	5
eaq	Candidatus Electronema aureum	3
ear	Klebsiella aerogenes	1101
eat	Exiguobacterium sp. AT1b	0
eaus	Embleya australiensis	1
eaw	Ensifer aridi	8
eax	Enterobacter adelaidei	2
eay	Erwinia amylovora	1058
eaz	Entomomonas asaccharolytica	1
ebc	Enterobacteriaceae bacterium	18
ebd	Escherichia coli	336361
ebf	Enterobacteriaceae bacterium	18
ebh	Endosymbiont of Bathymodiolus septemdierum	0
ebk	Erythrobacteraceae bacterium	1
ebl	Escherichia coli	336361
ebla	Entomobacter blattae	1
ebm	Intestinibaculum porci	3
ebo	Enterobacterales bacterium	0
ebr	Escherichia coli	336361
ebs	Ectothiorhodospira sp. BSL-9	0
ebu	Enterobacteriaceae bacterium	18
ebw	Escherichia coli	336361
ebx	Ectothiorhodospiraceae bacterium	0
ebz	Xiamenia xianingshaonis	1
ecaa	Ensifer canadensis	2
ecc	Escherichia coli	336361
ecd	Escherichia coli	336361
ece	Escherichia coli	336361
ecf	Escherichia coli	336361
ecg	Escherichia coli	336361
echa	Ehrlichia chaffeensis	790
echg	Enterobacter chengduensis	11
echi	Echinicola soli	1
echj	Ehrlichia chaffeensis	790
echl	Ehrlichia chaffeensis	790
echp	Ehrlichia chaffeensis	790
echs	Ehrlichia chaffeensis	790
echu	Enterobacter chuandaensis	11
echv	Ehrlichia chaffeensis	790
echw	Ehrlichia chaffeensis	790
eci	Escherichia coli	336361
ecj	Escherichia coli	336361
eck	Escherichia coli	336361
ecl	Escherichia coli	336361
eclc	Enterobacter hormaechei	578
ecle	Enterobacter cloacae	6403
eclg	Enterobacter cloacae	6403
ecli	Enterobacter cloacae	6403
ecln	Enterobacter cloacae	6403
eclo	Enterobacter hormaechei	578
eclw	Candidatus Enterococcus clewellii	0
eclx	Enterobacter hormaechei	578
ecly	Enterobacter hormaechei	578
eclz	Enterobacter hormaechei	578
ecm	Escherichia coli	336361
eco	Escherichia coli	336361
ecoa	Escherichia coli	336361
ecob	Escherichia coli	336361
ecoc	Escherichia coli	336361
ecog	Paremcibacter congregatus	2
ecoh	Escherichia coli	336361
ecoi	Escherichia coli	336361
ecoj	Escherichia coli	336361
ecok	Escherichia coli	336361
ecol	Escherichia coli	336361
ecom	Candidatus Electrothrix communis	0
ecoo	Escherichia coli	336361
ecop	Ectopseudomonas composti	0
ecos	Escherichia coli	336361
ecou	Ezakiella coagulans	3
ecp	Escherichia coli	336361
ecq	Escherichia coli	336361
ecr	Escherichia coli	336361
ecs	Escherichia coli	336361
ect	Escherichia coli	336361
ecto	Ectobacillus sp. JY-23	0
ecul	Entomospira culicis	2
ecv	Escherichia coli	336361
ecw	Escherichia coli	336361
ecx	Escherichia coli	336361
ecy	Escherichia coli	336361
ecz	Escherichia coli	336361
eda	Edaphobacter sp. 12200R-103	0
ede	Enterococcus devriesei	12
edg	Edaphobacter albus	0
edj	Escherichia coli	336361
edl	Edwardsiella sp. LADL05-105	0
edun	Candidatus Enterococcus dunnyi	0
edw	Edwardsiella sp. EA181011	0
edy	Enterobacter dykesii	2
eeh	Erysipelothrix enhydrae	1
eei	Endozoicomonas euniceicola	5
eem	Enterobacteriaceae endosymbiont	1
een	Elizabethkingia anophelis	176
eep	Enterobacteriaceae endosymbiont	1
eet	Entomospira entomophila	1
eeu	Endosymbiont of Euscepes postfasciatus	0
eex	Eikenella exigua	3
efal	Empedobacter falsenii	12
efc	Enterococcus faecium	8915
efd	Enterococcus faecalis	16757
eff	Effusibacillus dendaii	1
efi	Enterococcus faecalis	16757
efk	Candidatus Endolissoclinum faulkneri	2
efl	Enterococcus faecalis	16757
efm	Enterococcus faecium	8915
efn	Enterococcus faecalis	16757
efq	Enterococcus faecalis	16757
efr	Entomoplasma freundtii	2
efs	Enterococcus faecalis	16757
eft	Enterococcus faecium	8915
efu	Enterococcus faecium	8915
efv	Qipengyuania flava	5
egd	Eggerthella guodeyinii	1
ege	Duffyella gerundensis	5
egi	Sinorhizobium garamanticum	2
egm	Elizabethkingia bruuniana	9
egn	Aurantiacibacter gangjinensis	1
ego	Elizabethkingia ursingii	6
ehb	Empedobacter haloabium	2
ehd	Candidatus Erwinia haradaeae	0
ehh	Ehrlichia japonica	6
ehj	Ehrlichia sp. JZT12	0
ehm	Enterobacter hormaechei	578
ehn	Hoskinsella hominis	1
eho	Edwardsiella hoshinae	8
ehu	Enterobacter huaxiensis	4
eie	Enterococcus innesii	5
eih	Escherichia coli	336361
eio	Erysipelothrix inopinata	5
eit	Enterobacter intestinihominis	2
eke	Epidermidibacterium keratini	5
ekf	Escherichia coli	336361
elax	Candidatus Electrothrix laxa	0
elc	Escherichia coli	336361
eld	Escherichia coli	336361
elem	Candidatus Enterococcus lemimoniae	0
elf	Escherichia coli	336361
elg	Enterobacter ludwigii	152
elgw	Candidatus Electrothrix sp.	1
elh	Escherichia coli	336361
elio	Elioraea tepida	1
elit	Enterovibrio litoreus	1
eliz	Elizabethkingia sp. M8	0
elj	Williamsoniiplasma luminosum	0
ell	Escherichia coli	336361
eln	Escherichia coli	336361
elo	Escherichia coli	336361
elow	Candidatus Enterococcus lowellii	0
elp	Escherichia coli	336361
elq	Erythrobacter litoralis	36
elr	Escherichia coli	336361
elt	Elizabethkingia sp. JS20170427COW	0
elu	Escherichia coli	336361
elut	Ereboglobus luteus	2
elux	Candidatus Enterovibrio altilux	0
elv	Candidatus Walczuchella monophlebidarum	2
elw	Escherichia coli	336361
elx	Escherichia coli	336361
elz	Elizabethkingia sp. 2-6	0
emai	Echinicola marina	1
emar	Euzebyella marina	4
emd	Candidatus Enterococcus mangumiae	0
eme	Johnevansia muelleri	0
emi	Elusimicrobium minutum	6
emj	Emergencia sp. JLR.KK010	0
eml	Mesoplasma melaleucae	0
emm	Exiguobacterium marinum	7
emn	Elizabethkingia anophelis	176
emo	Entomomonas moraniae	2
emp	Endozoicomonas montiporae	8
ems	Enterococcus montenegrensis	2
emt	Eubacterium maltosivorans	2
emv	Erythrobacter mangrovi	2
emx	Sinorhizobium mexicanum	5
emz	Emticicia sp. 21SJ11W-3	0
ena	Escherichia coli	336361
enb	Enterobacter sp. N18-03635	0
enc	Enterobacter cloacae	6403
end	Enterobacter sp. ODB01	0
ene	Enterococcus faecalis	16757
enem	Entomospira nematocerorum	1
enf	Enterobacter sp. FY-07	1
eng	Endozoicomonas sp. GU-1	0
enhk	Enterobacter sp. HK169	0
enhy	Enhydrobacter sp. bin_2004	0
eni	Enterococcus sp. CR-Ec1	0
enj	Enterobacter sp. PGRG2	0
enk	Enterobacter sp. AN-K1	0
enl	Enterobacter cloacae	6403
enm	Endosymbiont of unidentified scaly snail isolate Monju	0
enn	Euhalothece natronophila	3
eno	Enterobacter kobei	90
enp	Ensifer sp. PDNC004	0
enq	Enterococcus sp. SB12	0
enr	Enterobacter sp. R4-368	0
ens	Enterobacter sp. DSM 30060	0
ent	Enterobacter sp. 638	0
entc	Enterobacter sp. Crenshaw	0
ente	Enterobacter sp. SES19	0
enth	Enterobacter sp. HNDS-6	0
entj	Enterobacter sp. JJBC	0
entl	Enterobacter sp. LU1	0
ento	Entomomonas sp. E2T0	0
enty	Enterobacter sp. YSU	0
enu	Sinorhizobium numidicum	1
env	Enterobacter sp. JBIWA008	0
enw	Endozoicomonas sp. SCSIO W0465	0
enx	Enterobacter sp. E20	0
enz	Enterobacter sp. T2	1
eoc	Escherichia coli	336361
eof	Endosymbiont of Sipalinus gigas	0
eoh	Escherichia coli	336361
eoi	Escherichia coli	336361
eoj	Escherichia coli	336361
eok	Escherichia coli	336361
eol	Emticicia oligotrophica	10
eop	Endosymbiont of Pachyrhynchus infernalis	0
eor	Endosymbiont of Rhynchophorus ferrugineus	0
epal	Candidatus Enterococcus palustris	0
epi	Erwinia pyri	1
epl	Edaphobacter paludis	1
epm	Elusimicrobium posterum	1
epo	Endomicrobium proavitum	4
eps	Candidatus Endoriftia persephonae	1
ept	Enterobacter pasteurii	1
epu	Enterobacter pseudoroggenkampii	2
epy	Erwinia pyrifoliae	43
equ	Enterobacter quasiroggenkampii	5
erd	Erysipelothrix sp. HDW6C	0
ere	Agathobacter rectalis	25
erf	Erythrobacter sp. THAF29	0
eri	Erysipelothrix piscisicarius	8
erj	Erwinia sp. Ejp617	0
erk	Erythrobacter sp. KY5	0
erl	Erysipelothrix larvae	4
erm	Thomasclavelia ramosa	11
ern	Enterobacter roggenkampii	70
erq	Erythrobacter sp. BLCC-B19	0
err	Erythrobacter aureus	2
ers	Erysipelothrix rhusiopathiae	960
ert	Agathobacter rectalis	25
eru	Ehrlichia ruminantium	272
eruy	Escherichia ruysiae	12
erv	Erysipelothrix sp. Poltava	0
erw	Ehrlichia ruminantium	272
erwe	Erwinia sp. E602	0
erwi	Erwinia sorbitola	1
erwl	Erwinia sp. LJJL01	0
erx	Enterococcus rotai	4
ery	Aurantiacibacter atlanticus	2
erys	Erythrobacter sp. SDW2	0
eryt	Erythrobacter sp. JK5	0
eryz	Erythrobacter sp. 3-20A1M	0
erz	Egibacter rhizosphaerae	2
esa	Cronobacter sakazakii	808
esc	Enterobacter lignolyticus	11
esd	Candidatus Electrothrix scaldis	1
ese	Escherichia coli	336361
esf	Escherichia sp. F1	0
esg	Enterococcus saigonensis	4
esh	Enterobacter sichuanensis	11
esj	Sinorhizobium sojae	2
esl	Escherichia coli	336361
esm	Escherichia coli	336361
eso	Escherichia coli	336361
ess	Enterococcus silesiacus	4
est	Echinicola strongylocentroti	2
este	Empedobacter stercoris	5
esu	Eubacterium siraeum	72
esx	Williamsoniiplasma somnilux	0
esz	Escherichia sp. E4742	1
etb	Eleftheria terrae	5
eti	Candidatus Endomicrobiellum trichonymphae	0
etm	Emergencia timonensis	12
eto	Winslowiella toletana	1
etr	Edwardsiella piscicida	312
ett	Endosymbiont TC1 of Trimyema compressum	0
etw	Escherichia coli	336361
euc	Faecalitalea cylindroides	6
eum	Escherichia coli	336361
eun	Escherichia coli	336361
euu	Eubacterium sulci	11
euz	Euzebya pacifica	1
eva	Epilithonimonas vandammei	1
evi	Echinicola vietnamensis	8
exf	Enterobacter hormaechei	578
exh	Exiguobacterium sp. Helios	0
exi	Exiguobacterium sp. N4-1P	0
exm	Exiguobacterium sp. MH3	0
exu	Exiguobacterium sp. U13-1	0
eyy	Eggerthella sp. YY7918	0
eze	Epilithonimonas zeae	0
fad	Francisella adeliensis	1
fadi	Flavobacterium adiutor	1
fae	Fibrella aestuarina	7
faf	Fervidibacillus albus	1
fag	Flavobacterium agricola	1
fah	Faecalibacterium wellingii	1
faj	Flagellimonas alginilytica	0
fak	Flavobacterium alkalisoli	1
falb	Flavobacterium album	1
fam	Ferriphaselus amnicola	5
fan	Flavobacterium ammoniigenes	2
fao	Flavobacterium ammonificans	2
fap	Falsirhodobacter algicola	1
faq	Rhodobacteraceae bacterium	6
far	Fictibacillus arsenicus	4
fat	Flavobacterium arcticum	4
fav	Flavobacterium acetivorans	1
faw	Flagellimonas aurea	1
fax	Fulvitalea axinellae	1
fay	Flavivirga abyssicola	1
faz	Flavobacterium azooxidireducens	1
fba	Flavobacteriaceae bacterium	6
fbc	Maribacter sp. HTCC2170	0
fbe	Aureibaculum algae	1
fbh	Formosa bonchosmolovskayae	1
fbi	Flavobacterium bizetiae	4
fbl	Ferrimonas balearica	8
fbm	Abyssalbus ytuae	1
fbn	Candidatus Falkowiibacteriota bacterium	0
fbo	Faecalibacter bovis	1
fbq	Flavobacteriaceae bacterium	6
fbt	Flammeovirgaceae bacterium	0
fbu	Flavobacteriaceae bacterium	6
fcb	Flavobacterium channae	2
fcc	Flavobacterium cyclinae	1
fce	Flagellatimonas centrodinii	1
fcf	Francisella cf. novicida Fx1	0
fcg	Flavobacterium cupriresistens	1
fci	Fusobacterium canifelinum	9
fcj	Flavobacterium capsici	1
fcl	Frederiksenia canicola	10
fcli	Fructilactobacillus cliffordii	1
fcm	Flavobacterium commune	2
fcn	Francisella hispaniensis	11
fcp	Fructilactobacillus carniphilus	1
fcq	Furfurilactobacillus cerevisiae	1
fcr	Flavobacterium crocinum	1
fcs	Flavobacterium collinsii	5
fct	Fundicoccus culcitae	2
fcu	Flavobacterium cerinum	2
fcx	Flagellimonas cixiensis	1
fcz	Candidatus Fermentithermobacillus carboniphilus	1
fda	Flavobacterium dauae	1
fdu	Faecalibacterium duncaniae	32
fdv	Flavobacterium davisii	5
fec	Fictibacillus enclensis	3
fed	Frateuria edaphi	2
feh	Flavobacterium enshiense	6
fei	Ferruginibacter albus	1
fek	Flavivirga eckloniae	2
fen	Flavobacterium endoglycinae	1
fer	Ferrovibrio terrae	2
fes	Ferrimonas lipolytica	1
ffa	Flavobacterium faecale	3
ffe	Fodinisporobacter ferrooxydans	1
ffl	Flavobacterium fluviale	3
ffv	Flavobacterium flavipigmentatum	1
fgc	Flavobacterium galactosidilyticum	1
fgg	Flavisolibacter ginsenosidimutans	4
fgi	Fimbriimonas ginsengisoli	4
fgl	Flavobacterium gilvum	1
fgu	Allofrancisella guangzhouensis	1
fgw	Fervidobacterium gondwanense	10
fhi	Francisella hispaniensis	11
fhin	Fructilactobacillus hinvesii	1
fhl	Fervidibacillus halotolerans	1
fho	Fusobacterium hominis	0
fhu	Flavobacterium humidisoli	1
fhw	Fusobacterium hwasookii	6
fib	Fibrella sp. ES10-3-2-2	0
fil	Candidatus Filomicrobium marinum	1
fim	Fimbriimonas sp. LA-C6	0
fin	Flavobacterium indicum	8
fis	Fischerella sp. NIES-3754	0
fit	Faecalibacillus intestinalis	10
fix	Fructilactobacillus ixorae	1
fiy	Candidatus Filomicrobium marinum	1
fjg	Flavobacterium anhuiense	12
fka	Flammeovirga kamogawensis	2
fke	Flavobacterium keumense	1
fki	Flavobacterium kingsejongi	4
fku	Ferrigenium kumadai	4
fla	Flavisolibacter tropicus	1
flav	Flavobacterium sp. CLA17	0
flb	Flagellimonas sp. CMM7	0
flc	Flavihumibacter fluvii	1
fld	Flagellimonas sp. MMG031	0
fle	Ferribacterium limneticum	4
flf	Flavobacterium sp. GSB-24	0
flg	Flagellimonas sp. HMM57	0
flh	Flaviflexus ciconiae	1
fli	Bernardetia litoralis	1
flk	Flavobacterium oryzagri	1
fll	Flammeovirga pectinis	1
flm	Flammeovirga sp. MY04	0
fln	Filimonas lacunae	9
flo	Flavobacterium litorale	1
flp	Ferruginibacter lapsinanis	5
flq	Flavobacterium sp. CFS9	0
flr	Flavobacterium sp. WV_118_3	0
fls	Phnomibacter ginsenosidimutans	1
flu	Candidatus Fluviicola riflensis	1
flv	Flavihumibacter rivuli	1
flw	Fulvivirga ligni	1
fly	Flavobacterium sp. YJ01	0
flz	Flavobacterium sp. SLB02	0
fmg	Flavobacterium magnum	1
fmi	Francisella marina	3
fml	Fidelibacter multiformis	1
fmm	Fulvivirga maritima	1
fmr	Fuerstiella marisgermanici	0
fms	Fenollaria massiliensis	4
fmt	Fructilactobacillus myrtifloralis	1
fnc	Fusobacterium vincentii	7
fnd	Flavobacterium nakdongense	0
fng	Fervidobacterium ngatamarikiense	0
fnk	Flavobacterium nackdongense	1
fnl	Francisella orientalis	23
fnt	Fusobacterium vincentii	7
foh	Formosa sp. Hel3_A1_48	0
fok	Flavobacterium okayamense	1
foo	Francisella opportunistica	3
fop	Formosa sediminum	1
for	Formosa sp. Hel1_33_131	0
foy	Flavobacterium oryzicola	1
fpal	Flavobacterium pallidum	2
fpb	Flavobacterium panici	2
fpd	Fusobacterium pseudoperiodonticum	3
fpe	Fervidobacterium pennivorans	12
fpec	Flavobacterium pectinovorum	12
fpen	Floricoccus penangensis	5
fper	Francisella persica	4
fpes	Fontisphaera persica	1
fpf	Mangrovivirga cuniculi	1
fpho	Fluviibacter phosphoraccumulans	3
fpi	Francisella philomiragia	65
fpj	Francisella philomiragia	65
fpk	Flavobacterium psychrophilum	431
fplu	Flavobacterium plurextorum	3
fpm	Francisella philomiragia	65
fpn	Fictibacillus phosphorivorans	12
fpo	Flavobacterium psychrophilum	431
fpq	Flavobacterium psychrophilum	431
fpr	Faecalibacterium prausnitzii	1552
fpra	Faecalibacterium duncaniae	32
fps	Flavobacterium psychrophilum	431
fpsz	Flavobacterium psychrophilum	431
fpt	Francisella philomiragia	65
fpul	Franconibacter pulveris	6
fpv	Flavobacterium psychrophilum	431
fpw	Flavobacterium psychrophilum	431
fpx	Francisella philomiragia	65
fpy	Flavobacterium psychrophilum	431
fpz	Francisella philomiragia	65
frb	Fretibacter rubidus	2
frc	Francisella frigiditurris	1
fre	Parafrankia sp. EAN1pec	0
frf	Candidatus Francisella endociliophora	0
frh	Flagellimonas rhodophyticola	1
fri	Pseudofrankia inefficax	1
frl	Francisella sp. LA112445	0
frm	Francisella sp. MA067296	0
frn	Frigoribacterium sp. NBH87	0
frp	Frondihabitans sp. PAMC 28766	0
frr	Fervidobacterium riparium	1
frt	Francisella salina	2
fru	Fructobacillus americanaquae	1
frx	Francisella uliginis	1
fsa	Fastidiosipila sanguinis	5
fsb	Frondihabitans sucicola	1
fsd	Flavobacterium sediminilitoris	2
fse	Flavobacterium sediminis	3
fsf	Flavobacterium soyae	2
fsg	Frateuria soli	2
fsh	Fervidibacter sacchari	4
fsi	Flexistipes sinusarabici	5
fsl	Flaviflexus salsibiostraticola	2
fsm	Candidatus Fukatsuia symbiotica	4
fsn	Flavobacterium sangjuense	2
fso	Candidatus Fokinia solitaria	2
fsr	Francisella salimarina	4
fst	Ferrigenium straubiae	2
fsu	Fibrobacter succinogenes	497
fsy	Candidatus Protofrankia datiscae	0
ftc	Francisella tularensis	3313
ftd	Francisella tularensis	3313
fte	Fluviicola taffensis	9
ftf	Francisella tularensis	3313
ftg	Francisella tularensis	3313
ftgc	Fictibacillus tiangongensis	1
fth	Francisella tularensis	3313
fthl	Fervidobacterium thailandense	2
fti	Francisella tularensis	3313
ftj	Frigoriglobus tundricola	1
ftk	Faecalibacterium taiwanense	8
ftl	Francisella tularensis	3313
ftm	Francisella tularensis	3313
ftn	Francisella tularensis	3313
fto	Francisella tularensis	3313
ftq	Francisella tularensis	3313
ftr	Francisella tularensis	3313
fts	Francisella tularensis	3313
ftt	Francisella tularensis	3313
ftu	Francisella tularensis	3313
ftv	Francisella tularensis	3313
ftw	Francisella tularensis	3313
ftx	Francisella tularensis	3313
fty	Francisella tularensis	3313
ftz	Francisella tularensis	3313
fua	Fulvivirga ulvae	1
fue	Flagellimonas ulvae	1
fun	Fundidesulfovibrio sp. YSD1	0
fus	Fusobacterium animalis	17
fuv	Fulvivirga lutea	1
fvs	Fructilactobacillus vespulae	2
fwa	Candidatus Formimonas warabiya	2
fwt	Fusobacterium watanabei	5
fya	Flammeovirga yaeyamensis	5
fyt	Fuscovulum ytuae	1
gaa	Galbibacter sp. BG1	0
gabs	Gordonia abscondita	1
gaby	Glycocaulis abyssi	8
gag	Glaciecola sp. 4H-3-7+YE-5	0
gagg	Candidatus Gromoviella agglomerans	1
gai	Granulosicoccus antarcticus	5
gaj	Gottfriedia acidiceleris	2
gak	Glycocaulis alkaliphilus	5
gal	Gluconobacter albidus	10
gaq	Gilliamella apis	2
gaw	Gimesia aquarii	2
gax	Gimesia algae	1
gaz	Gimesia alba	1
gba	Gemmatirosa kalamazoonensis	2
gbac	Candidatus Comchoanobacter bicostacola	0
gbe	Granulibacter bethesdensis	20
gbg	Candidatus Giovannonibacteria bacterium	0
gbh	Granulibacter bethesdensis	20
gbi	Immundisolibacter cernigliae	2
gbm	Citrifermentans bemidjiense	1
gbn	Citrifermentans bremense	1
gbs	Granulibacter bethesdensis	20
gbx	Kamagatella elastica	1
gbz	Geobacter benzoatilyticus	2
gca	Gallionella capsiferriformans	7
gce	Gymnodinialimonas ceratoperidinii	1
gcr	Glutamicibacter creatinolyticus	2
gcs	Gracilibacillus caseinilyticus	1
gct	Geobacillus sp. C56-T3	0
gcy	Gloeomargaritales cyanobacterium	0
gdj	Gluconacetobacter diazotrophicus	162
gdu	Gloeocapsopsis dulcis	2
gea	Geobacillus sp. 12AMOR1	0
geb	Geobacter sp. M18	0
gec	Geobacter sp. 60473	0
ged	Candidatus Gullanella endobia	0
gee	Geminocystis sp. NIES-3708	0
gef	Geobacter sp. FeAm09	0
geh	Paragemmobacter aquarius	0
gei	Geitlerinema sp. PCC 7407	0
gej	Geobacillus sp. JS12	1
gek	Gelria sp. Kuro-4	0
gel	Geobacillus sp. LC300	0
gem	Geobacter sp. M21	0
gen	Geminocystis sp. NIES-3709	0
geo	Geotalea daltonii	3
geod	Geodermatophilus sp. DSM 44513	0
gep	Geothrix sp. PMB-07	0
geq	Gemella sp. ND 6198	0
ger	Geomonas oryzisoli	1
ges	Gemmata sp. SH-PL17	0
get	Geothrix sp. L227-G1	0
geu	Gleimia europaea	5
gev	Geobacter sp. SVR	0
gew	Georgenia sp. TF02-10	0
gex	Geothrix oryzae	1
gey	Glutamicibacter ectropisis	1
gez	Georgenia wutianyii	2
gfe	Geosporobacter ferrireducens	4
gfl	Christiangramia flava	0
gfm	Gimesia fumaroli	1
gfo	Christiangramia forsetii	1
gfu	Gemmobacter fulvus	1
ggh	Geobacillus sp. GHH01	1
ggr	Gemmatimonas groenlandica	3
ghc	Geoalkalibacter halelectricus	3
ghl	Guyparkeria halophila	4
ghm	Gleimia hominis	0
ghn	Gordonia hongkongensis	10
ghy	Gaoshiqia hydrogeniformans	1
gic	Geobacillus icigianus	7
gil	Gilvimarinus sp. DA14	0
gim	Gimesia benthica	1
git	Gordonia iterans	2
gjf	Geobacillus genomosp.	1
gji	Gordonia jinghuaiqii	1
gjp	Gilvimarinus japonicus	2
gkd	Grimontia kaedaensis	1
gkn	Gallaecimonas kandeliae	1
glc	Glaciimonas sp. PAMC28666	0
gle	Glaesserella sp. 15-184	0
gli	Geobacillus lituanicus	3
glj	Gloeobacter kilaueensis	4
glm	Glutamicibacter sp. M10	0
gln	Glaciihabitans sp. INWT7	0
glo	Trichlorobacter lovleyi	4
glp	Gloeocapsa sp. PCC 7428	0
glt	Gloeomargarita lithophora	9
glu	Glutamicibacter sp. ZJUTW	1
gly	Glycomyces sp. TRM65418	0
gma	Granulicella mallensis	5
gmc	Geobacillus sp. Y4.1MC1	0
gmg	Gordonia mangrovi	5
gmi	Glutamicibacter mishrai	3
gml	Gloeobacter morelensis	1
gmn	Gulosibacter molinativorax	11
gmr	Gimesia maris	10
gms	Gemmata massiliana	8
gmt	Gaopeijia maritima	1
gmy	Glutamicibacter mysorens	7
gnc	Glutamicibacter nicotianae	12
gni	Brumicola nitratireducens	0
gnt	Geomonas diazotrophica	2
goc	Gordonia sp. YC-JH1	1
god	Gordonia sp. 135	0
goi	Gordonia otitidis	6
goj	Gordonia sp. JH63	0
gom	Gordonia insulae	1
gon	Gordonia sp. NB41Y	0
goo	Gordonia sp. X0973	0
gop	Gordonia sp. PS3	0
goq	Gordonia phthalatica	5
gor	Gordonia sp. KTR9	0
gos	Gordonia sp. SMJS1	0
got	Gemella sp. oral taxon 928	0
gox	Gluconobacter oxydans	551
goy	Gluconobacter oxydans	551
gpd	Gordonia pseudamarae	2
gpe	Georgenia phoenicis	1
gpi	Geobacter pickeringii	6
gpl	Geomonas paludis	3
gpm	Gallaecimonas pentaromativorans	7
gpn	Gimesia panareensis	1
gpr	Glutamicibacter protophormiae	4
gps	Paraglaciecola psychrophila	4
gpt	Gardnerella piotii	6
grb	Granulicella sp. 5B5	0
grc	Gracilibacillus salitolerans	2
grl	Christiangramia salexigens	0
grs	Christiangramia fulva	0
grw	Granulicella sp. WH15	0
gry	Gryllotalpicola protaetiae	1
gsb	Geoalkalibacter subterraneus	8
gsc	Allogeochorda subterranea	1
gsd	Gulosibacter sediminis	1
gsi	Gordonia sihwensis	12
gsm	Gracilibacillus salinarum	1
gsn	Gynuella sunshinyii	11
gso	Gimibacter soli	2
gsp	Gluconobacter sphaericus	4
gss	Gallibacterium salpingitidis	2
gst	Bacillus sp. X1	0
gsu	Geobacter sulfurreducens	883
gsub	Geomonas subterranea	2
gsw	Gardnerella swidsinskii	10
gti	Gluconobacter thailandicus	11
gtk	Geobacillus thermoleovorans	98
gtl	Geovibrio thiophilus	5
gur	Geotalea uraniireducens	3
guy	Guyparkeria sp. TX1	0
gvg	Gardnerella vaginalis	1846
gvh	Gardnerella vaginalis	1846
gwc	Geobacillus sp. WCH70	1
gya	Geobacillus sp. Y412MC52	1
gyc	Geobacillus sp. Y412MC61	0
gyj	Gymnodinialimonas sp. 57CJ19	0
gym	Paenibacillus sp. Y412MC10	1
gyu	Georgenia yuyongxinii	2
haa	Halotalea alkalilenta	4
haah	Halomonas sp. A3H3	0
haaz	Halomonas sp. A020	0
habd	Halomonas sp. BDJS001	0
haby	Haliovirga abyssi	1
had	Helicobacter apodemus	8
hadh	Hypericibacter adhaerens	1
hadn	Halomonas sp. DN3	0
haei	Hymenobacter aerilatus	1
haes	Halopseudomonas aestusnigri	5
haf	Halomonas sp. SF2003	1
hafn	Halomonas sp. FeN2	0
hag	Halomonas sp. GFAJ-1	0
hahe	Hahella sp. KA22	0
hahh	Hahella aquimaris	1
hahq	Halomonas sp. H10-59	0
hail	Helicobacter ailurogastricus	8
hak	Halomonas sp. KO116	0
halc	Halioglobus maricola	1
half	Vreelandella neptunia	1
halk	Vreelandella alkaliphila	4
halo	Halomonas sp. 1513	0
hals	Halocella sp. SP3-1	0
halt	Ruania alkalisoli	2
halw	Halomonas alkalicola	9
ham	Halomonas sp. R57-5	0
hamc	Billgrantia diversa	0
hams	Halomonas sp. MS1	0
hamy	Halobacillus amylolyticus	1
hamz	Halomonas sp. M1	0
hany	Halomonas sp. NyZ770	0
hao	Halothece sp. PCC 7418	2
haro	Halioxenophilus aromaticivorans	2
harr	Halopseudomonas maritima	1
hart	Halomonas sp. RT37	0
has	Halanaerobium hydrogeniformans	7
hash	Halomonas sp. SH5A2	0
hasm	Halopseudomonas sp. SMJS2	0
haso	Halomonas sp. Soap Lake #7	0
hat	Falsihalocynthiibacter arcticus	0
haui	Halioglobus sp. Uisw_031	0
hax	Halobacteriovorax sp. BALOs_7	0
haxh	Halomonas sp. XH26	0
haxi	Vreelandella aquamarina	1
hay	Haemophilus sp. oral taxon 036	0
haz	Halothiobacillus diazotrophicus	1
hba	Hirschia baltica	11
hbc	Hyphomonadaceae bacterium	0
hbe	Halomonas beimenensis	4
hbh	Halomonas binhaiensis	1
hbn	Hymenobacter busanensis	2
hbp	Halomonas sp. TD01	0
hbq	Halotia branconii	1
hbs	Humisphaera borealis	2
hbv	Halarcobacter bivalviorum	1
hcam	Halomonas sp. SS10-MC5	0
hcc	Candidatus Hodgkinia cicadicola	11
hcd	Candidatus Hodgkinia cicadicola	11
hcf	Hymenobacter cellulosivorans	1
hci	Candidatus Hodgkinia cicadicola	11
hcj	Hydrogenimonas cancrithermarum	2
hck	Halomonas cupida	12
hcl	Helicobacter cholecystus	3
hcm	Helicobacter cetorum	13
hcn	Helicobacter pylori	51613
hco	Halomonas chromatireducens	3
hcp	Helicobacter cinaedi	207
hcr	Candidatus Hepatoplasma crinochetorum	6
hct	Candidatus Hodgkinia cicadicola	11
hcu	Hymenobacter cellulosilyticus	1
hcv	Heliorestis convoluta	3
hcw	Hymenobacter canadensis	1
hcz	Hydrogenophaga crocea	1
hdh	Pikeienuella piscinae	2
hdi	Hartmannibacter diazotrophicus	7
hdt	Hyphomicrobium denitrificans	41
hea	Herbiconiux salviae	1
heb	Helicobacter pylori	51613
hebr	Halarcobacter ebronensis	0
hec	Candidatus Hydrogenosomobacter endosymbioticus	2
hed	Candidatus Hoaglandella endobia	0
hee	Herbaspirillum sp. meg3	0
hef	Helicobacter pylori	51613
heg	Helicobacter pylori	51613
heh	Herbiconiux sp. L3-i23	0
hei	Helicobacter pylori	51613
hem	Helicobacter pylori	51613
hen	Helicobacter pylori	51613
heo	Helicobacter pylori	51613
hep	Helicobacter pylori	51613
heq	Helicobacter pylori	51613
her	Helicobacter pylori	51613
hes	Helicobacter pylori	51613
het	Helicobacter enhydrae	0
heu	Helicobacter pylori	51613
hew	Herbaspirillum sp. DW155	0
hex	Helicobacter pylori	51613
hey	Helicobacter pylori	51613
hez	Helicobacter pylori	51613
hfa	Humidisolicoccus flavus	1
hfi	Helicobacter felistomachi	1
hfl	Hyphococcus flavus	3
hfo	Hyphococcus formosus	1
hfv	Candidatus Hydrogenisulfobacillus filiaventi	1
hga	Helicobacter gastrofelis	1
hgn	Hankyongella ginsenosidimutans	1
hgr	Hylemonella gracilis	7
hgs	Helicobacter gastrocanis	1
hhh	Vreelandella venusta	2
hhl	Halobacteroides halobius	2
hho	Hydrogenobaculum sp. HO	0
hhp	Helicobacter pylori	51613
hhq	Helicobacter pylori	51613
hhr	Helicobacter pylori	51613
hhs	Candidatus Pantoea carbekii	8
hht	Herbaspirillum hiltneri	3
hhu	Halomonas huangheensis	3
hhw	Hathewaya histolytica	11
hic	Haemophilus influenzae	19786
hie	Haemophilus influenzae	19786
hif	Haemophilus influenzae	19786
hih	Haemophilus influenzae	19786
hik	Haemophilus influenzae	19786
hil	Haemophilus influenzae	19786
hin	Haemophilus influenzae	19786
hip	Haemophilus influenzae	19786
hiq	Haemophilus influenzae	19786
hit	Haemophilus influenzae	19786
hiu	Haemophilus influenzae	19786
hiw	Haemophilus influenzae	19786
hix	Haemophilus influenzae	19786
hiz	Haemophilus influenzae	19786
hja	Halioglobus japonicus	5
hjo	Haematospirillum jordaniae	10
hka	Halomonas kashgarensis	0
hlam	Halosquirtibacter laminarini	1
hlb	Halomonas litopenaei	2
hli	Halobacillus litoralis	9
hlq	Haloimpatiens lingqiaonensis	2
hmb	Hominenteromicrobium mulieris	1
hmc	Hyphomicrobium sp. MC1	0
hmd	Vreelandella aquamarina	1
hmi	Hydrocarboniclastica marina	1
hml	Haematobacter massiliensis	5
hmm	Helcobacillus massiliensis	2
hmn	Halobacillus mangrovi	2
hmo	Heliomicrobium modesticaldum	7
hmr	Hippea maritima	9
hmt	Hymenobacter monticola	1
hmy	Helicobacter mastomyrinus	9
hmz	Hydrocurvibacter mobilis	0
hni	Hyphomicrobium nitrativorans	10
hnp	Vreelandella neptunia	1
hnv	Hymenobacter nivis	3
hnz	Halobacillus naozhouensis	7
hoax	Parahoeflea alexandrii	0
hoe	Hoeflea sp. IMCC20628	0
hol	Vreelandella olivaria	0
hom	Homoserinibacter sp. YIM 151385	0
hpa	Helicobacter pylori	51613
hpak	Glaesserella parasuis	238
hpas	Glaesserella parasuis	238
hpaz	Glaesserella parasuis	238
hpb	Helicobacter pylori	51613
hpc	Helicobacter pylori	51613
hpd	Helicobacter pylori	51613
hpe	Helicobacter pylori	51613
hpeg	Halopseudomonas pelagia	0
hpf	Helicobacter pylori	51613
hpg	Helicobacter pylori	51613
hph	Helicobacter pylori	51613
hphz	Halomonas sp. H5	0
hpi	Helicobacter pylori	51613
hpis	Halomonas piscis	1
hpit	Haemophilus pittmaniae	9
hpiz	Vreelandella piezotolerans	2
hpj	Helicobacter pylori	51613
hpk	Halanaerobium praevalens	5
hpl	Helicobacter pylori	51613
hpm	Helicobacter pylori	51613
hpn	Helicobacter pylori	51613
hpo	Helicobacter pylori	51613
hpp	Helicobacter pylori	51613
hpq	Helicobacter pylori	51613
hpr	Haemophilus parainfluenzae	849
hprf	Helicovermis profundi	2
hpri	Candidatus Haliotispira prima	1
hpro	Halomonas profundus	3
hps	Helicobacter pylori	51613
hpt	Helicobacter pylori	51613
hpu	Helicobacter pylori	51613
hpv	Helicobacter pylori	51613
hpw	Helicobacter pylori	51613
hpx	Helicobacter pylori	51613
hpy	Helicobacter pylori	51613
hpya	Helicobacter pylori	51613
hpyb	Helicobacter pylori	51613
hpyc	Helicobacter pylori	51613
hpyd	Helicobacter pylori	51613
hpye	Helicobacter pylori	51613
hpyf	Helicobacter pylori	51613
hpyg	Helicobacter pylori	51613
hpyh	Helicobacter pylori	51613
hpyi	Helicobacter pylori	51613
hpyj	Helicobacter pylori	51613
hpyk	Helicobacter pylori	51613
hpyl	Helicobacter pylori	51613
hpym	Helicobacter pylori	51613
hpyo	Helicobacter pylori	51613
hpyr	Helicobacter pylori	51613
hpys	Helicobacter pylori	51613
hpyu	Helicobacter pylori	51613
hpz	Helicobacter pylori	51613
hqd	Halomonas qaidamensis	1
hqi	Hymenobacter qilianensis	2
hqn	Halomonas qinghailakensis	1
hrs	Hymenobacter sp. BT18	0
hsac	Hoylesella saccharolytica	0
hsan	Halobacillus salinarum	1
hsb	Hymenobacter sublimis	1
hsc	Acetivibrio saccincola	1
hsd	Herbinix luporum	3
hsem	Haemophilus seminalis	2
hsg	Candidatus Hepatoplasma scabrum	2
hshi	Halobacillus shinanisalinarum	1
hsi	Halomonas aestuarii	3
hsj	Hydrocurvibacter sulfurireducens	0
hsk	Hymenobacter sediminicola	1
hso	Histophilus somni	338
hspe	Halomonas sp. A40-4	0
hspg	Haloimpatiens sporogenes	1
hspo	Heyndrickxia sporothermodurans	2
hsr	Vreelandella sulfidaeris	1
hsv	Billgrantia antri	0
hsw	Hymenobacter swuensis	5
hsx	Billgrantia sulfidoxydans	0
hsz	Herbaspirillum seropedicae	190
htb	Hymenobacter tibetensis	7
hth	Hydrogenobacter thermophilus	135
htm	Hydrogenimonas thermophila	8
htq	Hypericibacter terrae	2
htr	Hydrogenovibrio thermophilus	1
hts	Hymenobacter taeanensis	1
htt	Vreelandella titanicae	3
htx	Billgrantia tianxiuensis	0
hum	Humibacter sp. BT305	0
huw	Humibacter ginsenosidimutans	1
hvl	Hymenobacter volaticus	1
hvn	Vreelandella venusta	2
hvu	Candidatus Hepatoplasma vulgare	2
hwi	Helicobacter winghamensis	6
hws	Hwangdonia lutea	1
hxy	Halosquirtibacter xylanolyticus	1
hya	Hydrogenobaculum sp. Y04AAS1	0
hyb	Hydrogenophaga sp. PBC	0
hyc	Hydrogenophaga sp. PAMC20947	0
hyd	Hymenobacter radioresistens	2
hyda	Hydrogenophaga sp. ANAO-22	0
hydr	Hydrogenophaga sp. SNF1	0
hye	Hymenobacter erythromyxa	1
hyf	Ephemeroptericola cinctiostellae	1
hyg	Hymenobacter sedentarius	5
hyh	Hymenobacter oligotrophus	2
hyi	Hydrogenibacillus sp. N12	0
hyj	Hymenobacter jejuensis	1
hyk	Hymenobacter yonginensis	3
hyl	Hydrogenophaga crassostreae	2
hym	Hymenobacter sp. APR13	0
hyme	Hymenobacter sp. NBH84	0
hyn	Hydrogenophaga sp. BPS33	0
hyo	Hydrogenimonas sp. MAG	0
hyp	Hymenobacter psoromatis	2
hyph	Hyphomicrobium sp. 1Nfss2.1	0
hyq	Hymenobacter latericius	0
hyr	Hydrogenophaga sp. RAC07	0
hys	Hydrogenobaculum sp. SN	0
hyt	Hyphobacterium sp. CCMP332	0
hyu	Hymenobacter weizhouensis	1
hyx	Hydrogenophaga sp. SL48	0
hyy	Hydrogenophaga sp. YM1	1
hyz	Hymenobacter sp. PAMC 26628	0
iab	Idiomarina abyssalis	10
ial	Ignavibacterium album	9
iam	Iamia sp. SCSIO 61187	0
ica	Intrasporangium calvum	10
icn	Indolivaga capnocytophagoides	0
icp	Candidatus Ishikawaella capsulata	5
idi	Idiomarina sp. X4	0
ido	Isoptericola dokdonensis	4
idp	Idiomarina sp. PL1-037	0
idt	Idiomarina sp. OT37-5b	0
idx	Idiomarina sp. OXR-189	0
ifl	Iodobacter fluviatilis	6
ifn	Iocasia frigidifontis	0
ifo	Isorropodon fossajaponicum	3
ign	Ignatzschineria rhizosphaerae	1
iha	Isoptericola halotolerans	10
ilo	Idiomarina loihiensis	29
ima	Iamia majanohamensis	2
imp	Imperialibacter sp. tig00000051	0
int	Intestinibacillus sp. NTUH-41-i26	0
iod	Iodobacter ciconiae	1
ipi	Idiomarina piscisalsi	3
ipo	Ilyobacter polytropus	2
ips	Candidatus Improbicoccus pseudotrichonymphae	0
iro	Imperialibacter roseus	2
iru	Ignavigranum ruoffiae	8
ise	Ichthyobacterium seriolicida	4
izh	Jejuibacter calystegiae	0
jab	Janthinobacterium sp. B9-8	0
jae	Janthinobacterium aestuarii	2
jag	Janthinobacterium agaricidamnosum	12
jah	Janthinobacterium sp. HH102	0
jai	Janibacter alittae	1
jaj	Janthinobacterium sp. 17J80-10	0
jal	Janthinobacterium sp. LM6	0
jan	Jannaschia sp. CCS1	0
jar	Jeotgalibaca arthritidis	3
jas	Janthinobacterium tructae	2
jat	Jatrophihabitans sp. GAS493	0
jav	Antarcticirhabdus aurantiaca	1
jay	Janibacter sp. YB324	0
jaz	Janthinobacterium sp. 1_2014MBL_MicDiv	0
jcr	Janibacter cremeus	5
jcy	Jatrophihabitans cynanchi	1
jda	Jeotgalibaca dankookensis	4
jea	Jeotgalicoccus sp. ATCC 8456	0
jeb	Jeotgalibacillus sp. 10bf12	0
jeh	Jeotgalibaca ciconiae	2
jem	Jeotgalibaca sp. MA1X17-3	0
jeo	Jeotgalibacillus malaysiensis	5
jep	Jeotgalibaca sp. PTS2502	1
jes	Jeongeupia sacculi	0
jet	Candidatus Jettenia sp.	4
jeu	Jeongeupia sp. USM3	0
jie	Jiella pelagia	1
jli	Janibacter limosus	10
jme	Janibacter melonis	9
jov	Jannaschia ovalis	1
jpo	Jeotgalibaca porci	2
jri	Janthinobacterium rivuli	3
jsv	Janthinobacterium svalbardense	0
jte	Janibacter indicus	3
jtl	Jatrophihabitans telluris	3
jtr	Janibacter terrae	11
jwk	Jeongeupia wiesaeckerbachi	1
jza	Janibacter zhaoxuefangae	1
jzh	Janibacter zhangyanbonis	1
kab	Kitasatospora albolonga	1
kad	Kueselia aquadivae	1
kai	Kaistia sp. 32K	0
kak	Ketobacter alkanivorans	2
kal	Kutzneria viridogrisea	4
kam	Kangiella aquimarina	7
kan	Kordia antarctica	3
kaq	Kaistella sp. 97-N-M2	0
kar	Klebsiella africana	5
kbb	Ktedonobacteria bacterium	0
kbe	Candidatus Kaistella beijingensis	1
kbl	Candidatus Kinetoplastidibacterium blastocrithidiae	0
kbn	Candidatus Kaiserbacteria bacterium	0
kbr	Kutzneria buriramensis	5
kbs	Ktedonosporobacter rubrisoli	1
kbt	Candidatus Kinetoplastidibacterium blastocrithidiae	0
kbu	Streptomyces sp. NL15-2K	0
kca	Kosakonia calanthes	1
kch	Kitasatospora cathayae	1
kci	Candidatus Kinetoplastidibacterium crithidiae	0
kcm	Kitasatospora camelliae	1
kct	Candidatus Kinetoplastidibacterium crithidiae	0
kda	Kaistella daneshvariae	1
kde	Candidatus Kinetoplastidibacterium desouzai	0
kdi	Dokdonia sp. 4H-3-7-5	0
kdo	Komagataeibacter diospyri	5
kdp	Candidatus Kirkpatrickella diaphorinae	2
kdr	Kitasatospora dryopteridis	1
kfa	Kaistella flava	3
kfl	Kribbella flavida	11
kfm	Kothea flammea	1
kga	Candidatus Kinetoplastidibacterium galati	0
kge	Kangiella geojedonensis	3
kgn	Kluyvera genomosp.	1
khi	Kaistella haifensis	3
kia	Roseateles sp. DAIF2	0
kib	Kineothrix sp. MB12-C1	0
kic	Kitasatospora sp. CMC57	0
kih	Kineococcus sp. DHX-1	0
kim	Kineobactrum salinum	1
kin	Phytobacter ursingii	10
kis	Kitasatospora sp. NA04385	0
kit	Kitasatospora sp. MMS16-BH015	0
kko	Kangiella koreensis	9
klc	Klebsiella sp. CTHL.F3a	0
kle	Enterobacter lignolyticus	11
kll	Klebsiella sp. LTGPAF-6F	0
klm	Klebsiella sp. M5al	0
kln	Pantoea rwandensis	9
klp	Klebsiella sp. MPUS7	0
klu	Kluyvera sp. CRP	0
klw	Klebsiella huaxiensis	6
klx	Klebsiella sp. PCX	0
kma	Kushneria marisflavi	5
kme	Koleobacter methoxysyntrophicus	1
kmn	Kaustia mangrovi	2
knb	Kitasatospora hibisci	1
kno	Knoellia sp. S7-12	0
knv	Kolteria novifilia	2
kob	Kosakonia sp. SMBL-WEM22	0
kod	Kocuria sp. KD4	0
koe	Klebsiella michiganensis	137
kok	Klebsiella oxytoca	2316
kol	Kosmotoga olearia	8
kom	Klebsiella michiganensis	137
kon	Candidatus Kinetoplastidibacterium stringomonadis	0
koo	Kosakonia oryzendophytica	11
kor	Kosakonia oryzae	11
kos	Kordia sp. SMS9	0
kot	Kosakonia sp. CCTCC M2018092	1
kou	Kosakonia sp. MUSA4	0
kov	Kovacikia minuta	1
kox	Klebsiella michiganensis	137
koy	Klebsiella michiganensis	137
koz	Kordiimonas sp. SCSIO 12610	0
kpa	Klebsiella pneumoniae	36948
kpar	Keratinibaculum paraultunense	3
kpb	Klebsiella pneumoniae	36948
kpc	Klebsiella pneumoniae	36948
kpd	Kangiella profundi	2
kpf	Kosmotoga pacifica	2
kpg	Klebsiella pneumoniae	36948
kph	Klebsiella pneumoniae	36948
kphy	Kibdelosporangium phytohabitans	5
kpi	Klebsiella pneumoniae	36948
kpie	Pantoea piersonii	8
kpj	Klebsiella pneumoniae	36948
kpk	Klebsiella variicola	329
kpm	Klebsiella pneumoniae	36948
kpn	Klebsiella pneumoniae	36948
kpne	Klebsiella pneumoniae	36948
kpnk	Klebsiella pneumoniae	36948
kpnu	Klebsiella pneumoniae	36948
kpo	Klebsiella pneumoniae	36948
kpot	Kingella potus	3
kpp	Klebsiella pneumoniae	36948
kpq	Klebsiella pneumoniae	36948
kpr	Klebsiella pneumoniae	36948
kps	Klebsiella pneumoniae	36948
kpse	Kosakonia pseudosacchari	7
kpt	Klebsiella pneumoniae	36948
kpu	Klebsiella pneumoniae	36948
kpul	Kroppenstedtia pulmonis	3
kpur	Kitasatospora purpeofusca	3
kpv	Klebsiella pneumoniae	36948
kpw	Klebsiella pneumoniae	36948
kpx	Klebsiella pneumoniae	36948
kpy	Klebsiella pneumoniae	36948
kpz	Klebsiella pneumoniae	36948
kqi	Kribbella qitaiheensis	2
kqv	Klebsiella quasivariicola	10
kri	Kribbella sp. CA-293567	0
kro	Ketogulonicigenium robustum	2
ksd	Kangiella sediminilitoris	2
ksi	Kineothrix sedimenti	1
ksl	Kribbella soli	3
kso	Candidatus Kinetoplastidibacterium kentomonadis	0
kst	Candidatus Kuenenia stuttgartensis	0
ksy	Kosakonia styphnolobii	1
kur	Kurthia sp. 11kri321	0
kus	Kushneria konosiri	2
kut	Kutzneria sp. CA-103260	0
kuy	Kushneria phosphatilytica	2
kva	Klebsiella variicola	329
kvd	Klebsiella variicola	329
kvq	Klebsiella variicola	329
kvu	Ketogulonicigenium vulgare	58
kyr	Kyrpidia spormannii	5
labp	Labrenzia sp. PHM005	0
labr	Labrenzia sp. VG12	0
labt	Labrenzia sp. THAF35	0
laca	Ligilactobacillus acidipiscis	8
lacd	Levilactobacillus acidifarinae	1
lach	Lactobacillus sp. IBH004	0
laci	Lacinutrix sp. Bg11-31	0
lack	Lactococcus protaetiae	2
lacn	Lactococcus sp. NH2-7C	0
lacs	Lacibacter sediminis	2
lact	Lactococcus allomyrinae	3
lacw	Lacinutrix sp. WUR7	0
lacy	Lachnoclostridium sp. YL32	2
lad	Lactobacillus acidophilus	4966
ladl	Legionella adelaidensis	3
laeg	Luteibacter aegosomatis	1
laeo	Luteibacter aegosomatissinici	2
laes	Luteibacter aegosomaticola	1
laf	Lactobacillus acidophilus	4966
lagg	Roseibium algicola	1
lagr	Lysinibacillus agricola	2
lah	Amylolactobacillus amylophilus	0
laj	Leptospira tipperaryensis	1
lakt	Lactococcus sp. KTH0-1S	0
lal	Lacimicrobium alkaliphilum	2
lala	Leptotrichia alba	1
lalg	Lentibacter algarum	7
lall	Leucobacter allii	1
lalo	Limosilactobacillus allomucosae	1
lalu	Lacunimicrobium album	1
lalw	Companilactobacillus allii	7
lam	Lactobacillus amylovorus	233
lamb	Luteolibacter ambystomatis	1
lan	Lacinutrix sp. 5H-3-7-4	0
lanh	Luteibacter anthropi	5
lant	Legionella antarctica	1
lao	Lentibacillus amyloliquefaciens	4
lap	Labrenzia sp. CP4	0
laq	Lysobacter antibioticus	39
laqu	Leisingera aquaemixtae	5
lare	Lysobacter arenosi	1
lari	Leucobacter aridicollis	10
las	Candidatus Liberibacter asiaticus	975
lasa	Lawsonibacter asaccharolyticus	9
lat	Candidatus Liberibacter asiaticus	975
laux	Lysobacter auxotrophicus	1
lavi	Novilysobacter avium	0
law	Lactobacillus sp. wkB8	0
lay	Lactobacillus amylovorus	233
lbac	Lentisphaerae bacterium	0
lbe	Nicoliella spurrieriana	3
lbi	Leptospira biflexa	215
lbl	Leptospira borgpetersenii	237
lbm	Bombilactobacillus bombi	1
lbn	Lentilactobacillus buchneri	116
lbq	Lonsdalea britannica	5
lbr	Levilactobacillus brevis	447
lbs	Lactiplantibacillus brownii	4
lbt	Loigolactobacillus backii	2
lbu	Lactobacillus delbrueckii	1666
lbv	Lentisphaerota bacterium	0
lbw	Lachnospiraceae bacterium	224
lbx	Lachnospiraceae bacterium	224
lby	Leadbetterella byssophila	5
lcad	Legionella cardiaca	4
lcae	Leisingera caerulea	3
lcal	Leptogranulimonas caecicola	4
lcan	Lysinibacillus canaveralius	0
lcar	Pseudolactococcus carnosus	1
lcas	Noviluteimonas caseinilytica	0
lcb	Lacticaseibacillus paracasei	855
lcd	Legionella clemsonensis	1
lce	Lacticaseibacillus paracasei	855
lcg	Longicatena caecimuris	5
lchi	Lacticaseibacillus chiayiensis	5
lcic	Novilysobacter ciconiae	0
lcin	Leptospira cinconiae	1
lcj	Legionella cherrii	3
lck	Lichenicola cladoniae	3
lcl	Lacticaseibacillus paracasei	855
lcre	Lignipirellula cremea	1
lcs	Lacticaseibacillus paracasei	855
lcu	Lentilactobacillus curieae	3
lcv	Latilactobacillus curvatus	114
lcw	Lacticaseibacillus paracasei	855
lcx	Lacticaseibacillus casei	404
lcz	Lacticaseibacillus paracasei	855
ldb	Lactobacillus delbrueckii	1666
lde	Lactobacillus delbrueckii	1666
ldl	Lactobacillus delbrueckii	1666
ldn	Leucobacter denitrificans	4
ldx	Lapidilactobacillus dextrinicus	1
lea	Leclercia sp. J807	0
leb	Leucobacter coleopterorum	2
lec	Leuconostoc sp. C2	0
led	Lentzea guizhouensis	3
lee	Leclercia sp. W17	0
lef	Lelliottia jeotgali	8
leg	Leptospirillum sp. Group II	0
legi	Legionella sp. PC997	0
leh	Leclercia sp. LSNIH3	0
lei	Leclercia sp. LSNIH1	0
leif	Leifsonia sp. PS1209	0
leil	Leifsonia sp. McL0608	0
leim	Leisingera sp. M523	0
leiz	Leifsonia sp. ZF2019	1
lej	Leisingera sp. NJS204	0
lek	Leptolinea sp. HRD-7	0
len	Leptolyngbya sp. NIES-3755	0
lent	Lentzea sp. JNUCC 0626	0
leo	Leptotrichia sp. oral taxon 212	1
lep	Leptolyngbya sp. PCC 7376	0
lepb	Leptolyngbya sp. BL0902	0
lepi	Leptolyngbya sp. IPPAS B-1204	0
lept	Leptolyngbya sp. 7M	0
lepv	Leptolyngbya sp. 15MV	0
leq	Leptotrichia sp. oral taxon 498	1
ler	Leclercia sp. Colony189	0
les	Candidatus Legionella polyplacis	1
let	Leptolyngbya sp. O-77	0
leu	Leucobacter muris	1
leuc	Leucobacter sp. HNU	0
lev	Leisingera sp. NJS201	0
levi	Candidatus Levibacter sp.	0
lew	Lelliottia sp. WB101	0
lex	Lentibacillus sp. CBA3610	1
ley	Leclercia sp. W6	0
lez	Lysobacter enzymogenes	211
lfa	Legionella fallonii	3
lfd	Ligilactobacillus faecis	2
lff	Limosilactobacillus fermentum	673
lfg	Limibacterium fermenti	1
lfh	Lysobacter firmicutimachus	6
lfl	Luteibacter flocculans	1
lfm	Companilactobacillus farciminis	11
lfn	Limosilactobacillus frumenti	3
lfp	Leptospirillum ferriphilum	101
lfr	Limosilactobacillus fermentum	673
lft	Companilactobacillus futsaii	4
lfv	Fructilactobacillus fructivorans	6
lfx	Luteimonas fraxinea	2
lgas	Limosilactobacillus gastricus	0
lgb	Leminorella grimontii	8
lgc	Leuconostoc garlicum	5
lgg	Lachnoanaerobaculum gingivalis	6
lgm	Latilactobacillus graminis	4
lgn	Companilactobacillus ginsenosidimutans	2
lgo	Pseudoleptotrichia goodfellowii	3
lgor	Leptospira gorisiae	1
lgt	Legionella geestiana	3
lgv	Lactococcus garvieae	589
lgy	Lysinibacillus varians	9
lha	Legionella hackeliae	9
lhe	Lactobacillus helveticus	1172
lhf	Leptotrichia hofstadii	4
lhg	Leptotrichia hongkongensis	6
lhh	Lactobacillus helveticus	1172
lhi	Companilactobacillus heilongjiangensis	1
lhl	Lactobacillus helveticus	1172
lhn	Lacticaseibacillus huelsenbergensis	5
lho	Paucilactobacillus hokkaidonensis	1
lhp	Longimonas haloalkaliphila	1
lhr	Lactobacillus helveticus	1172
lhs	Lactobacillus helsingborgensis	11
lhv	Lactobacillus helveticus	1172
lhw	Liquorilactobacillus hordei	5
lhx	Lysobacter helvus	2
lib	Legionella israelensis	2
lie	Leptospira interrogans	2385
lih	Limnohabitans sp. 63ED37-2	0
lii	Listeria ivanovii	300
lij	Litorimonas sp. RW-G-Af-16	0
lik	Limnohabitans sp. DCL3	0
lil	Leptospira interrogans	2385
lim	Limnohabitans sp. 103DPR2	0
limi	Limnohabitans sp. INBF002	0
limm	Limnohabitans sp. MORI2	0
limn	Limnobacter profundi	0
limt	Limnohabitans sp. TEGF004	0
lins	Leucobacter insecticola	2
lio	Listeria ivanovii	300
liow	Leptospira iowaensis	1
lir	Lawsonia intracellularis	481
lis	Leptospira interrogans	2385
lit	Qingshengfaniella alkalisoli	1
liu	Lysinibacillus irui	2
liv	Listeria ivanovii	300
liw	Listeria ivanovii	300
liwa	Listeria swaminathanii	3
liy	Limnohabitans sp. YIMB22184	0
liz	Lichenihabitans sp. PAMC28606	0
ljh	Lactobacillus johnsonii	788
ljn	Lactobacillus johnsonii	788
ljo	Lactobacillus johnsonii	788
lkb	Leptospira kobayashii	3
lkc	Lactiplantibacillus kimchii	1
lkl	Lactobacillus kullabergensis	6
lkm	Leptospira kmetyi	9
lkn	Leuconostoc koreense	1
lko	Levilactobacillus koreensis	2
lks	Lactiplantibacillus koreensis	1
lla	Lactococcus lactis	7061
llao	Lentilactobacillus laojiaonis	1
llb	Lysinibacillus louembei	1
llc	Lactococcus lactis	7061
lld	Lactococcus lactis	7061
lle	Fructilactobacillus lindneri	1
llg	Legionella lansingensis	1
llh	Lacipirellula limnantheis	2
lli	Lactococcus lactis	7061
llj	Lactococcus lactis	7061
llk	Lactococcus lactis	7061
llm	Lactococcus lactis	7061
lln	Lactococcus lactis	7061
llp	Litorivicinus lipolyticus	2
llr	Lactococcus lactis	7061
lls	Lactococcus lactis	7061
llt	Lactococcus lactis	7061
llu	Labilithrix luteola	2
llut	Leucobacter luti	5
llx	Lactococcus lactis	7061
lly	Legionella lytica	11
llz	Novilysobacter luteus	0
lmae	Secundilactobacillus malefermentans	3
lmag	Longinema margulisiae	1
lmaj	Candidatus Lucifugimonas marina	0
lmal	Liquorilactobacillus mali	10
lmar	Listeria marthii	5
lmas	Levyella massiliensis	3
lmay	Leptospira mayottensis	7
lmb	Marilutibacter maris	0
lmc	Listeria monocytogenes	23600
lmd	Leisingera methylohalidivorans	10
lmes	Leptotrichia mesophila	1
lmf	Listeria monocytogenes	23600
lmg	Listeria monocytogenes	23600
lmgo	Leptospira mgodei	1
lmh	Listeria monocytogenes	23600
lmil	Leptospira milleri	1
lmj	Listeria monocytogenes	23600
lmk	Leuconostoc mesenteroides	1741
lml	Listeria monocytogenes	23600
lmm	Leuconostoc mesenteroides	1741
lmn	Listeria monocytogenes	23600
lmo	Listeria monocytogenes	23600
lmoa	Listeria monocytogenes	23600
lmob	Listeria monocytogenes	23600
lmoc	Listeria monocytogenes	23600
lmod	Listeria monocytogenes	23600
lmoe	Listeria monocytogenes	23600
lmog	Listeria monocytogenes	23600
lmoi	Luteipulveratus mongoliensis	4
lmoj	Listeria monocytogenes	23600
lmok	Listeria monocytogenes	23600
lmol	Listeria monocytogenes	23600
lmom	Listeria monocytogenes	23600
lmon	Listeria monocytogenes	23600
lmoo	Listeria monocytogenes	23600
lmoq	Listeria monocytogenes	23600
lmos	Listeria monocytogenes	23600
lmot	Listeria monocytogenes	23600
lmow	Listeria monocytogenes	23600
lmox	Listeria monocytogenes	23600
lmoy	Listeria monocytogenes	23600
lmoz	Listeria monocytogenes	23600
lmp	Listeria monocytogenes	23600
lmq	Listeria monocytogenes	23600
lmr	Listeria monocytogenes	23600
lms	Listeria monocytogenes	23600
lmt	Listeria monocytogenes	23600
lmv	Listeria monocytogenes	23600
lmw	Listeria monocytogenes	23600
lmx	Listeria monocytogenes	23600
lmy	Listeria monocytogenes	23600
lmz	Listeria monocytogenes	23600
lna	Levilactobacillus namurensis	3
lne	Labrys sp. KNU-23	0
lng	Liquorilactobacillus nagelii	11
lni	Enterobacter sp. SGAir0187	0
lnn	Paucilactobacillus nenjiangensis	0
lnu	Lacinutrix neustonica	0
lnw	Paenilisteria newyorkensis	0
lol	Paucilactobacillus oligofermentans	0
lom	Leeuwenhoekiella obamensis	2
lon	Longispora agrisoli	1
lor	Limosilactobacillus oris	6
lot	Leptotrichia sp. oral taxon 847	0
lpaa	Pseudolactococcus paracarnosus	1
lpab	Lacticaseibacillus pabuli	1
lpae	Latilactobacillus parasakei	1
lpah	Lacticaseibacillus parahuelsenbergensis	3
lpai	Lactobacillus panisapium	6
lpak	Lysinibacillus pakistanensis	8
lpal	Leeuwenhoekiella palythoae	2
lpap	Lacticaseibacillus paracasei	855
lpas	Limosilactobacillus panis	4
lpav	Lacipirellula parvula	1
lpb	Lactiplantibacillus plantarum	3398
lpc	Legionella pneumophila	6819
lpd	Secundilactobacillus paracollinoides	1
lpe	Legionella pneumophila	6819
lpf	Legionella pneumophila	6819
lph	Legionella pneumophila	6819
lpi	Lacticaseibacillus paracasei	855
lpil	Limnochorda pilosa	4
lpj	Lactiplantibacillus plantarum	3398
lpk	Pseudolactococcus piscium	0
lpl	Lactiplantibacillus plantarum	3398
lpm	Legionella pneumophila	6819
lpn	Legionella pneumophila	6819
lpnu	Leclercia pneumoniae	3
lpo	Legionella pneumophila	6819
lpon	Limosilactobacillus pontis	12
lpop	Lonsdalea populi	12
lpor	Limosilactobacillus portuensis	3
lpp	Legionella pneumophila	6819
lpq	Lacticaseibacillus paracasei	855
lpr	Lactiplantibacillus plantarum	3398
lpro	Lentisphaera profundi	1
lps	Lactiplantibacillus plantarum	3398
lpt	Lactiplantibacillus plantarum	3398
lpu	Legionella pneumophila	6819
lpv	Limnobaculum parvum	3
lpy	Luteibacter pinisoli	5
lpz	Lactiplantibacillus plantarum	3398
lrc	Lacticaseibacillus rhamnosus	1124
lrf	Limosilactobacillus reuteri	773
lrg	Lacticaseibacillus rhamnosus	1124
lrh	Lacticaseibacillus rhamnosus	1124
lri	Leminorella richardii	4
lrl	Lacticaseibacillus rhamnosus	1124
lrn	Pseudolactococcus raffinolactis	2
lro	Lacticaseibacillus rhamnosus	1124
lros	Furfurilactobacillus rossiae	8
lrp	Leucobacter rhizosphaerae	1
lrr	Limosilactobacillus reuteri	773
lrs	Limnoglobus roseus	1
lrt	Limosilactobacillus reuteri	773
lru	Limosilactobacillus reuteri	773
lrug	Leptotrichia rugosa	1
lsal	Loktanella salsilacus	4
lsb	Lacticaseibacillus styriensis	1
lsc	Leptodesmis sichuanensis	1
lsd	Litorilituus sediminis	3
lse	Leifsonia shinshuensis	11
lsf	Agrilutibacter solisilvae	0
lsh	Legionella sainthelensi	12
lsia	Lacrimispora sinapis	1
lsj	Ligilactobacillus salivarius	260
lsk	Leptothermofonsia sichuanensis	2
lsl	Ligilactobacillus salivarius	260
lsol	Lysobacter soli	11
lss	Legionella spiritensis	4
lstr	Luteococcus struthionis	1
lsua	Levilactobacillus suantsaii	1
lsw	Ligilactobacillus saerimneri	7
lsx	Agrilutibacter terrestris	0
lsy	Lysobacter soyae	1
ltm	Lentilactobacillus terminaliae	1
ltn	Leucobacter tenebrionis	1
lto	Limnobacter thiooxidans	10
ltp	Lutaonella thermophila	1
ltr	Leucobacter triazinivorans	5
lua	Lachnoanaerobaculum umeaense	8
lub	Luteitalea sp. TBR-22	0
lue	Solilutibacter oculi	0
lug	Luteimonas granuli	2
lui	Luteolibacter sp. LG18	0
luj	Luteimonas sp. JM171	0
lul	Urechidicola croceus	1
lum	Luteimonas chenhongjianii	2
lun	Luminiphilus sp. nBUS_16	0
luo	Neoluteolibacter luteus	0
lup	Luteolibacter sp. Populi	0
lus	Luteimonas yindakuii	2
lut	Lutibacter profundi	3
luu	Lactobacillus ultunensis	6
luy	Lutimonas zeaxanthinifaciens	1
luz	Luteibacter sp. E-22	0
lvi	Leucobacter viscericola	2
lvn	Lacinutrix venerupis	4
lvr	Limimaricola variabilis	1
lvs	Yoonia vestfoldensis	2
lwa	Legionella waltersii	4
lwi	Paenilisteria weihenstephanensis	0
lxa	Lacrimispora xylanolytica	4
lxl	Luteimicrobium xylanilyticum	2
lxo	Lactobacillus xylocopicola	0
lxr	Lentzea xerophila	1
lxy	Leifsonia xyli	60
lya	Lysobacter yananisis	1
lyb	Lysinibacillus sp. B2A1	1
lyc	Lysinibacillus sp. CD3-6	0
lyd	Protaetiibacter intestinalis	4
lyf	Lysobacter sp. FW306-1B-D06B	0
lyg	Lysinibacillus sp. SGAir0095	0
lyh	Lysinibacter sp. HNR	0
lyi	Lysinibacillus sp. BS3	0
lyj	Marilutibacter alkalisoli	0
lyk	Protaetiibacter larvae	2
lyo	Lysinibacillus sp. OF-1	0
lyp	Lysinibacillus sp. PLM2	0
lyq	Lysinibacillus sp. Ag94	0
lyr	Lysinibacillus sp. RS11	0
lys	Lysinibacillus sp. YS11	1
lyt	Lysobacter sp. TY2-98	0
lyw	Lysobacter sp. CW239	0
lyz	Lysinibacillus sp. 2017	0
lzh	Companilactobacillus zhachilii	2
lzy	Levilactobacillus zymae	3
maa	Mycoplasmopsis agalactiae	1
maac	Methylobacter arcticus	1
maad	Martelella sp. AD-3	1
mabb	Mycobacteroides abscessus	118
mabl	Mycobacteroides abscessus	118
maca	Marinobacter sp. CA1	0
macr	Macrococcus sp. IME1552	0
madi	Mycobacterium adipatum	1
maeo	Marinitoga aeolica	1
maeq	Macrococcus equi	1
maes	Mariprofundus aestuarium	3
maf	Mycobacterium tuberculosis	65271
mag	Paramagnetospirillum magneticum	1
maga	Microbulbifer agarilyticus	4
magn	Magnetospirillum sp. ME-1	0
magq	Magnetospira sp. QH-2	1
magx	Magnetospirillum sp. XM-1	1
maic	Mycolicibacterium aichiense	2
mal	Mycoplasmopsis agalactiae	1
mala	Metamycoplasma alkalescens	2
malc	Marivivens sp. LCG002	0
mali	Pseudoduganella albidiflava	0
malk	Microcella alkaliphila	5
mall	Marinobacter alkaliphilus	4
malp	Microbacterium albipurpureum	1
mals	Myroides albus	2
malu	Antarctobacter albus	0
malv	Mycolicibacterium alvei	0
mam	Mesorhizobium australicum	9
mama	Candidatus Mycosynbacter amalyticus	3
mamm	Marinobacter sp. MMG032	0
man	Micavibrio aeruginosavorus	30
mana	Methylomusa anaerophila	1
manc	Massilia antarctica	3
mane	Mycoplasma anseris	1
mang	Mangrovimonas sp. YM274	0
manh	Marinibacterium anthonyi	1
mani	Mycoplasmopsis anatis	0
manm	Macrococcus animalis	1
mann	Mannheimia pernigra	4
manp	Marinobacter sp. NP-4	0
manr	Mariniplasma anaerobium	2
mant	Marisediminicola antarctica	4
many	Mycolicibacterium anyangense	0
maq	Marinobacter nauticus	9
maqa	Marinilongibacter aquaticus	1
maqi	Flagellimonas marinaquae	3
maql	Mycoplasma aquilae	1
mara	Marinobacter sp. Arc7-DN-1	0
marb	Maribacter cobaltidurans	2
mard	Marinomonas arctica	6
mare	Maribacter sp. MJ134	0
marf	Mariniflexile rhizosphaerae	1
marg	Mycoplasmopsis arginini	1
mari	Marinobacter sp. CP1	0
marj	Marinobacter sp. JH2	0
marl	Marinobacterium sp. LSUCC0821	0
marm	Maribacter sp. 1_2014MBL_MicDiv	0
marn	Marinitoga sp. 1137	0
marp	Marivirga arenosa	1
marq	Marinagarivorans cellulosilyticus	1
marr	Marinilactibacillus sp. 15R	0
mars	Marinobacterium aestuarii	3
mart	Maribacter hydrothermalis	1
maru	Palleronia sp. THAF1	0
marw	Minisyncoccus archaeiphilus	1
marx	Marixanthomonas sp. SCSIO 43207	0
mary	Macrococcus armenti	3
marz	Mycolicibacterium arabiense	1
mas	Mahella australiensis	6
mass	Massilia violaceinigra	7
masw	Massilia sp. WG5	0
masx	Marinibacterium sp. SX1	0
masy	Massilia sp. YMA4	0
masz	Pseudoduganella armeniaca	3
mat	Metamycoplasma arthritidis	0
matg	Marivita sp. tig00000067	0
math	Marinomonas sp. THO17	0
maub	Mycolicibacterium aubagnense	2
maue	Mucilaginibacter aureus	2
maug	Microbacterium aurugineum	1
maui	Candidatus Marifrigoribacter sp.	0
maus	Mycolicibacterium austroafricanum	3
mauu	Mycolicibacterium aurum	3
mav	Mycobacterium avium	11390
mavi	Mycobacterium avium	11390
mavm	Mycobacterium avium	11390
mavu	Mycobacterium avium	11390
maza	Microbacterium azadirachtae	7
mbac	Candidatus Methylopumilus turicensis	1
mbah	Aquirhabdus parva	1
mbai	Mycobacterium basiliense	1
mbas	Labilibaculum antarcticum	1
mbat	Candidatus Methylopumilus planktonicus	1
mbb	Mycobacterium tuberculosis	65271
mbc	Mesomycoplasma bovoculi	3
mbd	Melittangium boletus	8
mbet	Microbacterium betulae	1
mbf	Candidatus Melainabacteria bacterium	1
mbi	Mycoplasmopsis bovis	44
mbin	Microbacterium binotii	5
mbj	Candidatus Izimoplasma sp.	0
mbk	Mycobacterium tuberculosis	65271
mbm	Mycobacterium tuberculosis	65271
mbo	Mycobacterium tuberculosis	65271
mboc	Macrococcus bovicus	4
mboe	Macrococcoides bohemicum	1
mboh	Mycoplasmopsis bovirhinis	2
mbok	Mycolicibacterium boenickei	0
mbos	Mannheimia bovis	3
mbov	Mycoplasmopsis bovigenitalium	0
mbp	Candidatus Phytoplasma zeae	0
mbq	Mycoplasmopsis bovis	44
mbra	Mycoplasma bradburyae	1
mbrc	Methylobacterium brachiatum	8
mbrg	Microbulbifer bruguierae	1
mbrm	Mycolicibacterium brumae	4
mbru	Macrococcus brunensis	6
mbs	Marinobacter sp. BSs20148	0
mbt	Mycobacterium tuberculosis	65271
mbug	Mycobacterium burgundiense	1
mbv	Mycoplasmopsis bovis	44
mbx	Mycobacterium tuberculosis	65271
mcaa	Mangrovimonas cancribranchiae	1
mcad	Mucisphaera calidilacus	1
mcag	Mycoplasma cavipharyngis	2
mcah	Moraxella canis	10
mcai	Mycoplasma capricolum	366
mcak	Macrococcoides canis	0
mcan	Metamycoplasma canadense	1
mcao	Methylacidiphilum caldifontis	5
mcap	Mycoplasma capricolum	366
mcar	Mycoplasma capricolum	366
mcas	Mycoplasmopsis canis	0
mcau	Methylomarinovum caldicuralii	3
mcav	Mycoplasmopsis caviae	0
mcaw	Microbacterium caowuchunii	1
mcay	Micromonospora cathayae	1
mcb	Mycolicibacterium chubuense	3
mcd	Mycoplasma crocodyli	8
mce	Mycobacterium canetti	7
mcee	Mycolicibacterium celeriflavum	0
mcel	Microbulbifer celer	3
mcer	Morococcus cerebrosus	6
mcg	Methyloceanibacter caenitepidi	5
mchc	Mesoplasma chauliocola	1
mche	Mycobacteroides chelonae	6
mchn	Paramicrobacterium chengjingii	0
mcht	Mycolicibacterium chitae	0
mcic	Mesorhizobium ciceri	97
mcit	Mycoplasmopsis citelli	0
mck	Mycoplasmopsis canis	0
mcl	Macrococcoides caseolyticum	0
mcla	Myroides sp. JBRI-B21084	0
mcli	Microbacterium sp. Clip185	0
mclo	Metamycoplasma cloacale	0
mcm	Mycoplasmopsis californica	0
mcns	Microbulbifer sp. CNSA002	0
mco	Mesomycoplasma conjunctivae	0
mcob	Mycoplasmopsis columbinasalis	0
mcol	Mesoplasma coleopterae	1
mcom	Mycoplasmopsis columbina	0
mcoo	Mycobacterium cookii	8
mcos	Maribellus comscasis	2
mcot	Mycoplasma cottewii	6
mcou	Mycoplasmopsis columboralis	0
mcp	Mycoplasma capricolum	366
mcr	Mycoplasmopsis californica	0
mcra	Micromonospora craniellae	6
mcro	Mycolicibacterium crocinum	0
mcs	Moraxella catarrhalis	3085
mct	Moraxella catarrhalis	3085
mcui	Mangrovibacillus cuniculi	1
mcun	Moraxella cuniculi	4
mcv	Mycobacterium canettii	84
mcw	Microbacterium aurantiacum	5
mcx	Mycobacterium canettii	84
mcy	Mycoplasmopsis cynos	0
mcyn	Micromonospora cynarisoli	1
mcys	Mycoavidus cysteinexigens	8
mcz	Mycobacterium canettii	84
mda	Mongoliitalea daihaiensis	1
mdb	Microcella daejeonensis	1
mdf	Mycolicibacterium diernhoferi	0
mdg	Metabacillus dongyingensis	1
mdh	Methylomonas sp. DH-1	9
mdi	Methylorubrum extorquens	92
mdj	Mucilaginibacter daejeonensis	6
mdn	Methylomonas denitrificans	7
mdp	Microchaete diplosiphon	0
mdr	Mycolicibacterium doricum	0
mds	Mesomycoplasma dispar	1
mdu	Mycolicibacterium duvalii	0
mdv	Mogibacterium diversum	6
mdx	Mycobacterium dioxanotrophicus	5
mea	Methylorubrum extorquens	92
meaa	Mesorhizobium sp. AaZ16	0
meap	Methylacidimicrobium sp. AP8	0
mebz	Metabacillus sp. B2-18	0
mec	Methylophaga frappieri	1
mech	Methylomarinum roseum	0
meci	Methylocystis echinoides	8
mecl	Methylobacterium sp. CLZ	0
mecq	Methylosinus sp. C49	0
medk	Methylocapsa sp. D3K7	0
medw	Mycoplasmopsis edwardii	1
medz	Methylophilus sp. DW102	0
mee	Methylobacterium currus	5
meec	Methylomonas sp. EFPC3	0
meef	Methylococcus sp. EFPC2	0
meep	Methylomonas sp. EFPC1	0
meg	Megasphaera stantonii	4
meh	Methylotenera versatilis	3
mehb	Methylacidimicrobium sp. B4	0
mehy	Methylovirgula sp. HY1	0
mei	Methylovorus glucosotrophus	4
mein	Methyloprofundus sp. INp10_methR40d	0
meir	Mesorhizobium sp. INR15	0
meiy	Methylomarinovum tepidoasis	1
mej	Methylophaga nitratireducenticrescens	10
meku	Metabacillus elymi	2
mela	Melaminivora suipulveris	1
mell	Methylomonas sp. LL1	0
melm	Pulveribacter suum	2
mely	Microbacterium elymi	1
memc	Methylocystis sp. MJC1	2
memp	Mucilaginibacter empetricola	1
men	Candidatus Moranella endobia	3
menf	Mycetohabitans endofungorum	6
meni	Methylobacterium sp. NI91	0
menl	Metabacillus endolithicus	2
menm	Candidatus Megaera endosymbiont	0
meno	Micromonospora endophytica	7
mens	Methylobacterium sp. NMS14P	0
ment	Mesoplasma entomophilum	2
meny	Massilia endophytica	1
meo	Candidatus Moranella endobia	3
meor	Mesorhizobium maamorense	1
mep	Methylovorus sp. MP688	0
mepi	Macrococcus epidermidis	5
meqi	Mycoplasmopsis equigenitalium	0
meqr	Metamycoplasma equirhinis	0
mequ	Macrococcus equipercicus	5
merd	Mesorhizobium erdmanii	4
mes	Chelativorans sp. BNC1	0
mesi	Mesorhizobium sp. PAMC28654	1
mesj	Mesorhizobium sp. J8	0
mesl	Methylobacter sp. S3L5C	0
mesm	Mesorhizobium sp. M9A.F.Ca.ET.002.03.1.2	0
mesn	Mesorhizobium sp. NBSH29	0
meso	Aquibium oceanicum	2
mesp	Mesorhizobium sp. Pch-S	0
mesq	Mesoflavibacter sp. HG96	0
mesr	Mesorhizobium sp. 8	0
mess	Mesorhizobium sp. ANAO-SY3R2	0
mesu	Mesorhizobium sp. AR10	0
mesw	Mesorhizobium sp. WSM1497	0
mesx	Mesorhizobium sp. 131-2-1	0
mesz	Methylocystis sp. SB2	0
met	Methylobacterium sp. 4-46	2
meta	Methylobacterium sp. AMS5	0
metd	Methylobacterium sp. DM1	0
metg	Methyloligella sp. GL2	0
meti	Methylobacterium radiodurans	1
metl	Methylomonas sp. LW13	1
metp	Methylibium sp. Pch-M	0
metq	Methylorubrum sp. GM97	0
metr	Methyloversatilis sp. RAC08	0
mets	Methylobacterium durans	3
metu	Methylococcus geothermalis	3
metx	Methylobacterium sp. XJLW	1
mety	Phytobacter sp. MRY16-398	0
meu	Methylophilus sp. TWE2	0
meup	Methylomonas sp. UP202	0
mewm	Mesorhizobium sp. WSM4906	0
mews	Mesorhizobium sp. WSM4904	0
mex	Methylorubrum extorquens	92
mey	Martelella endophytica	6
mfae	Myxococcus faecalis	1
mfau	Metamycoplasma faucium	0
mfd	Mycoplasmoides fastidiosum	0
mfel	Mycoplasmopsis felis	0
mfer	Mycoplasma feriruminatoris	10
mfeu	Micromonospora robiginosa	0
mff	Mariniblastus fucicola	2
mfh	Candidatus Methylacidiphilum fumarolicum	0
mfj	Mycobacterium florentinum	7
mfla	Pseudoduganella flava	0
mflg	Methyloraptor flagellatus	1
mflm	Microbacterium fluminis	1
mfln	Mediterraneibacter flintii	1
mflu	Mycolicibacterium fluoranthenivorans	1
mflv	Mycolicibacterium flavescens	0
mfm	Mycoplasmopsis fermentans	0
mfn	Mariprofundus ferrinatatus	3
mfoi	Marinomonas foliarum	5
mfom	Microaceticoccus formicicus	1
mfor	Marvinbryantia formatexigens	12
mfp	Mycoplasmopsis fermentans	0
mfq	Mesomycoplasma flocculare	0
mfr	Mycoplasmopsis fermentans	0
mfra	Magnetovirga frankeli	1
mfre	Mycolicibacterium frederiksbergense	4
mfu	Corallococcus macrosporus	5
mfw	Mesoplasma florum	38
mfx	Mycolicibacterium fallax	0
mfy	Massilia forsythiae	2
mga	Mycoplasmoides gallisepticum	3
mgab	Microbacterium galbinum	1
mgac	Mycoplasmoides gallisepticum	3
mgad	Mycolicibacterium gadium	2
mgal	Mycoplasmopsis gallopavonis	0
mgan	Mycoplasmoides gallisepticum	3
mgau	Mycobacterium gallinarum	1
mgb	Mycoplasmopsis gallinacea	0
mgc	Mycoplasmoides genitalium	5
mge	Mycoplasmoides genitalium	5
mgei	Mucilaginibacter geliditolerans	1
mgel	Rasiella rasia	1
mgeo	Marinobacterium iners	1
mgf	Mycoplasmoides gallisepticum	3
mgg	Micropruina glycogenica	7
mgh	Mycoplasmoides gallisepticum	3
mgi	Mycolicibacterium gilvum	1
mgik	Mucilaginibacter ginkgonis	2
mgin	Mucilaginibacter ginsenosidivorans	1
mgj	Candidatus Malacoplasma girerdii	0
mgk	Mucilaginibacter ginsenosidivorax	3
mgly	Mycoplasmopsis glycophila	0
mgn	Mycoplasmoides gallisepticum	3
mgnc	Mycoplasmoides gallisepticum	3
mgo	Mycolicibacterium goodii	0
mgod	Muribaculum gordoncarteri	11
mgor	Mycobacterium vicinigordonae	2
mgos	Mucilaginibacter gossypii	6
mgot	Mucilaginibacter gotjawali	5
mgq	Mycoplasmoides genitalium	5
mgra	Mannheimia granulomatis	10
mgrd	Methylocaldum gracile	10
mgro	Mycolicibacterium grossiae	1
mgs	Mycoplasmoides gallisepticum	3
mgt	Mycoplasmoides gallisepticum	3
mgu	Mycoplasmoides genitalium	5
mgv	Mycoplasmoides gallisepticum	3
mgw	Mycoplasmoides gallisepticum	3
mgx	Mycoplasmoides genitalium	5
mgy	Magnetospirillum gryphiswaldense	228
mgz	Mycoplasmoides gallisepticum	3
mhaa	Marivirga harenae	1
mhac	Moraxella haemolytica	2
mhaf	Mycobacterium hainanense	1
mhai	Microbispora hainanensis	6
mhal	Mannheimia haemolytica	988
mham	Mannheimia haemolytica	988
mhan	Mixta hanseatica	1
mhao	Mannheimia haemolytica	988
mhap	Miniphocaeibacter halophilus	1
mhaq	Mannheimia haemolytica	988
mhar	Mariluticola halotolerans	1
mhas	Mycolicibacterium hassiacum	6
mhat	Mannheimia haemolytica	988
mhau	Microbulbifer harenosus	2
mhaw	Micromonospora halotolerans	1
mhay	Mannheimia haemolytica	988
mhb	Candidatus Mycoplasma haematominutum	5
mhc	Marinobacter nauticus	9
mhd	Marinithermus hydrothermalis	5
mher	Mycolicibacter heraklionensis	0
mhev	Mycolicibacterium helvum	0
mhey	Methylocystis heyeri	5
mhf	Mycoplasma haemofelis	206
mhh	Mesomycoplasma hyorhinis	8
mhib	Mycolicibacter hiberniae	0
mhj	Mesomycoplasma hyopneumoniae	8
mhl	Candidatus Mycoplasma haematolamae	0
mhm	Mesomycoplasma hyorhinis	8
mhn	Mesomycoplasma hyopneumoniae	8
mho	Metamycoplasma hominis	9
mhol	Mycolicibacterium holsaticum	0
mhom	Metamycoplasma hominis	9
mhot	Microbacterium horticulturae	1
mhp	Mesomycoplasma hyopneumoniae	8
mhq	Mannheimia haemolytica	988
mhr	Mesomycoplasma hyorhinis	8
mhrf	Metabacillus hrfriensis	0
mhs	Mesomycoplasma hyorhinis	8
mht	Mannheimia haemolytica	988
mhui	Neomoorella humiferrea	0
mhum	Microcella humidisoli	1
mhv	Mesomycoplasma hyorhinis	8
mhw	Megasphaera hexanoica	12
mhx	Mannheimia haemolytica	988
mhy	Mesomycoplasma hyopneumoniae	8
mhyl	Mesomycoplasma hyopneumoniae	8
mhyo	Mesomycoplasma hyopneumoniae	8
mhyv	Metamycoplasma hyosynoviae	0
mia	Mycobacterium intracellulare	1018
mian	Microbacterium sp. A8/3-1	0
mib	Candidatus Beckwithbacteria bacterium	0
mibd	Microbacterium sp. BDGP8	0
mibl	Microcystis sp. BLCC-F210	0
mic	Allocoleopsis franciscana	0
mica	Microbacter sp. GSS18	0
micb	Micromonospora sp. B006	0
micc	Microbulbifer aggregans	5
mice	Microbacterium sp. RG1	0
micf	Micromonospora sp. FIMYZ51	0
micg	Microlunatus sp. Gsoil 973	0
mich	Micromonospora sp. HM134	0
mici	Microbacterium sp. HA-8	1
micj	Microbacterium sp. J1-1	0
mick	Micrococcus sp. KBS0714	0
micl	Microbulbifer sp. SH-1	1
micm	Microbacterium sp. che218	0
micn	Micromonospora sp. SH-82	0
mico	Microvirga thermotolerans	1
micp	Microbacterium sp. PAMC21962	0
micr	Microbacterium sp. 1.5R	0
mics	Microbacterium sp. SGAir0570	0
mict	Microbulbifer sp. THAF38	0
micu	Micrococcus sp. HOU01	0
micy	Microbulbifer sp. YPW1	1
micz	Microbulbifer sp. GL-2	0
mid	Mycobacterium intracellulare	1018
migu	Mycoplasma iguanae	4
mih	Microbacterium sp. BH-3-3-3	0
mii	Microbulbifer sp. A4B17	0
mij	Mycolicibacterium insubricum	1
mik	Microlunatus elymi	1
mil	Micromonospora sp. L5	0
mim	Microbacterium sp. CGR1	1
mimz	Microbacterium triticisoli	1
min	Methylacidiphilum infernorum	12
mind	Methylobacterium indicum	4
minf	Mesotoga infera	5
mint	Mixta intestinalis	0
minv	Microbacterium invictum	4
minw	Minwuia sp. contig_746	0
minx	Microbacterium sp. Nx66	0
mio	Microbacterium sp. No. 7	0
mip	Microbacterium sp. PAMC 28756	0
mipp	Microbacterium sp. PAMC22086	0
miq	Microcystis sp. MC19	0
mir	Mycobacterium paraintracellulare	9
misz	Methylomagnum ishizawai	3
mit	Mycobacterium intracellulare	1018
miu	Mitsuaria sp. 7	0
miv	Microvirga sp. 17 mud 1-3	0
miw	Malacoplasma iowae	1
miwa	Methylocystis iwaonis	2
mix	Microbacterium sp. XT11	1
miz	Mycobacteroides immunogenum	1
mjd	Mycolicibacter sinensis	0
mje	Melaminivora jejuensis	4
mji	Microbacterium jiangjiandongii	1
mjj	Mucilaginibacter jinjuensis	4
mjl	Mycobacterium sp. JLS	0
mjo	Mesobacillus jeotgali	0
mjr	Mesorhizobium jarvisii	3
mkc	Methylacidiphilum kamchatkense	4
mke	Marinimicrobium sp. C6131	1
mkk	Mycobacterium kokjensenii	1
mkm	Mycobacterium sp. KMS	0
mko	Methylomonas koyamae	10
mkr	Mycolicibacillus koreensis	1
mku	Mycobacterium kubicae	5
mky	Mycobacterium kiyosense	2
mlac	Mesoplasma lactucae	1
mlag	Mesomycoplasma lagogenitalium	0
mlan	Myxococcus landrumensis	1
mlau	Methylomicrobium lacus	2
mlc	Mycoplasma leachii	8
mld	Microvirga lotononidis	7
mle	Mycobacterium leprae	5188
mlg	Methylovirgula ligni	3
mlh	Mycoplasma leachii	8
mli	Mycobacterium liflandii	12
mlil	Mariniflexile litorale	1
mlio	Maribacter litopenaei	1
mlir	Massilia litorea	1
mlit	Metabacillus litoralis	7
mliy	Microbacterium limosum	1
mlj	Mycobacterium lacus	4
mll	Mycolicibacterium litorale	4
mlq	Marinobacter sp. LQ44	0
mlt	Flagellimonas lutaonensis	0
mlut	Martelella lutilitoris	1
mlv	Microbacterium lemovicicum	2
mlz	Microbacterium lushaniae	1
mmab	Mucilaginibacter mali	1
mmaf	Methylophaga marina	5
mmag	Mycolicibacterium madagascariense	0
mmah	Candidatus Mycoplasma mahonii	1
mmai	Methylocaldum marinum	6
mman	Mycobacterium mantenii	10
mmar	Modestobacter italicus	3
mmas	Corallococcus macrosporus	5
mmat	Mycolicibacterium mageritense	7
mmau	Mycoplasmopsis maculosa	0
mmax	Megasphaera massiliensis	4
mmc	Mycobacterium sp. MCS	0
mmec	Methylophilus medardicus	0
mmed	Martelella mediterranea	8
mmee	Marinobacter metalliresistant	1
mmeg	Marinicellulosiphila megalodicopiae	1
mmeh	Candidatus Mycobacterium methanotrophicum	2
mmel	Mycoplasmopsis meleagridis	0
mmeo	Methylococcus mesophilus	2
mmi	Mycobacterium marinum	1648
mmic	Mycobacterium tuberculosis	65271
mmin	Mycolicibacter minnesotensis	0
mmio	Mycoplasma miroungirhinis	1
mmir	Mycoplasma miroungigenitalium	1
mmiv	Mycoplasma milvi	1
mmm	Mycobacterium sp. MOTT36Y	0
mmoa	Mesomycoplasma moatsii	1
mmob	Candidatus Methylospira mobilis	2
mmol	Mesomycoplasma molare	0
mmon	Mycolicibacterium monacense	0
mmor	Mycolicibacterium moriokaense	2
mmot	Methylomonas montana	1
mmr	Maricaulis maris	8
mms	Janthinobacterium sp. Marseille	0
mmuc	Mycolicibacterium mucogenicum	3
mmv	Mycobacteroides abscessus	118
mmw	Marinomonas sp. MWYL1	0
mmy	Mycoplasma mycoides	774
mmyi	Mycoplasma mycoides	774
mmym	Mycoplasma mycoides	774
mmyr	Maritalea myrionectae	3
mnc	Moraxella nasicaprae	1
mnd	Candidatus Minimicrobia naudis	1
mnf	Microbacterium neungamense	1
mnh	Mycoplasma nasistruthionis	2
mnj	Moraxella nasibovis	1
mnk	Marinobacter nanhaiticus	7
mnl	Mogibacterium neglectum	3
mnm	Mycobacterium novum	2
mnr	Massilia sp. NR 4-1	0
mns	Moraxella nasovis	3
mnu	Mesomycoplasma neurolyticum	0
mnv	Mycobacterium noviomagense	1
mny	Maricurvus nonylphenolicus	7
mob	Metamycoplasma orale	1
moc	Microvirga ossetica	3
moe	Mesomycoplasma ovipneumoniae	6
moh	Mesorhizobium onobrychidis	1
moj	Microbacterium oryzae	5
mom	Modestobacter sp. L9-4	0
mon	Pontivivens nitratireducens	0
mop	Mesorhizobium opportunistum	6
moq	Moritella sp. 36	0
mora	Moraxella sp. FZFQ2102	0
mori	Moritella sp. 24	0
mork	Moraxella sp. K02	0
morx	Moraxella sp. K23	0
mos	Faucicola osloensis	0
mot	Mycobacterium ostraviense	3
mow	Moraxella sp. DOX410	0
mox	Methylomirabilis oxygeniifera	0
moz	Methylogaea oryzae	1
mpa	Mycobacterium avium	11390
mpaa	Mycobacterium paraterrae	1
mpad	Methylomonas paludis	4
mpae	Mycolicibacterium pallens	0
mpaf	Microbulbifer pacificus	4
mpak	Mycolicibacillus parakoreensis	0
mpal	Microbacterium paludicola	7
mpaq	Mycoplasma paraquilae	1
mpat	Mycolicibacterium parafortuitum	5
mpau	Methyloradius palustris	1
mpb	Mycoplasmoides pneumoniae	8
mpc	Marinomonas posidonica	3
mpe	Malacoplasma penetrans	0
mpec	Monoglobus pectinilyticus	9
mpeg	Mannheimia pernigra	4
mpg	Mesotoga prima	9
mphb	Microbacterium phoenicis	0
mphc	Metamycoplasma phocicerebrale	0
mphe	Mycoplasma phocoenae	1
mphg	Mangrovibacter phragmitis	4
mphi	Mycoplasmopsis phocirhinis	0
mphl	Mycolicibacterium phlei	4
mphn	Mycoplasma phocoeninasale	1
mpho	Mycoplasma phocae	2
mphs	Microbacterium phosphatis	1
mphu	Mycolicibacterium phocaicum	3
mphy	Methylobacterium phyllosphaerae	5
mpin	Methylophaga pinxianii	1
mpj	Mycoplasmoides pneumoniae	8
mpli	Pseudoduganella plicata	1
mpln	Microbacterium plantarum	2
mpm	Mycoplasmoides pneumoniae	8
mpn	Mycoplasmoides pneumoniae	8
mpo	Methylorubrum populi	8
mpof	Mycolicibacterium poriferae	1
mpol	Methylocapsa polymorpha	0
mpon	Marinomonas pontica	6
mpor	Micrococcus porci	1
mpoy	Candidatus Megaera polyxenophila	0
mpq	Marinobacter psychrophilus	4
mpra	Microbacterium pratiae	0
mprc	Microcystis protocystis	3
mprf	Marinomonas profundi	2
mprn	Micromonospora profundi	4
mpro	Moorena producens	11
mprt	Microbacterium protaetiae	3
mpsc	Mycolicibacterium psychrotolerans	0
mpsh	Macrococcus psychrotolerans	1
mpsy	Methylovulum psychrotolerans	11
mpu	Mycoplasmopsis pulmonis	1
mpul	Mycoplasmopsis pullorum	0
mpur	Marichromatium purpuratum	10
mput	Mycoplasma putrefaciens	36
mpv	Mycoplasma parvum	12
mpw	Myroides profundi	10
mpx	Melissococcus plutonius	122
mqr	Mumia qirimensis	1
mra	Mycobacterium tuberculosis	65271
mraz	Mycoplasma razini	1
mre	Meiothermus ruber	53
mrf	Mycolicibacterium rufum	1
mrg	Microbacterium rhizosphaerae	4
mrh	Mycolicibacterium rhodesiae	2
mrhi	Marinomonas rhizomae	3
mri	Maioricimonas rarisocia	2
mrk	Candidatus Methylopumilus rimovensis	0
mrl	Metabacillus rhizosphaerae	1
mrm	Minicystis rosea	4
mrn	Microbacterium resistens	12
mro	Melioribacter roseus	8
mrob	Mucilaginibacter robiniae	1
mros	Methylocystis rosea	9
mrp	Methylomonas rapida	1
mrs	Allomuricauda ruestringensis	1
mrsm	Marinomonas sp. RS-M-Aa-14	0
mrub	Mucilaginibacter rubeus	7
mrx	Marinobacter sp. RI1	0
mrz	Marinobacterium rhizophilum	6
msa	Mycobacterium sp. JS623	0
msaa	Marivirga salinarum	0
msab	Mucilaginibacter sabulilitoris	5
msae	Mucilaginibacter saanensis	1
msai	Metamycoplasma salivarium	6
msak	Mycobacterium saskatchewanense	7
msal	Mycobacteroides salmoniphilum	1
msan	Marinobacter salinisoli	1
msao	Mycobacteroides saopaulense	0
msar	Mycolicibacterium sarraceniae	1
msc	Methylocystis hydrogenophila	1
msea	Mesoterricola sediminis	2
msec	Marinobacterium sediminicola	5
msed	Microbacterium sediminis	10
msee	Metabacillus sediminis	1
msei	Mycolicibacterium sediminis	1
msem	Metabacillus sediminilitoris	5
msen	Mycolicibacterium senegalense	0
mseo	Mycobacterium seoulense	5
msep	Mergibacter septicus	2
mseq	Marinarcus sediminis	0
mser	Mycobacterium senriense	1
mses	Mycoplasma seminis	2
msew	Mucilaginibacter sediminis	2
msf	Microbacterium schleiferi	10
msg	Mycolicibacterium smegmatis	121
msh	Mycolicibacterium smegmatis	121
mshe	Marinobacter shengliensis	6
msil	Mesoterricola silvestris	1
msm	Mycolicibacterium smegmatis	121
msn	Mycolicibacterium smegmatis	121
mso	Mycoplasmopsis synoviae	3
msp	Mycolicibacterium gilvum	1
mspg	Mycobacterium spongiae	1
mspn	Microbulbifer spongiae	2
mspo	Mycetocola spongiae	2
msq	Marinobacter salinus	3
msr	Marinobacter salarius	11
mss	Mycoplasma suis	90
msta	Methylomonas stagni	2
mste	Mycobacteroides stephanolepidis	0
msto	Mycobacterium stomatepiae	4
mstr	Mycoplasma struthionis	1
msud	Metamycoplasma subdolum	0
msue	Megasphaera sueciensis	6
msuf	Microbacterium sufflavum	1
msut	Mesobacillus subterraneus	1
msuw	Microbacterium suwonense	1
msv	Allomeiothermus silvanus	1
msx	Marinobacter similis	5
msy	Mycoplasmopsis synoviae	3
msyr	Mesoplasma syrphidae	2
msze	Methylocaldum szegediense	12
mtab	Mesoplasma tabanidae	1
mtad	Methylobacterium tardum	3
mtar	Candidatus Moanibacter tarae	0
mtau	Mycoplasma tauri	1
mtb	Mycobacterium tuberculosis	65271
mtc	Mycobacterium tuberculosis	65271
mtd	Mycobacterium tuberculosis	65271
mte	Mycobacterium tuberculosis	65271
mtea	Methylobacterium terrae	4
mtec	Microbacterium terricola	1
mtem	Micromonospora terminaliae	3
mter	Mycolicibacter terrae	1
mteu	Micrococcus terreus	5
mtez	Microvirga terrae	1
mtf	Mycobacterium tuberculosis	65271
mtg	Mycobacterium tuberculosis	65271
mtha	Methylophaga thalassica	8
mthc	Methylorubrum thiocyanatum	2
mthi	Mixta theicola	2
mthn	Mycolicibacterium thermoresistibile	2
mtho	Neomoorella thermoacetica	1
mthz	Neomoorella thermoacetica	1
mti	Mycobacterium tuberculosis	65271
mtim	Massilia oculi	7
mtj	Mycobacterium tuberculosis	65271
mtk	Mycobacterium tuberculosis	65271
mtl	Mycobacterium tuberculosis	65271
mtn	Mycobacterium tuberculosis	65271
mto	Mycobacterium tuberculosis	65271
mtq	Mycobacterium tuberculosis	65271
mtt	Marivirga tractuosa	8
mtu	Mycobacterium tuberculosis	65271
mtua	Micromonospora tulbaghiae	7
mtub	Mycobacterium tuberculosis	65271
mtuc	Mycobacterium tuberculosis	65271
mtud	Mucilaginibacter tundrae	1
mtue	Mycobacterium tuberculosis	65271
mtuh	Mycobacterium tuberculosis	65271
mtul	Mycobacterium tuberculosis	65271
mtun	Methylocella tundrae	11
mtur	Mycobacterium tuberculosis	65271
mtut	Mycobacterium tuberculosis	65271
mtuu	Mycobacterium tuberculosis	65271
mtuy	Mycoplasma tullyi	1
mtv	Mycobacterium tuberculosis	65271
mtx	Mycobacterium tuberculosis	65271
mty	Mycolicibacterium tokaiense	1
mtz	Mycobacterium tuberculosis	65271
muc	Mucilaginibacter xinganensis	3
muci	Mucilaginibacter florum	1
mue	Micromonospora ureilytica	4
muf	Mucilaginibacter cryoferens	1
mug	Mucilaginibacter sp. 21P	0
muh	Mucilaginibacter celer	1
muk	Mucilaginibacter oryzagri	1
mum	Pseudoduganella umbonata	1
mup	Mucilaginibacter sp. PAMC 26640	0
mur	Muriicola soli	2
mut	Flagellimonas oceani	0
muv	Candidatus Methylopumilus universalis	0
muy	Mucilaginibacter sp. cycad4	0
muz	Mumia sp. ZJ1417	0
mva	Mycolicibacterium vanbaalenii	1
mvar	Massilia varians	6
mvb	Microbulbifer variabilis	8
mvd	Microterricola viridarii	4
mver	Mycoplasmopsis verecunda	0
mvf	Moraxella veridica	1
mvg	Mannheimia varigena	16
mvi	Mannheimia varigena	16
mvl	Candidatus Minimicrobia vallesae	1
mvm	Mycolicibacter virginiensis	1
mvp	Marinivivus vitaminiproducens	1
mvq	Mycolicibacterium vaccae	1
mvr	Mannheimia sp. USDA-ARS-USMARC-1261	0
mvt	Mammaliicoccus vitulinus	4
mwa	Microbacterium wangchenii	1
mwj	Mycolicibacterium wolinskyi	1
mwn	Microbacterium wangruii	1
mwu	Candidatus Mycobacterium wuenschmannii	1
mya	Moritella yayanosii	7
myce	Mycolicibacterium sp. ELW1	0
myco	Mycoavidus sp. B2-EB	0
mycp	Mycoplasma sp. 1654_15	0
mye	Mycobacterium sp. EPa45	0
myh	Mycolicibacterium sp. HK-90	0
myha	Mycoplasma haliaeeti	1
myj	Mycobacterium sp. djl-10	0
myk	Myxococcus sp. SDU36	0
myl	Mycetocola zhujimingii	1
mym	Pseudomyxococcus hansupus	0
myn	Mycolicibacterium neoaurum	34
myo	Mycobacterium intracellulare	1018
myp	Mycoplasma sp. SG1	0
myq	Mycobacterium antarcticum	1
myr	Myroides sp. A21	0
myss	Methylosinus sp. 3S-1	0
myt	Mycoplasma yeatsii	9
myv	Mycobacterium sp. VKM Ac-1817D	0
myw	Mycobacterium sp. MS1601	0
myx	Myxococcus sp. MxC21-1	0
myy	Mycobacteroides sp. PCS013	0
myz	Myroides sp. ZB35	1
mza	Methylorubrum zatmanii	1
mzl	Candidatus Mycalebacterium zealandia	0
mzw	Marinicella algicola	1
nab	Candidatus Nanopelagicus abundans	0
nabu	Candidatus Nesciobacter abundans	0
naci	Nisaea acidiphila	0
nae	Neomicrococcus aestuarii	1
naei	Naasia aerilata	2
naeo	Novosphingobium aeonii	1
naf	Candidatus Nucleicultrix amoebiphila	1
nak	Nakamurella antarctica	1
naka	Nakamurella sp. PAMC28650	0
nake	Nocardiopsis akebiae	2
nall	Candidatus Nitrospira allomarina	0
nam	Nautilia profundicola	7
namp	Nosocomiicoccus ampullae	4
nanh	Candidatus Nanosynbacter sp.	5
nann	Nannocystis punicea	0
nano	Nocardioides anomalus	1
nant	Candidatus Nanosynbacter sp.	5
nao	Nitrospirillum viridazoti	1
nap	Nautilia sp. PV-1	0
naq	Neisseria animalis	4
naqu	Nocardioides aquaticus	5
narc	Candidatus Nitrotoga arctica	5
narm	Neopusillimonas aromaticivorans	1
nav	Natronoglycomyces albus	1
naw	Neisseria arctica	1
nax	Aquisalimonas sp. 2447	0
naz	Nostoc azollae	18
nba	Aquella oligotrophica	1
nbe	Nocardioides baekrokdamisoli	2
nbi	Nocardioides bizhenqiangii	1
nbj	Candidatus Nanogingivalaceae bacterium	0
nbl	Neisseria brasiliensis	1
nbn	Candidatus Niyogiibacteriota bacterium	0
nbt	Nocardioidaceae bacterium	0
nca	Nocardioides sp. JS614	0
ncap	Nasibacterium caprae	1
ncb	Niveispirillum cyanobacteriorum	3
ncd	Natranaerofaba carboxydovora	1
ncel	Natronocytophaga cellulosiphila	1
ncf	Nostoc cf. commune	0
ncg	Nocardiopsis changdeensis	2
nch	Neoasaia chiangmaiensis	7
ncj	Neomoorella carbonis	1
ncm	Neobacillus cucumis	7
ncn	Nostocales cyanobacterium	1
ncq	Nocardioides coralli	1
ncu	Neptunomonas concharum	4
ncw	Nostoc carneum	9
ncx	Nonomuraea coxensis	6
ndk	Nocardioides dokdonensis	8
ndl	Candidatus Nasuia deltocephalinicola	8
ndm	Nitrosomonas domestica	1
ndn	Neisseria dentiae	3
ndo	Nonlabens dokdonensis	10
ndp	Nocardioides daphniae	5
ndr	Novosphingobium decolorationis	1
ndt	Neobacillus drentensis	12
ndu	Neisseria dumasiana	4
ned	Nostoc edaphicum	11
nef	Neorickettsia findlayensis	1
neh	Oecophyllibacter saccharovorans	3
nei	Neisseria chenwenguii	2
nek	Neisseria sp. KEM232	0
nen	Neorhizobium sp. NCHU2750	0
neo	Neorhizobium sp. SOG26	0
ner	Nereida sp. NH-UV-3	0
nex	Nocardiopsis exhalans	7
ney	Neochlamydia sp. S13	0
nfc	Nocardioides faecalis	1
nfr	Nocardia farcinica	567
nfs	Nonomuraea fuscirosea	1
nft	Candidatus Nanosynbacter featherlites	0
ngf	Novosphingobium ginsenosidimutans	4
ngl	Neorhizobium galegae	14
ngo	Neisseria gonorrhoeae	12516
ngp	Nocardia gipuzkoensis	5
ngu	Nguyenibacter sp. L1	1
ngv	Nocardiopsis gilva	6
nhi	Candidatus Nanopelagicus hibericus	0
nhl	Nitrosococcus halophilus	5
nhu	Nocardia huaxiensis	2
nhum	Novosphingobium humi	4
nhy	Natronosporangium hydrolyticum	2
nia	Niabella ginsenosidivorans	2
niak	Niallia sp. Kr1	0
nib	Nibribacter ruber	2
nie	Nocardia iowensis	9
nif	Nitrospira sp. KM1	0
nig	Nissabacter sp. SGAir0207	0
nih	Nitratiruptor sp. YY08-10	0
nii	Nitrosomonas sp. Is79A3	0
nij	Niabella insulisoli	0
nik	Nitrincola iocasae	1
nil	Niallia sp. Man26	0
nim	Candidatus Nitrotoga sp.	3
nio	Candidatus Nitrospira inopinata	8
nis	Nitratiruptor sp. SB155-2	0
nit	Nitrosomonas sp. AL212	0
nitr	Nitrobacter sp. CN101	0
niv	Niveibacterium microcysteis	1
nix	Ningiella algicola	1
niy	Nitratireductor mangrovi	2
niz	Nitrosospira sp. NRS527	0
nja	Nitrospira japonica	7
njo	Candidatus Njordibacter sp.	0
njp	Neptunomonas japonica	4
nkf	Candidatus Nitrospira kreftii	2
nki	Nitratireductor kimnyeongensis	7
nko	Niastella koreensis	11
nlb	Nocardioides lacus	1
nlc	Nitrosospira lacus	2
nli	Candidatus Nitronauta litoralis	1
nln	Neisseria leonii	2
nls	Neisseria lisongii	1
nmar	Nocardioides marmotae	2
nmc	Neisseria meningitidis	9469
nmd	Neisseria meningitidis	9469
nme	Neisseria meningitidis	9469
nmes	Nocardioides mesophilus	4
nmf	Nonlabens marinus	12
nmh	Neisseria meningitidis	9469
nmi	Neisseria meningitidis	9469
nmk	Neobacillus mesonae	3
nml	Nakamurella multipartita	8
nmm	Neisseria meningitidis	9469
nmn	Neisseria meningitidis	9469
nmor	Nocardiopsis moroccensis	1
nmp	Neisseria meningitidis	9469
nmq	Neisseria meningitidis	9469
nms	Neisseria meningitidis	9469
nmt	Neisseria meningitidis	9469
nmus	Neisseria musculi	11
nmw	Neisseria meningitidis	9469
nmx	Neisseria meningitidis	9469
nmy	Nosocomiicoccus massiliensis	2
nmz	Neisseria meningitidis	9469
nna	Neobacillus niacini	5
nneo	Candidatus Nitrospira neomarina	0
nnr	Neobacillus nitrireducens	1
nnv	Neobacillus novalis	2
noa	Actinomadura parvosata	3
nob	Nonlabens sp. MB-3u-79	0
noca	Nocardioides sp. JQ2195	1
nocb	Nocardiopsis sp. LDBS0036	0
nocd	Nocardioides sp. L-11A	0
noce	Neobacillus oceani	1
nocl	Nocardioides sp. LMS-CY	0
nocm	Nocardiopsis sp. M1B1	0
nocq	Nocardioides sp. QY071	0
nocr	Nocardioides sp. Arc9.136	0
nocs	Nocardioides sp. S5-5	0
nocw	Nocardioides sp. WV_118_6	0
noe	Nostoc sp. CENA543	0
nof	Nocardioides sp. TF02-7	0
nog	Novosphingobium sp. Gsoil 351	0
noh	Nordella sp. HKS 07	0
noi	Nocardioides jishulii	2
noj	Nonlabens ponticola	1
nok	Noviherbaspirillum sp. UKPF54	0
nol	Novosphingobium olei	2
nom	Nonlabens sp. MIC269	0
non	Nostoc sp. NIES-3756	0
noo	Nocardioides dongxiaopingii	2
nop	Nostoc sp. PCC 7524	0
noq	Nocardioides okcheonensis	2
nor	Novosphingobium sp. EMRT-2	0
nos	Nostoc sp. PCC 7107	0
nosc	Nostoc sp. UHCC 0870	0
nosq	Nostoc sp. UHCC 0926	0
nost	Nostoc sp. ATCC 53789	0
nosu	Nostoc sp. UHCC 0702	0
nosz	Nostoc sp. UHCC 0302	0
not	Novosphingobium sp. THN1	3
nov	Novosphingobium sp. P6W	0
novb	Novosphingobium sp. BL-52-GroH	0
novi	Novipirellula methanifontis	1
novo	Novosphingobium sp. ES2-1	0
now	Nonomuraea phyllanthi	2
noy	Nocardioides euryhalodurans	1
noz	Nocardia sp. CS682	1
npb	Nannocystis pusilla	6
npc	Nocardioides panacisoli	4
npg	Neobacillus phoenicis	0
nphy	Neptunomonas phycophila	2
npi	Nocardioides piscis	1
npj	Natronotalea proteinilytica	1
npk	Nocardioides pymetrozini	1
npm	Neorhizobium petrolearium	2
npp	Novosphingobium sp. PP1Y	2
nps	Nocardioides panacis	1
npv	Candidatus Nitricoxidivorans perseverans	0
npy	Candidatus Nitrosymbiomonas proteolyticus	0
npz	Nostoc piscinale	7
nre	Novosphingobium resinovorum	10
nrh	Nitratireductor rhodophyticola	1
nrn	Nocardioides renjunii	1
nro	Nocardioides rotundus	2
nrz	Novosphingobium rhizosphaerae	5
nsa	Nitratifractor salsuginis	4
nsd	Nonlabens tegetincola	4
nsg	Neisseria shayeganii	8
nsi	Neisseria mucosa	167
nsl	Nocardia mangyaensis	3
nsm	Neotabrizicola shimadae	2
nsn	Nocardioides seonyuensis	1
nso	Niabella soli	10
nsph	Nodularia sphaerocarpa	11
nspu	Nocardia sputorum	4
nst	Nitrosomonas stercoris	4
ntb	Niveibacterium terrae	0
ntc	Nocardia tengchongensis	2
ntd	Caenibius tardaugens	4
ntg	Candidatus Nitrosacidicoccus tergens	0
ntgc	Niallia tiangongensis	1
nti	Nitrospira tepida	1
ntm	Neobacillus thermocopriae	2
ntn	Neokomagataea tanensis	3
ntr	Novibacillus thermophilus	2
ntt	Candidatus Nitrosoglobus terrae	1
ntu	Nitratireductor thuwali	2
ntx	Niallia taxi	2
nul	Nonlabens ulvanivorans	9
nva	Candidatus Nitrohelix vancouverensis	1
nvu	Nocardia vulneris	8
nwa	Nitrosococcus watsonii	3
nwd	Neisseria wadsworthii	4
nwr	Nitrosococcus wardiae	1
nwt	Nitrospina watsonii	2
nwx	Neisseria weixii	2
nya	Nocardia yamanashiensis	5
nyn	Paraniabella yanshanensis	0
nyu	Nocardia yunnanensis	2
nzl	Neisseria zalophi	2
nzs	Strawberry lethal	4
oac	Oxynema acuminatum	0
oal	Oxalobacter aliiformigenes	1
oan	Brucella anthropi	15
oao	Oenococcus alcoholitolerans	2
oaq	Olleya aquimaris	4
oar	Octadecabacter arcticus	5
oat	Octadecabacter antarcticus	5
oax	Oceanicaulis alexandrii	7
oba	Congregicoccus parvus	1
obg	Lacunisphaera limnophila	0
obt	Opitutaceae bacterium	3
obv	Occallatibacter bavaricus	1
oca	Afipia carboxidovorans	6
occ	Ochrobactrum sp. BTU1	0
ocd	Oceanicola sp. D3	0
oce	Oceanimonas sp. GK1	0
ocf	Okeanomitos corallinicola	1
ocg	Afipia carboxidovorans	6
och	Ochrobactrum quorumnocens	7
oci	Oceanihabitans sp. IOP_32	0
ocj	Oceanimonas sp. AH20CE76	0
ock	Oceanispirochaeta crateris	1
ocl	Ochrobactrum sp. EEELCW01	0
ocm	Oceanisphaera avium	1
ocn	Oceanobacillus zhaokaii	1
oco	Afipia carboxidovorans	6
ocp	Ornithinimicrobium cryptoxanthini	1
ocr	Ochrobactrum sp. MT180101	0
ocs	Oceanotoga sp. DSM 15011	0
oct	Octadecabacter sp. SW4	0
ocw	Oceanirhabdus sp. W0125-5	0
ocy	Tepiditoga spiralis	2
odh	Orrella daihaiensis	1
odi	Orrella dioscoreae	6
oek	Oerskovia sp. KBS0722	0
oen	Oenococcus sp. UCMA 16435	0
ofa	Ornithinimicrobium faecis	1
ofr	Okibacterium fritillariae	4
ohi	Oscillibacter hominis	0
ohm	Candidatus Ornithobacterium hominis	4
oho	Owenweeksia hongkongensis	9
oim	Opacimonas immobilis	2
ojd	Oceanobacillus jeddahensis	0
okm	Oceanobacillus kimchii	4
oko	Owariibacterium komagatae	1
ole	Horticoccus luteus	2
oli	Olivibacter sp. LS-1	0
oll	Olleya sp. Bg11-27	0
olo	Olsenella sp. oral taxon 807	0
olv	Oleiharenicola sp. Vm1	0
ome	Oleiphilus messinensis	2
omo	Orbus mooreae	1
oni	Oscillatoria nigro-viridis	5
ooi	Otariodibacter oris	4
ope	Oceanimonas pelagia	1
opf	Oceanisphaera profunda	5
opr	Oceanithermus profundus	7
ops	Brucella pseudogrignonensis	3
opu	Ornithinimicrobium pulveris	1
orb	Zophobihabitans entericus	2
ord	Ornithinimicrobium sp. INDO-MA30-4	0
ori	Ornithobacterium rhinotracheale	220
orm	Oricola thermophila	3
orn	Ornithinimicrobium avium	2
orp	Occallatibacter riparius	4
orz	Ornithinimicrobium ciconiae	1
ose	Oceanirhabdus seepicola	1
osg	Oceanicoccus sagamiensis	2
osi	Oenococcus sicerae	3
ost	Oceaniradius stylonematis	2
osu	Oceaniferula spumae	1
osv	Orbus sturtevantii	1
otd	Ottowia testudinis	1
ote	Opitutus terrae	10
otk	Ottowia oryzae	2
otm	Octadecabacter temperatus	3
oto	Ottowia sp. oral taxon 894	0
otr	Oryzomicrobium terrae	1
ott	Orientia tsutsugamushi	1414
ovb	Oxalobacter vibrioformis	0
owh	Orbus wheelerorum	1
oxy	Oxynema aestuarii	2
paae	Paenimyroides aestuarii	1
paak	Paracoccus sp. AK26	0
pabc	Parabacteroides absconsus	1
pabo	Pajaroellobacter abortibovis	7
pabs	Polycladomyces abyssicola	4
paby	Salipiger abyssi	0
pac	Cutibacterium acnes	1756
paca	Candidatus Odyssella acanthamoebae	0
pacb	Pectobacterium actinidiae	5
pacc	Cutibacterium acnes	1756
pace	Syntrophotalea acetylenica	2
pach	Cutibacterium acnes	1756
pacl	Paenibacillus sp. CAA11	0
pacn	Cutibacterium acnes	1756
paco	Arcobacter acticola	4
pacp	Paraburkholderia acidiphila	2
pacr	Pigmentiphaga aceris	2
pacs	Paraburkholderia acidisoli	1
pact	Pontibacter actiniarum	10
pacu	Paenibacillus sp. Cedars	0
pad	Cutibacterium acnes	1756
padd	Paraburkholderia sp. DD10	0
pade	Candidatus Pseudomonas adelgestsugas	0
pady	Paenibacillus salivarius	1
pae	Pseudomonas aeruginosa	82978
paea	Paenibacillus sp. FSL R7-0273	0
paeb	Pseudomonas aeruginosa	82978
paec	Pseudomonas aeruginosa	82978
paed	Pseudohalocynthiibacter aestuariivivens	4
paee	Paenibacillus sp. FSL R7-0331	0
paef	Paenibacillus sp. FSL R5-0345	0
paeg	Pseudomonas aeruginosa	82978
paeh	Paenibacillus sp. FSL H7-0357	0
paei	Pseudomonas aeruginosa	82978
paej	Paenibacillus sp. FSL H7-0737	0
paek	Paenisporosarcina cavernae	0
pael	Pseudomonas aeruginosa	82978
paem	Pseudomonas aeruginosa	82978
paen	Paenibacillus sp. FSL P4-0081	0
paeo	Pseudomonas aeruginosa	82978
paep	Pseudomonas aeruginosa	82978
paeq	Paenibacillus sp. FSL R5-0912	0
paer	Pseudomonas aeruginosa	82978
paes	Pseudomonas aeruginosa	82978
paeu	Pseudomonas aeruginosa	82978
paev	Pseudomonas aeruginosa	82978
paew	Paraneptunicella aestuarii	2
paex	Paracoccus aestuarii	11
paey	Paeniglutamicibacter sp. Y32M11	0
paez	Paracoccus aerodenitrificans	1
paf	Pseudomonas aeruginosa	82978
pafa	Paenibacillus sp. FA6	0
pag	Pseudomonas aeruginosa	82978
pagi	Pseudaeromonas aegiceratis	1
pago	Paenarthrobacter sp. GOM3	0
pagr	Permianibacter aggregans	3
paih	Paenibacillus sp. IHB B 3084	0
pais	Paucibacter sediminis	3
pajc	Parapusillimonas sp. JC17	0
pajn	Paenibacillus sp. JNUCC32	0
pak	Cutibacterium acnes	1756
pakh	Photorhabdus akhurstii	11
palb	Paenibacillus albus	1
palc	Aquipseudomonas alcaligenes	1
palf	Pantoea alfalfae	3
palg	Parasphingopyxis algicola	2
pali	Psychrobacter alimentarius	9
palj	Pendulispora albinea	0
pall	Ectopseudomonas alcaliphila	1
palm	Paludihabitans sp. MB14-C6	0
paln	Pseudoalteromonas aliena	5
palo	Paenibacillus algicola	2
palp	Paracoccus alcaliphilus	8
palq	Pseudonocardia alni	12
palr	Paenibacillus albicereus	2
pals	Paracoccus albus	1
palt	Pantoea allii	8
palu	Pseudoglutamicibacter albus	0
palv	Pseudomonas alvandae	2
palw	Pseudooceanicola algae	1
palx	Ponticoccus alexandrii	3
pam	Pantoea ananatis	303
pamo	Profundibacter amoris	1
pamt	Pantoea sp. MT58	0
pamz	Paenibacillus sp. M2	0
pana	Planococcus antarcticus	11
panc	Paenisporosarcina antarctica	1
pand	Pandoraea sp. XY-2	2
pane	Pantoea sp. X85	0
panf	Pseudooceanicola antarcticus	7
panh	Pseudomonas anuradhapurensis	1
pani	Polynucleobacter antarcticus	0
panm	Pseudidiomarina andamanensis	1
pann	Pandoraea sp. NE5	0
panp	Pantoea sp. PSNIH2	0
pans	Pantoea sp. SO10	0
pant	Pantoea sp. PSNIH1	0
panv	Pseudocolwellia antarctica	1
panx	Pandoraea sp. XJJ-1	0
pany	Paenarthrobacter sp. NyZ202	0
panz	Pantoea sp. SOD02	0
pao	Pantoea sp. At-9b	0
pap	Pseudomonas paraeruginosa	10
papg	Paraburkholderia sp. PGU19	0
papk	Paenibacillus sp. PK1-4R	0
papp	Proteus appendicitidis	2
paq	Pantoea ananatis	303
paqa	Kinneretia aquatilis	1
paqc	Planctomicrobium aquicomposti	1
paqi	Pseudemcibacter aquimaris	1
paqm	Candidatus Paraluminiphilus aquimaris	0
paqt	Phreatobacter aquaticus	0
paqu	Pectobacterium aquaticum	6
para	Paraburkholderia sp. SOS3	0
parb	Paraburkholderia aromaticivorans	7
parc	Parabacteroides sp. CT06	1
pard	Polynucleobacter arcticus	0
parg	Parageobacillus sp. KH3-4	0
parj	Parasphingorhabdus cellanae	1
park	Paralcaligenes sp. KSB-10	0
parl	Pectobacterium araliae	1
parn	Paraconexibacter antarcticus	1
paro	Paracoccus tegillarcae	3
parp	Parasphingopyxis sp. CP4	0
parq	Paraconexibacter sp. AEG42_29	0
parr	Paracoccus sp. Arc7-R13	0
pars	Paracoccus suum	1
paru	Paracoccus jeotgali	1
parz	Parasaccharibacter sp. TMW 2.1888	0
pasa	Peribacillus asahii	1
pasb	Paenibacillus sp. S25	0
pasg	Pseudomonas asgharzadehiana	0
pasn	Paenibacillus sp. SN-8-1	0
pass	Pseudomonas alabamensis	2
past	Pseudomonas asturiensis	3
pasz	Paenibacillus sp. S02	0
pat	Paraglaciecola sp. T6c	0
pate	Photobacterium atrarenae	1
pati	Patiriisocius sp. Uisw_017	0
patl	Phocoenobacter atlanticus	5
pato	Pectobacterium atrosepticum	219
patr	Pectobacterium atrosepticum	219
patu	Patiriisocius sp. Uisw_047	0
pau	Pseudomonas aeruginosa	82978
paub	Paenibacillus sp. URB8-2	0
paui	Parerythrobacter aurantius	1
paun	Paenibacillus aurantius	1
paur	Pistricoccus aurantiacus	1
paus	Propionibacterium australiense	4
pauu	Polyangium aurulentum	2
pav	Cutibacterium acnes	1756
pavl	Pseudomonas avellanae	12
pavv	Prunus avium	763
paw	Cutibacterium acnes	1756
pax	Cutibacterium acnes	1756
payg	Paenibacillus sp. YPG26	0
payj	Paenarthrobacter sp. YJN-5	0
payn	Paenarthrobacter sp. YJN-D	0
paz	Cutibacterium acnes	1756
paze	Pseudomonas azerbaijanorientalis	0
pazz	Paraburkholderia sp. 22B1P	0
pbab	Pseudomonas bambusae	1
pbae	Roseinatronobacter sp. S2	0
pbaj	Svornostia abyssi	1
pbal	Candidatus Bodocaedibacter vickermanii	2
pbam	Pseudomonas batumici	11
pban	Pasteurellaceae bacterium	4
pbap	Engelhardtia mirabilis	0
pbas	Limihaloglobus sulfuriphilus	1
pbat	Polaribacter batillariae	1
pbau	Pseudomonadaceae bacterium	0
pbb	Thiopseudomonas alkaliphila	3
pbc	Pseudomonas brassicacearum	85
pbej	Pseudomonas beijingensis	1
pben	Pseudomonas benzopyrenica	5
pber	Pseudomonas berkeleyensis	0
pbez	Pseudomonas benzenivorans	3
pbf	Promineifilum breve	1
pbh	Caldimonas brevitalea	1
pbiz	Desulfobaculum bizertense	0
pbj	Paenibacillus beijingensis	7
pbk	Paenibacillus baekrokdamisoli	2
pbm	Stutzerimonas balearica	6
pbo	Acidipropionibacterium acidipropionici	17
pbon	Paraburkholderia bonniea	5
pbor	Paludisphaera borealis	6
pbp	Sedimentisphaera salicampi	0
pbq	Peptostreptococcaceae bacterium	2
pbr	Parvularcula bermudensis	8
pbri	Pseudovibrio brasiliensis	3
pbro	Pseudonocardia broussonetiae	2
pbru	Pendulispora brunnea	0
pbry	Paraburkholderia bryophila	2
pbrz	Phaeobacter bryozoorum	1
pbs	Rubinisphaera brasiliensis	4
pbt	Fermentimonas caenicola	5
pbu	Sedimentisphaera cyanobacteriorum	0
pbub	Pseudomonas bubulae	5
pbuc	Hoylesella buccalis	1
pbut	Peribacillus butanolivorans	4
pbv	Paenibacillus bovis	6
pbw	Pseudoalteromonas sp. Bsw20308	0
pby	Segatella bryantii	5
pbz	Pseudomonas bijieensis	12
pca	Syntrophotalea carbinolica	2
pcaa	Pseudomonas canadensis	6
pcac	Pectobacterium cacticida	2
pcaf	Paraburkholderia caffeinilytica	4
pcah	Pleomorphochaeta caudata	2
pcal	Parageobacillus caldoxylosilyticus	9
pcam	Aquipseudomonas campi	0
pcas	Pseudomonas alvandae	2
pcat	Parolsenella catena	2
pcau	Candidatus Parvibacillus calidus	1
pcav	Pseudomonas cavernae	0
pcax	Afipia carboxydohydrogena	1
pcay	Persicimonas caeni	1
pcaz	Piscinibacterium candidicorallinum	2
pcea	Polaribacter cellanae	1
pcel	Paenibacillus cellulosilyticus	6
pcet	Paenimyroides ceti	1
pche	Ectopseudomonas chengduensis	1
pchi	Paenibacillus chitinolyticus	11
pchl	Stutzerimonas chloritidismutans	7
pchp	Pseudomonas chlororaphis	536
pchu	Pontibacillus chungwhensis	10
pcim	Pseudomonas cimarronensis	1
pcj	Paraburkholderia caledonica	9
pck	Candidatus Pantoea carbekii	8
pcn	Cutibacterium acnes	1756
pcoa	Pectobacterium colocasium	4
pcol	Proteus columbae	2
pcom	Pandoraea commovens	2
pcon	Paracoccus contaminans	3
pcop	Phocaeicola coprophilus	4
pcor	Poriferisphaera corsica	1
pcos	Polynucleobacter corsicus	0
pcou	Prevotella communis	2
pcp	Pseudomonas chlororaphis	536
pcre	Porphyromonas crevioricanis	11
pct	Pectobacterium carotovorum	554
pcu	Candidatus Protochlamydia amoebophila	7
pcuc	Pseudomonas cucumis	1
pcv	Pectobacterium odoriferum	5
pcx	Paenibacillus crassostreae	1
pcz	Pseudomonas chlororaphis	536
pdai	Planococcus daihaiensis	1
pdal	Pseudomonas allii	2
pdan	Pseudomonas danubii	0
pdc	Clostridioides difficile	6247
pdd	Pseudoxanthomonas daejeonensis	4
pde	Paracoccus denitrificans	1317
pdec	Planococcus dechangensis	3
pdel	Pseudarthrobacter defluvii	1
pdes	Peteryoungia desertarenae	1
pdeu	Pseudomonas defluvii	4
pdf	Clostridioides difficile	6247
pdg	Planococcus donghaensis	9
pdh	Paenibacillus donghaensis	3
pdim	Paracoccus sediminicola	2
pdio	Paraburkholderia dioscoreae	3
pdis	Candidatus Pantoea soli	0
pdiz	Pampinifervens diazotrophicum	1
pdk	Pseudomonas aeruginosa	82978
pdq	Polynucleobacter duraquae	1
pdr	Pseudomonas sp. ATCC 13867	0
pdx	Pseudonocardia benzenivorans	4
pea	Pseudoalteromonas espejiana	12
peb	Peptostreptococcus equinus	1
pecq	Pseudonocardia sp. EC080619-01	0
pect	Candidatus Phaeomarinibacter ectocarpi	0
ped	Peptoniphilus sp. ING2-D1G	0
peda	Pedobacter terrestris	1
pedf	Pedobacter sp. FW305-3-2-15-E-R2A2	0
pedm	Pedobacter paludisoli	1
pedo	Pedobacter sp. WC2423	0
pef	Syntrophotalea acetylenivorans	1
peg	Candidatus Pelagibacter giovannonii	0
peh	Planctopirus ephydatiae	1
pei	Phycicoccus endophyticus	4
pej	Pedobacter aquae	1
pek	Pedobacter sp. KBS0701	0
pel	Candidatus Pelagibacter sp.	4
pela	Candidatus Pelagibacter sp.	4
pem	Pelagibacterium flavum	1
peo	Hoylesella enoeca	0
pep	Pedobacter sp. PACM 27299	0
pequ	Peptoniphilus equinus	2
per	Pantoea eucrina	9
perd	Peredibacter sp. HCB2-198	0
peri	Peribacillus sp. R9-11	0
perj	Peribacillus sp. JNUCC41	0
perr	Peribacillus sp. RS7	0
pers	Peribacillus sp. S4	0
pes	Candidatus Sodalis pierantonii	0
pesi	Peribacillus sedimenti	1
pest	Paraperibacillus esterisolvens	1
pet	Petrimonas sp. IBARAKI	0
petr	Petroclostridium sp. X23	0
pev	Pedobacter sp. D749	0
pew	Paraburkholderia edwinii	2
pex	Pedobacter endophyticus	1
pez	Pseudomonas eucalypticola	2
pezz	Paenibacillus sp. E222	0
pfaa	Pusillibacter faecalis	0
pfae	Planococcus faecalis	3
pfai	Parabacteroides faecis	3
pfak	Pseudomonas fakonensis	0
pfe	Pseudomonas ogarae	9
pfeo	Paracoccus ferrooxidans	1
pfer	Paludibaculum fermentans	4
pfg	Pandoraea faecigallinarum	3
pfib	Pandoraea fibrosis	2
pfis	Paracoccus fistulariae	4
pfit	Pseudomonas fitomaticsae	2
pfla	Phytohabitans flavus	4
pfli	Pseudoalteromonas maricaloris	5
pflo	Pampinifervens florentissimum	1
pflu	Plantibacter flavus	7
pflx	Paludibacterium flexuosum	1
pfly	Pseudomyxococcus flavus	1
pfn	Pseudomonas fluorescens	6300
pfo	Pseudomonas fluorescens	6300
pfou	Pseudomonas fortuita	1
pfra	Candidatus Phytoplasma fraxini	5
pfre	Propionibacterium freudenreichii	454
pfs	Pseudomonas fluorescens	6300
pfus	Prevotella fusca	2
pfuw	Metapseudomonas furukawaii	1
pfw	Pseudomonas simiae	80
pgb	Photobacterium gaetbulicola	4
pgf	Pseudomonas germanica	1
pgh	Photobacterium ganghwense	9
pgin	Panacibacter ginsenosidivorans	5
pgis	Paraburkholderia ginsengisoli	0
pgj	Pedobacter gandavensis	2
pgk	Peptoniphilus genitalis	1
pgl	Phaeobacter inhibens	113
pgla	Planococcus glaciei	3
pgn	Porphyromonas gingivalis	11182
pgo	Pseudobacter ginsenosidimutans	4
pgs	Pedobacter ginsengisoli	7
pgt	Porphyromonas gingivalis	11182
pgv	Polymorphum gilvum	6
pgy	Pseudomonas glycinae	12
pgz	Mixta gaviniae	0
pha	Pseudoalteromonas translucida	4
phae	Phaeobacter sp. G2	0
phag	Providencia hangzhouensis	8
phal	Polaribacter haliotis	4
phao	Parasphingorhabdus halotolerans	1
phb	Phenylobacterium parvum	1
pheb	Paenibacillus hebaui	1
phef	Pseudomonas hefeiensis	1
phei	Providencia heimbachae	10
pher	Prevotella herbatica	1
phex	Paenibacillus hexagrammi	1
phey	Phenylobacterium sp. NIBR 498073	0
phf	Ectopseudomonas hydrolytica	0
phg	Polaribacter huanghezhanensis	5
phh	Pseudonocardia sp. HH130630-07	0
phj	Guptibacillus hwajinpoensis	2
phk	Paenibacillus hunanensis	11
phl	Pelagibacterium halotolerans	12
phm	Phycisphaera mikurensis	3
phn	Paenalcaligenes hominis	9
phom	Pseudomonas hormoni	2
phon	Pauljensenia hongkongensis	1
phor	Candidatus Sodalinema alkaliphilum	1
phos	Phosphitispora sp. TUW77	0
phot	Photobacterium sp. CCB-ST2H9	0
php	Phaeobacter porticola	4
phq	Phaeobacter sp. LSS9	0
phr	Phreatobacter cathodiphilus	2
phrz	Paenarthrobacter sp. R1	0
phs	Paraburkholderia hospita	2
pht	Phyllobacterium zundukense	1
phun	Paraburkholderia kururiensis	3
phv	Pseudomonas hamedanensis	0
phw	Phycicoccus sp. HDW14	0
phy	Pseudothermotoga hypogea	1
phyd	Paraglaciecola hydrolytica	3
phyg	Pseudomonas hygromyciniae	1
phyl	Phyllobacterium sp. 628	0
phz	Porphyrobacter sp. HT-58-2	0
pia	Pseudoalteromonas issachenkonii	12
pib	Paenibacillus ihbetae	1
pie	Pseudomonas iranensis	3
pig	Pigmentiphaga sp. H8	0
pih	Paenibacillus sp. IHBB 10380	0
pii	Paramuribaculum intestinale	7
pij	Pigmentibacter sp. JX0631	0
pil	Paenarthrobacter ilicis	6
pim	Pseudomonas imrae	1
pip	Picosynechococcus sp. PCC 11901	0
pir	Pirellula sp. SH-Sr6A	0
piu	Polynucleobacter ibericus	0
piv	Aedoeadaptatus ivorii	0
pix	Pseudomonas inefficax	6
piz	Pseudomonas izuensis	2
pjd	Paenibacillus sp. JDR-2	2
pji	Pantoea jilinensis	3
pjp	Pseudoxanthomonas japonensis	8
pka	Paenibacillus kyungheensis	5
pkb	Paenibacillus kribbensis	10
pkd	Paracoccus kondratievae	10
pke	Pseudomonas kribbensis	10
pkf	Paraburkholderia kirstenboschensis	3
pkg	Stutzerimonas kunmingensis	3
pkh	Ectopseudomonas khazarica	1
pkj	Pseudomonas kielensis	4
pkk	Pseudomonas kurunegalensis	5
pkm	Pseudomonas kermanshahensis	1
pko	Pontibacter korlensis	13
pkp	Paenibacillus konkukensis	3
pkq	Pseudoxanthomonas koreensis	3
pks	Priestia koreensis	4
pkt	Paucibacter sp. KCTC 42545	0
pku	Planococcus kocurii	8
pkv	Pseudomonas khavaziana	1
pkw	Planococcus koreensis	1
pky	Psychrobacter sp. KH172YL61	0
plaa	Plantibacter sp. RU18	0
plab	Plantactinospora sp. BC1	0
plad	Paraburkholderia largidicola	1
plak	Candidatus Planktophila dulcis	0
plal	Metapseudomonas lalkuanensis	1
plan	Candidatus Planktophila lacus	0
plao	Planococcus sp. 11815	1
plap	Plantibacter sp. PA-3-X8	0
plar	Candidatus Profftia lariciata	0
plas	Parasalinivibrio latis	1
plat	Plantactinospora sp. BB1	0
play	Planococcus halotolerans	8
plaz	Providencia lanzhouensis	1
plb	Candidatus Portiera aleyrodidarum	34
plc	Candidatus Portiera aleyrodidarum	34
plcg	Palleronia sp. LCG004	0
pld	Candidatus Portiera aleyrodidarum	34
ple	Candidatus Portiera aleyrodidarum	34
plei	Pleionea litopenaei	1
plen	Paenibacillus lentus	10
pleo	Pleomorphomonas sp. SM30	0
plf	Pantoea ananatis	303
plh	Planctomyces sp. SH-PL62	0
pli	Candidatus Portiera aleyrodidarum	34
plia	Paracoccus liaowanqingii	2
plig	Pristimantibacillus lignocellulolyticus	1
plij	Pseudomonas lijiangensis	1
plim	Candidatus Planktophila limnetica	2
plio	Planctomicrobium limosum	1
pliq	Planococcus liqunii	1
plir	Paenibacillus litoralis	1
plis	Pseudomonas serboccidentalis	1
plit	Polaribacter litorisediminis	1
plk	Plantactinospora sp. KBS50	0
pll	Planococcus versutus	3
plm	Planctopirus limnophila	11
pln	Planococcus sp. PAMC 21323	0
plo	Candidatus Portiera aleyrodidarum	34
plon	Polystyrenella longa	2
plp	Pleurocapsa sp. PCC 7327	0
plr	Candidatus Portiera aleyrodidarum	34
pls	Planctomyces sp. SH-PL14	0
plt	Pelodictyon luteolum	8
plue	Pseudoduganella lutea	0
pluf	Candidatus Phytoplasma luffae	3
plum	Photorhabdus laumondii	31
plut	Paenibacillus lutimineralis	1
plx	Planococcus sp. MB-3u-03	0
ply	Candidatus Portiera aleyrodidarum	34
plyc	Paenibacillus lycopersici	1
plzh	Paenibacillus sp. lzh-N1	0
pmad	Prauserella marina	8
pmaf	Paraperibacillus marinus	1
pmag	Providencia manganoxydans	4
pmah	Paenibacillus marchantiae	1
pmai	Paraphotobacterium marinum	6
pmak	Paramixta manurensis	2
pmam	Pseudomonas maumuensis	0
pmao	Pseudomonas marincola	4
pmar	Planococcus sp. Y42	0
pmas	Pelagerythrobacter marinus	0
pmaw	Planctobacterium marinum	2
pmaz	Pseudoalteromonas maricaloris	5
pmb	Prochlorococcus marinus	131
pmc	Prochlorococcus marinus	131
pme	Prochlorococcus marinus	131
pmea	Glacieibacterium megasporae	0
pmeg	Paraburkholderia megapolitana	2
pmeh	Paracoccus methylovorus	2
pmel	Phyllobacterium meliloti	1
pmem	Puribacter membranae	1
pmen	Pseudodesulfovibrio methanolicus	2
pmes	Paraglaciecola mesophila	4
pmet	Phototrophicus methaneseepsis	3
pmf	Prochlorococcus marinus	131
pmg	Prochlorococcus marinus	131
pmh	Prochlorococcus marinus	131
pmi	Prochlorococcus marinus	131
pmik	Prevotella mikamonis	1
pmj	Prochlorococcus marinus	131
pmk	Ectopseudomonas mendocina	1
pmm	Prochlorococcus marinus	131
pmn	Prochlorococcus marinus	131
pmob	Pyruvatibacter mobilis	2
pmoe	Pseudomonas monsensis	3
pmor	Pseudomonas moorei	12
pmos	Pseudomonas soli	9
pmot	Pseudomonas monteilii	102
pmr	Proteus mirabilis	6825
pms	Paenibacillus mucilaginosus	40
pmt	Prochlorococcus marinus	131
pmu	Pasteurella multocida	4799
pmuc	Petrimonas mucosa	6
pmud	Pseudomonas mucidolens	11
pmuf	Prevotella multiformis	6
pmui	Pseudomonas multiresinivorans	6
pmul	Pasteurella multocida	4799
pmuo	Pedobacter mucosus	2
pmus	Planctomicrobium mucosum	1
pmut	Paracoccus mutanolyticus	3
pmuy	Pseudomonas muyukensis	0
pmv	Pasteurella multocida	4799
pmw	Paenibacillus mucilaginosus	40
pmy	Ectopseudomonas mendocina	1
pmz	Prevotella melaninogenica	386
pnb	Pseudomonas nunensis	3
pnc	Pseudomonas aeruginosa	82978
pnd	Pirellulimonas nuda	1
pnf	Pelagibacterium nitratireducens	4
pnh	Pseudalkalibacillus nanhaiensis	1
pnj	Paenibacillus nitricinens	1
pnk	Paenibacillus nuruki	1
pnl	Candidatus Protochlamydia naegleriophila	0
pnn	Pseudomonas nanhaiensis	1
pnoc	Psychrobacter noctis	1
pnp	Paenibacillus naphthalenovorans	5
pnr	Pandoraea norimbergensis	7
pns	Erythrobacter neustonensis	0
pnu	Polynucleobacter asymbioticus	6
pnw	Pseudodesulfovibrio nedwellii	1
poa	Polaribacter sp. ALD11	0
pob	Polaribacter vadi	2
poc	Segatella oris	4
poe	Candidatus Phytoplasma oryzae	8
pof	Pontibacillus sp. HMF3514	0
poh	Polynucleobacter paneuropaeus	2
poj	Metapseudomonas otitidis	1
pok	Pseudarthrobacter oxydans	5
pol	Polaromonas sp. JS666	0
pola	Polaribacter sp. BM10	0
polh	Polynucleobacter sp. HIN6	0
polk	Polynucleobacter sp. KF022	0
poll	Pollutimonas sp. M17	0
poln	Polynucleobacter sp. SHI8	0
polq	Polaribacter sp. Q13	0
polt	Polynucleobacter sp. TUM22923	0
poly	Polynucleobacter sp. SHI2	0
pom	Polaribacter sp. MED152	0
pona	Pontibacillus sp. ALD_SL1	0
pond	Candidatus Ponderosibacter sp.	0
pons	Pontimicrobium maritimum	0
pont	Pontibacter sp. SGAir0037	0
poo	Polaromonas sp. Pch-P	0
poq	Polymorphobacter sp. PAMC 29334	0
porc	Porphyrobacter sp. CACIAM 03H1	0
porl	Porphyrobacter sp. LM 6	0
porp	Porphyromonas sp. oral taxon 275	0
port	Porticoccus sp. Uisw_050_02	0
poru	Porphyrobacter sp. ULC335	0
pory	Pseudomonas oryziphila	1
pos	Polaromonas sp. SP1	0
pot	Porphyrobacter sp. YT40	0
pow	Paenibacillus sp. 32O-W	0
pox	Pandoraea oxalativorans	5
poz	Pontivivens ytuae	1
ppaa	Pseudomonas paraeruginosa	10
ppaf	Pelagovum pacificum	2
ppag	Parvimonas parva	4
ppai	Paraburkholderia pallida	3
ppak	Pyxidicoccus parkwayensis	0
ppal	Polynucleobacter paludilacus	0
ppao	Pseudomonas phytophila	0
ppar	Pectobacterium parmentieri	27
ppav	Pectobacterium parvum	5
ppb	Pseudomonas putida	8121
ppc	Pseudopropionibacterium propionicum	13
ppd	Pelobacter propionicus	9
ppe	Pediococcus pentosaceus	1181
ppec	Polaribacter pectinis	1
pped	Phyllobacterium pellucidum	2
ppeg	Pseudomonas pergaminensis	4
ppel	Pseudonocardia petroleophila	2
ppen	Pediococcus pentosaceus	1181
ppet	Candidatus Purcelliella pentastirinorum	2
ppeu	Pectobacterium peruviense	2
ppf	Pseudomonas putida	8121
ppg	Pseudomonas putida	8121
pph	Pelodictyon phaeoclathratiforme	3
ppha	Halopseudomonas phragmitis	0
pphg	Parvimonas pharyngis	1
pphi	Pantoea phytostimulans	1
pphn	Pseudomonas phenolilytica	1
ppho	Pantoea phytobeneficialis	2
pphp	Pengzhenrongella phosphoraccumulans	2
pphs	Candidatus Phytoplasma australasiaticum	9
ppht	Candidatus Pelagisphaera phototrophica	0
pphy	Candidatus Phytoplasma asiaticum	2
pphz	Pseudomonas phoenicis	0
ppi	Pseudomonas putida	8121
ppic	Phaeobacter piscinae	6
ppii	Pseudomonas piscis	2
ppil	Photobacterium piscicola	4
ppla	Planococcus plakortidis	8
ppnm	Pandoraea pnomenusa	51
ppno	Pandoraea pnomenusa	51
ppo	Paenibacillus polymyxa	669
ppoa	Pectobacterium polaris	10
ppoc	Peptostreptococcus porci	1
ppod	Peterkaempfera podocarpi	1
ppog	Paenibacillus polygoni	1
ppol	Paenibacillus polymyxa	669
ppon	Psychroserpens ponticola	1
ppoo	Pectobacterium polonicum	3
ppor	Pseudodesulfovibrio portus	2
ppos	Paenibacillus polysaccharolyticus	2
ppoy	Paenibacillus polymyxa	669
ppq	Paenibacillus polymyxa	669
ppr	Photobacterium profundum	57
pprc	Pseudomonas protegens	325
pprf	Pseudodesulfovibrio profundus	2
pprg	Pseudomonas promysalinigenes	2
ppro	Pseudomonas protegens	325
pprt	Paenibacillus protaetiae	2
ppru	Paroceanicella profunda	1
pprx	Parelusimicrobium proximum	1
ppsc	Paenibacillus psychroresistens	1
ppse	Ectopseudomonas oleovorans	2
ppsl	Pseudomonas oryzihabitans	100
ppso	Parasedimentitalea psychrophila	2
ppsr	Peribacillus psychrosaccharolyticus	0
ppst	Psychrobacillus psychrotolerans	5
ppsu	Planktothrix pseudagardhii	1
ppsv	Persicobacter psychrovividus	1
ppsy	Pseudomonas versuta	7
ppt	Pseudomonas putida	8121
ppu	Pseudomonas putida	8121
ppud	Pseudomonas putida	8121
ppuh	Pseudomonas putida	8121
ppuj	Pectobacterium punjabense	10
ppul	Pandoraea pulmonicola	12
ppun	Pseudomonas putida	8121
pput	Pseudomonas putida	8121
ppuu	Pseudomonas sp. UW4	2
ppw	Pseudomonas putida	8121
ppx	Pseudomonas putida	8121
ppy	Paenibacillus polymyxa	669
pqa	Pseudarthrobacter quantipunctorum	1
pqe	Pseudomonas quebecensis	1
pqi	Pseudomonas qingdaonensis	12
pqo	Paracoccus qomolangmaensis	1
pqu	Pectobacterium quasiaquaticum	2
prae	Psychrobacter raelei	1
prag	Limnobaculum zhutongyuii	0
prb	Pandoraea pnomenusa	51
prc	Prochlorococcus sp. MIT 0604	0
prd	Pradoshia sp. D12	0
pre	Metapseudomonas resinovorans	1
prf	Candidatus Peribacter riflensis	1
prh	Pseudomonas rhizosphaerae	13
prhd	Phycobium rhodophyticola	1
prho	Porifericola rhodea	4
prhz	Pseudomonas rhizophila	5
pri	Paenibacillus riograndensis	13
prie	Priestia sp. MF3	0
prk	Pedobacter riviphilus	1
prl	Cutibacterium modestum	12
prm	Prochlorococcus sp. MIT 0801	0
prn	Polaribacter reichenbachii	3
pro	Prevotella sp. oral taxon 299	0
proa	Protaetiibacter sp. SSC-01	0
proc	Prosthecochloris sp. CIB 2401	0
prod	Prodigiosinella aquatilis	1
proe	Pedobacter roseus	10
proi	Prosthecochloris sp. SCSIO W1103	0
proj	Proteiniphilum propionicum	3
prom	Proteiniborus sp. MB09-C3	0
pron	Proteus sp. NMG38-2	0
proo	Paenibacillus roseipurpureus	0
prop	Propionimicrobium sp. PCR01-08-3	0
proq	Anaerococcoides asporogena	1
pror	Prochlorococcus sp. RSP50	0
pros	Prosthecochloris sp. GSB1	0
prot	Proteus sp. CD3	0
prou	Promicromonospora sp. Populi	0
prov	Providencia sp. TYF-12	0
prow	Prosthecochloris sp. SCSIO W1101	0
proz	Promicromonospora sp. MS192	0
prp	Pseudomonas aeruginosa	82978
prq	Providencia huaxiensis	7
prs	Prosthecochloris sp. HL-130-GSB	0
pru	Xylanibacter ruminicola	4
prub	Candidatus Phytoplasma rubi	5
prud	Paenibacillus sp. RUD330	0
prue	Pendulispora rubella	0
prur	Pigmentibacter ruber	6
prv	Propioniciclava coleopterorum	1
prw	Psychrobacter sp. PRwf-1	0
pry	Polymorphospora rubra	7
prz	Paenibacillus rhizovicinus	1
psaa	Paraburkholderia sabiae	8
psab	Paenibacillus sabinae	11
psac	Proteiniphilum saccharofermentans	8
psad	Pseudoalteromonas sp. APM04	0
psae	Paramicrobacterium salitolerans	1
psah	Candidatus Phytoplasma sacchari	5
psai	Pontimonas salivibrio	3
psam	Pseudomonas salmasensis	0
psan	Paracoccus sanguinis	4
psao	Pseudomonas sp. AN-1	0
psap	Paracoccus saliphilus	4
psaz	Pseudoalteromonas sp. A25	0
psb	Pseudomonas syringae	5980
psc	Stutzerimonas stutzeri	68
pscf	Pseudoalteromonas sp. CF6-2	0
pscj	Prevotella scopos	5
pscq	Pseudochrobactrum algeriensis	2
pscu	Pseudoalteromonas sp. CuT4-3	0
psd	Pseudoxanthomonas spadix	7
psdd	Pseudomonas sp. SD17-1	0
psdm	Pseudosulfitobacter sp. DSM 107133	0
psds	Pseudonocardia sp. DSM 110487	0
psdt	Pseudomonas sp. Stari2	0
psdu	Pseudomonas sp. DTU12.3	0
psdy	Pseudomonas sp. DY-1	0
pse	Pseudogulbenkiania sp. NH8B	0
psea	Pseudonocardia sp. AL041005-10	0
pseb	Pseudorhodobacter turbinis	1
psec	Pseudomonas sp. CCOS 191	0
psed	Stutzerimonas frequens	8
psee	Pseudonocardia sp. EC080625-04	0
psef	Pseudodesulfovibrio sediminis	2
pseg	Paraflavitalea soli	3
pseh	Pseudonocardia sp. HH130629-09	0
psei	Pseudactinotalea sp. HY158	0
psej	Pseudomonas sediminis	4
psek	Paraoerskovia sediminicola	1
psel	Pseudodesulfovibrio cashew	1
psem	Pseudomonas sp. MRSN12121	0
psen	Pseudoalteromonas sp. NC201	0
pseo	Pseudoalteromonas piratica	3
psep	Pseudomonas sessilinigenes	1
pseq	Pseudonocardia sp. EC080610-09	0
pser	Pseudanabaena sp. ABRG5-3	0
pses	Pseudomonas sp. StFLB209	0
pset	Pseudomonas sp. TCU-HL1	0
pseu	Thalassoporum mexicanum	1
psev	Pseudoclavibacter triregionum	1
psey	Pseudarthrobacter psychrotolerans	6
psez	Aquirufa nivalisilvae	3
psf	Pseudovibrio sp. FO-BEG1	0
psg	Pseudomonas aeruginosa	82978
psgc	Pseudocitrobacter corydidari	2
psh	Stutzerimonas stutzeri	68
pshe	Planococcus shenhongbingii	1
pshh	Pseudomonas shahriarae	1
pshl	Pseudomonas sp. HLS-6	0
pshn	Pseudomonas sp. HN11	0
pshq	Pseudooceanicola spongiae	0
pshs	Pseudomonas sp. HS6	1
pshx	Planococcus shixiaomingii	1
psia	Pectobacterium sinaloense	1
psic	Pengzhenrongella sicca	3
psih	Pseudomonas sichuanensis	3
psii	Pseudomonas siliginis	1
psil	Pseudomonas silesiensis	6
psin	Pseudorhodoplanes sinuspersici	4
psis	Pediococcus siamensis	2
psiv	Pseudomonas silvicola	0
psj	Stutzerimonas stutzeri	68
psjc	Pseudoxanthomonas sp. JC1303	0
psjs	Pseudoalteromonas sp. JSTW	0
psjy	Pseudomonas sp. JY-Q	3
psk	Pseudomonas gorinensis	1
pska	Pseudoalteromonas sp. KAN5	0
pskp	Pseudomonas sp. KU43P	0
psku	Pseudomonas sp. KUIN-1	0
psky	Phocoenobacter skyensis	2
psl	Pirellula staleyi	11
pslc	Pseudoalteromonas sp. LC2018020214	0
pslp	Pseudomonas sp. LPH1	0
psls	Pseudarthrobacter sp. L1SW	0
pslz	Pseudomonas sp. Lz4W	1
psm	Pseudoalteromonas sp. SM9913	0
psmb	Pseudoalteromonas sp. MT33b	0
psmd	Pseudomonas sp. MM213	0
psml	Pseudomonas sp. ML2-2023-3	0
psmm	Pseudoalteromonas sp. MM1	0
psmp	Pseudomonas sp. MPC6	0
psmt	Pseudomonas sp. MT-1	0
psmz	Pseudomonas sp. ML2-2023-6	0
psn	Pseudopedobacter saltans	12
psnb	Pseudarthrobacter sp. NIBRBAC000502770	1
psnc	Pseudomonas sp. NC02	1
psnd	Pseudomonas sp. NBB	0
psni	Pseudarthrobacter sp. NIBRBAC000502771	0
psns	Pseudomonas sp. NS1	0
psnu	Pseudopelagicola sp. nBUS_20	0
psny	Pseudomonas sp. NyZ201	0
pso	Psychrobacter sp. G	0
psoa	Pseudomonas solani	2
psob	Pseudomonas solani	2
psoi	Propioniciclava soli	1
psop	Paenibacillus sophorae	3
psor	Paraclostridium sordellii	2
psos	Pseudomonas sp. Os17	1
psow	Prescottella soli	3
psp	Pseudomonas savastanoi	204
pspc	Pseudogemmatithrix spongiicola	2
pspg	Psychrobacter sp. P2G3	0
pspi	Pseudohongiella spirulinae	2
pspn	Paenibacillus spongiae	1
pspo	Pseudoalteromonas spongiae	8
psps	Pseudoalteromonas sp. PS1M3	0
pspw	Paraburkholderia sprentiae	1
psr	Stutzerimonas stutzeri	68
psrr	Pseudoalteromonas sp. R3	0
psru	Pseudomonas sp. RU47	1
pssd	Pseudoalteromonas sp. SD03	1
psse	Pseudoxanthomonas sp. SE1	1
pssg	Pseudomonas sp. SGAir0191	0
pssj	Pseudomonas sp. J380	0
pssx	Pseudomonas sp. SXM-1	0
pssz	Pseudomonas sp. 31-12	0
pst	Pseudomonas syringae	5980
psta	Providencia stuartii	556
pstc	Planctomicrobium stercoris	1
pste	Paenibacillus stellifer	7
pstg	Phreatobacter stygius	1
psti	Peredibacter starrii	7
pstl	Paracoccus stylophorae	4
pstp	Pseudomonas stagnisoli	1
pstt	Stutzerimonas stutzeri	68
pstu	Stutzerimonas decontaminans	2
psty	Pedobacter steynii	8
psu	Pseudoxanthomonas suwonensis	7
psua	Paenalkalicoccus suaedae	2
psub	Pelolinea submarina	1
psuf	Candidatus Planktophila sulfonica	0
psul	Pseudarthrobacter sulfonivorans	5
psup	Candidatus Pinguicoccus supinus	1
psuu	Phytohabitans suffuscus	8
psuw	Pseudoxanthomonas suwonensis	7
psuz	Pseudoalteromonas sp. 13-15	0
psv	Pseudomonas sp. VLB120	0
psw	Pseudomonas cremoricolorata	4
pswo	Pseudomonas macauensis	1
pswu	Paenibacillus swuensis	2
psx	Providencia stuartii	556
psxf	Pseudochrobactrum sp. XF203	0
psy	Psychromonas sp. CNPT3	0
psya	Psychrobacter sp. AntiMn-1	0
psyb	Psychrobacillus sp. INOP01	0
psyc	Psychrobacter sp. DAB_AL43B	0
psyd	Psychroflexus sp. ALD_RP9	0
psye	Psychrobacter sp. SC65A.3	0
psyf	Desulfovibrio mangrovi	1
psyg	Psychrobacter sp. P11G5	0
psyh	Psychrobacillus sp. AK 1817	0
psyi	Pseudomonas syringae	5980
psyk	Psychrobacter sp. KFRI-CH2-11	0
psyl	Psychrobacillus sp. L3	0
psym	Psychrosphaera ytuae	2
psyn	Psychroserpens sp. NJDZ02	0
psyo	Psychrobacillus glaciei	4
psyp	Psychrobacter sp. PAMC27889	0
psyq	Pseudomonas sp. Y39-6	1
psyr	Pseudomonas syringae	5980
psys	Psychromonas sp. GE-S-Ul-11	0
psyu	Psychrobacillus sp. L4	0
psyy	Psychrobacter sp. YP14	0
psz	Stutzerimonas stutzeri	68
ptac	Paenibacillus taichungensis	13
ptan	Parvicella tangerina	1
ptaw	Pseudolabrys taiwanensis	4
ptb	Parageobacillus toebii	11
ptc	Candidatus Phycorickettsia trachydisci	0
pter	Paraburkholderia terrae	12
ptes	Paralysiella testudinis	1
ptf	Candidatus Profftia tarda	2
ptha	Providencia stuartii	556
pthe	Pseudodesulfovibrio thermohalotolerans	1
pthr	Piezobacter thermophilus	1
ptj	Paenibacillus tianjinensis	3
ptk	Pseudomonas tructae	2
ptl	Parageobacillus thermoglucosidasius	60
ptn	Pseudoalteromonas translucida	4
ptp	Planktomarina temperata	7
ptra	Piscibacter tructae	1
ptre	Pseudomonas tremae	5
ptrh	Candidatus Paraimprobicoccus trichonymphae	0
ptri	Paenibacillus tritici	1
ptrl	Pseudomonas triclosanedens	2
ptrp	Polynucleobacter tropicus	0
ptrt	Pseudomonas tritici	2
pts	Paraburkholderia terricola	2
ptt	Photorhabdus thracensis	3
ptun	Paenibacillus tundrae	12
ptus	Pseudomonas tussilaginis	1
ptw	Pseudomonas tohonis	4
ptx	Pandoraea thiooxydans	4
pty	Ectopseudomonas toyotomiensis	0
ptz	Pseudomonas tensinigenes	0
pud	Neopusillimonas aestuarii	1
puf	Pelosinus sp. UFO1	0
pui	Paenibacillus urinalis	5
puk	Pullulanibacillus sp. KACC 23026	0
pul	Pasteurella multocida	4799
pun	Polaribacter sejongensis	6
puo	Rubellicoccus peritrichatus	1
pur	Psychrobacter urativorans	10
pus	Pollutimonas thiosulfatoxidans	1
put	Pusillimonas sp. T7-7	0
pva	Pantoea vagans	40
pvac	Polaromonas vacuolata	9
pvar	Planctellipticum variicoloris	0
pvb	Pseudoalteromonas viridis	1
pve	Pandoraea vervacti	4
pves	Parabacteroides vesiculifaciens	1
pvh	Candidatus Phytoplasma vitis	12
pvii	Pseudomonas viridinivis	1
pvj	Pseudescherichia vulneris	4
pvk	Pseudomonas viciae	5
pvl	Proteus mirabilis	6825
pvn	Candidatus Planktophila vernalis	0
pvo	Paenibacillus vortex	8
pvq	Pseudomonas vesperimontis	1
pvs	Candidatus Planktophila versatilis	0
pvw	Pseudomonas vanderleydeniana	0
pwa	Pectobacterium parmentieri	27
pwd	Pseudomonas wadenswilerensis	4
pwi	Pseudoxanthomonas winnipegensis	2
pwn	Paenibacillus woosongensis	5
pwo	Candidatus Wolfebacteria bacterium	0
pwu	Polynucleobacter wuianus	1
pwy	Pseudomonas wayambapalatensis	4
pwz	Pseudomonas wenzhouensis	1
pxa	Pseudomonas xanthosomatis	1
pxh	Providencia xihuensis	1
pxi	Pseudoalteromonas xiamenensis	6
pxn	Pseudomonas xantholysinigenes	1
pxsi	Pseudoalteromonas sp. Xi13	3
pyg	Paenibacillus yonginensis	9
pyh	[Phormidium] yuhuli	3
pym	Pseudomonas yamanorum	12
pyt	Polynucleobacter yangtzensis	1
pyy	Pyramidobacter sp. YE332	0
pza	Pseudomonas ogarae	9
pzd	Stutzerimonas zhaodongensis	0
pze	Pseudomonas zeae	1
pzh	Paracoccus zhejiangensis	6
pzj	Providencia zhijiangensis	1
pzn	Providencia zhejiangensis	1
pzu	Phenylobacterium zucineum	11
qar	Qipengyuania aurantiaca	0
qau	Quatrionicoccus australiensis	1
qci	Qipengyuania citrea	4
qdo	Qiania dongpingensis	0
qge	Qipengyuania gelatinilytica	0
qid	Qipengyuania algicola	1
qip	Qipengyuania rhodophyticola	1
qpr	Qipengyuania profunda	1
qps	Qipengyuania psychrotolerans	0
qso	Qipengyuania soli	1
qsp	Qipengyuania spongiae	1
qxi	Qipengyuania xiapuensis	0
rabs	Rodentibacter abscessus	1
rac	Rhodoferax antarcticus	7
race	Rahnella aceris	9
rad	Rhizobium acidisoli	6
rag	Riemerella anatipestifer	369
ragg	Roseibium aggregatum	6
rah	Rahnella aceris	9
rai	Riemerella anatipestifer	369
rain	Raineyella fluvialis	1
ral	Hominimerdicola alba	1
ralg	Roseobacter phycocola	0
ram	Rickettsia amblyommatis	125
rama	Rothia amarae	6
ran	Riemerella anatipestifer	369
rand	Robbsia andropogonis	11
rant	Rhodococcus antarcticus	1
rao	Klebsiella sp. X13	0
rap	Rhodovastum atsumiense	4
raq	Rahnella aquatilis	204
rar	Riemerella anatipestifer	369
ras	Rickettsia asiatica	7
rat	Riemerella anatipestifer	369
rath	Rathayibacter sp. VKM Ac-2759	0
rav	Rhodococcus aetherivorans	40
rax	Radiobacillus kanasensis	1
raz	Rossellomorea aquimaris	8
rban	Rhizobium bangladeshense	4
rbar	Rhodothermaceae bacterium	3
rbc	Mucinivorans hirudinis	4
rbd	Aerosticca soli	1
rbg	Roseinatronobacter bogoriensis	0
rbh	Rhodocyclaceae bacterium	4
rbi	Robiginitalea biformata	7
rbin	Rhizobium binxianense	1
rbk	Rhodopseudomonas boonkerdii	1
rbl	Pseudogemmobacter blasticus	0
rbm	Rhizobiales bacterium	7
rbo	Rickettsia bellii	167
rbon	Rahnella bonaserana	1
rbq	Rhizobium binae	3
rbs	Rhodobiaceae bacterium	1
rbt	Rickettsiales bacterium	12
rbu	Rugosibacter aromaticivorans	4
rbw	Rhizobium brockwellii	1
rbx	Rhodobacterales bacterium	7
rbz	Aestuarium zhoushanense	2
rcb	Rouxiella chamberiensis	4
rcc	Rickettsia canadensis	12
rcd	Roseomonas cutis	1
rcf	Rosistilla carotiformis	1
rcg	Reichenbachiella carrageenanivorans	0
rch	Ruminococcus champanellensis	10
rcl	Riemerella columbina	7
rcm	Rickettsia canadensis	12
rcon	Ruegeria conchae	5
rcs	Raphidiopsis curvata	3
rct	Rhizobium croatiense	3
rcv	Teichococcus cervicalis	1
rdi	Rhizorhabdus dicambivorans	8
red	Roseicyclus elongatus	1
ree	Klebsiella electrica	2
reh	Cupriavidus necator	802
rei	Rhizobium etli	495
rek	Reichenbachiella agarivorans	0
rel	Rhizobium etli	495
ren	Rickettsiales endosymbiont	3
reo	Candidatus Ruthia endofausta	0
rep	Rhizobium etli	495
rer	Rhodococcus erythropolis	898
ret	Rhizobium etli	495
rev	Candidatus Reidiella endopervernicosa	0
rex	Rickettsia endosymbiont	34
rey	Rhodococcus erythropolis	898
rez	Rhizobium esperanzae	2
rfa	Rhodococcoides fascians	1
rfl	Roseomonas fluvialis	1
rfo	Reinekea forsetii	1
rfs	Rathayibacter festucae	3
rfu	Roseobacter fucihabitans	2
rfv	Pseudorhizobium flavum	1
rgl	Rhodanobacter glycinis	3
rgor	Rhodococcus gordoniae	7
rgr	Rhizobium grahamii	12
rgu	Rhizobacter gummiphilus	9
rhae	Rodentibacter haemolyticus	3
rhal	Ruania halotolerans	2
rhaw	Candidatus Rhabdochlamydia oedothoracis	0
rhb	Rhodococcus sp. B7740	1
rhbh	Rhodococcus sp. BH4	4
rhc	Rhodovulum sp. P5	0
rhd	Rhodanobacter denitrificans	8
rhde	Rhodococcus sp. DK176	0
rhdk	Rhodococcus aromaticivorans	5
rhdm	Rhodococcus sp. DMU1	0
rhe	Rickettsia conorii	807
rhei	Rheinheimera sp. F8	0
rher	Ruminiclostridium herbifermentans	3
rhey	Rodentibacter caecimuris	1
rhf	Rhodoferax sediminis	1
rhg	Rhodoferax aquaticus	3
rhh	Rheinheimera sp. D18	0
rhia	Rhizobium sp. ACO-34A	0
rhib	Rhizobium sp. AB2/73	0
rhic	Rhizobium sp. C104	0
rhid	Rhizobium hidalgonense	4
rhik	Rhizobium sp. K102	0
rhio	Rhizobium sp. 32-5/1	0
rhip	Rhizobium sp. Pop5	0
rhis	Rhizobium sp. SRDI969	0
rhiu	Rhizobium sp. SL42	0
rhiw	Rhizobium sp. WYJ-E13	0
rhiy	Rhizobium sp. Y9	0
rhiz	Rhizobium sp. BT03	0
rhj	Rhodoblastus sp. SSC7	0
rhjs	Rhodococcus sp. JS3073	0
rhk	Rhizobium sp. Kim5	0
rhl	Rhizobium favelukesii	10
rhm	Rhodovulum sp. MB263	0
rhmm	Rhodococcus sp. M8	0
rhmz	Rhodococcus sp. M8-35	0
rhn	Rhizobium sp. N1341	0
rhny	Rhodococcus sp. NyZ502	0
rhoa	Rhodoferax sp. AJA081-3	0
rhob	Rhodoferax sp. BAB1	0
rhoc	Fontisubflavum oceani	1
rhod	Rhodococcus sp. 008	0
rhoe	Rhodopseudomonas sp. P1	0
rhof	Rhodoferax sp. WC2427	0
rhog	Rhodoferax sp. GW822-FHT02A01	0
rhoh	Rhodococcus sp. H-CA8f	0
rhoi	Rhodopirellula sp. P2	0
rhoj	Rhodococcus sp. JVH1	0
rhok	Rhodoluna sp. KAS3	0
rhol	Rhodopseudomonas sp. BAL398	0
rhom	Romboutsia hominis	4
rhon	Rhodococcus sp. NJ-530	3
rhoo	Rhodococcus sp. DN22	0
rhop	Rhodococcus sp. P1Y	0
rhoq	Rhodococcus sp. M8-33	0
rhor	Rhodopseudomonas sp. P2A-2r	0
rhos	Rhodococcus sp. M8-50	0
rhou	Rhodococcus sp. 11-3	0
rhov	Rhodovulum sp. HP10	0
rhow	Rhodococcus sp. WB1	0
rhox	Rhodococcus sp. D-6	3
rhoy	Rhodococcus sp. AH-ZY2	0
rhoz	Rhodocytophaga rosea	2
rhp	Rhodobacter xanthinilyticus	1
rhpc	Rhodococcus sp. PAMC28707	0
rhpd	Rhodococcus sp. PD04	0
rhpm	Rhodococcus sp. PAMC28705	1
rhq	Rhodococcus sp. p52	0
rhr	Rhizobium sp. 11515TR	0
rhrc	Rhodococcus sp. RCBS9	2
rhrd	Rhodococcus sp. RDE2	0
rhs	Rhodococcoides fascians	1
rhsq	Rhodococcus sp. SGAir0479	0
rht	Pseudorhizobium banfieldiae	1
rhu	Rhodococcus sp. PBTS 1	0
rhv	Rhizobium sp. S41	0
rhw	Rhodococcus sp. WMMA185	0
rhwb	Rhodococcus sp. WB9	0
rhwq	Rhodococcus sp. W8901	0
rhwy	Rhodococcus sp. WAY2	0
rhx	Rhizobium sp. N731	0
rhy	Rhodoferax koreensis	1
rhz	Rugositalea oryzae	1
rhzg	Rhodococcus sp. 2G	0
rhzp	Rhodococcus sp. ZPP	0
rhzq	Rhodococcus sp. 21391	0
ria	Rathayibacter iranicus	3
ric	Rickettsia sp. MEAM1	0
rid	Roseovarius indicus	6
rif	Rhizobium indigoferae	5
rig	Candidatus Riesia sp.	0
rii	Rhizobium indicum	8
rio	Rhodococcus indonesiensis	4
rip	Candidatus Riesia pediculicola	9
ris	Robiginitalea insularis	1
riu	Rahnella inusitata	9
riv	Rivularia sp. PCC 7116	0
rix	Roseburia intestinalis	202
riz	Rickettsia finnyi	1
rjg	Martinezella jaguaris	0
rko	Rhodococcus koreensis	12
rkr	Rothia kristinae	8
rkt	Candidatus Rickettsia kotlanii	6
rla	Rhodoluna lacicola	6
rlac	Rhodomicrobium lacus	2
rlc	Rubripirellula lacrimiformis	1
rld	Rickettsia lanei	5
rle	Rhizobium johnstonii	4
rlg	Rhizobium leguminosarum	1535
rlh	Rhodoferax lithotrophicus	1
rln	Rhizobium lentis	1
rlo	Rhodocaloribacter litoris	1
rls	Martinezella lusitana	0
rlt	Rhizobium leguminosarum	1535
rlu	Rhizobium leguminosarum	1535
rma	Candidatus Ruthia magnifica	6
rmai	Roseicyclus marinus	2
rmar	Rubrobacter marinus	1
rmb	Tritonibacter mobilis	3
rmf	Rossellomorea marisflavi	11
rmh	Roseivivax marinus	3
rmj	Rohdeia mirabilis	0
rmk	Rhodoferax mekongensis	1
rml	Roseimaritima multifibrata	1
rmm	Roseovarius mucosus	9
rmr	Rhodothermus marinus	188
rms	Rickettsia massiliae	171
rmt	Roseomonas marmotae	1
rnc	Ralstonia nicotianae	2
roc	Romboutsia sp. CE17	0
rod	Rossellomorea sp. DA94	0
roe	Rathayibacter oskolensis	2
rof	Rickettsia oklahomensis	1
rog	Roseateles sp. L2-2	0
roh	Roseovarius sp. THAF27	0
roi	Roseateles amylovorans	1
roj	Roseateles sp. MS654	0
rok	Roseovarius sp. AK1035	0
rol	Rosistilla oblonga	1
rom	Roseovarius faecimaris	2
roo	Roseimicrobium sp. ORNL1	0
rop	Rhodococcus opacus	304
roq	Roseburia sp. 499	1
ror	Klebsiella ornithinolytica	30
ros	Roseomonas sp. FDAARGOS_362	0
rose	Roseburia sp. 831b	2
ross	Rossellomorea sp. y25	0
rot	Roseivivax sp. THAF197b	0
rou	Rouxiella sp. WC2420	0
rox	Rahnella sikkimica	1
roy	Rhizobium oryzihabitans	2
roz	Rhodococcus oxybenzonivorans	3
rpay	Ruminiclostridium papyrosolvens	8
rpb	Rhodopseudomonas palustris	1037
rpc	Rhodopseudomonas palustris	1037
rpd	Rhodopseudomonas palustris	1037
rpe	Rhodopseudomonas palustris	1037
rped	Candidatus Riesia pediculischaeffi	1
rpel	Roseovarius pelagicus	1
rph	Rickettsia philipii	5
rphc	Roseovarius phycicola	1
rpho	Robertmurraya phoenicis	0
rphy	Rapeseed phyllody	1
rpi	Ralstonia pickettii	357
rpj	Ralstonia pickettii	357
rpl	Rickettsia prowazekii	672
rpla	Candidatus Rhodoluna planktonica	2
rpm	Pararhodospirillum photometricum	1
rpn	Rickettsia prowazekii	672
rpo	Rickettsia prowazekii	672
rpod	Roseitalea porphyridii	2
rpoh	Rhodophyticola porphyridii	4
rpon	Roseobacter ponti	4
rpop	Roseibium porphyridii	1
rpor	Candidatus Rhabdochlamydia porcellionis	3
rpq	Rickettsia prowazekii	672
rpr	Rickettsia prowazekii	672
rps	Rickettsia prowazekii	672
rpsk	Rhodococcus pseudokoreensis	4
rpt	Rhodopseudomonas palustris	1037
rpus	Agrobacterium pusense	19
rpv	Rickettsia prowazekii	672
rpw	Rickettsia prowazekii	672
rpx	Rhodopseudomonas palustris	1037
rpy	Rhodococcus pyridinivorans	65
rpz	Rickettsia prowazekii	672
rrb	Rickettsia rickettsii	974
rrc	Rickettsia rickettsii	974
rrg	Rhizobium ruizarguesonis	7
rrh	Rickettsia rickettsii	974
rrho	Arminella rhododendri	0
rri	Rickettsia rickettsii	974
rrj	Rickettsia rickettsii	974
rrk	Roseburia rectibacter	1
rrl	Roseovarius rhodophyticola	1
rrm	Rickettsia rickettsii	974
rrn	Rickettsia rickettsii	974
rrp	Rickettsia rickettsii	974
rrr	Rickettsia rickettsii	974
rrs	Roseiflexus sp. RS-1	0
rru	Rhodospirillum rubrum	1696
rrv	Robiginitalea rubriflava	1
rry	Rathayibacter rathayi	4
rsb	Rhodoferax saidenbachensis	4
rsd	Candidatus Endomicrobiellum trichonymphae	0
rse	Ralstonia pseudosolanacearum	141
rsf	Rhodococcus sacchari	1
rsin	Richelia sinica	0
rsj	Rossellomorea sedimentorum	1
rsk	Cereibacter sphaeroides	35
rsl	Ralstonia solanacearum	2195
rsm	Ralstonia solanacearum	2195
rsn	Ralstonia solanacearum	2195
rso	Ralstonia pseudosolanacearum	141
rsop	Rhizobium sophoriradicis	8
rsp	Cereibacter sphaeroides	35
rsq	Cereibacter sphaeroides	35
rsr	Roseivirga spongicola	3
rst	Rummeliibacillus stabekisii	7
rsua	Ruania suaedae	2
rsw	Rickettsia slovaca	194
rsy	Ralstonia solanacearum	2195
rte	Rathayibacter tanaceti	5
rter	Rothia terrae	7
rtf	Ruoffia tabacinasalis	2
rth	Rhodanobacter thiooxydans	10
rti	Rufibacter tibetensis	11
rtl	Rickettsia tillamookensis	13
rtm	Rhodococcus triatomae	8
rtn	Rathayibacter tritici	6
rts	Raoultibacter timonensis	6
rtt	Rickettsia typhi	634
rtu	Arminella tumorigenes	0
rtx	Rathayibacter toxicus	26
rty	Rickettsia typhi	634
rua	Ruegeria sp. AD91A	0
rub	Rubrobacter tropicus	1
ruc	Ruminococcus sp. FMB-CY1	0
rud	Rufibacter sp. DG15C	0
rue	Salicibibacter kimchii	2
ruf	Rufibacter radiotolerans	1
rufi	Ruficoccus sp. ZRK36	0
rug	Rugamonas sp. DEMB1	0
ruj	Ruminococcus bovis	8
ruk	Hungateiclostridiaceae bacterium	0
rul	Roseimaritima ulvae	5
rum	Ruminococcus sp. SR1/5	0
run	Runella rosea	2
rup	Runella sp. SP2	0
rut	Ruegeria sp. THAF33	0
ruv	Rosistilla ulvae	1
ruy	Ruegeria sp. YS9	0
rvc	Rahnella victoriana	13
rvi	Candidatus Rickettsiella viridis	3
rwe	Ralstonia wenshanensis	2
saa	Staphylococcus aureus	151150
saal	Saccharimonas aalborgensis	3
saap	Sphingomonas sp. AAP5	0
sab	Staphylococcus aureus	151150
sabd	Streptomyces albidicamelliae	0
sabi	Sphingomonas abietis	1
sabu	Flaviramulus sp. BrNp1-15	0
sac	Staphylococcus aureus	151150
saca	Saccharibacillus brassicae	2
sacc	Saccharomonospora xinjiangensis	7
sace	Allosaccharopolyspora coralli	1
sacg	Saccharopolyspora sp. ASAGF58	0
sach	Shewanella acanthi	1
saci	Singulisphaera acidiphila	10
sacl	Schinkia acidoalkalinis	1
sacq	Schaalia sp. 19OD2882	0
sacv	Sporomusa acidovorans	3
sacx	Saccharothrix sp. 6-C	0
sad	Staphylococcus aureus	151150
sade	Candidatus Steffania adelgidicola	1
sae	Staphylococcus aureus	151150
saeg	Shewanella aegiceratis	1
saei	Sporomusa aerivorans	2
saer	Sphingomonas aerolata	6
saes	Shewanella aestuarii	3
saga	Simiduia agarivorans	12
sagc	Streptococcus agalactiae	5325
sage	Streptococcus agalactiae	5325
sagg	Streptococcus agalactiae	5325
sagi	Streptococcus agalactiae	5325
sagj	Streptococcus agalactiae	5325
sagl	Streptococcus agalactiae	5325
sagm	Streptococcus agalactiae	5325
sagn	Streptococcus agalactiae	5325
sagp	Streptococcus agalactiae	5325
sagr	Streptococcus agalactiae	5325
sags	Streptococcus agalactiae	5325
sagt	Streptococcus agalactiae	5325
sagu	Sagittula sp. P11	0
sagz	Sagittula sp. MA-2	0
sah	Staphylococcus aureus	151150
sahn	Salinimicrobium tongyeongense	1
sahz	Salinicoccus sp. HZC-1	0
saiu	Spiractinospora alimapuensis	1
saj	Staphylococcus aureus	151150
sajs	Salinicola sp. JS01	0
sak	Streptococcus agalactiae	5325
sakb	Streptomyces akebiae	1
sala	Salinibacterium sp. UTAS2018	0
salc	Homoserinimonas hongtaonis	1
sald	Salinibacterium sp. dk2585	0
sale	Salicibibacter halophilus	1
salg	Shewanella algae	263
salh	Saliniradius amylolyticus	1
salj	Streptomyces albireticuli	8
salk	Salinimonas iocasae	2
salm	Salinimonas sediminis	6
saln	Salinisphaera sp. LB1	0
salo	Silicimonas algicola	3
salq	Candidatus Syntrophocurvum alkaliphilum	2
salt	Salegentibacter sp. T436	0
salu	Streptomyces noursei	112
salx	Spiroplasma alleghenense	2
saly	Salinivibrio sp. YCSC6	0
salz	Salmonella sp. SSDFZ69	0
sam	Staphylococcus aureus	151150
same	Sinorhizobium americanum	10
sami	Sphingobium amiense	13
sams	Staphylococcus aureus	151150
samy	Sandaracinus amylolyticus	6
san	Streptococcus agalactiae	5325
sand	Sandaracinobacteroides saxicola	0
sang	Streptococcus anginosus	1019
sans	Streptococcus anginosus	1019
sant	Streptomyces antimycoticus	7
sanu	Streptomyces angustmyceticus	7
sanw	Sanguibacter sp. HDW7	0
sao	Staphylococcus aureus	151150
saov	Streptomyces aureoverticillatus	8
sapl	Salimicrobium sp. PL1-032A	0
sapp	Scrofimicrobium appendicitidis	1
saqa	Caldimonas aquatica	0
saqi	Silvanigrella aquatica	2
saqt	Sulfurimonas aquatica	1
saqu	Streptomyces aquilus	4
sar	Staphylococcus aureus	151150
sarc	Stenotrophomonas aracearum	1
sarg	Streptomyces argyrophylli	0
sari	Sphingomonas aliaeris	2
sarj	Candidatus Sarcina troglodytae	1
sarm	Streptomyces armeniacus	11
sas	Staphylococcus aureus	151150
sass	Sphaerochaeta associata	2
satk	Sinomonas atrocyanea	9
sau	Staphylococcus aureus	151150
saua	Staphylococcus aureus	151150
saub	Staphylococcus aureus	151150
sauc	Staphylococcus aureus	151150
saud	Staphylococcus aureus	151150
saue	Staphylococcus aureus	151150
sauf	Staphylococcus aureus	151150
saug	Staphylococcus aureus	151150
sauh	Streptomyces auratus	6
saui	Staphylococcus aureus	151150
sauj	Staphylococcus aureus	151150
sauk	Staphylococcus aureus	151150
saum	Staphylococcus aureus	151150
saun	Staphylococcus aureus	151150
sauq	Staphylococcus aureus	151150
saur	Staphylococcus aureus	151150
saus	Staphylococcus aureus	151150
saut	Staphylococcus aureus	151150
sauu	Staphylococcus aureus	151150
sauv	Staphylococcus aureus	151150
sauw	Staphylococcus aureus	151150
saux	Staphylococcus aureus	151150
sauy	Staphylococcus aureus	151150
sauz	Staphylococcus aureus	151150
sav	Staphylococcus aureus	151150
savi	Shewanella avicenniae	1
saw	Staphylococcus aureus	151150
sax	Staphylococcus aureus	151150
say	Sulfobacillus acidophilus	35
sazs	Salinimicrobium sp. 3283s	0
sba	Sulfurospirillum barnesii	13
sbac	Abyssicoccus albus	5
sbae	Capillimicrobium parvum	3
sbag	Candidatus Saccharibacteria bacterium	6
sbah	Salinicoccus bachuensis	1
sbal	Candidatus Sulfurimonas baltica	2
sbam	Sphingobacterium bambusae	6
sbao	Segatella baroniae	3
sbat	Streptomyces bathyalis	2
sbd	Sphingobium wenxiniae	5
sbe	Candidatus Saccharibacteria bacterium	6
sber	Stieleria bergensis	0
sbf	Fluviispira sanaruensis	2
sbil	Sanguibacter biliveldensis	1
sbin	Sphingomonas bisphenolicum	3
sbj	Shewanella bicestrii	4
sbl	Shewanella baltica	115
sbm	Shewanella baltica	115
sbn	Shewanella baltica	115
sbo	Shigella boydii	403
sboc	Serratia bockelmannii	6
sbon	Streptomyces boninensis	1
sbos	Candidatus Shikimatogenerans bostrichidophilus	0
sbp	Shewanella baltica	115
sbro	Streptomyces broussonetiae	2
sbru	Salipiger bruguierae	1
sbs	Shewanella baltica	115
sbt	Shewanella baltica	115
sbu	Sphaerochaeta globosa	6
sbun	Streptomyces bungoensis	7
sbus	Syntrophus buswellii	3
sbv	Salmonella bongori	92
sbw	Candidatus Tachikawaea gelatinosa	1
sbx	Sphingobacteriaceae bacterium	0
sby	Streptomyces buecherae	2
sbz	Salmonella bongori	92
scaa	Shewanella carassii	5
scab	Sphingomonas cannabina	2
scad	Streptomyces cadmiisoli	2
scae	Streptomyces caniscabiei	1
scaf	Streptomyces carpaticus	6
scag	Sellimonas caecigallum	2
scah	Saccharothrix camelliae	1
scaj	Streptomyces camelliae	1
scao	Sporomusa carbonis	1
scaq	Staphylococcus casei	3
scat	Streptomyces castrisilvae	1
scay	Streptomyces cathayae	1
scaz	Sellimonas catena	2
scc	Parasphaerochaeta coccoides	1
scd	Gracilinema caldarium	1
scel	Sphingobacterium cellulitidis	4
sche	Streptomyces chengbuensis	1
schg	Streptomyces changanensis	2
schi	Spiroplasma chinense	0
schj	Streptococcus chenjunshii	1
schl	Schlesneria sp. DSM 10557	0
schp	Sinorhizobium chiapasense	0
scht	Singulisphaera chitinilytica	0
schv	Candidatus Sumerlaea chitinivorans	1
schy	Sphingomonas changnyeongensis	2
scia	Salicibibacter cibarius	1
scib	Salicibibacter cibi	2
scik	Spirobacillus cienkowskii	9
scin	Streptomyces cinereoruber	10
scit	Streptomyces citrinus	1
scj	Spiroplasma cantharicola	2
scla	Spiroplasma clarkii	1
sclo	Sphingobium cloacae	7
scn	Solitalea canadensis	9
scoa	Streptomyces coralus	1
scol	Siccibacter colletis	2
scom	Snodgrassella communis	2
scon	Streptococcus constellatus	459
scor	Sulfidibacter corallicola	1
scos	Streptococcus constellatus	459
scou	Spiroplasma corruscae	2
scp	Streptococcus parasanguinis	214
scq	Spiroplasma culicicola	2
scr	Spiroplasma chrysopicola	3
scs	Stanieria cyanosphaera	0
sct	Streptantibioticus cattleyicolor	1
scu	Sorangium cellulosum	237
scw	Streptomyces cyaneogriseus	11
scx	Streptomyces sp. CdTB01	0
scy	Streptantibioticus cattleyicolor	1
scya	Streptomyces cyaneochromogenes	7
scyc	Stenotrophomonas cyclobalanopsidis	1
scyn	Streptomyces cynarae	2
scyp	Shewanella cyperi	1
scys	Kalymmatonema gypsitolerans	0
scyt	Scytonema sp. HK-05	0
scz	Streptomyces sp. CFMR 7	0
sdb	Staphylococcus debuckii	5
sdc	Streptococcus dysgalactiae	1068
sdd	Streptomyces dangxiongensis	1
sdec	Streptomyces deccanensis	5
sdeg	Stutzerimonas degradans	4
sden	Streptococcus dentalis	1
sder	Sphingomonas degradans	1
sdev	Staphylococcus devriesei	12
sdf	Steroidobacter denitrificans	13
sdg	Streptococcus dysgalactiae	1068
sdh	Sphingomonas daechungensis	6
sdi	Spiroplasma diminutum	3
sdia	Centipeda dianae	0
sdid	Streptococcus didelphis	5
sdiz	Sulfurimonas diazotrophicus	1
sdj	Sphingobacterium daejeonense	10
sdk	Shewanella dokdonensis	2
sdo	Sulfitobacter donghicola	5
sdon	Sphingomonas donggukensis	1
sdq	Streptococcus dysgalactiae	1068
sdr	Sulfuricella denitrificans	10
sdrz	Streptomyces drozdowiczii	10
sds	Streptococcus dysgalactiae	1068
sdub	Sulfitobacter dubius	8
sdur	Streptomyces durmitorensis	5
sdw	Streptomyces decoyicus	4
sdx	Streptomyces dengpaensis	2
sdyn	Symmachiella dynata	1
sdz	Shigella dysenteriae	1864
sea	Salmonella enterica	19006
seb	Salmonella enterica	19006
sec	Salmonella enterica	19006
sech	Pseudomonas aeruginosa	82978
sed	Salmonella enterica	19006
seda	Staphylococcus edaphicus	13
sedd	Sediminibacillus dalangtanensis	1
sedi	Parasedimentitalea marina	5
sedm	Sedimentibacter sp. MB35-C1	0
seds	Sedimenticola thiotaurini	3
sedt	Sediminibacterium planctonicum	1
sedz	Sedimentibacter sp. zth1	0
see	Salmonella enterica	19006
seeb	Salmonella enterica	19006
seec	Salmonella enterica	19006
seeh	Salmonella enterica	19006
seen	Salmonella enterica	19006
seep	Salmonella enterica	19006
sef	Salmonella enterica	19006
seg	Salmonella enterica	19006
sega	Salmonella enterica	19006
seh	Salmonella enterica	19006
sehc	Secondary endosymbiont	77
sei	Salmonella enterica	19006
sej	Salmonella enterica	19006
sek	Salmonella enterica	19006
sel	Salmonella enterica	19006
sele	Selenomonas sp. oral taxon 478	0
selm	Selenomonas sp. TAMA-11512	0
selo	Selenomonas sp. oral taxon 136	0
selt	Selenomonas sp. oral taxon 920	0
sem	Salmonella enterica	19006
seme	Sideroxyarcus emersonii	1
sena	Salmonella enterica	19006
senb	Salmonella enterica	19006
senc	Salmonella enterica	19006
send	Salmonella enterica	19006
sene	Salmonella enterica	19006
senf	Spirosoma endbachense	1
seng	Streptomyces endophytica	1
senh	Salmonella enterica	19006
seni	Salmonella enterica	19006
senj	Salmonella enterica	19006
senl	Salmonella enterica	19006
senm	Secondary endosymbiont	77
senn	Salmonella enterica	19006
seno	Salmonella enterica	19006
senq	Salmonella enterica	19006
senr	Salmonella enterica	19006
sens	Salmonella enterica	19006
sent	Salmonella enterica	19006
senv	Salmonella enterica	19006
seny	Sodalis endosymbiont	1
seo	Salmonella enterica	19006
seoh	Seohaeicola sp. tig00000074	0
seon	Seonamhaeicola sp. S2-3	0
sepb	Candidatus Southlakia epibionticum	0
sepp	Staphylococcus epidermidis	14025
seps	Staphylococcus epidermidis	14025
sequ	Streptococcus equi	923
ser	Staphylococcus epidermidis	14025
sera	Prodigiosinella confusarubida	1
serb	Serratia sp. B1	0
serf	Serratia sp. FS14	1
serh	Serratia sp. HRI	0
serj	Serinicoccus hydrothermalis	3
serm	Serratia sp. MYb239	0
sern	Serratia sp. NGAS9	0
serq	Prodigiosinella confusarubida	1
sers	Serratia sp. SCBI	0
sert	Serratia sp. Tan611	0
seru	Serratia sp. UGAL515B_01	0
serv	Serratia sp. JSRIV001	0
serw	Ornithinimicrobium pratense	2
ses	Salmonella enterica	19006
set	Salmonella enterica	19006
setc	Salmonella enterica	19006
setu	Salmonella enterica	19006
seu	Streptococcus equi	923
seur	Shewanella eurypsychrophilus	3
sev	Salmonella enterica	19006
sevr	Saxibacter everestensis	1
sew	Salmonella enterica	19006
sex	Salmonella enterica	19006
sexp	Streptomyces explomaris	2
sey	Salmonella enterica	19006
sez	Streptococcus equi	923
sezo	Streptococcus equi	923
sfae	Sphingobacterium faecium	10
sfav	Sulfitobacter faviae	2
sfc	Spirochaeta africana	5
sfd	Sinorhizobium fredii	218
sfeo	Saltatorellus ferox	0
sfeu	Streptomyces ferrugineus	1
sff	Mammaliicoccus fleurettii	3
sfh	Sinorhizobium fredii	218
sfic	Streptomyces ficellus	7
sfil	Streptomyces fildesensis	8
sfiy	Streptomyces finlayi	2
sfk	Streptomyces formicae	7
sfl	Shigella flexneri	4452
sfla	Sphingorhabdus sp. SMR4y	0
sflu	Streptomyces flavusporus	1
sflv	Allosphingosinicella flava	0
sfn	Shigella flexneri	4452
sfo	Chania multitudinisentens	2
sfoe	Stenotrophomonas forensis	5
sfol	Spirosoma foliorum	1
sfor	Siminovitchia fortis	0
sfp	Streptomyces flavofungini	10
sfri	Stenomitos frigidus	2
sfs	Shigella flexneri	4452
sft	Shigella flexneri	4452
sfv	Shigella flexneri	4452
sfw	Serratia fonticola	142
sfx	Shigella flexneri	4452
sfy	Streptomyces fagopyri	2
sgbi	Anaerosinus gibii	0
sgc	Streptococcus agalactiae	5325
sgg	Streptococcus gallolyticus	431
sgj	Streptomyces genisteinicus	2
sgk	Streptomyces goshikiensis	2
sgla	Shewanella glacialimarina	3
sglc	Sphingomonas glaciei	1
sgly	Streptomyces glycanivorans	1
sgo	Streptococcus gordonii	1338
sgob	Streptomyces gobiensis	1
sgoe	Scandinavium goeteborgense	2
sgp	Sphaerochaeta pleomorpha	3
sgq	Spiroplasma gladiatoris	0
sgrf	Streptomyces graminofaciens	10
sgrg	Solicola gregarius	2
sgt	Streptococcus gallolyticus	431
sgw	Streptococcus gwangjuensis	2
sgx	Streptomyces gardneri	12
sgy	Syntrophobotulus glycolicus	3
sgz	Streptomyces globosus	12
shai	Sediminicurvatus halobius	0
shal	Sulfurospirillum halorespirans	8
shan	Sphingomonas hankookensis	7
shao	Shewanella halotolerans	1
shar	Streptomyces harbinensis	4
shau	Streptomyces halobius	1
shaw	Streptomyces hawaiiensis	8
shb	Salmonella enterica	19006
shd	Sulfuritalea hydrogenivorans	12
she	Shewanella sp. MR-4	0
shea	Shewanella sp. Arc9-LZ	0
sheh	Shewanella sp. H8	1
shej	Shewanella sp. JNE2	0
shel	Shewanella sp. LZH-2	0
shem	Shewanella sp. MTB7	0
shen	Shewanella sp. LC6	0
shep	Shewanella sp. Pdp11	1
shew	Shewanella sp. WE21	0
shey	Shewanella sp. YLB-09	0
shf	Shewanella sp. FDAARGOS_354	0
shg	Sphingobacterium sp. 21	0
shh	Staphylococcus haemolyticus	1090
shi	Slackia heliotrinireducens	4
shig	Shigella sp. PIB	0
shil	Streptococcus hillyeri	3
shin	Shinella sp. XGS7	0
shj	Spiroplasma helicoides	2
shk	Streptomyces huasconensis	7
shl	Shewanella halifaxensis	8
shm	Shewanella sp. MR-7	3
shn	Shewanella sp. ANA-3	1
shns	Shewanella alkalitolerans	1
shog	Saccharothrix hoggarensis	5
shoi	Segatella hominis	1
shq	Shigella sp. PAMC 28760	0
shsi	Staphylococcus hsinchuensis	1
sht	Sphingobacterium sp. ML3W	0
shua	Shouchella hunanensis	1
shug	Streptomyces huangiella	1
shum	Allostella humosa	1
shun	Streptomyces hundungensis	3
shv	Salinicoccus halodurans	7
shw	Shewanella sp. W3-18-1	0
shy	Streptomyces hygroscopicus	636
shyr	Candidatus Sulfidibacterium hydrothermale	0
shz	Shinella sp. HZN7	3
sie	Streptococcus intermedius	734
sig	Streptococcus ilei	4
simp	Simplicispira suum	2
sina	Sphingopyxis indica	2
sine	Streptomyces inhibens	2
sing	Singulisphaera photorubra	0
sinh	Sinomicrobium kalidii	1
sini	Sinimarinibacterium sp. NLF-5-8	0
sinl	Sulfitobacter indolifex	7
sinn	Streptomyces incarnatus	12
sino	Sinorhizobium sp. CCBAU 05631	0
sinr	Sinirhodobacter sp. HNIBRBA609	0
sins	Streptococcus iners	2
sint	Sellimonas intestinalis	13
sinu	Sulfurovum indicum	2
sinv	Shewanella inventionis	3
sio	Streptococcus iniae	727
sip	Streptococcus ilei	4
siq	Streptococcus iniae	727
sisg	Saccharothrix isguenensis	1
sit	Ruegeria sp. TM1040	0
siu	Streptococcus intermedius	734
six	Sinorhizobium sp. RAC02	0
siz	Streptococcus iniae	727
sje	Salimicrobium jeotgali	1
sji	Sulfonitrofixus jiaomeiensis	0
sjp	Sphingobium indicum	30
sjt	Sporosarcina jeotgali	1
ske	Sanguibacter keddieii	7
skg	Streptomyces koelreuteriae	1
skh	Shewanella khirikhana	3
ski	Streptococcus koreensis	4
skm	Sinorhizobium kummerowiae	3
skor	Streptomyces kordofanensis	0
sks	Salinivibrio kushneri	5
skt	Skermanella cutis	1
sku	Sulfuricurvum kujiense	9
skv	Sphaerospermopsis kisseleviana	0
slaa	Sphingorhabdus lacus	1
slab	Stenotrophomonas lactitubi	7
slac	Sulfurimicrobium lacus	1
slai	Streptomyces laculatispora	3
slan	Sphingomonas lacunae	1
slas	Solitalea lacus	1
slat	Streptococcus lactarius	11
slcz	Sulfitobacter sp. LC.270.F.C4	0
sld	Streptomyces lydicus	76
slf	Streptomyces liliifuscus	1
slia	Streptomyces liangshanensis	1
slid	Sphingomonas lindongxini	1
slig	Sodalis ligni	2
slim	Sulfuricaulis limicola	3
slin	Streptococcus lingualis	2
slio	Simiduia litorea	4
slit	Shewanella litorisediminis	2
slk	Streptomyces lunaelactis	5
sll	Spiroplasma litorale	1
sllo	Staphylococcus lloydii	3
slm	Stenotrophomonas sp. LM091	0
slms	Salipaludibacillus sp. LMS25	0
sln	Staphylococcus lugdunensis	703
slog	Sediminibacterium longum	1
slom	Actomonas lomoniglobus	1
slon	Streptomyces longhuiensis	1
slp	Syntrophothermus lipocalidus	10
slr	Salinispira pacifica	1
slua	Streptomyces luteireticuli	7
sluo	Streptomyces luomodiensis	2
slut	Sphingomonas lutea	5
slv	Streptomyces lividans	1637
slw	Parathermosynechococcus lividus	0
slz	Staphylococcus lutrae	3
smaa	Salinimonas marina	1
smab	Sulfurovum mangrovi	1
smae	Stieleria magnilauensis	0
smaf	Serratia sp. FGI94	0
smai	Shewanella maritima	1
smal	Streptomyces malaysiensis	32
smam	Stieleria maiorica	4
sman	Solibaculum mannosilyticum	1
smao	Streptomyces marincola	2
smar	Serratia marcescens	7803
smas	Candidatus Sulfurimonas marisnigri	3
smat	Sphingomicrobium maritimum	1
smaw	Sporomusa malonica	2
smax	Sulfurimonas marina	2
smay	Shewanella mangrovisoli	2
smaz	Sphingopyxis macrogoltabida	26
smc	Streptococcus mutans	12931
smeg	Sinorhizobium meliloti	1901
smel	Sinorhizobium meliloti	1901
smen	Streptococcus merionis	1
smer	Sinorhizobium meliloti	1901
smes	Shewanella mesophila	1
smg	Candidatus Karelsulcia muelleri	3
smh	Candidatus Karelsulcia muelleri	3
smi	Sinorhizobium meliloti	1901
smia	Spiroplasma mirum	34
smic	Sphingosinicella microcystinivorans	12
smio	Sphaerotilus microaerophilus	1
smir	Spiroplasma mirum	34
smis	Salegentibacter mishustinae	6
smj	Streptococcus mutans	12931
smk	Sinorhizobium meliloti	1901
sml	Stenotrophomonas maltophilia	3964
smls	Staphylococcus massiliensis	6
smod	Streptomyces moderatus	3
smon	Spirosoma montaniterrae	2
smoo	Spiroplasma monobiae	2
smor	Sphingomonas morindae	4
smq	Sinorhizobium meliloti	1901
sms	Candidatus Karelsulcia muelleri	3
smt	Stenotrophomonas maltophilia	3964
smu	Streptococcus mutans	12931
smua	Streptococcus mutans	12931
smub	Candidatus Karelsulcia muelleri	3
smuc	Skermanella mucosa	3
smud	Stenotrophomonas muris	4
smue	Candidatus Karelsulcia muelleri	3
smum	Candidatus Karelsulcia muelleri	3
smup	Candidatus Karelsulcia muelleri	3
smur	Simonsiella muelleri	6
smut	Streptococcus mutans	12931
smv	Candidatus Karelsulcia muelleri	3
smw	Serratia marcescens	7803
smx	Sinorhizobium meliloti	1901
smz	Stenotrophomonas maltophilia	3964
sna	Stackebrandtia nassauensis	13
snah	Streptomonospora nanhaiensis	5
snan	Spongiibacter nanhainus	2
snap	Sphingomonas naphthae	4
snas	Streptococcus nasisuis	1
snay	Candidatus Sneabacter namystus	1
snb	Streptococcus pneumoniae	30367
snc	Streptococcus pneumoniae	30367
snd	Streptococcus pneumoniae	30367
sne	Streptococcus pneumoniae	30367
snea	Sneathiella marina	1
snep	Stieleria neptunia	5
snf	Streptomyces nojiriensis	10
sni	Streptococcus pneumoniae	30367
snid	Streptococcus nidrosiense	1
sniv	Sulfuriferula nivalis	1
snj	Sphingomonas sp. NIC1	0
snm	Streptococcus pneumoniae	30367
snn	Sphaerotilus sulfidivorans	3
sno	Ancylobacter novellus	1
snos	Sphingomonas nostoxanthinifaciens	2
snp	Streptococcus pneumoniae	30367
snr	Streptomyces noursei	112
sns	Sneathia vaginalis	13
snt	Streptococcus pneumoniae	30367
snu	Streptococcus pneumoniae	30367
snv	Streptococcus pneumoniae	30367
snx	Streptococcus pneumoniae	30367
sny	Candidatus Schneideria nysicola	2
snz	Streptomyces nigra	7
soa	Sulfuriroseicoccus oceanibius	2
sob	Solibacillus sp. R5-41	0
sog	Shewanella oncorhynchi	5
soj	Shinella oryzae	1
sok	Solimonas sp. K1W22B-7	0
soke	Streptomyces okerensis	1
soli	Solidesulfovibrio sp. DCME	0
solw	Solwaraspora sp. WMMA2056	0
soo	Schaalia odontolytica	52
sop	Sphingobacterium oryzagri	1
soq	Spirosoma oryzicola	1
sora	Selenomonas oralis	1
sorg	Sorangium sp. So ce836	0
sori	Streptococcus orisratti	5
sos	Streptococcus oriscaviae	1
sou	Stenotrophomonas oahuensis	1
sow	Sporosarcina oncorhynchi	1
spa	Streptococcus pyogenes	10451
spad	Streptomyces paludis	2
spaf	Sphingomonas paludis	1
spag	Sphingobium sp. AntQ-1	0
spai	Sphingomonas panacisoli	1
spak	Staphylococcus parequorum	4
spal	Sulfurimonas paralvinellae	8
spam	Streptococcus parapneumoniae	3
span	Sphingomonas panacis	5
spap	Sphingomonas alpina	7
spat	Streptococcus pantholopis	2
spay	Sphingobacterium paramultivorum	2
spb	Streptococcus pyogenes	10451
spbs	Sphingopyxis sp. BSN-002	0
spc	Shewanella putrefaciens	781
spca	Sphingobium sp. CAP-1	0
spcl	Sphingomonas sp. CL5.1	0
spd	Streptococcus pneumoniae	30367
spdr	Sphingobacterium sp. DR205	0
speg	Sphingopyxis sp. EG6	0
spei	Streptococcus periodonticum	6
sper	Thiospirochaeta perfilievii	2
spf	Streptococcus pyogenes	10451
spfd	Sphingopyxis sp. FD7	0
spg	Streptococcus pyogenes	10451
spge	Sphingomonas sp. gentR	0
sph	Streptococcus pyogenes	10451
spha	Sphingomonas paeninsulae	1
sphb	Sphingobium sp. EP60837	0
sphc	Sphingomonas psychrotolerans	2
sphd	Rhizorhabdus wittichii	11
sphe	Sphingobacterium zhuxiongii	1
sphf	Sphingomonas sp. FARSPH	0
sphg	Sphingorhabdus sp. M41	1
sphh	Spiroplasma phoeniceum	9
sphi	Sphingomonas hengshuiensis	2
sphj	Tardibacter chloracetimidivorans	1
sphk	Sphingopyxis fribergensis	4
sphl	Allosphingorhabdus lutea	1
sphm	Sphingomonas sp. MM-1	0
sphn	Sphingobacterium sp. B29	0
spho	Sphingopyxis sp. MG	0
sphp	Sphingopyxis sp. 113P3	1
sphq	Sphingopyxis sp. QXT-31	0
sphr	Sphingobium sp. RAC03	0
sphs	Sphingosinicella sp. BN140058	0
spht	Sphingobium sp. TKS	0
sphu	Uncultured Sphingopyxis sp. UC10	0
sphv	Streptomyces phaeolivaceus	2
sphw	Streptomyces phaeoluteigriseus	6
sphx	Sphingopyxis sp. PAMC25046	0
sphy	Sphingorhabdus sp. YGSMI21	1
sphz	Sphingobacterium sp. CZ-2	1
spi	Streptococcus pyogenes	10451
spib	Spirosoma aureum	2
spih	Streptomyces phytohabitans	2
spii	Sphingomonas piscis	1
spik	Spirosoma sp. KCTC 42546	0
spin	Skermania pinensis	2
spio	Spirosoma sp. SC4-14	0
spiq	Spirillospora sp. NBC_01491	0
spir	Spirosoma pollinicola	2
spit	Spiroplasma sp. TU-14	0
spiu	Spiribacter curvatus	3
spiz	Spiribacter sp. 2438	0
spj	Streptococcus pyogenes	10451
spjj	Sphingopyxis sp. J-6	0
spjn	Sphingomonas sp. J315	0
spjs	Sphingobium sp. JS3065	0
spk	Streptococcus pyogenes	10451
spkc	Sphingomonas sp. KC8	0
spl	Shewanella pealeana	9
splb	Sulfuriferula plumbiphila	2
splk	Sphingomonas sp. LK11	5
splm	Sphingomonas sp. LM7	0
splt	Spiroplasma platyhelix	4
splu	Streptomyces pluripotens	4
splw	Sphingosinithalassobacter sp. LHW66-3	0
sply	Serratia inhibens	1
spm	Streptococcus pyogenes	10451
spmb	Sphingomonas sp. M1-B02	0
spmi	Sphingobium sp. MI1205	0
spms	Sphingomonas sp. MS122	0
spn	Streptococcus pneumoniae	30367
spnb	Sphingomonas sp. NIBR02145	0
spne	Streptococcus pneumoniae	30367
spng	Streptococcus pneumoniae	30367
spnm	Streptococcus pneumoniae	30367
spnn	Streptococcus pneumoniae	30367
spno	Streptococcus pneumoniae	30367
spnu	Streptococcus pneumoniae	30367
spnw	Sphingomonas sp. NBWT7	0
spoa	Acidilutibacter cellobiosedens	1
spof	Streptomyces poriferorum	3
spog	Sphingopyxis sp. OPL5	0
spoh	Sporosarcina sp. ANT_H38	0
spoi	Spongiibacter sp. IMCC21906	0
spok	Sporanaerobacter sp. UW_FK_SPOR1_1	0
spol	Shewanella polaris	1
spon	Flagellimonas maritima	2
spoo	Sporosarcina sp. Te-1	0
spop	Sporosarcina sp. P37	0
spoq	Sporosarcina sp. FA9	0
spor	Sporosarcina sp. P33	0
spos	Sporosarcina sp. PTS2304	0
spp	Streptococcus pneumoniae	30367
spph	Sphingobium phenoxybenzoativorans	5
spq	Salmonella enterica	19006
spr	Streptococcus pneumoniae	30367
spra	Streptomyces prasinus	8
spre	Sinorhizobium prairiense	1
sprf	Streptomyces profundus	1
sprn	Spiroplasma sp. NBRC 100390	0
sprr	Sphingomonas sp. R1	0
sprs	Sphingobium sp. RSMS	1
sprz	Sphingobacterium sp. R2	0
sps	Streptococcus pyogenes	10451
spsc	Sphingobacterium psychroaquaticum	3
spsd	Staphylococcus shinii	8
spse	Pseudosulfitobacter pseudonitzschiae	3
spsh	Shewanella psychropiezotolerans	1
spsj	Shewanella psychrotolerans	1
spso	Sphingomonas sp. So64.6b	0
spsr	Shewanella psychromarinicola	1
spsw	Shewanella psychrophila	7
spt	Salmonella enterica	19006
spta	Sphingobium sp. TA15	0
spue	Sinomonas puerhi	1
spun	Streptomyces fodineus	3
spus	Sphingopyxis sp. USTB-05	2
spv	Streptococcus pneumoniae	30367
spw	Streptococcus pneumoniae	30367
spwt	Sphingobium sp. WTD-1	0
spx	Streptococcus pneumoniae	30367
spy	Streptococcus pyogenes	10451
spya	Streptococcus pyogenes	10451
spyf	Sphingopyxis sp. YF1	5
spyg	Sphingobium sp. YG1	0
spyh	Streptococcus pyogenes	10451
spym	Streptococcus pyogenes	10451
spyo	Streptococcus pyogenes	10451
spz	Streptococcus pyogenes	10451
spzr	Stakelama tenebrarum	0
sqo	Sphingomonas qomolangmaensis	1
sqz	Streptomyces qinzhouensis	1
sra	Serratia sp. AS13	0
srad	Sphingomonas radiodurans	2
srai	Staphylococcus ratti	1
srat	Streptococcus ratti	11
srb	Candidate division	228
srd	Spirosoma radiotolerans	6
srf	Sediminicoccus rosea	2
srg	Candidate division	228
srha	Sporomusa rhizae	1
srhd	Sulfitobacter rhodophyticola	2
srhi	Sphingomonas rhizophila	4
srho	Spirosoma rhododendri	1
srhs	Shewanella rhizosphaerae	1
srhz	Serratia rhizosphaerae	1
srk	Streptomyces rectiverticillatus	1
srn	Streptomyces rubrolavendulae	3
sroc	Streptomyces roseicoloratus	2
sroe	Skermanella rosea	4
sroi	Streptomyces roseirectus	1
sros	Spiribacter roseus	3
srot	Staphylococcus roterodami	3
srpa	Streptomyces sp. RPA4-5	0
srpz	Streptomyces sp. RPA4-2	0
srq	Streptococcus ruminantium	11
srr	Serratia plymuthica	211
srs	Serratia sp. AS12	0
srt	Segniliparus rotundus	6
sru	Salinibacter ruber	105
srug	Streptomyces rutgersensis	12
srum	Streptococcus ruminicola	1
srun	Streptococcus rubneri	7
sry	Serratia plymuthica	211
ssaa	Stakelama saccharophila	0
ssab	Spiroplasma sabaudiense	2
ssak	Seohaeicola saemankumensis	4
ssal	Spiribacter salinus	11
ssam	Swingsia samuiensis	3
ssar	Serratia sarumanii	9
ssau	Sphingomonas sabuli	1
ssb	Streptococcus suis	2601
sscz	Staphylococcus schleiferi	154
ssd	Staphylococcus pseudintermedius	1068
ssdc	Candidatus Profftella armatura	26
sse	Shewanella sediminis	5
ssec	Streptomyces secundicynarae	1
ssed	Sphingomonas sediminicola	13
sseh	Shewanella seohaensis	6
ssei	Sulfurimonas sediminis	1
ssel	Streptomyces sediminicola	1
ssem	Shewanella sedimentimangrovi	1
ssf	Streptococcus suis	2601
ssi	Streptococcus suis	2601
ssia	Streptomyces alfalfae	9
ssid	Sporomusa silvacetica	4
ssil	Solibacillus silvestris	23
ssim	Staphylococcus simiae	4
ssin	Sphingomonas sinipercae	1
ssir	Streptomyces sirii	1
ssiy	Sphingobacterium siyangense	8
ssk	Streptococcus suis	2601
ssli	Streptomyces solicathayae	1
ssm	Sediminispirochaeta smaragdinae	2
ssoc	Streptomyces solicamelliae	1
ssoi	Streptomyces malaysiensis	32
sspa	Shewanella spartinae	1
sspe	Schlesneria sphaerica	1
ssph	Sporomusa sphaeroides	16
sspn	Streptomyces spinosirectus	2
sspo	Streptomyces spongiicola	7
sspr	Sporomusa intestinalis	1
ssq	Streptococcus suis	2601
ssr	Streptococcus salivarius	1564
sss	Streptococcus suis	2601
sst	Streptococcus suis	2601
sste	Mammaliicoccus stepanovicii	1
ssto	Streptomyces stoeckheimensis	3
ssu	Streptococcus suis	2601
ssua	Sphingomonas suaedae	2
ssub	Streptomyces subrutilus	6
ssui	Streptococcus suis	2601
ssum	Shinella sumterensis	2
ssun	Simiaoa sunii	3
ssur	Serratia surfactantfaciens	13
ssus	Streptococcus suis	2601
ssut	Streptococcus suis	2601
ssuv	Streptococcus suivaginalis	2
ssuy	Streptococcus suis	2601
ssv	Streptococcus suis	2601
ssw	Streptococcus suis	2601
ssx	Streptomyces sp. SirexAA-E	3
ssy	Sphingobium sp. SYK-6	7
ssyi	Saccharothrix syringae	7
ssyr	Spiroplasma syrphidicola	2
sta	Winmispira thermophila	1
stab	Spiroplasma tabanidicola	1
stac	Streptomyces tabacisoli	1
stae	Spirosoma taeanense	1
stag	Streptococcus tangpeifui	1
stai	Spiroplasma taiwanense	8
stam	Staphylococcus halotolerans	4
stan	Stanieria sp. NIES-3757	0
stap	Staphylococcus sp. AntiMn-1	1
star	Starkeya sp. ORNL1	0
stas	Staphylococcus taiwanensis	1
staw	Spongiibacter taiwanensis	1
stax	Sphingomonas taxi	3
staz	Staphylococcus sp. NRL 16/872	0
stbr	Streptomyces sp. BRB040	0
stc	Streptococcus thermophilus	2657
stcb	Streptomyces sp. CB09001	0
stcl	Streptomyces sp. CLI2509	0
stcm	Streptomyces sp. CMC78	0
stcz	Streptomyces sp. CA-256286	0
ste	Streptococcus thermophilus	2657
stea	Sporolactobacillus terrae	8
sted	Sporomusa termitida	5
steg	Sinorhizobium terangae	7
stej	Stenotrophomonas sp. SBJS02	0
stek	Stenotrophomonas sp. KCTC 12332	1
stel	Allostella sp. ATCC 35155	0
stem	Stenotrophomonas sp. MYb57	0
sten	Stenotrophomonas sp. WZN-1	0
steo	Stenotrophomonas sp. Pemsol	0
steq	Stenotrophomonas sp. 169	0
stes	Stenotrophomonas oleivorans	1
stez	Stenotrophomonas sp. P2112	0
stf	Streptococcus salivarius	1564
stfd	Streptomyces sp. fd1-xmd	0
stfi	Streptomyces sp. F41	0
stfr	Streptomyces sp. FR-008	0
stg	Streptococcus pyogenes	10451
stgo	Streptomyces sp. Go40/10	0
sthe	Streptococcus thermophilus	2657
sthm	Caldimonas thermodepolymerans	6
stho	Sporosarcina thermotolerans	2
sthp	Streptomyces sp. HP-A2021	0
sths	Streptococcus thermophilus	2657
sthu	Streptomyces sp. HU2014	1
stic	Streptomyces sp. ICC4	0
stid	Streptomyces sp. ID38640	0
stii	Streptomyces sp. ICC1	0
stim	Centipeda timonae	0
stir	Streptomyces tirandamycinicus	6
stj	Streptococcus salivarius	1564
stjl	Streptomyces sp. JL2001	1
stkd	Streptococcus sp. KHUD_012	0
stkh	Streptococcus sp. KHUD_010	0
stkk	Streptococcus sp. KHUD_013	0
stku	Streptococcus sp. KHUD_015	0
stl	Streptococcus thermophilus	2657
stm	Salmonella enterica	19006
stn	Streptococcus thermophilus	2657
stne	Streptomyces sp. NEAU-S7GS2	2
stom	Stomatobaculum sp. F0698	0
stoq	Sphaerospermopsis torques-reginae	10
stoy	Streptococcus toyakuensis	5
stpb	Streptomyces sp. PBH53	0
stpg	Streptomyces sp. Go-475	0
stpj	Streptomyces sp. JL1001	0
stpz	Streptacidiphilus sp. PB12-B1b	0
stq	Winmispira thermophila	1
str	Sebaldella termitidis	5
stra	Streptococcus sp. A12	0
strb	Sporosarcina trichiuri	1
strc	Streptomyces sp. CNQ-509	0
strd	Streptomyces sp. CCM_MD2014	0
stre	Streptomyces sp. 769	0
strf	Streptomyces sp. 4F	0
strg	Streptococcus troglodytae	5
strh	Streptacidiphilus sp. P02-A3a	0
stri	Peterkaempfera bronchialis	1
strj	Streptomyces sp. JH002	0
strk	Streptomyces sp. N50	0
strl	Streptomyces sp. RLB1-33	0
strm	Streptomyces sp. Mg1	0
strn	Streptococcus sp. NPS 308	0
stro	Streptomyces sp. MOE7	0
strp	Streptomyces sp. PAMC 26508	0
strq	Streptomyces sp. 11-1-2	0
strr	Streptomonospora litoralis	1
strs	Streptococcus salivarius	1564
strt	Streptomyces sp. SAT1	0
strv	Streptomyces sp. VN1	0
strw	Streptomyces sp. WP-1	0
strx	Streptomyces sp. S8	0
strz	Streptomyces sp. 71268	0
stsc	Streptomyces sp. SCPE 10	0
stsd	Streptomyces sp. S1D4-11	0
stsg	Streptomyces sp. Sge12	0
stsi	Streptomyces qaidamensis	2
stsm	Streptomyces sp. SM17	0
stsu	Streptomyces tsukubensis	6
stt	Salmonella enterica	19006
sttn	Streptomyces sp. TN58	0
stu	Streptococcus thermophilus	2657
stub	Streptomyces tubbatahanensis	1
stuc	Schaalia turicensis	11
stud	Streptomyces tubercidicus	9
stui	Streptomyces tuirus	10
stur	Spiroplasma turonicum	6
stv	Streptococcus sp. VT 162	0
stvb	Streptomyces sp. VB1	0
stw	Streptococcus thermophilus	2657
stws	Streptomyces sp. W1SF4	0
stx	Streptococcus pyogenes	10451
sty	Salmonella enterica	19006
styi	Streptomyces sp. YIM 121038	0
stz	Streptococcus pyogenes	10451
sua	Sulfurimonas autotrophica	8
sual	Sulfitobacter albidus	1
suam	Sulfitobacter alexandrii	3
suba	Subtercola endophyticus	1
subt	Subtercola sp. PAMC28395	0
suc	Staphylococcus aureus	151150
sud	Staphylococcus aureus	151150
sue	Staphylococcus aureus	151150
suf	Staphylococcus aureus	151150
sufl	Sphingobium fuliginis	23
sug	Staphylococcus aureus	151150
sui	Streptococcus suis	2601
suj	Staphylococcus aureus	151150
suk	Staphylococcus aureus	151150
sul	Sulfurihydrogenibium sp. YO3AOP1	0
sulb	Sulfitobacter sp. CB2047	0
sulc	Sulfurimonas sp. CVO	0
suld	Sulfitobacter sp. D7	0
sulf	Sulfuriferula sp. AH1	0
sulg	Sulfurimonas lithotrophica	2
sulh	Sulfurospirillum sp. hDNRA2	0
suli	Sulfitobacter sp. JL08	0
sulj	Sulfurospirillum diekertiae	3
sulm	Sulfitobacter sp. DSM 110093	0
suln	Sulfurimonas xiamenensis	2
sulp	Sulfitobacter sp. PM12	0
sulq	Sulfitobacter sp. OXR-159	0
sulr	Candidatus Sulfuricurvum sp.	1
suls	Sulfurospirillum diekertiae	3
sult	Sulfurospirillum diekertiae	3
sulu	Sulfurospirillum sp. 1612	0
suly	Sulfitobacter sp. TCYB15	0
sulz	Sulfitobacter sp. SK012	0
sum	Candidatus Karelsulcia muelleri	3
sun	Sulfurovum sp. NBC37-1	0
suo	Streptococcus suis	2601
sup	Streptococcus suis	2601
supe	Superficieibacter sp. HKU1	0
suq	Staphylococcus aureus	151150
sur	Allostigmatella aurantiaca	1
surl	Sporosarcina ureilytica	4
surn	Streptococcus urinalis	6
surs	Staphylococcus ursi	1
sury	Staphylococcus ureilyticus	8
sus	Candidatus Solibacter usitatus	6
susq	Sulfitobacter sp. S190	0
sut	Staphylococcus aureus	151150
sutk	Sutterella faecalis	2
sutr	Suttonella sp. R2A3	0
sutt	Sutterella megalosphaeroides	1
suu	Staphylococcus aureus	151150
suv	Staphylococcus aureus	151150
suw	Staphylococcus aureus	151150
sux	Staphylococcus aureus	151150
suy	Staphylococcus aureus	151150
suz	Staphylococcus aureus	151150
sva	Sulfurifustis variabilis	4
svc	Allostella vacuolata	1
svp	Stratiformator vulcanicus	1
svq	Streptomyces vinaceusdrappus	10
svt	Streptomyces vietnamensis	12
swf	Formicincola oecophyllae	1
swi	Rhizorhabdus wittichii	11
swu	Sphingosinicella wutangchuni	1
sxa	Sphingomonas xanthus	2
sxn	Streptomyces xanthii	2
sxo	Staphylococcus xylosus	670
sxt	Streptomyces xanthophaeus	10
sxy	Staphylococcus xylosus	670
syan	Streptomyces yangpuensis	3
syb	Sphingobium sp. YBL2	0
sycb	Synechococcus sp. CBW1107	0
syd	Synechococcus sp. CC9605	0
sye	Synechococcus sp. CC9902	0
syf	Synechococcus elongatus	1114
syg	Synechococcus sp. CC9311	1
syh	Synechococcus sp. WH 8109	0
syi	Sediminicola sp. YIK13	0
syj	Synechocystis sp. PCC 6714	4
syk	Shewanella yunxiaonensis	2
syl	Picosynechococcus sp. PCC 7003	0
sylt	Synechococcus sp. LTW-R	0
sym	Symbiopectobacterium purcellii	3
sync	Synechococcus sp. CB0101	0
synd	Synechococcus sp. KORDI-52	0
syne	Synechococcus sp. PCC 6312	0
synh	Synechocystis sp. PCC 7338	0
synk	Synechococcus sp. KORDI-100	0
synl	Synechococcus sp. LA31	0
synn	Synechococcus sp. NIES-970	0
syno	Synechococcus sp. NB0720_010	0
synp	Pseudanabaenococcus habilitatus	0
synr	Synechococcus sp. KORDI-49	0
syns	Synechocystis sp. LKSZ1	1
synu	Synechococcus sp. WH 8101	0
synw	Synechococcus sp. WH 8103	0
syny	Synechococcus sp. SynAce01	0
synz	Synechococcus sp. CBW1002	0
syo	Synechocystis sp. IPPAS B-1465	0
syou	Shewanella youngdeokensis	0
syp	Picosynechococcus sp. PCC 7002	1
syq	Synechocystis sp. PCC 6803 PCC-P	0
syr	Synechococcus sp. RCC307	0
sys	Synechocystis sp. PCC 6803 PCC-N	0
syt	Synechocystis sp. PCC 6803 GT-I	0
syu	Synechococcus elongatus	1114
syun	Streptomyces yunnanensis	3
syv	Picosynechococcus sp. PCC 73109	0
syw	Parasynechococcus marenigrum	0
syx	Synechococcus sp. WH 7803	0
syy	Synechocystis sp. PCC 6803 GT-S	0
syz	Synechocystis sp. PCC 6803	265
sze	Siansivirga zeaxanthinifaciens	4
szg	Streptococcus zhangguiae	1
szh	Shewanella zhangzhouensis	1
szu	Schaalia zhouxuedongae	1
tab	Tumebacillus algifaecis	2
taci	Thermodesulfobium acidiphilum	3
tact	Thalassomonas actiniarum	5
taer	Tichowtungia aerotolerans	1
tai	Thermanaerovibrio acidaminovorans	8
taid	Terribacillus sp. DMT04	0
taj	Pseudotamlana carrageenivorans	1
tal	Thermocrinis albus	4
talb	Terriglobus albidus	2
talu	Thermoleophilum album	8
talz	Tardiphaga alba	1
tamm	Trichlorobacter ammonificans	2
tamn	Tahibacter amnicola	1
tani	Candidatus Thiothrix anitrata	1
tant	Thermus antranikianii	10
tao	Thiomicrospira aerophila	1
tap	Terribacillus saccharophilus	9
taqu	Thermospira aquatica	1
tarc	Tardiphaga sp. vice278	0
tard	Tardiphaga sp. 709	0
tarv	Tardiphaga sp. vice154	0
tat	Taylorella asinigenitalis	42
tate	Tateyamaria algicola	1
tatu	Tatumella sp. TA1	1
taty	Tateyamaria rhodophyticola	1
tau	Tolumonas auensis	5
taut	Thermodesulfovibrio autotrophicus	1
tav	Thermosulfuriphilus ammonigenes	2
taw	Tabrizicola piscis	3
tay	Tamlana sp. s12	0
taz	Leadbettera azotonutricia	1
tbb	Turicibacter bilis	5
tbe	Treponema brennaborense	13
tbf	Thermus brevis	3
tbh	Tepidiforma bonchosmolovskayae	1
tbj	Tistrella bauzanensis	3
tbk	Hujiaoplasma nucleasis	1
tbm	Tenericutes bacterium	2
tbn	Thiolapillus brandeum	0
tbog	Thiocapsa bogorovii	5
tbv	Thermomonas brevis	6
tbw	Trueperella bialowiezensis	1
tbz	Tenericutes bacterium	2
tcar	Trinickia caryophylli	7
tcd	Thermohahella caldifontis	1
tci	Tatumella citrea	5
tcn	Thermomonas carbonis	3
tco	Thermobacillus composti	5
tcp	Thermaerobacter composti	3
tct	Pseudoduganella chitinolytica	1
tcx	Hydrogenovibrio crunogenus	5
tcy	Thiomicrospira cyclica	1
tdf	Tessaracoccus defluvii	3
tdu	Candidatus Thiocaldithrix dubininis	1
teb	Tepidibacter aestuarii	1
tec	Thioclava electrotropha	7
ted	Terrabacter sp. C0L_2	0
tee	Tenderia electrophaga	7
teg	Taylorella equigenitalis	130
teh	Nostocoides sp. HKS02	0
tej	Tessaracoccus palaemonis	2
tek	Tepidimonas sp. HKU77	0
tem	Terrisporobacter hibernicus	1
temp	Tunturiibacter empetritectus	0
ten	Tenacibaculum todarodis	2
tep	Tepidanaerobacter acetatoxydans	15
teq	Taylorella equigenitalis	130
tes	Tessaracoccus aquimaris	1
tex	Thermoanaerobacter sp. X514	0
tez	Tessaracoccus sp. T2.5-30	0
tfa	Tessaracoccus flavescens	12
tfc	Turicibacter faecis	1
tfe	Thermosipho ferrireducens	1
tfl	Tessaracoccus flavus	3
tfla	Tepidiforma flava	0
tfr	Thermanaerosceptrum fracticalcis	1
tfri	Thiorhodovibrio frisius	1
tft	Thalassotalea fonticola	1
tfv	Tsuneonella flava	2
tgc	Terrisporobacter glycolicus	13
tgi	Tunturiibacter gelidiferens	0
tgl	Thalassovita gelatinovora	1
thaa	Thalassococcus sp. S3	0
thab	Thalassotalea sp. LPB0316	0
thac	Thalassospira marina	1
thad	Thalassospira sp. B30-1	0
thaf	Terasakiella halodenitrificans	0
thag	Thauera sp. GDN1	0
thai	Thalassospira sp. A40-3	0
thaj	Thauera sp. JM12B12	0
thal	Candidatus Endolissoclinum faulkneri	2
thap	Thalassotalea sp. PS06	0
thar	Thalassobaculum sp. OXR-137	0
thas	Pukyongiella litopenaei	1
that	Thalassomonas haliotis	1
thau	Thauera humireducens	8
thc	Thermus sp. CCB_US3_UF1	0
thd	Candidatus Tokpelaia hoelldoblerii	2
thec	Thermosynechococcus sp. CL-1	1
thed	Thermoanaerobacterium sp. RBIITD	0
thef	Thermaerobacter sp. FW80	0
theh	Thermomonas sp. HDW16	0
theo	Thermoflavifilum sp.	0
thep	Thermaerobacter sp. PB12/4term	0
ther	Thermosipho sp. 1070	0
thes	Thermomonas aquatica	3
thet	Thermodesulfobacterium sp. TA1	0
theu	Thermoleptolyngbya sichuanensis	3
thew	Thermodesulfomicrobium sp. WS	0
thex	Thermomonas sp. XSG	0
they	Thermosynechococcus sp. TA-1	0
thez	Thermoanaerobacter sp. RKWS2	0
thgo	Thalassospira sp. GO-4	0
thi	Thiomonas arsenitoxydans	4
thic	Thiohalobacter sp. COW1	0
thig	Thiomicrorhabdus sediminis	1
thim	Thiocapsa sp. M50B4	0
thin	Candidatus Thioglobus sp.	1
thio	Thiomicrospira sp. S5	0
thip	Thiohalocapsa sp. PB-PSB1	0
this	Candidatus Thiothrix singaporensis	1
thiv	Thiovibrio sp. Mzg5	0
thk	Thauera sinica	2
thl	Tetragenococcus halophilus	193
thn	Thermosynechococcus sp. NK55	0
tho	Candidatus Thioglobus autotrophicus	1
thp	Thermosipho sp. 1063	0
thq	Thermotoga sp. 2812B	0
thr	Thermotoga sp. RQ7	0
tht	Thalassotalea sp. HSM 43	0
thu	Thauera humireducens	8
thug	Thermoflexus hugenholtzii	2
thw	Thioclava nitratireducens	2
thx	Thermoanaerobacter sp. X513	0
thyd	Thermotomaculum hydrothermale	2
thyr	Tepidibacter hydrothermalis	1
thz	Thermotoga sp. Cell2	0
tib	Thiomicrorhabdus immobilis	1
tid	Thermodesulfatator indicus	12
tig	Thioploca ingrica	7
tii	Thalassospira indica	1
tim	Tuwongella immobilis	5
timm	Thiomicrolovo immobilis	0
tio	Thermophilibacter immobilis	1
tis	Tissierella sp. Yu-01	0
tit	Thermoanaerobacter italicus	9
tiz	Tissierella sp. MB52-C2	0
tje	Tenacibaculum jejuense	2
tjr	Thermincola carboxydiphila	2
tkm	Thioalkalivibrio sp. K90mix	1
tkr	Tetragenococcus koreensis	4
tla	Tessaracoccus lapidicaptus	4
tlb	Thioclava litoralis	1
tlc	Thiothrix lacustris	6
tle	Pseudothermotoga lettingae	2
tlh	Thiomicrorhabdus lithotrophica	1
tli	Thermovirga lienii	6
tlj	Tuanshanicoccus lijuaniae	1
tll	Candidatus Tyloplasma litorale	2
tlo	Thiothrix litoralis	1
tlq	Tundrisphaera lichenicola	3
tlr	Thiorhodovibrio litoralis	1
tls	Tessaracoccus lacteus	1
tlu	Thalassospira lucentensis	5
tmai	Thermosulfurimonas marina	1
tmb	Thioflavicoccus mobilis	4
tmd	Thalassovita mediterranea	0
tme	Thermosipho melanesiensis	7
tmel	Thermocaproicibacter melissae	2
tmg	Candidate division	228
tmh	Thiomicrospira microaerophila	1
tmi	Thermotoga maritima	1488
tmix	Tianxiuia mixotrophica	1
tmj	Telluria mixta	5
tmk	Temperatibacter marinus	2
tmm	Thermotoga maritima	1488
tmo	Tistrella mobilis	13
tmq	Thermotoga maritima	1488
tmr	Thermaerobacter marianensis	12
tmur	Taurinivorans muris	2
tmuy	Turicimonas muris	7
tmv	Termitidicoccus mucosus	1
tmw	Thermotoga maritima	1488
tmx	Thermotoga maritima	1488
tmy	Terrisporobacter mayombei	7
tnn	Thalassotalea nanhaiensis	1
tnr	Thermodesulfobium narugense	5
tob	Thermodesulfovibrio obliviosus	1
toc	Thermosediminibacter oceani	8
toe	Trabulsiella odontotermitis	7
tog	Thermoleptolyngbya oregonensis	0
toh	Tannerella serpentiformis	5
toi	Tolypothrix sp. PCC 7601	0
tom	Tateyamaria omphalii	3
too	Tetragenococcus osmophilus	1
top	Thermodesulfobacterium geofontis	2
toq	Tolypothrix sp. PCC 7910	0
tor	Thalassolituus oleivorans	14
tov	Tenacibaculum ovolyticum	12
toy	Tomitella fengzijianii	1
toz	Tolypothrix sp. PCC 7712	0
tpac	Tenacibaculum pacificus	1
tpar	Thermus parvatiensis	5
tpas	Treponema pallidum	6097
tpav	Treponema parvum	12
tpb	Treponema pallidum	6097
tpc	Treponema pallidum	6097
tpec	Trueperella pecoris	3
tpel	Tunicatimonas pelagia	4
tper	Treponema peruense	1
tpet	Terrisporobacter petrolearius	3
tpg	Treponema pallidum	6097
tph	Treponema pallidum	6097
tpj	Candidatus Tremblaya phenacola	8
tpk	Treponema putidum	13
tpl	Treponema paraluiscuniculi	17
tpla	Tautonia plasticadhaerens	1
tplt	Tenacibaculum platacis	1
tpm	Treponema pallidum	6097
tpo	Treponema pallidum	6097
tpol	Thalassoglobus polymorphus	1
tpoy	Tenacibaculum polynesiense	1
tpp	Treponema pallidum	6097
tpq	Candidatus Tremblaya princeps	14
tpro	Salipiger profundus	1
tpsc	Tunturiibacter psychrotolerans	0
tpsy	Thalassotalea psychrophila	1
tpt	Thermotoga petrophila	52
tpu	Treponema pallidum	6097
tput	Candidatus Thiothrix putei	1
tpw	Treponema pallidum	6097
tpx	Turneriella parva	3
tpyo	Trueperella pyogenes	393
tra	Truepera radiovictrix	6
trb	Tardiphaga robiniae	3
trc	Treponema rectale	2
trd	Thermocrinis ruber	11
tri	Treponema ruminis	2
trm	Treponema sp. OMZ 838	0
trp	Treponema sp. OMZ 803	0
trq	Thermotoga sp. RQ2	0
trs	Terriglobus roseus	6
trt	Tenacibaculum retecalamus	0
try	Pacificoceanicola oceani	1
tsa	Terriglobus saanensis	5
tsb	Thiothrix subterranea	2
tsco	Tritonibacter scottomollicae	1
tsd	Tsukamurella sp. PLM1	0
tse	Thiosulfatimonas sediminis	1
tsf	Thomasclavelia spiroformis	3
tsig	Tenacibaculum singaporense	2
tsin	Thermocoleostomius sinensis	1
tsj	Candidatus Thiothrix sulfatifontis	2
tsn	Candidatus Pseudothioglobus singularis	0
tso	Terrihabitans soli	2
tsph	Telmatocola sphagniphila	4
tspo	Thalassovivens spotae	1
tsq	Thermosynechococcus sichuanensis	0
tsub	Thiomicrolovo subterrani	0
tsul	Thiomicrolovo sulfuroxydans	0
tsv	Terricaulis silvestris	1
tsw	Thiobacillus sedimenti	1
tsx	Thalassobellus suaedae	1
tsy	Candidatus Thiodictyon syntrophicum	2
tsz	Trichothermofontia sichuanensis	1
tta	Pseudothermotoga thermarum	6
ttb	Thalassospira tepidiphila	2
ttc	Thiohalobacter thiocyanaticus	8
ttf	Thermogutta terrifontis	8
ttg	Tenacibaculum tangerinum	1
tti	Thioalkalivibrio paradoxus	13
ttj	Thermus thermophilus	3074
ttk	Thermosulfidibacter takaii	5
ttl	Thermus thermophilus	3074
tto	Thermoanaerobacterium thermosaccharolyticum	86
ttr	Thermobaculum terrenum	12
tts	Thermus thermophilus	3074
ttw	Tepidimonas taiwanensis	7
ttz	Tenuifilum thalassicum	1
tud	Tundrisphaera macrotermitis	1
tuk	Turicibacter sp. KK003	0
tum	Tumebacillus avium	3
tun	Thiothrix unzii	9
tur	Turicibacter sp. H121	3
tvai	Tenacibaculum vairaonense	1
tvd	Thalassomonas viridans	6
tvi	Thiocystis violascens	3
tvl	Trinickia violacea	2
tvn	Thermostichus vulcanus	4
tvt	Terrisporobacter vanillatitrophus	1
tvx	Thermatribacter velox	1
twan	Thalassolituus hydrocarboniclasticus	0
twg	Thiorhodovibrio winogradskyi	1
twi	Thermoanaerobacter wiegelii	8
twn	Thiothrix winogradskyi	2
tws	Tropheryma whipplei	664
txa	Thiomicrorhabdus xiamenensis	1
txi	Thalassospira xiamenensis	9
txy	Thermoanaerobacterium xylanolyticum	9
tya	Tuanshanicoccus yangjingiae	1
tye	Thermodesulfovibrio yellowstonii	11
tzh	Thiomicrolovo zhangzhouensis	0
tzo	Thiosulfativibrio zosterae	1
uam	Candidatus Uabimicrobium amorphum	2
ubr	Utexia brackfieldae	1
ucy	Affinundibacterium cyanobacteriorum	0
udi	Candidatus Uzinura diaspidicola	3
uhl	Candidatus Uabimicrobium helgolandensis	1
uli	Urbifossiella limnaea	1
ume	Umezawaea sp. Da 62-37	0
und	Undibacterium sp. KW1	0
uny	Undibacterium sp. YM2	0
upi	Neoundibacterium piscinae	0
upl	Usitatibacter palustris	1
upr	Ureaplasma parvum	559
upv	Neoundibacterium parvum	0
uru	Usitatibacter rugosus	2
usu	Uruburuella suis	6
ute	Uruburuella testudinis	3
uth	Ureibacillus thermophilus	4
uur	Ureaplasma parvum	559
uva	Umbribacter vaginalis	1
vaa	Variovorax sp. PAMC 28711	1
vab	Vulcanimicrobium alpinum	0
vac	Vagococcus xieshaowenii	2
vae	Variovorax sp. EBFNA2	0
vaf	Vibrio alfacsensis	3
vah	Vagococcus coleopterorum	4
vai	Candidatus Velamenicoccus archaeovorus	3
vam	Variovorax sp. PMC12	0
van	Vibrio anguillarum	1665
vao	Vagococcus zengguangii	1
vaq	Vibrio aquimaris	1
vas	Vibrio astriarenae	4
vau	Vibrio anguillarum	1665
vav	Variovorax sp. 38R	0
vaw	Variovorax xiamenensis	1
vax	Variovorax sp. PAMC28562	0
vay	Variovorax sp. YR566	0
vaz	Variovorax sp. PAMC26660	0
vba	Verrucomicrobia bacterium	7
vbc	Victivallales bacterium	0
vbh	Nibricoccus aquaticus	3
vbl	Kiritimatiella glycovorans	3
vbr	Vibrio breoganii	6
vbs	Verrucomicrobia bacterium	7
vcb	Varibaculum cambriense	5
vce	Vibrio cholerae	11750
vcf	Vibrio cholerae	11750
vcg	Vibrio chagasii	13
vch	Vibrio cholerae	11750
vci	Vibrio cholerae	11750
vcid	Vibrio cidicii	5
vcj	Vibrio cholerae	11750
vck	Vibrio chaetopteri	1
vcl	Vibrio cholerae	11750
vcm	Vibrio cholerae	11750
vco	Vibrio cholerae	11750
vcop	Vescimonas coprocola	4
vcp	Vagococcus carniphilus	10
vcq	Vibrio cholerae	11750
vcr	Vibrio cholerae	11750
vcs	Vibrio cholerae	11750
vcv	Candidatus Vallotiella adelgis	0
vcw	Venatoribacter cucullus	0
vcx	Vibrio cholerae	11750
vcy	Vibrio coralliilyticus	166
vcz	Vibrio cholerae	11750
veg	Verrucomicrobium sp. GAS474	0
vei	Verminephrobacter eiseniae	9
vej	Vibrio sp. EJY3	0
ver	Verrucosispora sp. NA02020	0
vet	Verrucosispora sp. TAA-831	0
veu	Vibrio europaeus	9
vex	Vibrio antiquarius	4
vfa	Vescimonas fastidiosa	4
vfg	Candidatus Vidania fulgoroideorum	0
vfm	Aliivibrio fischeri	454
vgi	Vibrio gigantis	13
vgo	Variibacter gotjawalensis	3
vgu	Vallitalea guaymasensis	7
vha	Vibrio campbellii	233
vhy	Vagococcus hydrophili	2
via	Vibrio sp. MA40-2	0
vib	Vibrio sp. STUT-A11	0
vibr	Vibrio sp. BS-M-Sm-2	0
vic	Vibrio iocasae	1
vid	Vibrio sp. dhg	1
vie	Vagococcus intermedius	1
vig	Virgibacillus sp. 6R	0
vih	Vibrio sp. HB236076	1
vii	Vibrio sp. D3	0
vij	Viridibacillus arvi	3
vik	Virgibacillus salidurans	1
vil	Virgibacillus phasianinus	1
vim	Virgibacillus sp. MSP4-1	0
vin	Vulgatibacter incomptus	2
vio	Vibrio sp. NTOU-M3	0
vip	Vibrio sp. sp1	1
viq	Vibrio sp. B1Z05	0
vir	Virgibacillus sp. SK37	1
vis	Vibrio sp. STUT-A16	0
vit	Vitreoscilla sp. C1	0
viv	Vibrio sp. VB16	0
viz	Vibrio sp. J383	1
vjp	Vibrio japonicus	6
vka	Vibrio kanaloae	6
vla	Candidatus Vallotia laricis	0
vlc	Vagococcus luciliae	1
vle	Vibrio lentus	13
vma	Micromonospora maris	2
vms	Vitreoscilla massiliensis	3
vne	Virgibacillus necropolis	9
vnk	Veillonella nakazawae	9
vnl	Vibrio neocaledonicus	8
vnt	Virgibacillus natechei	3
vnv	Vibrio navarrensis	12
vok	Candidatus Vesicomyidisocius calyptogenae	0
vol	Vogesella sp. LIG4	0
vor	Veillonella orientalis	1
vos	Vibrio ostreae	1
vox	Vogesella sp. XCS3	0
vpb	Vibrio parahaemolyticus	5584
vpd	Variovorax paradoxus	150
vpe	Variovorax paradoxus	150
vpf	Vibrio parahaemolyticus	5584
vph	Vibrio parahaemolyticus	5584
vpi	Vagococcus penaei	8
vpk	Vibrio parahaemolyticus	5584
vpl	Vibrio paracholerae	8
vpm	Vermiphilus pyriformis	1
vpx	Vibrio pomeroyi	6
vpy	Vallitalea pronyensis	2
vre	Vreelandella sp. F11	0
vrm	Veillonella rodentium	6
vrs	Vreelandella sp. SM1641	0
vru	Vibrio ruber	11
vsb	Vibrio sabulosilitoris	1
vsi	Vibrio sinaloensis	9
vsp	Vibrio atlanticus	4
vsr	Vibrio spartinae	4
vsu	Varunaivibrio sulfuroxidans	2
vsy	Vibrio syngnathi	1
vte	Vagococcus teuberi	8
vti	Vibrio tarriae	3
vtr	Candidatus Vallotiella hemipterorum	0
vvm	Vibrio vulnificus	2507
vvu	Vibrio vulnificus	2507
vvy	Vibrio vulnificus	2507
vzi	Vibrio ziniensis	1
wba	Candidatus Woesebacteria bacterium	0
wbd	Wukongibacter baidiensis	3
wbm	Wolbachia endosymbiont	188
wbo	Wielerella bovis	1
wca	Candidatus Westeberhardia cardiocondylae	1
wce	Weissella tructae	5
wcl	Wolbachia endosymbiont	188
wco	Weissella coleopterorum	1
wcp	Wujia chipingensis	1
wct	Weissella ceti	18
wdi	Weissella diestrammenae	2
wdm	Wolbachia endosymbiont	188
wea	Wolbachia endosymbiont	188
web	Wolbachia endosymbiont	188
wec	Wolbachia endosymbiont	188
wed	Wolbachia endosymbiont	188
wedc	Wolbachia endosymbiont	188
wee	Wolbachia endosymbiont	188
wef	Wolbachia endosymbiont	188
weg	Wolbachia endosymbiont	188
weh	Wolbachia endosymbiont	188
wei	Periweissella cryptocerci	0
wej	Wolbachia endosymbiont	188
wek	Wolbachia endosymbiont	188
wel	Wolbachia endosymbiont	188
welo	Wolbachia endosymbiont	188
wem	Wolbachia endosymbiont	188
wen	Wolbachia endosymbiont	188
wenc	Wolbachia endosymbiont	188
wend	Wolbachia endosymbiont	188
wenh	Wolbachia endosymbiont	188
wenl	Wolbachia endosymbiont	188
weno	Wolbachia endosymbiont	188
wenw	Wolbachia endosymbiont	188
wenz	Wolbachia endosymbiont	188
weo	Wolbachia endosymbiont	188
wep	Wolbachia endosymbiont	188
weq	Wolbachia endosymbiont	188
wer	Wolbachia endosymbiont	188
wes	Wolbachia endosymbiont	188
wet	Wolbachia endosymbiont	188
weu	Wolbachia endosymbiont	188
wev	Wolbachia endosymbiont	188
wew	Wolbachia endosymbiont	188
wex	Wolbachia endosymbiont	188
wey	Wolbachia endosymbiont	188
wez	Wenzhouxiangella sp. AB-CW3	0
wezt	Wolbachia endosymbiont	188
wgl	Wigglesworthia glossinidia	59
whj	Wansuia hejianensis	0
whr	Williamsia herbipolensis	1
wij	Winogradskyella sp. J14-2	0
wik	Nanchangia anserum	2
win	Winogradskyella sp. PG-2	0
wjo	Weissella jogaejeotgali	6
wma	Wenzhouxiangella marina	7
wms	Candidatus Wolbachia massiliensis	0
wna	Woronichinia naegeliana	5
wne	Winkia neuii	5
woc	Woeseia oceani	2
wol	Wolbachia endosymbiont	188
woo	Wolbachia endosymbiont	188
wpi	Wolbachia endosymbiont	188
wri	Wolbachia sp. wRi	0
wsa	Weissella sagaensis	2
wso	Weissella soli	13
wtr	Weissella tructae	5
wuk	Wukongibacter sp. M2B1	0
wwe	Candidate division	228
xab	Xanthomonas sp. CFBP 8445	0
xaf	Xanthomonas sp. CFBP 8443	0
xag	Xanthomonas sp. GW	0
xai	Xanthomonas sp. SI	0
xak	Xylocopilactobacillus apis	0
xan	Xanthomonas sp. ISO98C4	0
xap	Xylocopilactobacillus apicola	0
xas	Xanthomonas sp. SS	0
xau	Xanthobacter versatilis	1
xaz	Xanthomonas sp. CPBF 426	0
xba	Ahniella affigens	1
xbc	Pseudolysobacter antarcticus	2
xbn	Xanthomonas bundabergensis	1
xbv	Xenorhabdus bovienii	82
xcb	Xanthomonas campestris	2157
xcc	Xanthomonas campestris	2157
xcd	Xanthomonas cannabis	3
xce	Xylanimonas cellulosilytica	7
xcf	Xanthomonas citri	665
xci	Xanthomonas citri	665
xcj	Xanthomonas citri	665
xcl	Candidatus Xianfuyuplasma coldseepsis	0
xcm	Xanthomonas citri	665
xcn	Xanthomonas citri	665
xcp	Xanthomonas campestris	2157
xcr	Xanthomonas citri	665
xcs	Xanthomonas cerealis	1
xct	Xanthomonas citri	665
xcu	Xanthomonas citri	665
xcv	Xanthomonas euvesicatoria	159
xcw	Xanthomonas citri	665
xdi	Xanthobacter dioxanivorans	1
xdy	Xanthomonas dyei	0
xet	Xenorhabdus sp. TH1	0
xeu	Xanthomonas euroxanthea	6
xff	Xylella fastidiosa	1161
xfh	Xylella fastidiosa	1161
xfl	Xylella fastidiosa	1161
xfm	Xylella fastidiosa	1161
xfn	Xylella fastidiosa	1161
xfs	Xylella fastidiosa	1161
xft	Xylella fastidiosa	1161
xfu	Xanthomonas citri	665
xgm	Xanthomonas graminis	1
xgr	Xenorhabdus griffiniae	12
xha	Xanthomonas hawaiiensis	1
xhd	Xanthomonas hydrangeae	1
xhr	Xanthomonas hortorum	53
xhy	Xanthomonas hyacinthi	7
xii	Candidatus Xiphinematobacter sp.	2
xin	Xanthomonas indica	2
xmd	Xanthomonas medicagonis	1
xnm	Xenorhabdus nematophila	270
xoo	Xanthomonas oryzae	1939
xop	Xanthomonas oryzae	1939
xor	Xanthomonas oryzae	1939
xoy	Xanthomonas oryzae	1939
xoz	Xanthomonas oryzae	1939
xpo	Xenorhabdus poinarii	10
xpr	Xanthomonas prunicola	4
xry	Xanthomonas rydalmerensis	1
xso	Xanthomonas sontii	6
xta	Xenorhabdus taiwanensis	0
xth	Xanthomonas theicola	4
xts	Xanthomonas tesorieronis	1
xtw	Xylella taiwanensis	9
xya	Xylanimonas protaetiae	2
xyg	Xylophilus sp. GOD-11R	0
xyk	Xylophilus rhododendri	1
xyl	Xylanimonas allomyrinae	3
yag	Yoonia algicola	1
yak	Yersinia aleksiciae	5
yal	Yersinia aldovae	13
yan	Salipiger sp. CCB-MM3	0
yas	Yersinia alsatica	2
yca	Yersinia canariae	1
yef	Yersinia enterocolitica	5909
yel	Yersinia hibernica	3
yen	Yersinia enterocolitica	5909
yep	Yersinia enterocolitica	5909
yet	Yersinia enterocolitica	5909
yew	Yersinia enterocolitica	5909
yey	Yersinia enterocolitica	5909
yfe	Yersinia fenwicki	1
yhi	Yersinia hibernica	3
yia	Yinghuangia sp. ASG 101	0
yim	Yimella sp. cx-51	0
ykr	Yersinia rochesterensis	1
yma	Yersinia massiliensis	8
ypac	Alloyangia pacifica	2
ypc	Yersinia pseudotuberculosis	2273
ypd	Yersinia pestis	4150
ype	Yersinia pestis	4150
ypf	Yersinia pseudotuberculosis	2273
ypg	Yersinia pestis	4150
yph	Yersinia pestis	4150
yphy	Yoonia phaeophyticola	1
ypi	Yersinia pseudotuberculosis	2273
ypj	Yersinia pestis	4150
ypk	Yersinia pestis	4150
ypl	Yersinia pestis	4150
ypm	Yersinia pestis	4150
ypn	Yersinia pestis	4150
ypo	Yersinia pseudotuberculosis	2273
ypp	Yersinia pestis	4150
ypq	Yersinia pseudotuberculosis	2273
ypr	Yersinia pseudotuberculosis	2273
yps	Yersinia pseudotuberculosis	2273
ypt	Yersinia pestis	4150
ypu	Yersinia pseudotuberculosis	2273
ypv	Yersinia pestis	4150
ypw	Yersinia pestis	4150
ypx	Yersinia pestis	4150
ypy	Yersinia pseudotuberculosis	2273
ypz	Yersinia pestis	4150
yrh	Yoonia rhodophyticola	1
yro	Yersinia rohdei	10
yru	Yersinia ruckeri	524
ysi	Yersinia similis	6
yti	Paradevosia tibetensis	1
zal	Zhongshania aliphaticivorans	7
zin	Candidatus Zinderia insecticola	3
zla	Zobellia laminariae	3
zmc	Zymomonas mobilis	1115
zmi	Zymomonas mobilis	1115
zmm	Zymomonas mobilis	1115
zmn	Zymomonas mobilis	1115
zmo	Zymomonas mobilis	1115
zmp	Zymomonas mobilis	1115
zmr	Zymomonas mobilis	1115
zob	Zobellella sp. DQSA1	0
zon	Zobellella sp. An-6	0
zpa	Zoogloeaceae bacteirum	0
zsp	Zhouia spongiae	2
zth	Zhurongbacter thermophilus	2
tgo	Toxoplasma gondii	20623
hia	Haemophilus influenzae	19786
xla	Xenopus laevis	18540
tcr	Trypanosoma cruzi	17503
abaa	Acinetobacter baumannii	17168
efa	Enterococcus faecalis	16757
ces	Chlamydia trachomatis	15950
sep	Staphylococcus epidermidis	14025
smm	Schistosoma mansoni	13267
ngk	Neisseria gonorrhoeae	12516
mao	Mycobacterium avium	11390
pgi	Porphyromonas gingivalis	11182
soz	Streptococcus pyogenes	10451
cng	Cryptococcus neoformans	9953
tbg	Trypanosoma brucei	9904
cjb	Campylobacter jejuni	9787
nma	Neisseria meningitidis	9469
btb	Bacillus thuringiensis	9423
cpe	Clostridium perfringens	9285
efau	Enterococcus faecium	8915
pvx	Plasmodium vivax	8015
smac	Serratia marcescens	7803
nta	Nicotiana tabacum	7796
pvu	Phaseolus vulgaris	7656
ehi	Entamoeba histolytica	7438
omy	Oncorhynchus mykiss	7397
mcc	Macaca mulatta	7348
pmib	Proteus mirabilis	6825
lpa	Legionella pneumophila	6819
bna	Brassica napus	6739
agr	Agrobacterium tumefaciens	6556
bpc	Bordetella pertussis	6528
pfc	Pseudomonas fluorescens	6300
cdc	Clostridioides difficile	6247
tpa	Treponema pallidum	6097
hvg	Hordeum vulgare	5998
pbe	Plasmodium berghei	5996
yee	Yersinia enterocolitica	5909
bfb	Bacteroides fragilis	5900
ldo	Leishmania donovani	5841
tva	Trichomonas vaginalis	5720
bah	Bacillus anthracis	5683
bfu	Botrytis cinerea	5638
vpa	Vibrio parahaemolyticus	5584
dmk	Daphnia magna	5429
sag	Streptococcus agalactiae	5325
ccar	Cyprinus carpio	5297
egl	Echinococcus granulosus	5295
mlb	Mycobacterium leprae	5188
fnu	Fusobacterium nucleatum	5011
lif	Leishmania infantum	4980
lac	Lactobacillus acidophilus	4966
pmp	Pasteurella multocida	4799
cbc	Coxiella burnetii	4692
sasa	Salmo salar	4686
gmw	Galleria mellonella	4545
mcf	Macaca fascicularis	4474
sfe	Shigella flexneri	4452
baa	Brucella abortus	4438
csin	Camellia sinensis	4378
onl	Oreochromis niloticus	4349
cpv	Cryptosporidium parvum	4316
cba	Clostridium botulinum	4277
clp	Chlamydia pneumoniae	4200
csav	Cannabis sativa	4190
ypa	Yersinia pestis	4150
gla	Giardia lamblia	4141
buj	Stenotrophomonas maltophilia	3964
smil	Salvia miltiorrhiza	3926
ghi	Gossypium hirsutum	3852
bld	Bacillus licheniformis	3837
cpii	Culex pipiens	3821
tsp	Trichinella spiralis	3681
caua	Carassius auratus	3527
cqu	Culex quinquefasciatus	3512
cgb	Corynebacterium glutamicum	3463
bpd	Burkholderia pseudomallei	3424
bmeg	Bacillus megaterium	3401
cann	Capsicum annuum	3366
fta	Francisella tularensis	3313
bced	Burkholderia cepacia	3233
rsx	Rhizoctonia solani	3225
mtr	Medicago truncatula	3221
msex	Manduca sexta	3198
shx	Schistosoma haematobium	3134
rcu	Ricinus communis	3132
mcat	Moraxella catarrhalis	3085
tth	Thermus thermophilus	3074
dpte	Dermatophagoides pteronyssinus	3033
brp	Brassica rapa	2988
mar	Microcystis aeruginosa	2988
sco	Streptomyces coelicolor	2958
mlu	Micrococcus luteus	2857
mde	Musca domestica	2847
csv	Cucumis sativus	2794
bamc	Bacillus amyloliquefaciens	2731
blb	Bifidobacterium longum	2731
ola	Oryzias latipes	2700
bme	Brucella melitensis	2648
cfd	Citrobacter freundii	2607
srp	Streptococcus suis	2601
apd	Anaplasma phagocytophilum	2514
vvl	Vibrio vulnificus	2507
amu	Akkermansia muciniphila	2491
uue	Ureaplasma urealyticum	2485
cjc	Callithrix jacchus	2453
oeu	Olea europaea	2434
bbub	Bubalus bubalis	2433
haw	Helicoverpa armigera	2392
lic	Leptospira interrogans	2385
aacn	Aggregatibacter actinomycetemcomitans	2381
btab	Bemisia tabaci	2371
ssn	Shigella sonnei	2368
isc	Ixodes scapularis	2364
biu	Bos indicus	2359
tmol	Tenebrio molitor	2352
han	Helianthus annuus	2334
koc	Klebsiella oxytoca	2316
zof	Zingiber officinale	2313
bvg	Beta vulgaris	2286
pvg	Proteus vulgaris	2280
tca	Tribolium castaneum	2276
ypb	Yersinia pseudotuberculosis	2273
rsc	Ralstonia solanacearum	2195
pit	Prevotella intermedia	2194
lper	Lolium perenne	2185
cda	Corynebacterium diphtheriae	2179
xca	Xanthomonas campestris	2157
avd	Azotobacter vinelandii	2133
vhr	Vibrio harveyi	2132
clv	Columba livia	2121
dfr	Dermatophagoides farinae	2098
cjo	Coturnix japonica	2095
pame	Periplaneta americana	2083
pxy	Plutella xylostella	2055
bhe	Bartonella henselae	2044
bmy	Brugia malayi	2018
pif	Phytophthora infestans	2007
ccc	Campylobacter coli	2006
vag	Vibrio alginolyticus	1991
rtem	Rana temporaria	1966
chb	Chlamydia psittaci	1956
rsan	Rhipicephalus sanguineus	1950
xom	Xanthomonas oryzae	1939
tet	Tetrahymena thermophila	1931
maua	Mesocricetus auratus	1919
sme	Sinorhizobium meliloti	1901
tde	Treponema denticola	1900
twl	Tripterygium wilfordii	1884
gmh	Gadus morhua	1867
sdy	Shigella dysenteriae	1864
gva	Gardnerella vaginalis	1846
cam	Cicer arietinum	1839
soe	Spinacia oleracea	1827
pyo	Plasmodium yoelii	1805
pbn	Paracoccidioides brasiliensis	1802
son	Shewanella oneidensis	1771
vvp	Vulpes vulpes	1770
cacn	Cutibacterium acnes	1756
lme	Leuconostoc mesenteroides	1741
bgt	Biomphalaria glabrata	1696
rrf	Rhodospirillum rubrum	1696
minc	Mangifera indica	1691
mxa	Myxococcus xanthus	1685
lag	Vibrio anguillarum	1665
mun	Meriones unguiculatus	1664
kla	Kluyveromyces lactis	1663
stru	Salmo trutta	1663
bama	Bacillus velezensis	1659
pti	Phaeodactylum tricornutum	1653
dcr	Daucus carota	1652
mmae	Mycobacterium marinum	1648
acal	Acinetobacter calcoaceticus	1636
smb	Streptococcus mitis	1635
apa	Actinobacillus pleuropneumoniae	1630
paua	Phragmites australis	1626
cdk	Camelus dromedarius	1603
vda	Verticillium dahliae	1592
ovr	Odocoileus virginianus	1568
ssah	Streptococcus salivarius	1564
fca	Felis catus	1556
lmi	Leishmania mexicana	1556
tut	Tetranychus urticae	1556
fpa	Faecalibacterium prausnitzii	1552
lbb	Lycium barbarum	1549
bpu	Bacillus pumilus	1547
ama	Anaplasma marginale	1542
vun	Vigna unguiculata	1536
rlb	Rhizobium leguminosarum	1535
sgr	Streptomyces griseus	1534
pov	Paralichthys olivaceus	1519
gat	Gasterosteus aculeatus	1512
cin	Ciona intestinalis	1509
bbh	Bordetella bronchiseptica	1502
rcp	Rhodobacter capsulatus	1498
tma	Thermotoga maritima	1488
pfi	Pyrococcus furiosus	1485
tfo	Tannerella forsythia	1478
bjp	Bradyrhizobium japonicum	1466
bbf	Bifidobacterium bifidum	1459
mcha	Momordica charantia	1425
ots	Orientia tsutsugamushi	1414
his	Hermetia illucens	1403
nlu	Nilaparvata lugens	1398
sliu	Spodoptera litura	1396
cmo	Cucumis melo	1395
pmoo	Penaeus monodon	1394
pcla	Procambarus clarkii	1377
ipu	Ictalurus punctatus	1369
dra	Deinococcus radiodurans	1362
spu	Strongylocentrotus purpuratus	1357
carb	Coffea arabica	1356
mkn	Mycobacterium kansasii	1349
etd	Edwardsiella tarda	1348
rmp	Rhipicephalus microplus	1347
lbz	Leishmania braziliensis	1345
cide	Ctenopharyngodon idella	1341
cvi	Chromobacterium violaceum	1340
bmic	Babesia microti	1338
cqi	Chenopodium quinoa	1336
lin	Listeria innocua	1332
ovi	Opisthorchis viverrini	1331
fnf	Fusobacterium necrophorum	1329
pkn	Plasmodium knowlesi	1328
ecn	Ehrlichia canis	1309
aeo	Aeromonas salmonicida	1288
kmx	Kluyveromyces marxianus	1284
cim	Coccidioides immitis	1276
pret	Poecilia reticulata	1268
pprm	Pimephales promelas	1266
cpep	Cucurbita pepo	1263
bth	Bacteroides thetaiotaomicron	1259
hbr	Hevea brasiliensis	1245
mul	Mycobacterium ulcerans	1229
fvr	Fusarium verticillioides	1209
lja	Lotus japonicus	1209
mmk	Morganella morganii	1208
tnl	Trichoplusia ni	1197
bbrc	Bifidobacterium breve	1190
cac	Clostridium acetobutylicum	1178
msam	Micropterus salmoides	1177
lhd	Lactobacillus helveticus	1172
xfa	Xylella fastidiosa	1161
lra	Lacticaseibacillus rhamnosus	1124
esn	Eriocheir sinensis	1123
ssck	Sporothrix schenckii	1118
cro	Citrobacter rodentium	1116
zmb	Zymomonas mobilis	1115
nad	Nocardia asteroides	1114
syc	Synechococcus elongatus	1114
bdi	Brachypodium distachyon	1113
tcc	Theobroma cacao	1111
camp	Campylobacter fetus	1111
paci	Pediococcus acidilactici	1111
nfo	Naegleria fowleri	1110
jre	Juglans regia	1105
eae	Klebsiella aerogenes	1101
ssp	Staphylococcus saprophyticus	1097
sha	Staphylococcus haemolyticus	1090
svf	Streptococcus viridans	1087
ccat	Ceratitis capitata	1086
cgar	Clarias gariepinus	1086
sda	Streptococcus dysgalactiae	1068
sdt	Staphylococcus pseudintermedius	1068
lll	Lutzomyia longipalpis	1067
sgre	Schistocerca gregaria	1060
cvn	Crassostrea virginica	1059
sor	Streptococcus oralis	1059
eam	Erwinia amylovora	1058
cmt	Cordyceps militaris	1051
ssa	Streptococcus sanguinis	1048
pstr	Puccinia striiformis	1047
pcb	Plasmodium chabaudi	1041
rpa	Rhodopseudomonas palustris	1037
pda	Phoenix dactylifera	1035
mni	Macaca nemestrina	1031
sanc	Streptococcus anginosus	1019
hlg	Haemaphysalis longicornis	1018
afa	Alcaligenes faecalis	1018
mchi	Mycobacterium intracellulare	1018
cfel	Ctenocephalides felis	1015
pvm	Penaeus vannamei	1014
lcr	Lactobacillus crispatus	1013
sub	Streptococcus uberis	1010
lroh	Labeo rohita	1009
lga	Lactobacillus gasseri	1001
tan	Theileria annulata	1000
ecor	Eikenella corrodens	998
pmaj	Parus major	996
mhae	Mannheimia haemolytica	988
laa	Candidatus Liberibacter asiaticus	975
bter	Bombus terrestris	974
hlp	Humulus lupulus	974
mrj	Macrobrachium rosenbergii	974
rra	Rickettsia rickettsii	974
pmav	Peromyscus maniculatus	971
nai	Necator americanus	967
jcu	Jatropha curcas	962
dsi	Drosophila simulans	961
erh	Erysipelothrix rhusiopathiae	960
nnu	Nelumbo nucifera	953
tpv	Theileria parva	950
dha	Debaryomyces hansenii	945
bcen	Burkholderia cenocepacia	936
ggo	Gorilla gorilla	932
rphi	Ruditapes philippinarum	926
smau	Scophthalmus maximus	924
ssob	Streptococcus sobrinus	924
seq	Streptococcus equi	923
pagc	Pantoea agglomerans	915
pmal	Plasmodium malariae	901
reb	Rhodococcus erythropolis	898
gsk	Geobacter sulfurreducens	883
lpol	Limulus polyphemus	878
dci	Diaphorina citri	872
ccay	Caretta caretta	866
uah	Ursus arctos	856
lca	Lacticaseibacillus paracasei	855
avo	Aeromonas veronii	854
cpoc	Cavia porcellus	852
hame	Homarus americanus	849
ane	Actinomyces naeslundii	847
avc	Actinomyces viscosus	844
sind	Sesamum indicum	842
hdu	Haemophilus ducreyi	841
pmrn	Petromyzon marinus	838
soc	Solenopsis invicta	838
afe	Acidithiobacillus ferrooxidans	837
cdu	Candida dubliniensis	835
loa	Loa loa	833
ppap	Phlebotomus papatasi	833
bdr	Bactrocera dorsalis	831
tpra	Trifolium pratense	829
lco	Larimichthys crocea	813
tvp	Trichosurus vulpecula	812
hze	Helicoverpa zea	810
gse	Geobacillus stearothermophilus	810
rie	Rhizophagus irregularis	808
csj	Cronobacter sakazakii	808
rco	Rickettsia conorii	807
ccaj	Cajanus cajan	803
cnc	Cupriavidus necator	802
dpx	Daphnia pulex	800
ecu	Encephalitozoon cuniculi	798
otw	Oncorhynchus tshawytscha	798
panu	Papio anubis	796
ech	Ehrlichia chaffeensis	790
axn	Achromobacter xylosoxidans	788
ctc	Clostridium tetani	788
ljf	Lactobacillus johnsonii	788
lsq	Lucilia sericata	784
shp	Shewanella putrefaciens	781
bms	Brucella suis	780
tst	Trachemys scripta	779
cpae	Clostridium pasteurianum	778
bad	Bifidobacterium adolescentis	774
mml	Mycoplasma mycoides	774
lre	Limosilactobacillus reuteri	773
svg	Sturnus vulgaris	766
sapo	Scedosporium apiospermum	764
pavi	Prunus avium	763
ehr	Enterococcus hirae	762
hale	Haloferax volcanii	761
acl	Acholeplasma laidlawii	761
mdo	Monodelphis domestica	760
ppa	Komagataella phaffii	760
lav	Loxodonta africana	756
pleu	Peromyscus leucopus	756
pflt	Perca fluviatilis	753
mpuf	Mustela putorius	742
pan	Podospora anserina	737
sib	Streptococcus intermedius	734
neu	Nitrosomonas europaea	731
egu	Elaeis guineensis	729
zju	Ziziphus jujuba	727
hah	Halophilic archaeon	727
sik	Streptococcus iniae	727
oki	Oncorhynchus kisutch	725
ldc	Leptinotarsa decemlineata	723
foc	Frankliniella occidentalis	721
sita	Setaria italica	719
bbis	Bison bison	715
sacn	Sulfolobus acidocaldarius	712
dds	Desulfovibrio desulfuricans	712
mgp	Meleagris gallopavo	704
slg	Staphylococcus lugdunensis	703
plez	Panthera leo	702
pvir	Panicum virgatum	696
fcd	Folsomia candida	687
baf	Borrelia afzelii	678
cod	Corynebacterium pseudotuberculosis	675
lfe	Limosilactobacillus fermentum	673
rpg	Rickettsia prowazekii	672
sxl	Staphylococcus xylosus	670
ppm	Paenibacillus polymyxa	669
ptm	Paramecium tetraurelia	665
xac	Xanthomonas citri	665
taq	Thermus aquaticus	664
twh	Tropheryma whipplei	664
dpo	Drosophila pseudoobscura	662
shom	Staphylococcus hominis	660
csep	Clostridium septicum	658
clec	Cimex lectularius	657
pdp	Penicillium digitatum	653
smie	Streptococcus milleri	649
sfon	Salvelinus fontinalis	645
lcf	Lates calcarifer	644
pps	Pan paniscus	644
els	Esox lucius	643
hazt	Hyalella azteca	643
psoj	Phytophthora sojae	643
kki	Kingella kingae	636
sho	Streptomyces hygroscopicus	636
hal	Halobacterium salinarum	634
rtb	Rickettsia typhi	634
pkz	Pichia kudriavzevii	626
bga	Borrelia garinii	620
eaa	Endosymbiont of Acanthamoeba sp. UWC8	0
ptg	Panthera tigris	619
phu	Pediculus humanus	617
aae	Aquifex aeolicus	617
cjf	Cryptomeria japonica	615
ppyg	Pongo pygmaeus	615
xao	Xanthomonas axonopodis	614
efus	Eptesicus fuscus	613
mcep	Mugil cephalus	612
tasa	Trichosporon asahii	612
calb	Chenopodium album	608
dpol	Dreissena polymorpha	602
hav	Hafnia alvei	602
lcq	Lucilia cuprina	601
pshi	Plesiomonas shigelloides	598
palz	Populus alba	595
plui	Photorhabdus luminescens	595
tmf	Talaromyces marneffei	594
acav	Aeromonas caviae	592
ooe	Oenococcus oeni	592
mus	Musa acuminata	591
lgr	Lactococcus garvieae	589
scau	Scyliorhinus canicula	584
dvi	Drosophila virilis	583
cld	Clostridium sporogenes	582
air	Actinomyces israelii	579
psom	Papaver somniferum	578
ecla	Enterobacter hormaechei	578
scam	Struthio camelus	574
tru	Takifugu rubripes	574
vsl	Vibrio splendidus	570
nfa	Nocardia farcinica	567
eai	Equus asinus	566
pho	Pyrococcus horikoshii	566
nve	Nematostella vectensis	562
onu	Ostrinia nubilalis	562
upa	Ureaplasma parvum	559
psi	Providencia stuartii	556
pcc	Pectobacterium carotovorum	554
gsj	Glycine soja	552
pmic	Parvimonas micra	552
goh	Gluconobacter oxydans	551
cmax	Cucurbita maxima	549
scac	Stomoxys calcitrans	549
gaf	Gambusia affinis	548
pphc	Phocoena phocoena	548
mba	Methanosarcina barkeri	548
tup	Tupaia belangeri	546
eee	Electrophorus electricus	545
mgr	Pyricularia oryzae	544
haxr	Harmonia axyridis	543
pcw	Phascolarctos cinereus	543
dvv	Diabrotica virgifera	536
pch	Pseudomonas chlororaphis	536
vvo	Vicia villosa	534
apc	Alpha proteobacterium	534
egr	Eucalyptus grandis	533
sprm	Scylla paramamosain	533
sals	Streptomyces albus	533
csat	Camelina sativa	531
vpr	Veillonella parvula	530
tps	Thalassiosira pseudonana	527
sma	Streptomyces avermitilis	525
pgr	Puccinia graminis	524
pnz	Populus nigra	524
yrb	Yersinia ruckeri	524
cho	Cryptosporidium hominis	523
umr	Ursus maritimus	523
zca	Zalophus californianus	523
ptrc	Puccinia triticina	522
bqr	Bartonella quintana	522
rfe	Rickettsia felis	522
spau	Sphingomonas paucimobilis	521
cave	Corylus avellana	517
edi	Entamoeba dispar	517
cmg	Chlamydia muridarum	512
beq	Theileria equi	509
ehx	Emiliania huxleyi	509
crx	Campylobacter rectus	507
ofu	Ostrinia furnacalis	501
pou	Penicillium oxalicum	499
prap	Pieris rapae	498
ctes	Comamonas testosteroni	497
fsc	Fibrobacter succinogenes	497
rec	Rhizobium etli	495
nbr	Nocardia brasiliensis	494
csaa	Castanea sativa	493
pcox	Pyrus communis	493
bmiy	Borrelia miyamotoi	492
tatv	Trichoderma atroviride	489
mamb	Megalobrama amblycephala	488
acx	Azotobacter chroococcum	488
cvj	Calliphora vicina	487
bba	Bdellovibrio bacteriovorus	487
pcoo	Puma concolor	486
sclf	Streptomyces clavuligerus	486
lsm	Lepeophtheirus salmonis	483
lip	Lawsonia intracellularis	481
cbe	Clostridium beijerinckii	480
pds	Photobacterium damselae	480
tdl	Torulaspora delbrueckii	479
char	Clupea harengus	478
ssen	Solea senegalensis	474
ztr	Zymoseptoria tritici	471
wpp	Wolbachia pipientis	469
wcb	Weissella cibaria	468
lang	Lupinus angustifolius	467
nvi	Nasonia vitripennis	467
bma	Burkholderia mallei	467
bcar	Brucella canis	463
btd	Burkholderia thailandensis	463
pni	Prevotella nigrescens	462
one	Oncorhynchus nerka	461
schu	Siniperca chuatsi	461
tac	Thermoplasma acidophilum	460
scg	Streptococcus constellatus	459
cmos	Cucurbita moschata	458
cpic	Chrysemys picta	456
svs	Setaria viridis	454
tasp	Trichoderma asperellum	454
uar	Ursus americanus	454
pfr	Propionibacterium freudenreichii	454
vfi	Aliivibrio fischeri	454
sve	Streptomyces venezuelae	451
pcan	Pomacea canaliculata	447
lbk	Levilactobacillus brevis	447
bov	Brucella ovis	445
scap	Staphylococcus capitis	445
mlf	Myotis lucifugus	443
pcy	Plasmodium cynomolgi	443
lid	Lactobacillus iners	442
cmh	Clavibacter michiganensis	441
dro	Desmodus rotundus	439
bths	Brochothrix thermosphacta	439
aplt	Anaplasma platys	437
mja	Methanocaldococcus jannaschii	433
ega	Enterococcus gallinarum	433
dle	Delphinapterus leucas	432
plv	Paenibacillus larvae	432
fpc	Flavobacterium psychrophilum	431
sga	Streptococcus gallolyticus	431
mln	Mesorhizobium loti	430
swa	Staphylococcus warneri	429
ppad	Panthera pardus	428
cfum	Choristoneura fumiferana	427
oor	Orcinus orca	426
bae	Bacillus atrophaeus	425
fco	Flavobacterium columnare	425
npo	Nyctereutes procyonoides	424
hhal	Halyomorpha halys	423
sara	Sorex araneus	423
mlp	Mycobacterium lepraemurium	423
edu	Enterococcus durans	420
prg	Providencia rettgeri	417
ccm	Capnocytophaga canimorsus	415
nau	Nicotiana attenuata	413
mxe	Mycobacterium xenopi	412
pcoc	Phasianus colchicus	411
shis	Salvia hispanica	410
lcat	Lemur catta	409
soy	Sitophilus oryzae	409
bfi	Butyrivibrio fibrisolvens	409
boa	Bacteroides ovatus	409
dpl	Danaus plexippus	408
pbx	Pieris brassicae	408
eic	Edwardsiella ictaluri	408
mca	Methylococcus capsulatus	407
ocan	Ovis canadensis	406
sca	Staphylococcus carnosus	406
bpa	Bordetella parapertussis	405
slq	Serratia liquefaciens	404
sbc	Shigella boydii	403
csem	Cynoglossus semilaevis	402
cstr	Corynebacterium striatum	400
hhe	Helicobacter hepaticus	400
ecas	Enterococcus casseliflavus	397
mmur	Microcebus murinus	396
peu	Populus euphratica	395
bun	Bacteroides uniformis	395
ccav	Cynara cardunculus	393
tpy	Trueperella pyogenes	393
lvg	Lytechinus variegatus	390
mboi	Moraxella bovis	390
mnz	Macrobrachium nipponense	388
med	Megasphaera elsdenii	387
oml	Oryzias melastigma	386
ptru	Portunus trituberculatus	386
tve	Trichophyton verrucosum	386
hgl	Heterocephalus glaber	383
oke	Oncorhynchus keta	383
bgar	Bufo gargarizans	380
mma	Methanosarcina mazei	380
pwl	Pleurodeles waltl	379
sfb	Streptomyces fradiae	378
tala	Tyto alba	377
shu	Staphylococcus hyicus	377
tfu	Thermobifida fusca	376
dnm	Dasypus novemcinctus	375
rpp	Rickettsia parkeri	372
rrt	Rhodococcus rhodochrous	372
aci	Acinetobacter baylyi	371
cko	Citrobacter koseri	370
rae	Riemerella anatipestifer	369
mcac	Mycoplasma capricolum	366
pss	Pelodiscus sinensis	365
sen	Saccharopolyspora erythraea	365
bim	Bombus impatiens	363
rto	Ruminococcus torques	362
wcf	Weissella confusa	361
cbr	Caenorhabditis briggsae	359
ccae	Cyanistes caeruleus	359
mtw	Methylosinus trichosporium	359
var	Vigna angularis	357
rpf	Ralstonia pickettii	357
alw	Acinetobacter lwoffii	356
bgd	Burkholderia gladioli	356
panb	Peptostreptococcus anaerobius	356
vpc	Vicugna pacos	355
pflv	Perca flavescens	354
pdi	Parabacteroides distasonis	354
npu	Nostoc punctiforme	351
nsy	Nicotiana sylvestris	350
hfe	Helicobacter felis	349
cmao	Colossoma macropomum	348
scoo	Stenella coeruleoalba	348
sri	Selenomonas ruminantium	347
maj	Metarhizium robertsii	346
arai	Agrobacterium radiobacter	346
pfz	Pseudomonas fragi	344
ssif	Staphylococcus simulans	340
pvy	Pistacia vera	339
marc	Methanogenic archaeon	339
bsc	Bipolaris sorokiniana	338
mmer	Mercenaria mercenaria	338
hsm	Histophilus somni	338
mac	Methanosarcina acetivorans	337
cme	Cyanidioschyzon merolae	335
hrt	Hirundo rustica	335
pdam	Pocillopora damicornis	335
msi	Methanobrevibacter smithii	335
crk	Cylindrospermopsis raciborskii	333
mmad	Methanococcus maripaludis	332
kpe	Klebsiella variicola	329
slaf	Silene latifolia	328
dhe	Drosophila hydei	325
pfl	Pseudomonas protegens	325
dno	Dichelobacter nodosus	324
psal	Piscirickettsia salmonis	323
ddp	Delphinus delphis	322
gab	Gossypium arboreum	322
pvt	Pogona vitticeps	321
ray	Rousettus aegyptiacus	320
tko	Thermococcus kodakarensis	319
tot	Theileria orientalis	318
spis	Stylophora pistillata	316
bhd	Brachyspira hyodysenteriae	314
ein	Encephalitozoon intestinalis	313
oed	Ostrea edulis	313
apf	Acetobacter pasteurianus	313
mmyo	Myotis myotis	312
cau	Chloroflexus aurantiacus	312
etc	Edwardsiella piscicida	312
pend	Porphyromonas endodontalis	312
ppyr	Photinus pyralis	311
bab	Buchnera aphidicola	307
manu	Misgurnus anguillicaudatus	306
ape	Aeropyrum pernix	306
bsaf	Bacillus safensis	306
ctyk	Clostridium tyrobutyricum	305
vfl	Vibrio fluvialis	305
qsu	Quercus suber	304
lsp	Lysinibacillus sphaericus	304
nmik	Neoehrlichia mikurensis	304
roa	Rhodococcus opacus	304
cqd	Cherax quadricarinatus	303
snh	Salvelinus namaycush	303
paj	Pantoea ananatis	303
eiv	Entamoeba invadens	302
llv	Lutra lutra	302
lia	Listeria ivanovii	300
pgu	Meyerozyma guilliermondii	296
malb	Monopterus albus	295
bmyo	Bacillus mycoides	295
spil	Sardina pilchardus	294
tty	Thunnus thynnus	294
smf	Streptobacillus moniliformis	294
srim	Streptomyces rimosus	292
tvu	Thermoactinomyces vulgaris	292
vcn	Volvox carteri	291
bmj	Burkholderia multivorans	291
tmu	Trichechus manatus	288
plj	Purpureocillium lilacinum	286
caur	Candidozyma auris	284
mano	Mirounga angustirostris	284
tsr	Thamnophis sirtalis	284
aoh	Anaplasma ovis	282
ppj	Pseudomonas plecoglossicida	281
cpw	Coccidioides posadasii	280
lpic	Lytechinus pictus	279
aaco	Alicyclobacillus acidoterrestris	279
gpb	Gamma proteobacterium	279
lhu	Linepithema humile	277
efo	Epinephelus fuscoguttatus	276
bbk	Bartonella bacilliformis	276
pbiv	Prevotella bivia	275
maea	Mya arenaria	274
ajo	Acinetobacter johnsonii	274
avs	Aerococcus viridans	274
elk	Enhydra lutris	273
lci	Leuconostoc citreum	273
cset	Coccinella septempunctata	272
phyp	Pangasianodon hypophthalmus	272
pplt	Pleuronectes platessa	272
rfg	Rhynchophorus ferrugineus	272
erg	Ehrlichia ruminantium	272
dpa	Dendroctonus ponderosae	271
bod	Bactrocera oleae	270
ccru	Crocuta crocuta	270
balt	Bacillus altitudinis	270
cuc	Corynebacterium ulcerans	270
xne	Xenorhabdus nematophila	270
bhi	Borrelia hermsii	269
vmi	Vibrio mimicus	268
myg	Mycoplasma sp.	266
nfu	Nothobranchius furzeri	265
hme	Haloferax mediterranei	265
syn	Synechocystis sp. PCC 6803	265
schr	Staphylococcus chromogenes	264
ncar	Sciurus carolinensis	263
bbut	Buteo buteo	261
bspl	Betta splendens	260
nmel	Numida meleagris	260
lsi	Ligilactobacillus salivarius	260
cill	Carya illinoinensis	259
lruf	Lynx rufus	259
rmu	Rothia mucilaginosa	259
mbrn	Metarhizium brunneum	258
omm	Oncorhynchus masou	258
gra	Gossypium raimondii	257
scan	Serinus canaria	257
raf	Rickettsia africae	257
hma	Haloarcula marismortui	256
pab	Pyrococcus abyssi	256
cab	Chlamydia abortus	256
msim	Mycobacterium simiae	256
rtr	Rhizobium tropici	256
cbai	Camelus bactrianus	255
qsa	Quillaja saponaria	255
tang	Typha angustifolia	254
fpg	Falco peregrinus	253
uvi	Ustilaginoidea virens	253
bgl	Burkholderia glumae	252
mgl	Malassezia globosa	250
acc	Acinetobacter pittii	249
gmo	Gemella morbillorum	249
rrz	Rhodococcus ruber	249
mhad	Mycobacterium haemophilum	248
dco	Dermatophilus congolensis	246
lje	Lactobacillus jensenii	246
vna	Vibrio natriegens	246
ccad	Cervus canadensis	245
pvv	Plasmodium vinckei	245
sjo	Scomber japonicus	245
ckl	Clostridium kluyveri	245
emg	Elizabethkingia meningoseptica	245
nla	Neisseria lactamica	245
cno	Clostridium novyi	243
ofo	Oxalobacter formigenes	243
pcad	Physeter macrocephalus	240
prel	Plasmodium relictum	239
cfi	Cellulomonas fimi	239
rme	Cupriavidus metallidurans	239
bmd	Priestia megaterium	238
cbov	Corynebacterium bovis	238
hap	Glaesserella parasuis	238
eob	Emys orbicularis	237
spen	Solanum pennellii	237
lbj	Leptospira borgpetersenii	237
scl	Sorangium cellulosum	237
svul	Sciurus vulgaris	236
tacu	Tachyglossus aculeatus	235
faa	Filifactor alocis	234
ngr	Naegleria gruberi	233
deb	Dehalococcoides mccartyi	233
lai	Lactobacillus amylovorus	233
vca	Vibrio campbellii	233
atx	Acidithiobacillus thiooxidans	232
cjk	Corynebacterium jeikeium	232
hhip	Hippoglossus hippoglossus	231
zle	Zonotrichia leucophrys	230
cio	Chryseobacterium indologenes	230
pcao	Phalacrocorax carbo	229
spae	Sporosarcina pasteurii	229
lrd	Lolium rigidum	228
oaa	Ornithorhynchus anatinus	228
bgw	Candidate division	228
eau	Enterobacter asburiae	228
emu	Enterococcus mundtii	228
mgry	Magnetospirillum gryphiswaldense	228
bfo	Branchiostoma floridae	227
gme	Geobacter metallireducens	227
wsu	Wolinella succinogenes	227
cgib	Carassius gibelio	226
ptrr	Pyrenophora tritici-repentis	226
azc	Azorhizobium caulinodans	226
mglt	Myxine glutinosa	225
spao	Saccharomyces paradoxus	225
lso	Candidatus Liberibacter solanacearum	225
lbp	Lachnospiraceae bacterium	224
ely	Epinephelus lanceolatus	222
sck	Spiroplasma citri	222
ccp	Chondrus crispus	221
hle	Haliaeetus leucocephalus	221
rtd	Rissa tridactyla	221
shr	Sarcophilus harrisii	221
mth	Methanothermobacter thermautotrophicus	221
aflo	Aphanizomenon flos-aquae	221
scoh	Staphylococcus cohnii	221
ayw	Aster yellows	220
bpsp	Bifidobacterium pseudolongum	220
orh	Ornithobacterium rhinotracheale	220
eca	Pectobacterium atrosepticum	219
scai	Streptococcus canis	219
rhi	Sinorhizobium fredii	218
mcaf	Mytilus californianus	217
pmax	Pecten maximus	217
rcn	Rosa chinensis	217
dcc	Dermochelys coriacea	216
tml	Tuber melanosporum	216
cco	Campylobacter concisus	216
ddd	Dickeya dadantii	216
dne	Dromaius novaehollandiae	215
eav	Enterococcus avium	215
lbf	Leptospira biflexa	215
rha	Rhodococcus jostii	215
dan	Drosophila ananassae	214
fpu	Fusarium pseudograminearum	214
lth	Lachancea thermotolerans	214
sluc	Sander lucioperca	214
bpsc	Bifidobacterium pseudocatenulatum	214
cla	Campylobacter lari	214
scf	Streptococcus parasanguinis	214
mrt	Malassezia restricta	212
cpec	Chlamydia pecorum	212
dac	Delftia acidovorans	212
hhm	Helicobacter heilmannii	212
smo	Selaginella moellendorffii	211
lem	Lysobacter enzymogenes	211
rsa	Renibacterium salmoninarum	211
seqo	Staphylococcus equorum	211
srl	Serratia plymuthica	211
xma	Xiphophorus maculatus	210
acy	Anabaena cylindrica	210
lax	Leclercia adecarboxylata	210
dya	Drosophila yakuba	209
pja	Penaeus japonicus	209
eju	Eumetopias jubatus	208
aace	Acetobacter aceti	208
ele	Eggerthella lenta	208
rdn	Rothia dentocariosa	208
hcb	Helicobacter cinaedi	207
lsa	Latilactobacillus sakei	207
padl	Pygoscelis adeliae	206
bpip	Brachyspira pilosicoli	206
fma	Finegoldia magna	206
mha	Mycoplasma haemofelis	206
pic	Scheffersomyces stipitis	205
bprc	Beta proteobacterium	205
pon	Pongo abelii	204
ssoe	Solea solea	204
psav	Pseudomonas savastanoi	204
raa	Rahnella aquatilis	204
chj	Cardiobacterium hominis	203
gad	Granulicatella adiacens	203
speu	Streptomyces peucetius	203
bbrx	Brettanomyces bruxellensis	202
ciu	Clostridium innocuum	202
rim	Roseburia intestinalis	202
mate	Molothrus ater	201
vve	Vespa velutina	201
ota	Ostreococcus tauri	200
rfq	Rhinolophus ferrumequinum	200
adc	Abiotrophia defectiva	200
cvg	Cyprinodon variegatus	199
mthe	Methanosarcina thermophila	199
bteq	Bacillus tequilensis	199
ncy	Nocardia cyriacigeorgica	199
ssco	Scomber scombrus	198
lpse	Leuconostoc pseudomesenteroides	198
rro	Rhinopithecus roxellana	197
tng	Tetraodon nigroviridis	197
coc	Capnocytophaga ochracea	197
kqu	Klebsiella quasipneumoniae	197
mmam	Mycobacterium malmoense	197
tmc	Legionella micdadei	196
pgw	Pectinophora gossypiella	195
awo	Acetobacterium woodii	195
ogo	Oncorhynchus gorbuscha	194
ajn	Acinetobacter junii	194
rsv	Rickettsia slovaca	194
ehe	Encephalitozoon hellem	193
ocz	Ochotona curzoniae	193
efe	Escherichia fergusonii	193
fjo	Flavobacterium johnsoniae	193
tey	Tetragenococcus halophilus	193
bws	Bilophila wadsworthia	192
kmr	Kryptolebias marmoratus	191
ity	Ips typographus	190
bav	Bordetella avium	190
hse	Herbaspirillum seropedicae	190
tua	Triticum urartu	189
aun	Aerococcus urinae	189
bja	Bradyrhizobium diazoefficiens	189
cml	Carnobacterium maltaromaticum	189
ahe	Arcanobacterium haemolyticum	188
llo	Legionella longbeachae	188
rmg	Rhodothermus marinus	188
ssiv	Wolbachia endosymbiont	188
nvl	Nicrophorus vespilloides	187
asu	Actinobacillus succinogenes	187
vdn	Veillonella dispar	187
mhu	Methanospirillum hungatei	186
cchv	Clostridium chauvoei	186
slx	Streptomyces lavendulae	186
svit	Sander vitreus	185
tphg	Treponema phagedenis	185
bel	Bradyrhizobium elkanii	184
emc	Eublepharis macularius	183
vlg	Vulpes lagopus	183
apag	Avibacterium paragallinarum	182
elim	Eubacterium limosum	182
tbd	Thiobacillus denitrificans	181
lmic	Larus michahellis	180
blr	Brevibacillus laterosporus	180
blh	Bacillus paralicheniformis	179
lfu	Lysinibacillus fusiformis	179
ccrn	Chrysoperla carnea	178
samb	Streptomyces ambofaciens	178
ccan	Castor canadensis	177
cgr	Nakaseomyces glabratus	177
clu	Clavispora lusitaniae	176
pmua	Podarcis muralis	176
tben	Trematomus bernacchii	176
eao	Elizabethkingia anophelis	176
cuca	Cuculus canorus	175
mta	Moorella thermoacetica	174
rja	Rickettsia japonica	174
mlx	Mirounga leonina	173
tdc	Triticum dicoccoides	173
ano	Acinetobacter nosocomialis	173
chra	Chryseobacterium sp.	173
nsp	Nodularia spumigena	173
pala	Providencia alcalifaciens	173
pte	Pyrenophora teres	172
spar	Saprolegnia parasitica	171
llf	Leuconostoc lactis	171
rmi	Rickettsia massiliae	171
dnx	Diuraphis noxia	170
fpoa	Fusarium poae	170
ccb	Clostridium cellulovorans	170
nss	Notechis scutatus	169
tlt	Thermococcus litoralis	169
aac	Alicyclobacillus acidocaldarius	169
cte	Chlorobaculum tepidum	169
pmoa	Passer montanus	168
cbra	Citrobacter braakii	168
pagh	Planktothrix agardhii	168
pden	Pseudomonas denitrificans	168
pvul	Patella vulgata	167
smp	Sordaria macrospora	167
bly	Brevibacterium linens	167
nmj	Neisseria mucosa	167
rbe	Rickettsia bellii	167
bdm	Brevundimonas diminuta	166
vct	Vibrio coralliilyticus	166
gfs	Glossina fuscipes	165
pchm	Pochonia chlamydosporia	165
tcf	Tigriopus californicus	165
fab	Ficedula albicollis	164
sdu	Seriola dumerili	164
hel	Halomonas elongata	164
lcm	Latimeria chalumnae	163
ppug	Pungitius pungitius	163
mvo	Methanococcus voltae	163
bmoj	Bacillus mojavensis	163
bvn	Bartonella vinsonii	163
cua	Corynebacterium urealyticum	163
rtp	Rhincodon typus	162
gdi	Gluconacetobacter diazotrophicus	162
gha	Gemella haemolysans	162
lpg	Lactiplantibacillus pentosus	162
nsr	Nocardia seriolae	162
xar	Xanthomonas arboricola	162
bhj	Benincasa hispida	161
cclu	Coregonus clupeaformis	161
pphx	Phoxinus phoxinus	161
krh	Kocuria rhizophila	160
pstw	Pantoea stewartii	160
gmf	Globicephala melas	159
lda	Lycorma delicatula	159
lpan	Leishmania panamensis	159
odo	Oikopleura dioica	159
mfc	Methanobacterium formicicum	159
clj	Clostridium ljungdahlii	159
eal	Escherichia albertii	159
gvi	Gloeobacter violaceus	159
xax	Xanthomonas euvesicatoria	159
alv	Allochromatium vinosum	158
amr	Acaryochloris marina	158
bcd	Bartonella clarridgeiae	158
nno	Nocardia nova	158
oro	Odobenus rosmarus	157
spe	Serratia proteamaculans	157
hrf	Haliotis rufescens	156
mpr	Moniliophthora perniciosa	156
rmc	Rickettsia monacensis	155
cspu	Capnocytophaga sputigena	154
ssch	Staphylococcus schleiferi	154
caty	Cercocebus atys	153
dmo	Drosophila mojavensis	153
gsl	Galdieria sulphuraria	153
puc	Panthera uncia	153
nph	Natronomonas pharaonis	153
maw	Metarhizium acridum	152
oau	Oreochromis aureus	152
arj	Acinetobacter radioresistens	152
eec	Enterobacter ludwigii	152
ali	Azospirillum lipoferum	151
nmr	Nitrosopumilus maritimus	150
ecec	Enterococcus cecorum	150
srj	Streptomyces rochei	150
vap	Variovorax paradoxus	150
sbq	Saimiri boliviensis	149
xgl	Xiphias gladius	149
gtn	Geobacillus thermodenitrificans	149
nsc	Neisseria sicca	149
ppan	Paracoccus pantotrophus	149
ppee	Proteus penneri	149
dse	Drosophila sechellia	148
msym	Malassezia sympodialis	148
pbl	Paracoccidioides lutzii	148
pxu	Papilio xuthus	148
amac	Alteromonas macleodii	148
bre	Borrelia recurrentis	148
cbet	Cercospora beticola	147
gka	Geobacillus kaustophilus	147
tna	Thermotoga neapolitana	147
nod	Nocardia otitidiscaviarum	146
nsf	Neisseria subflava	146
plai	Poecilia latipinna	145
slal	Seriola lalandi	145
tad	Trichoplax adhaerens	145
bsia	Bacillus siamensis	145
bve	Burkholderia vietnamiensis	145
bmus	Balaenoptera musculus	144
chig	Colletotrichum higginsianum	144
acu	Acidithiobacillus caldus	144
bcon	Burkholderia contaminans	143
cdj	Carnobacterium divergens	143
cxe	Corynebacterium xerosis	143
gxl	Komagataeibacter xylinus	143
mcoc	Mastomys coucha	142
emr	Ehrlichia muris	142
sfg	Serratia fonticola	142
amd	Amycolatopsis mediterranei	141
rpu	Ralstonia pseudosolanacearum	141
lsax	Littorina saxatilis	140
tge	Theropithecus gelada	140
sgb	Streptomyces globisporus	140
dwi	Drosophila willistoni	139
cvr	Chlorella variabilis	138
fga	Fulmarus glacialis	138
hald	Haliaeetus albicilla	138
lbd	Leptopilina boulardi	137
sund	Sceloporus undulatus	137
zvi	Zootoca vivipara	137
pai	Pyrobaculum aerophilum	137
bfv	Brevibacterium flavum	137
cgh	Capnocytophaga gingivalis	137
cux	Campylobacter upsaliensis	137
kmi	Klebsiella michiganensis	137
pen	Pseudomonas entomophila	137
seqi	Streptococcus equinus	137
ate	Caldicellulosiruptor bescii	136
gtt	Guillardia theta	135
mmf	Molossus molossus	135
hte	Hydrogenobacter thermophilus	135
smob	Streptomyces mobaraensis	135
dzi	Durio zibethinus	134
ncc	Notothenia coriiceps	134
pbg	Prionailurus bengalensis	134
pno	Parastagonospora nodorum	134
vri	Vitis riparia	134
mka	Methanopyrus kandleri	134
acn	Anaplasma centrale	134
cah	Clostridium autoethanogenum	134
csci	Clostridium scindens	134
caer	Collinsella aerofaciens	133
suh	Staphylococcus argenteus	133
pgri	Pyricularia grisea	132
cpsp	Corynebacterium pseudodiphtheriticum	132
crl	Corynebacterium renale	132
fva	Fusobacterium varium	132
iel	Ischnura elegans	131
nasi	Neophocaena asiaeorientalis	131
obb	Osmia bicornis	131
camc	Corynebacterium amycolatum	131
pma	Prochlorococcus marinus	131
stk	Streptococcus parauberis	131
llw	Lactococcus cremoris	130
tea	Taylorella equigenitalis	130
dhd	Desulfitobacterium hafniense	129
rge	Rubrivivax gelatinosus	129
mmaq	Martes martes	128
plep	Plectropomus leopardus	128
hbl	Helicobacter bilis	128
mlm	Mycobacterium lepromatosis	128
scep	Squalius cephalus	127
bbe	Brevibacillus brevis	127
schf	Streptomyces chromofuscus	127
wpa	Weissella paramesenteroides	127
dalb	Dermacentor albipictus	126
dsv	Dermacentor silvarum	126
ini	Ipomoea nil	126
sati	Sylvia atricapilla	126
pvr	Pseudomonas veronii	126
cbrc	Corvus brachyrhynchos	125
mdt	Myotis daubentonii	125
sdul	Solanum dulcamara	125
elac	Enterococcus lactis	125
lke	Lactobacillus kefiranofaciens	125
rab	Rickettsia amblyommatis	125
xal	Xanthomonas albilineans	125
btu	Borrelia turicatae	124
eel	Eubacterium eligens	124
mbez	Moschus berezovskii	123
rmd	Rhopalosiphum maidis	123
nwi	Nitrobacter winogradskyi	123
pdip	Pantoea dispersa	123
pkr	Pseudomonas koreensis	123
salb	Streptomyces albidoflavus	123
pspa	Polyodon spathula	122
cli	Chlorobium limicola	122
mps	Melissococcus plutonius	122
bor	Bipolaris oryzae	121
asi	Actinobacillus suis	121
msb	Mycolicibacterium smegmatis	121
dsr	Drosophila serrata	120
lenr	Leishmania enriettii	120
amaz	Actinomadura madurae	120
aos	Actinomyces oris	119
gan	Gallibacterium anatis	119
nar	Novosphingobium aromaticivorans	119
ptol	Pseudomonas tolaasii	119
xtn	Xanthomonas translucens	119
dge	Deinococcus geothermalis	118
hhz	Haemophilus haemolyticus	118
mab	Mycobacteroides abscessus	118
scar	Staphylococcus caprae	118
ming	Macadamia integrifolia	117
rbb	Rhinopithecus bieti	117
mvn	Methanococcus vannielii	117
btm	Bacillus toyonensis	117
hsh	Helicobacter suis	117
sgl	Sodalis glossinidius	117
tmar	Tenacibaculum maritimum	117
cscu	Centruroides sculpturatus	116
lsr	Lonchura striata	116
bcac	Bacteroides caccae	116
lba	Leptotrichia buccalis	116
lbh	Lentilactobacillus buchneri	116
lkr	Leptospira kirschneri	116
ahl	Acinetobacter haemolyticus	115
ara	Rhizobium rhizogenes	115
csui	Chlamydia suis	115
krs	Kocuria rosea	115
pase	Candidatus Phytoplasma asteris	115
sbb	Shewanella baltica	115
mcal	Mus caroli	114
myi	Mizuhopecten yessoensis	114
abo	Alcanivorax borkumensis	113
bde	Bifidobacterium dentium	113
csc	Caldicellulosiruptor saccharolyticus	113
pga	Phaeobacter inhibens	113
zab	Zonotrichia albicollis	112
hpul	Helicobacter pullorum	112
lsg	Listeria seeligeri	112
mhe	Mycoplasma haemocanis	112
sall	Streptomyces noursei	112
dso	Dickeya solani	111
srh	Stenotrophomonas rhizophila	111
dpz	Daphnia pulicaria	110
mthb	Macaca thibetana	110
fpei	Fusobacterium periodonticum	110
lwe	Listeria welshimeri	110
pgol	Parabacteroides goldsteinii	110
pvd	Pseudomonas viridiflava	110
pcrs	Pseudorca crassidens	109
bac	Burkholderia ambifaria	109
fpla	Flavonifractor plautii	109
mcix	Melitaea cinxia	108
app	Candidatus Accumulibacter phosphatis	108
dpn	Dialister pneumosintes	108
tak	Thauera aromatica	108
ela	Eutypa lata	107
tpal	Thrips palmi	107
bhm	Bordetella holmesii	107
lfc	Leptospirillum ferrooxidans	107
spla	Streptomyces platensis	107
bjv	Bos javanicus	106
lel	Lodderomyces elongisporus	106
pale	Pteropus alecto	106
evn	Eubacterium ventriosum	106
fmo	Fusobacterium mortiferum	106
vqi	Vibrio qinghaiensis	106
hsyr	Hibiscus syriacus	105
hvi	Homalodisca vitripennis	105
pdic	Phyllostomus discolor	105
adh	Aeromonas dhakensis	105
aori	Amycolatopsis orientalis	105
nel	Neisseria elongata	105
rgv	Ruminococcus gauvreauii	105
srm	Salinibacter ruber	105
wch	Waddlia chondrophila	105
psex	Polypterus senegalus	104
seub	Saccharomyces eubayanus	104
aap	Aggregatibacter aphrophilus	104
camg	Corynebacterium ammoniagenes	104
pci	Pseudomonas cichorii	104
std	Streptococcus pseudopneumoniae	104
sclv	Styela clava	103
ead	Ensifer adhaerens	103
hms	Helicobacter mustelae	103
eus	Eutrema salsugineum	102
lkp	Lepidochelys kempii	102
bxy	Bacteroides xylanisolvens	102
pmon	Pseudomonas monteilii	102
prun	Planktothrix rubescens	102
sgu	Streptomyces glaucescens	102
ter	Trichodesmium erythraeum	102
vat	Veillonella atypica	102
dct	Dendrobium catenatum	101
pcub	Psilocybe cubensis	101
pfor	Poecilia formosa	101
ptex	Pseudonaja textilis	101
caf	Citrobacter amalonaticus	101
cmin	Corynebacterium minutissimum	101
lfi	Leptospirillum ferriphilum	101
ssz	Serratia symbiotica	101
stee	Streptomyces tendae	101
xpe	Xanthomonas perforans	101
mpha	Monomorium pharaonis	100
bmet	Bacillus methanolicus	100
eraf	Enterococcus raffinosus	100
mlw	Mycobacterium lentiflavum	100
pcq	Pseudomonas citronellolis	100
por	Pseudomonas oryzihabitans	100
ude	Ureaplasma diversum	100
cpla	Chiloscyllium plagiosum	99
lww	Leptonychotes weddellii	99
pmei	Poecilia mexicana	99
bste	Bacteroides stercoris	99
rpha	Rhizobium phaseoli	99
rsu	Rhodovulum sulfidophilum	99
sil	Ruegeria pomeroyi	99
gte	Geobacillus thermoleovorans	98
mnn	Moraxella nonliquefaciens	98
blac	Bremia lactucae	97
mci	Mesorhizobium ciceri	97
csab	Chlorocebus sabaeus	96
afd	Alistipes finegoldii	96
bbj	Borreliella burgdorferi	96
mfol	Microbacterium foliorum	96
pnt	Pseudomonas nitroreducens	96
sde	Saccharophagus degradans	96
cflo	Cornus florida	95
crb	Capsella rubella	95
egz	Egretta garzetta	95
opi	Ochotona princeps	95
otu	Onthophagus taurus	95
vcd	Vanessa cardui	95
memj	Metallosphaera sedula	95
neq	Nanoarchaeum equitans	95
afl	Anoxybacillus flavithermus	95
bcat	Bifidobacterium catenulatum	95
pmer	Parabacteroides merdae	95
rho	Roseburia hominis	95
tsh	Thermoanaerobacterium saccharolyticum	95
tsk	Treponema socranskii	95
mlr	Melampsora larici-populina	94
bpay	Bacillus paramycoides	94
fnn	Francisella noatunensis	94
lge	Leuconostoc gelidum	94
ptai	Pseudomonas taiwanensis	94
spav	Streptomyces parvulus	94
yin	Yersinia intermedia	94
mmiu	Micromys minutus	93
mnp	Mustela nigripes	93
mru	Methanobrevibacter ruminantium	93
mst	Methanosphaera stadtmanae	93
sls	Streptomyces lincolnensis	93
mbr	Monosiga brevicollis	92
mean	Mercurialis annua	92
bht	Bacillus halotolerans	92
mch	Methylorubrum extorquens	92
pdn	Prevotella denticola	92
sbg	Salmonella bongori	92
cmk	Callorhinchus milii	91
nte	Neurospora tetrasperma	91
mfv	Methanothermus fervidus	91
afn	Acidaminococcus fermentans	91
chyo	Campylobacter hyointestinalis	91
ckp	Corynebacterium kroppenstedtii	91
dts	Delftia tsuruhatensis	91
jlv	Janthinobacterium lividum	91
bman	Bombyx mandarina	90
cfo	Camponotus floridanus	90
ifu	Ictalurus furcatus	90
ton	Thermococcus onnurineus	90
csr	Clostridium saccharoperbutylacetonicum	90
ekb	Enterobacter kobei	90
msk	Mycoplasma suis	90
pcg	Pseudomonas corrugata	90
puv	Parachlamydia acanthamoebae	90
bcau	Brevibacterium casei	89
bprm	Butyrate-producing bacterium	89
bvr	Blastochloris viridis	89
cku	Corynebacterium kutscheri	89
mmo	Mycoplasma mobile	89
rmn	Ralstonia mannitolilytica	89
sng	Simkania negevensis	89
cglo	Cotesia glomerata	88
dmn	Drosophila miranda	88
pcot	Plasmodium coatneyi	88
tpre	Trichogramma pretiosum	88
pah	Porphyromonas asaccharolytica	88
pdab	Paramisgurnus dabryanus	87
pnap	Pieris napi	87
cja	Cellvibrio japonicus	87
cpoi	Curtobacterium flaccumfaciens	87
ncz	Neisseria cinerea	87
rak	Rickettsia akari	87
sscu	Mammaliicoccus sciuri	87
gta	Gordonia terrae	86
soi	Streptococcus cristatus	86
ttm	Thermoanaerobacterium thermosaccharolyticum	86
sre	Salpingoeca rosetta	85
vcrb	Vespa crabro	85
aeu	Actinobacillus equuli	85
fro	Faecalibaculum rodentium	85
kas	Kluyvera ascorbata	85
pba	Pseudomonas brassicacearum	85
ppau	Pediococcus parvulus	85
smui	Sphingobacterium multivorum	85
ssg	Selenomonas sputigena	85
sya	Sphingobium yanoikuyae	85
frs	Falco rusticolus	84
lht	Leptopilina heterotoma	84
olg	Osmia lignaria	84
pbrv	Petaurus breviceps	84
pmin	Patiria miniata	84
blus	Borrelia lusitaniae	84
mcq	Mycobacterium canettii	84
smoe	Solobacterium moorei	84
ssuc	Staphylococcus succinus	84
ttp	Thermochromatium tepidum	84
vfu	Vibrio furnissii	84
dpe	Drosophila persimilis	83
obi	Octopus bimaculoides	83
pots	Plecotus auritus	83
vum	Vigna umbellata	83
atu	Agrobacterium fabrum	83
eba	Aromatoleum aromaticum	83
osp	Odoribacter splanchnicus	83
pmae	Paenibacillus macerans	83
rqi	Rhodococcus qingshengii	83
svu	Streptomyces violaceoruber	83
chu	Cytophaga hutchinsonii	82
dpm	Dolosigranulum pigrum	82
lgz	Listeria grayi	82
scb	Streptomyces scabiei	82
trz	Treponema vincentii	82
vta	Vibrio tapetis	82
xbo	Xenorhabdus bovienii	82
dsh	Dinoroseobacter shibae	81
mod	Myroides odoratimimus	81
msch	Mucispirillum schaedleri	81
nfl	Nostoc flagelliforme	81
pcai	Pasteurella canis	81
psol	Candidatus Phytoplasma solani	81
pgut	Pantherophis guttatus	80
cmai	Cobetia marina	80
mwe	Mycoplasma wenyonii	80
pff	Pseudomonas simiae	80
rfc	Roseburia faecis	80
srz	Serratia rubidaea	80
crq	Caenorhabditis remanei	79
nto	Nicotiana tomentosiformis	79
vcan	Venturia canescens	79
hhi	Haloarcula hispanica	79
mmg	Methanothermobacter marburgensis	79
ace	Acidothermus cellulolyticus	79
bprl	Anaerostipes hadrus	79
lcn	Leuconostoc carnosum	79
mhua	Mesorhizobium huakuii	79
parh	Priestia aryabhattai	79
plul	Pseudomonas luteola	79
sgai	Staphylococcus gallinarum	79
sof	Serratia odorifera	79
ccog	Conger conger	78
crid	Chroicocephalus ridibundus	78
mnt	Morus notabilis	78
mree	Muntiacus reevesi	78
pbar	Pogonomyrmex barbatus	78
pcl	Pyrobaculum calidifontis	78
aput	Alistipes putredinis	78
bez	Bartonella elizabethae	78
liq	Lactobacillus intestinalis	78
nda	Nocardiopsis dassonvillei	78
pml	Candidatus Phytoplasma mali	78
spas	Staphylococcus pasteuri	78
dmer	Dipodomys merriami	77
nfi	Aspergillus fischeri	77
ocla	Oncorhynchus clarkii	77
vko	Varanus komodoensis	77
cck	Clostridium carboxidivorans	77
mbl	Moraxella bovoculi	77
sect	Secondary endosymbiont	77
sif	Streptococcus infantarius	77
smd	Sinorhizobium medicae	77
phas	Phyllostomus hastatus	76
cceu	Cellulosimicrobium cellulans	76
cgra	Campylobacter gracilis	76
chy	Carboxydothermus hydrogenoformans	76
cspf	Campylobacter sputorum	76
dzc	Dickeya zeae	76
pay	Photorhabdus asymbiotica	76
slc	Streptomyces lydicus	76
emac	Eleginops maclovinus	75
epa	Exaiptasia diaphana	75
hsy	Hydractinia symbiolongicarpus	75
loc	Lepisosteus oculatus	75
pcin	Prosopis cineraria	75
ssyn	Symphalangus syndactylus	75
bcal	Bacillus caldolyticus	75
bcee	Brucella ceti	75
bto	Bibersteinia trehalosi	75
sgal	Streptomyces galilaeus	75
gja	Gekko japonicus	74
mlk	Mustela lutreola	74
msyl	Malus sylvestris	74
elb	Elizabethkingia miricola	74
dcar	Daphnia carinata	73
fvn	Fusarium venenatum	73
more	Marasmius oreades	73
bvm	Bacillus vallismortis	73
cgle	Chryseobacterium gleum	73
npf	Neisseria perflava	73
pmol	Pseudomonas mosselii	73
salv	Snodgrassella alvi	73
seri	Spiroplasma eriocheiris	73
stp	Salinispora tropica	73
xph	Xanthomonas phaseoli	73
bdw	Babesia duncani	72
dlt	Diospyros lotus	72
hai	Hipposideros armiger	72
lmat	Leishmania martiniquensis	72
ttn	Thermoproteus tenax	72
ajd	Aeromonas jandaei	72
bcoc	Blautia producta	72
bwx	Blautia wexlerae	72
esr	Eubacterium siraeum	72
mfb	Myxococcus fulvus	72
nfv	Neisseria flavescens	72
pamy	Paenibacillus amylolyticus	72
yfr	Yersinia frederiksenii	72
mmma	Marmota marmota	71
peq	Phalaenopsis equestris	71
adt	Achromobacter denitrificans	71
bane	Borrelia anserina	71
beg	Bacteroides eggerthii	71
bhz	Bordetella hinzii	71
bmyc	Bacillus pseudomycoides	71
pman	Pseudomonas mandelii	71
sarl	Staphylococcus arlettae	71
pbrs	Plasmodium brasilianum	70
bcw	Borrelia crocidurae	70
btp	Bifidobacterium thermophilum	70
dpg	Desulfovibrio piger	70
ecls	Enterobacter roggenkampii	70
lhk	Laribacter hongkongensis	70
lmur	Ligilactobacillus murinus	70
sfr	Shewanella frigidimarina	70
sova	Sporomusa ovata	70
svb	Streptococcus vestibularis	70
tbo	Thermoanaerobacter brockii	70
tcu	Thermomonospora curvata	70
tsc	Thermus scotoductus	70
yki	Yersinia kristensenii	70
ffc	Fusarium falciforme	69
nni	Nipponia nippon	69
pbi	Python bivittatus	69
pmur	Protobothrops mucrosquamatus	69
ppl	Postia placenta	69
sko	Saccoglossus kowalevskii	69
cfl	Cellulomonas flavigena	69
cmj	Cronobacter malonaticus	69
cps	Colwellia psychrerythraea	69
hha	Halorhodospira halophila	69
pver	Paracoccus versutus	69
xve	Xanthomonas vesicatoria	69
nvs	Neogale vison	68
bson	Bacillus sonorensis	68
ctub	Corynebacterium tuberculostearicum	68
lku	Apilactobacillus kunkeei	68
moy	Microbacterium oxydans	68
psa	Stutzerimonas stutzeri	68
smei	Spiroplasma melliferum	68
vaes	Vibrio aestuarianus	68
pgig	Pteropus vampyrus	67
vja	Varroa jacobsoni	67
hwa	Haloquadratum walsbyi	67
ams	Actinoplanes missouriensis	67
bchs	Brevibacillus choshinensis	67
mcu	Mobiluncus curtisii	67
psts	Plautia stali	67
rre	Rickettsia rhipicephali	67
scha	Streptomyces chartreusis	67
tmed	Treponema medium	67
mrr	Moniliophthora roreri	66
agu	Acinetobacter guillouiae	66
btr	Bartonella tribocorum	66
cmat	Corynebacterium matruchotii	66
nri	Neorickettsia risticii	66
pfv	Pseudomonas fulva	66
pmab	Pseudomonas marginalis	66
wvr	Weissella viridescens	66
fph	Francisella philomiragia	65
haeg	Haemophilus aegyptius	65
mmn	Candidatus Midichloria mitochondrii	65
mvag	Microcoleus vaginatus	65
net	Nitrosomonas eutropha	65
rba	Rhodopirellula baltica	65
rby	Rhodococcus pyridinivorans	65
rmuc	Roseomonas mucosa	65
salw	Streptomyces alboniger	65
lmut	Lagopus muta	64
pwe	Pyrococcus woesei	64
bdu	Borrelia duttonii	64
bvc	Brevundimonas vesicularis	64
cbv	Clostridium baratii	64
esi	Exiguobacterium sibiricum	64
fvg	Fannyhessea vaginae	64
lae	Lactobacillus acetotolerans	64
rde	Roseobacter denitrificans	64
rpln	Klebsiella planticola	64
bpec	Boleophthalmus pectinirostris	63
ccw	Corvus cornix	63
cfj	Colletotrichum fioriniae	63
ecad	Erigeron canadensis	63
mpp	Micromonas pusilla	63
oti	Ornithodoros turicata	63
pfj	Pseudocercospora fijiensis	63
sla	Serpula lacrymans	63
slud	Saccharomycodes ludwigii	63
sol	Saccharolobus solfataricus	63
apre	Actinosynnema pretiosum	63
cwa	Crocosphaera watsonii	63
pazo	Pseudomonas azotoformans	63
pbra	Pectobacterium brasiliense	63
snq	Streptomyces nodosus	63
spri	Streptomyces pristinaespiralis	63
vtu	Vibrio tubiashii	63
alig	Actinobacillus lignieresii	62
asg	Actinotignum schaalii	62
cti	Cupriavidus taiwanensis	62
lst	Leptospira santarosai	62
pdm	Pediococcus damnosus	62
phau	Proteus hauseri	62
smn	Streptococcus macedonicus	62
sxm	Shewanella xiamenensis	62
cpun	Chiloscyllium punctatum	61
cput	Coniophora puteana	61
dvt	Daktulosphaira vitifoliae	61
fch	Falco cherrug	61
game	Grus americana	61
gfr	Geospiza fortis	61
mrv	Mauremys reevesii	61
amed	Aeromonas media	61
avz	Acinetobacter venetianus	61
bpyr	Burkholderia pyrrocinia	61
eame	Ewingella americana	61
gog	Gemmata obscuriglobus	61
mvs	Moritella viscosa	61
spac	Streptomyces pactum	61
gcl	Gymnogyps californianus	60
oot	Oratosquilla oratoria	60
pkl	Pipistrellus kuhlii	60
acac	Anaerostipes caccae	60
ato	Acetobacter tropicalis	60
bbor	Brevibacillus borstelensis	60
gav	Gordonia alkanivorans	60
gth	Parageobacillus thermoglucosidasius	60
lxx	Leifsonia xyli	60
pary	Muribaculum intestinale	60
seig	Slackia exigua	60
smeo	Silurus meridionalis	59
tfn	Trachypithecus francoisi	59
aeq	Adlercreutzia equolifaciens	59
ebg	Enterobacter bugandensis	59
hna	Halothiobacillus neapolitanus	59
mog	Methylobacterium organophilum	59
paa	Prosthecochloris aestuarii	59
phis	Prevotella histicola	59
wbr	Wigglesworthia glossinidia	59
fcy	Fragilariopsis cylindrus	58
mdl	Microplitis demolitor	58
oda	Oryx dammah	58
apak	Aeribacillus pallidus	58
bag	Heyndrickxia coagulans	58
gbr	Gordonia bronchialis	58
kvl	Ketogulonicigenium vulgare	58
ptu	Pseudoalteromonas tunicata	58
raj	Rothia aeria	58
rmo	Rickettsia montanensis	58
senp	Serratia entomophila	58
slu	Streptococcus lutetiensis	58
tpul	Tsukamurella pulmonis	58
parx	Phalacrocorax aristotelis	57
res	Rhopilema esculentum	57
bgr	Bartonella grahamii	57
cmiu	Christensenella minuta	57
kco	Kosakonia cowanii	57
sdeo	Shewanella decolorationis	57
sspb	Streptomyces spectabilis	57
xfr	Xanthomonas fragariae	57
zga	Zobellia galactanivorans	57
ccin	Cephus cinctus	56
hasi	Haliotis asinina	56
prei	Plasmodium reichenowi	56
zne	Zootermopsis nevadensis	56
bis	Bacteroides intestinalis	56
chw	Campylobacter hepaticus	56
dlo	Dorea longicatena	56
dth	Dictyoglomus thermophilum	56
ecan	Enterobacter cancerogenus	56
gru	Gordonia rubripertincta	56
nmu	Nitrosospira multiformis	56
rva	Rhodomicrobium vannielii	56
saq	Salinispora arenicola	56
vfv	Vagococcus fluvialis	56
camb	Carcharhinus amblyrhynchos	55
cbor	Calonectris borealis	55
etf	Echinops telfairi	55
hoc	Hemiscyllium ocellatum	55
qlo	Quercus lobata	55
sspl	Salvia splendens	55
ash	Alistipes shahii	55
bpan	Bacillus paranthracis	55
cfe	Chlamydia felis	55
cpot	Citrobacter portucalensis	55
csom	Cetobacterium somerae	55
erp	Erwinia rhapontici	55
gap	Gilliamella apicola	55
hpaa	Haemophilus parahaemolyticus	55
mrd	Methylobacterium radiotolerans	55
svd	Streptomyces viridosporus	55
sws	Sutterella wadsworthensis	55
fkr	Fusarium keratoplasticum	54
stoz	Scyliorhinus torazame	54
iho	Ignicoccus hospitalis	54
mbu	Methanococcoides burtonii	54
bpb	Butyrivibrio proteoclasticus	54
ceu	Clostridium estertheticum	54
kcy	Kluyvera cryocrescens	54
lsn	Fructilactobacillus sanfranciscensis	54
wcn	Wohlfahrtiimonas chitiniclastica	54
hhv	Hyaena hyaena	53
nnt	Nestor notabilis	53
spaa	Spathaspora passalidarum	53
aug	Acinetobacter ursingii	53
bstl	Burkholderia stabilis	53
gpo	Gordonia polyisoprenivorans	53
lpw	Lactobacillus paragasseri	53
mrb	Meiothermus ruber	53
ptae	Pseudomonas taetrolens	53
rau	Rickettsia australis	53
swo	Syntrophomonas wolfei	53
vdb	Vibrio diabolicus	53
xga	Xanthomonas hortorum	53
cbri	Culicoides brevitarsis	52
cobs	Cardiocondyla obscurior	52
dord	Dipodomys ordii	52
epz	Equus przewalskii	52
mflo	Miscanthus floridulus	52
pfll	Ptychodera flava	52
pfuc	Polistes fuscatus	52
mcj	Methanothrix soehngenii	52
bcel	Bacteroides cellulosilyticus	52
fbs	Firmicutes bacterium	52
gfa	Gluconobacter frateurii	52
kvr	Kocuria varians	52
msu	Mannheimia succiniciproducens	52
nde	Nitrospira defluvii	52
pfac	Phascolarctobacterium faecium	52
rase	Rickettsia asembonensis	52
rce	Rhodospirillum centenum	52
rob	Blautia obeum	52
rtg	Klebsiella terrigena	52
sacy	Streptococcus alactolyticus	52
smul	Sulfurospirillum multivorans	52
sth	Symbiobacterium thermophilum	52
tnp	Thermotoga petrophila	52
bpas	Bombus pascuorum	51
asr	Aeromonas schubertii	51
bagr	Brevibacillus agri	51
hbi	Helicobacter bizzozeronii	51
lxn	Lysinibacillus xylanilyticus	51
ppk	Pandoraea pnomenusa	51
ril	Romboutsia ilealis	51
rin	Ralstonia insidiosa	51
cdeu	Cryptococcus deuterogattii	50
oga	Otolemur garnettii	50
pchn	Penaeus chinensis	50
ppot	Papilio polytes	50
prob	Phodopus roborovskii	50
tce	Thermococcus celer	50
bpy	Paraburkholderia phytofirmans	50
mfun	Megamonas funiformis	50
mmes	Methylobacterium mesophilicum	50
mov	Mycoplasma ovis	50
ols	Olsenella uli	50
plq	Pseudomonas lundensis	50
plz	Pseudoalteromonas luteoviolacea	50
svl	Streptomyces violaceusniger	50
tsg	Turicibacter sanguinis	50
emq	Emydura macquarii	49
hro	Helobdella robusta	49
bsm	Bacillus smithii	49
cmf	Corynebacterium macginleyi	49
geg	Granulicatella elegans	49
hhj	Hungatella hathewayi	49
pdy	Paenibacillus dendritiformis	49
pthi	Paenibacillus thiaminolyticus	49
pvc	Providencia vermicola	49
sanl	Streptomyces anulatus	49
saul	Staphylococcus auricularis	49
sdp	Staphylococcus delphini	49
ska	Streptomyces kanamyceticus	49
slo	Shewanella loihica	49
svi	Saccharomonospora viridis	49
svo	Shewanella violacea	49
dsp	Dipodomys spectabilis	48
mave	Muscardinus avellanarius	48
nle	Nomascus leucogenys	48
rhii	Rhinolophus hipposideros	48
sdm	Stegodyphus dumicola	48
amq	Amycolatopsis methanolica	48
aok	Alistipes onderdonkii	48
byu	Bradyrhizobium yuanmingense	48
cprp	Corynebacterium propinquum	48
cwe	Citrobacter werkmanii	48
dfm	Dorea formicigenerans	48
mme	Marinomonas mediterranea	48
mmt	Methylomonas methanica	48
pcoi	Segatella copri	48
pwp	Paulownia witches'-broom	48
rgo	Rhodococcus globerulus	48
sci	Streptomyces collinus	48
scoe	Streptomyces coeruleorubidus	48
tki	Thermoanaerobacter kivui	48
vsa	Aliivibrio salmonicida	48
btax	Budorcas taxicolor	47
ggn	Gavialis gangeticus	47
lgi	Lottia gigantea	47
oep	Osmerus eperlanus	47
tfd	Tachysurus fulvidraco	47
tmn	Phaeoacremonium minimum	47
asj	Acinetobacter schindleri	47
bit	Bacillus spizizenii	47
cacc	Corynebacterium accolens	47
ceq	Coxiella-like endosymbiont	47
cev	Coprococcus eutactus	47
cpau	Cupriavidus pauculus	47
eace	Exiguobacterium acetylicum	47
hch	Hahella chejuensis	47
kre	Komagataeibacter rhaeticus	47
mchl	Micromonospora chalcea	47
pfb	Pseudomonas synxantha	47
sixo	Spiroplasma ixodetis	47
dpp	Dictyostelium purpureum	46
hrj	Haliotis rubra	46
npr	Nanorana parkeri	46
lgl	Lactobacillus gallinarum	46
oih	Oceanobacillus iheyensis	46
saco	Streptococcus acidominimus	46
sacz	Stenotrophomonas acidaminiphila	46
sbh	Streptomyces bingchenggensis	46
spet	Staphylococcus pettenkoferi	46
tped	Treponema pedis	46
ttu	Teredinibacter turnerae	46
efor	Euwallacea fornicatus	45
fex	Formica exsecta	45
opg	Oculina patagonica	45
mbg	Methanoculleus bourgensis	45
nvn	Nitrososphaera viennensis	45
tvo	Thermoplasma volcanium	45
acr	Acidiphilium cryptum	45
cbaf	Clostridiales bacterium	45
cbw	Cupriavidus basilensis	45
dfi	Desulfovibrio fairfieldensis	45
gsa	Gemella sanguinis	45
hpar	Hafnia paralvei	45
lmu	Limosilactobacillus mucosae	45
mory	Mycobacterium orygis	45
mts	Microbacterium testaceum	45
ppz	Pseudomonas poae	45
pra	Cutibacterium avidum	45
rbp	Ruminococcaceae bacterium	45
snem	Serratia nematodiphila	45
cang	Colobus angolensis	44
cmam	Cetorhinus maximus	44
dtc	Dendrobates tinctorius	44
lgf	Leopardus geoffroyi	44
pis	Pyrobaculum islandicum	44
bip	Brachyspira intermedia	44
cmw	Cronobacter muytjensii	44
ctm	Chloracidobacterium thermophilum	44
eaur	Exiguobacterium aurantiacum	44
etp	Erwinia tracheiphila	44
fal	Frankia alni	44
hpse	Hydrogenophaga pseudoflava	44
lmir	Lautropia mirabilis	44
mamo	Mesorhizobium amorphae	44
mbh	Mycoplasmopsis bovis	44
mpao	Microbacterium paraoxydans	44
nal	Nocardiopsis alba	44
nlk	Nostoc linckia	44
pelg	Paenibacillus elgii	44
sbr	Fretibacterium fastidiosum	44
sch	Sphingobium chlorophenolicum	44
splr	Streptococcus pluranimalium	44
tdi	Tenacibaculum dicentrarchi	44
vro	Vibrio rotiferianus	44
whe	Weissella hellenica	44
wko	Weissella koreensis	44
bcla	Bucephala clangula	43
cata	Cygnus atratus	43
hst	Harpegnathos saltator	43
lrj	Lethenteron reissneri	43
mleu	Mandrillus leucophaeus	43
acd	Acinetobacter oleivorans	43
bpab	Brevibacillus parabrevis	43
bwd	Bacillus wiedmannii	43
cca	Chlamydia caviae	43
ccr	Caulobacter vibrioides	43
ctez	Comamonas terrigena	43
ctu	Cronobacter turicensis	43
cure	Campylobacter ureolyticus	43
cyo	Citrobacter youngae	43
epr	Erwinia pyrifoliae	43
pdag	Pasteurella dagmatis	43
phe	Pedobacter heparinus	43
prx	Pseudomonas rhodesiae	43
pye	Paracoccus yeei	43
cboy	Ciconia boyciana	42
dqu	Dinoponera quadriceps	42
omc	Onychostoma macrolepis	42
pcoq	Propithecus coquereli	42
pmac	Papilio machaon	42
porn	Panulirus ornatus	42
scil	Spermophilus citellus	42
nmg	Natrialba magadii	42
smr	Staphylothermus marinus	42
tba	Thermococcus barophilus	42
asol	Acinetobacter soli	42
bhp	Brachyspira hampsonii	42
ccoh	Clostridium cochlearium	42
ehl	Anaerobutyricum hallii	42
hor	Halothermothrix orenii	42
lbo	Leptolyngbya boryana	42
lcc	Liberibacter crescens	42
lpet	Lactococcus petauri	42
mpar	Methylocystis parvus	42
pgd	Phaeobacter gallaeciensis	42
rga	Rhizobium gallicum	42
sal	Sphingopyxis alaskensis	42
tas	Taylorella asinigenitalis	42
vow	Vibrio owensii	42
ccic	Cinclus cinclus	41
fas	Fopius arisanus	41
lalb	Lagenorhynchus albirostris	41
fai	Ferroplasma acidiphilum	41
hla	Halorubrum lacusprofundi	41
blin	Brevibacterium aurantiacum	41
dca	Desulfotomaculum nigrificans	41
drs	Dehalobacter restrictus	41
epe	Erwinia persicina	41
hdn	Hyphomicrobium denitrificans	41
hhf	Herbaspirillum huttiense	41
hku	Helcococcus kunzii	41
laz	Lelliottia amnigena	41
paut	Pseudonocardia autotrophica	41
pcr	Psychrobacter cryohalolentis	41
mtm	Thermothelomyces thermophilus	40
aber	Acinetobacter bereziniae	40
bdl	Burkholderia dolosa	40
cpb	Chlorobium phaeobacteroides	40
cth	Acetivibrio thermocellus	40
emor	Enterobacter mori	40
htl	Hydrogenophilus thermoluteolus	40
krd	Kosakonia radicincitans	40
pagg	Pantoea vagans	40
pmq	Paenibacillus mucilaginosus	40
poy	Onion yellows	40
raet	Rhodococcus aetherivorans	40
rca	Roseiflexus castenholzii	40
sjn	Streptomyces violaceus	40
snl	Staphylococcus nepalensis	40
spaq	Stenotrophomonas pavanii	40
stb	Streptococcus pasteurianus	40
xva	Xanthomonas vasicola	40
cimi	Cebus imitator	39
der	Drosophila erecta	39
vnx	Vairimorpha necatrix	39
acp	Anaeromyxobacter dehalogenans	39
afi	Acidithiobacillus ferrivorans	39
agh	Actinomyces graevenitzii	39
baei	Bacillus aerius	39
bgp	Burkholderia plantarii	39
bpt	Bordetella petrii	39
ete	Edwardsiella anguillarum	39
kgr	Klebsiella grimontii	39
lab	Lysobacter antibioticus	39
lcp	Lysobacter capsici	39
lpx	Lactiplantibacillus paraplantarum	39
mpt	Methylibium petroleiphilum	39
plw	Paenibacillus lautus	39
ppis	Pseudoalteromonas piscicida	39
ppsh	Pseudomonas psychrophila	39
rgi	Roseomonas gilardii	39
sfq	Staphylococcus felis	39
sure	Sporosarcina ureae	39
csl	Coccomyxa subellipsoidea	38
xhe	Xiphophorus hellerii	38
aagi	Arthrobacter agilis	38
abes	Aeromonas bestiarum	38
aid	Acinetobacter indicus	38
balu	Bacillus albus	38
clh	Cellulophaga lytica	38
crc	Candidatus Carsonella ruddii	38
csb	Clostridium saccharobutylicum	38
dar	Dechloromonas aromatica	38
mfl	Mesoplasma florum	38
myu	Micrococcus yunnanensis	38
pub	Candidatus Pelagibacter ubique	38
sata	Streptomyces atratus	38
slj	Shewanella livingstonensis	38
ssac	Staphylococcus saccharolyticus	38
vsh	Vibrio mediterranei	38
bphi	Battus philenor	37
bvk	Bombus vosnesenskii	37
csai	Cololabis saira	37
ffu	Fulvia fulva	37
mgen	Megalopta genalis	37
acit	Arthrobacter citreus	37
bast	Bifidobacterium asteroides	37
cgd	Cupriavidus gilardii	37
csed	Citrobacter sedlakii	37
csho	Campylobacter showae	37
csut	Chromobacterium subtsugae	37
cthe	Chroococcidiopsis thermalis	37
eth	Enterococcus thailandicus	37
lmac	Lysinibacillus macroides	37
mest	Microbacterium esteraromaticum	37
mvz	Microcystis viridis	37
phar	Peptoniphilus harei	37
pphr	Pannonibacter phragmitetus	37
sat	Syntrophus aciditrophicus	37
sgd	Streptomyces griseoviridis	37
srw	Streptomyces reticuli	37
bom	Bos mutus	36
itr	Ipomoea triloba	36
mof	Malania oleifera	36
opa	Ogataea parapolymorpha	36
setr	Suncus etruscus	36
tod	Talpa occidentalis	36
arp	Limnospira platensis	36
cva	Corynebacterium variabile	36
eli	Erythrobacter litoralis	36
ema	Escherichia marmotae	36
gtm	Geobacillus thermocatenulatus	36
lau	Candidatus Liberibacter africanus	36
lhil	Lentilactobacillus hilgardii	36
mpf	Mycoplasma putrefaciens	36
pamg	Pseudomonas amygdali	36
scav	Streptomyces cavourensis	36
sgf	Streptomyces griseofuscus	36
sgri	Serratia grimesii	36
src	Streptomyces rapamycinicus	36
suri	Serratia ureilytica	36
swp	Shewanella piezotolerans	36
tsm	Tsukamurella tyrosinosolvens	36
glz	Glarea lozoyensis	35
goe	Galendromus occidentalis	35
hhar	Harpia harpyja	35
mpah	Mus pahari	35
aca	Acidobacterium capsulatum	35
ait	Alistipes indistinctus	35
axl	Amphibacillus xylanus	35
bacc	Bacteroidales bacterium	35
bcy	Bacillus cytotoxicus	35
bdh	Phocaeicola dorei	35
bpp	Brucella pinnipedialis	35
cce	Ruminiclostridium cellulolyticum	35
dba	Desulfomicrobium baculatum	35
ddq	Dickeya dianthicola	35
gam	Gordonia amarae	35
kii	Kocuria marina	35
kpl	Kocuria palustris	35
mhek	Mycobacterium heckeshornense	35
mly	Micrococcus lylae	35
npn	Novosphingobium pentaromativorans	35
pcar	Pseudoalteromonas carrageenovora	35
rsh	Cereibacter sphaeroides	35
sap	Sulfobacillus acidophilus	35
smy	Sphingomonas melonis	35
spou	Spiroplasma poulsonii	35
tpr	Tsukamurella paurometabola	35
tro	Thermomicrobium roseum	35
pfy	Pestalotiopsis fici	34
maro	Methanobrevibacter arboriphilus	34
sia	Saccharolobus islandicus	34
bmr	Brucella microti	34
bsch	Bartonella schoenbuchensis	34
ccro	Chondromyces crocatus	34
dti	Desulfomonile tiedjei	34
ebv	Empedobacter brevis	34
eta	Erwinia tasmaniensis	34
hhd	Halobacillus halophilus	34
ibu	Intestinimonas butyriciproducens	34
mne	Mycolicibacterium neoaurum	34
paet	Pasteurella aerogenes	34
paly	Candidatus Portiera aleyrodidarum	34
pbif	Paraclostridium bifermentans	34
pfuv	Pseudomonas fuscovaginae	34
pmau	Paracoccus marcusii	34
psuc	Phascolarctobacterium succinatutens	34
rem	Rickettsia endosymbiont	34
satr	Spiroplasma mirum	34
skn	Spiroplasma kunkelii	34
yre	Yokenella regensburgei	34
cns	Contarinia nasturtii	33
gas	Gracilinanus agilis	33
nce	Vairimorpha ceranae	33
obr	Oryza brachyantha	33
ont	Oppia nitens	33
phai	Panicum hallii	33
plop	Perognathus longimembris	33
abg	Asaia bogorensis	33
ccg	Corynebacterium casei	33
cfar	Citrobacter farmeri	33
cpi	Chitinophaga pinensis	33
dla	Delftia lacustris	33
ksu	Komagataeibacter sucrofermentans	33
mfg	Mycobacterium farcinogenes	33
mor	Methylobacterium oryzae	33
nco	Nitrosomonas communis	33
sfa	Streptomyces pratensis	33
snw	Streptomyces niveus	33
tdn	Sulfurimonas denitrificans	33
dgr	Drosophila grimshawi	32
masi	Myxocyprinus asiaticus	32
mqu	Macrosteles quadrilineatus	32
olu	Ostreococcus lucimarinus	32
mmil	Methanobrevibacter millerae	32
asw	Achromobacter spanius	32
ccaa	Clostridium cadaveris	32
ccx	Corallococcus coralloides	32
ddh	Desulfitobacterium dehalogenans	32
dze	Dickeya chrysanthemi	32
gho	Grimontia hollisae	32
hhy	Haliscomenobacter hydrossis	32
hmar	Hydrogenovibrio marinus	32
hoh	Haliangium ochraceum	32
lcy	Loigolactobacillus coryniformis	32
lkf	Lentilactobacillus kefiri	32
nhm	Neorickettsia helminthoeca	32
nsh	Nostoc sphaeroides	32
pfk	Pseudomonas frederiksbergensis	32
pfx	Pseudomonas lurida	32
pmat	Planococcus maritimus	32
rlr	Ruminococcus lactaris	32
sagq	Staphylococcus agnetis	32
sauo	Streptomyces malaysiensis	32
smib	Streptomyces mirabilis	32
cfr	Camelus ferus	31
lve	Lipotes vexillifer	31
myb	Myotis brandtii	31
obo	Ooceraea biroi	31
pfp	Pseudozyma flocculosa	31
tda	Teleopsis dalmanni	31
tpai	Tympanuchus pallidicinctus	31
tga	Thermococcus gammatolerans	31
abl	Aliarcobacter butzleri	31
adk	Alicycliphilus denitrificans	31
apom	Acetobacter pomorum	31
bcan	Bradyrhizobium canariense	31
bvir	Butyricimonas virosa	31
cdur	Corynebacterium durum	31
cgz	Chlamydia gallinacea	31
dga	Deinococcus grandis	31
dhm	Dermabacter hominis	31
dpr	Desulfobulbus propionicus	31
kie	Kluyvera intermedia	31
lta	Lactobacillus taiwanensis	31
pkc	Pseudomonas knackmussii	31
plu	Photorhabdus laumondii	31
ppeo	Paenibacillus peoriae	31
prr	Pseudoalteromonas rubra	31
saup	Streptococcus australis	31
sfu	Syntrophobacter fumaroxidans	31
slt	Sideroxydans lithotrophicus	31
daz	Drosophila arizonae	30
dcon	Drechmeria coniospora	30
eruf	Eulemur rufifrons	30
lgly	Leguminivora glycinivorella	30
loi	Leishmania orientalis	30
sura	Strix uralensis	30
tny	Temnothorax nylanderi	30
age	Archangium gephyra	30
athe	Aneurinibacillus thermoaerophilus	30
cbol	Enterocloster bolteae	30
cdm	Cronobacter dublinensis	30
cthu	Caldalkalibacillus thermarum	30
dfs	Dolichospermum flos-aquae	30
idc	Ideonella dechloratans	30
lamy	Lactobacillus amylolyticus	30
lfb	Laceyella sacchari	30
mai	Micavibrio aeruginosavorus	30
moa	Myroides odoratus	30
nmv	Nitrospira moscoviensis	30
pasi	Pseudomonas asiatica	30
pbac	Paenibacillus barcinonensis	30
pws	Pectobacterium wasabiae	30
ron	Klebsiella ornithinolytica	30
sinb	Sphingobium indicum	30
sthc	Streptomyces thermocarboxydus	30
svj	Subdoligranulum variabile	30
vhl	Virgibacillus halodenitrificans	30
csec	Cryptotermes secundus	29
lak	Lingula anatina	29
mame	Mycteria americana	29
vps	Vespula pensylvanica	29
afac	Acidovorax facilis	29
ans	Arsenophonus nasoniae	29
bang	Bifidobacterium angulatum	29
bfn	Paraburkholderia fungorum	29
bpak	Borrelia parkeri	29
bsem	Burkholderia seminalis	29
caqt	Comamonas aquatica	29
car	Corynebacterium aurimucosum	29
cbq	Lawsonella clevelandensis	29
eha	Ethanoligenens harbinense	29
gpa	Gordonibacter pamelaeae	29
ili	Idiomarina loihiensis	29
kse	Kytococcus sedentarius	29
lagl	Ligilactobacillus agilis	29
lno	Leptospira noguchii	29
mau	Micromonospora aurantiaca	29
mpag	Mycobacterium paragordonae	29
mpri	Marinomonas primoryensis	29
mwi	Moellerella wisconsensis	29
our	Oligella urethralis	29
pne	Polynucleobacter necessarius	29
rxy	Rubrobacter xylanophilus	29
sfi	Streptomyces microflavus	29
sfj	Serratia ficaria	29
spsu	Streptococcus pseudoporcinus	29
tpd	Thermoanaerobacter pseudethanolicus	29
tte	Caldanaerobacter subterraneus	29
clup	Colletotrichum lupini	28
grf	Garra rufa	28
hmh	Hylobates moloch	28
hsp	Hippoglossus stenolepis	28
ppoi	Pollicipes pollicipes	28
pviv	Prionailurus viverrinus	28
aaqu	Alcaligenes aquatilis	28
aoc	Acholeplasma oculi	28
aseg	Aggregatibacter segnis	28
bstr	Bacillus stercoris	28
cafe	Corynebacterium afermentans	28
ccn	Corynebacterium callunae	28
cmuc	Campylobacter mucosalis	28
ddr	Deinococcus deserti	28
fau	Frateuria aurantia	28
fmy	Ferrovum myxofaciens	28
gami	Gordonia amicalis	28
gsg	Globicatella sanguinis	28
keu	Komagataeibacter europaeus	28
ksc	Komagataeibacter saccharivorans	28
lgs	Leuconostoc gasicomitatum	28
lji	Acetilactobacillus jinshanensis	28
lwd	Leptotrichia wadei	28
mah	Methylotuvimicrobium alcaliphilum	28
mglu	Mannheimia glucosida	28
nse	Ehrlichia sennetsu	28
pdj	Pseudoalteromonas lipolytica	28
pgg	Pseudomonas graminis	28
ppab	Paenibacillus pabuli	28
ppv	Pseudomonas parafulva	28
reu	Cupriavidus pinatubonensis	28
rrd	Rubrobacter radiotolerans	28
saz	Shewanella amazonensis	28
scal	Streptomyces californicus	28
sgs	Streptomyces griseochromogenes	28
sli	Spirosoma linguale	28
spoc	Streptococcus porcinus	28
ttq	Tolypothrix tenuis	28
vsc	Vibrio scophthalmi	28
yeg	Yersinia entomophaga	28
bgh	Blastomyces gilchristii	27
ccal	Ceratina calcarata	27
cdet	Colletotrichum destructivum	27
ecoe	Eupeodes corollae	27
mju	Maniola jurtina	27
ngd	Microchloropsis gaditana	27
sfm	Scleropages formosus	27
tfs	Takifugu flavidus	27
aall	Aeromonas allosaccharophila	27
asei	Acinetobacter seifertii	27
bbau	Bacteroidetes bacterium	27
bhv	Blautia hydrogenotrophica	27
blui	Blautia luti	27
bsj	Peribacillus simplex	27
btrm	Bordetella trematum	27
cdn	Castellaniella defragrans	27
cglu	Corynebacterium glucuronolyticum	27
csta	Corynebacterium stationis	27
fcv	Flavobacterium covae	27
kgy	Kerstersia gyiorum	27
ksk	Kitasatospora setae	27
lar	Candidatus Liberibacter americanus	27
mark	Microbacterium arborescens	27
mft	Mycolicibacterium fortuitum	27
mgm	Magnetococcus marinus	27
moi	Moraxella ovis	27
mspr	Methylosinus sporium	27
pdw	Pseudomonas donghuensis	27
pec	Pectobacterium parmentieri	27
pgly	Paenibacillus glycanilyticus	27
rgn	Mediterraneibacter gnavus	27
rli	Roseobacter litoralis	27
rus	Ruminococcus bicirculans	27
salf	Streptomyces alboflavus	27
tvr	Thioalkalivibrio versutus	27
vcra	Vibrio crassostreae	27
vst	Vitreoscilla stercoraria	27
ceur	Caprimulgus europaeus	26
eja	Embiotoca jacksoni	26
hamp	Hyperoodon ampullatus	26
plec	Platalea leucorodia	26
pyu	Herpailurus yagouaroundi	26
wic	Wallemia ichthyophaga	26
pya	Pyrococcus yayanosii	26
ater	Aquincola tertiaricarbonis	26
baer	Bacillus aerophilus	26
btay	Bartonella taylorii	26
bur	Burkholderia lata	26
ccyn	Capnocytophaga cynodegmi	26
chae	Chromobacterium haemolyticum	26
cke	Comamonas kerstersii	26
dml	Desulfococcus multivorans	26
gjo	Gluconobacter japonicus	26
mlo	Mesorhizobium japonicum	26
mph	Microlunatus phosphovorus	26
parm	Candidatus Profftella armatura	26
pbre	Pseudomonas brenneri	26
pcab	Pseudomonas cannabina	26
pod	Paenibacillus odorifer	26
pspu	Pandoraea sputorum	26
rfr	Rhodoferax ferrireducens	26
rsg	Ralstonia syzygii	26
rtc	Rathayibacter toxicus	26
sact	Streptomyces actuosus	26
skl	Staphylococcus kloosii	26
smag	Sphingopyxis macrogoltabida	26
spab	Streptococcus parasuis	26
sxi	Streptomyces xiamenensis	26
wvi	Weeksella virosa	26
crot	Carex rostrata	25
cud	Cheilinus undulatus	25
fvi	Frieseomelitta varia	25
hcra	Haliotis cracherodii	25
narq	Numenius arquata	25
csy	Cenarchaeum symbiosum	25
fac	Ferroplasma acidarmanus	25
htu	Haloterrigena turkmenica	25
nou	Natronococcus occultus	25
abs	Azospirillum baldaniorum	25
ami	Actinosynnema mirum	25
atg	Acinetobacter towneri	25
bfe	Bacteroides faecis	25
bfx	Priestia flexa	25
bgj	Brenneria goodwinii	25
bxb	Paraburkholderia xenovorans	25
can	Cyanobacterium aponinum	25
cdav	Cedecea davisae	25
clap	Cedecea lapagei	25
cnn	Clostridium neonatale	25
dcd	Dietzia cinnamea	25
elm	Eubacterium callanderi	25
era	Agathobacter rectalis	25
esy	Enterococcus saccharolyticus	25
gza	Geobacillus zalihae	25
hov	Helcococcus ovis	25
hty	Helicobacter typhlonius	25
kra	Kineococcus radiotolerans	25
lani	Ligilactobacillus animalis	25
mcab	Micromonospora carbonacea	25
mmaa	Moritella marina	25
msl	Methylocella silvestris	25
noc	Nitrosococcus oceani	25
ntp	Nocardia terpenica	25
nwl	Nocardia wallacei	25
oin	Brucella intermedia	25
ova	Oscillibacter valericigenes	25
pfri	Peribacillus frigoritolerans	25
pmed	Pseudomonas mediterranea	25
rlw	Rhizobium laguerreae	25
rpne	Rodentibacter pneumotropicus	25
sspi	Sphingobacterium spiritivorum	25
swd	Shewanella woodyi	25
tmt	Thermoanaerobacter mathranii	25
vbo	Variovorax boronicumulans	25
ymo	Yersinia mollaretii	25
mlao	Macrotis lagotis	24
nds	Natator depressus	24
phi	Pseudopodoces humilis	24
mem	Methanoculleus marisnigri	24
nge	Natronobacterium gregoryi	24
acol	Anaerotruncus colihominis	24
ais	Achromobacter insolitus	24
apr	Anaerococcus prevotii	24
aruh	Achromobacter ruhlandii	24
ava	Trichormus variabilis	24
bcae	Bacteroides caecimuris	24
bfin	Bacteroides finegoldii	24
brm	Brachyspira murdochii	24
bsal	Bacteroides salyersiae	24
cef	Corynebacterium efficiens	24
dni	Dermacoccus nishinomiyaensis	24
fhm	Facklamia hominis	24
hac	Helicobacter acinonychis	24
kfv	Kocuria flava	24
lgu	Lysobacter gummosus	24
ljr	Legionella jordanis	24
pbd	Paenibacillus borealis	24
pmex	Pseudoxanthomonas mexicana	24
rsul	Rhizobium sullae	24
sbk	Shewanella benthica	24
scot	Salinivibrio costicola	24
scyg	Streptomyces cyanogenus	24
smus	Staphylococcus muscae	24
tbc	Thermus brockianus	24
tber	Trueperella bernardiae	24
tsu	Treponema succinifaciens	24
vpg	Vibrio pelagius	24
vrg	Veillonella rogosae	24
bror	Bacillus rossius	23
cvs	Centruroides vittatus	23
hcq	Hippocampus comes	23
lsin	Leptidea sinapis	23
myd	Myotis davidii	23
ncs	Naumovozyma castellii	23
dfd	Desulfurococcus amylolyticus	23
acg	Aerococcus christensenii	23
asz	Acetobacter senegalensis	23
bcoi	Borrelia coriaceae	23
bpac	Bacillus pacificus	23
bthg	Bathymodiolus thermophilus	23
daur	Dactylosporangium aurantiacum	23
dja	Dyella japonica	23
dtu	Dictyoglomus turgidum	23
epf	Exiguobacterium profundum	23
fgo	Fusobacterium gonidiaformans	23
fia	Fervidobacterium islandicum	23
fna	Francisella orientalis	23
ful	Fusobacterium ulcerans	23
ibr	Intestinibacter bartlettii	23
lpar	Lentilactobacillus parabuchneri	23
mad	Marinobacter adhaerens	23
mno	Methylobacterium nodulans	23
nur	Nitrosomonas ureae	23
oai	Oleispira antarctica	23
obj	Dysosmobacter welbionis	23
pacd	Propionibacterium acidifaciens	23
paga	Pseudoalteromonas agarivorans	23
par	Psychrobacter arcticus	23
pfq	Pragia fontium	23
pglu	Paenibacillus glucanolyticus	23
png	Pseudoalteromonas nigrifaciens	23
ppio	Pyramidobacter piscolens	23
saf	Sulfurihydrogenibium azorense	23
sbar	Sphingobium fuliginis	23
siv	Solibacillus silvestris	23
spaz	Streptomyces parvus	23
staa	Streptomyces tanashiensis	23
tpz	Thermacetogenium phaeum	23
wfu	Wenyingzhuangia fucanilytica	23
csol	Ceratosolen solmsi	22
thj	Tarenaya hassleriana	22
tln	Temnothorax longispinosus	22
mwo	Methanothermobacter wolfeii	22
amim	Advenella mimigardefordensis	22
aom	Alloscardovia omnicolens	22
asan	Aerococcus sanguinicola	22
aui	Aerococcus urinaeequi	22
bcab	Bacillus cabrialesii	22
bhf	Prevotella heparinolytica	22
bif	Bacillus infantis	22
bio	Brucella inopinata	22
cmc	Clavibacter nebraskensis	22
csh	Clostridium saccharolyticum	22
dwu	Deinococcus wulumuqiensis	22
ebi	Erwinia billingiae	22
gqu	Gibbsiella quercinecans	22
hau	Herpetosiphon aurantiacus	22
mfa	Methylobacillus flagellatus	22
mmal	Mycobacterium marseillense	22
mpse	Mycobacterium pseudoshottsii	22
msag	Micromonospora sagamiensis	22
mvh	Myxococcus virescens	22
nbc	Neisseria bacilliformis	22
ngn	Nonomuraea gerenzanensis	22
pal	Candidatus Phytoplasma australiense	22
papi	Pandoraea apista	22
pclr	Paraprevotella clara	22
pdo	Parascardovia denticolens	22
prj	Providencia rustigianii	22
pthv	Pseudomonas thivervalensis	22
rbn	Rubrivivax benzoatilyticus	22
sast	Streptomyces calvus	22
sge	Streptomyces griseorubiginosus	22
sgi	Sphingopyxis granuli	22
sgn	Saprospira grandis	22
skr	Sphingomonas koreensis	22
sro	Streptosporangium roseum	22
ssan	Sphingomonas sanxanigenens	22
bze	Bipolaris zeicola	21
cnl	Chionomys nivalis	21
hamr	Hetaerina americana	21
htc	Halichoeres trimaculatus	21
ncol	Nymphaea colorata	21
nlo	Neodiprion lecontei	21
oha	Opisthocomus hoazin	21
pcob	Pseudophryne corroboree	21
sscv	Syngnathus scovelli	21
hbo	Halogeometricum borinquense	21
aot	Acetobacter orientalis	21
asen	Alistipes senegalensis	21
bph	Paraburkholderia phymatum	21
bry	Bacillus rugosus	21
bsun	Basfia succiniciproducens	21
bub	Burkholderia ubonensis	21
cag	Chloroflexus aggregans	21
ccv	Campylobacter curvus	21
cfir	Cytobacillus firmus	21
cgrn	Cutibacterium granulosum	21
csg	Cylindrospermum stagnale	21
dto	Desulfobacula toluolica	21
ean	Exiguobacterium antarcticum	21
gao	Geobacter anodireducens	21
gxy	Komagataeibacter medellinensis	21
hhg	Halomicronema hongdechloris	21
lapi	Lactobacillus apis	21
maqu	Methylobacterium aquaticum	21
mfuj	Methylobacterium fujisawaense	21
mtai	Meiothermus taiwanensis	21
nha	Nitrobacter hamburgensis	21
pami	Paracoccus aminophilus	21
pdz	Phytobacter diazotrophicus	21
pge	Pluralibacter gergoviae	21
pth	Pelotomaculum thermopropionicum	21
sesp	Saccharothrix espanaensis	21
shyd	Sphingobium xenophagum	21
sox	Nanosynbacter lyticus	21
svn	Streptomyces vinaceus	21
szo	Shinella zoogloeoides	21
vni	Vibrio nigripulchritudo	21
vpn	Virgibacillus dokdonensis	21
egt	Erythranthe guttata	20
gste	Gavia stellata	20
oja	Oxyura jamaicensis	20
sgh	Sinocyclocheilus grahami	20
spul	Semicossyphus pulcher	20
tprf	Thermococcus profundus	20
aai	Glutamicibacter arilaitensis	20
arui	Agrobacterium rubi	20
avg	Anaerococcus vaginalis	20
bbag	Burkholderiales bacterium	20
blp	Blattabacterium cuenoti	20
bpah	Bradyrhizobium pachyrhizi	20
btur	Borrelia turcica	20
cbal	Cellulophaga baltica	20
cdq	Chelatococcus daeguensis	20
cdy	Clostridium diolis	20
ced	Dickeya fangzhongdai	20
cfu	Collimonas fungivorans	20
cfus	Cystobacter fuscus	20
cjt	Chryseobacterium joostei	20
clx	Campylobacter lanienae	20
cnan	Cupriavidus nantongensis	20
dde	Oleidesulfovibrio alaskensis	20
dsu	Azospira oryzae	20
dvr	Desulfosarcina variabilis	20
eas	Enterobacter soli	20
emex	Exiguobacterium mexicanum	20
fno	Fervidobacterium nodosum	20
gbc	Granulibacter bethesdensis	20
gob	Geodermatophilus obscurus	20
hcs	Halomonas campaniensis	20
mmb	Methylotenera mobilis	20
mmei	Mesorhizobium mediterraneum	20
msd	Myxococcus stipitatus	20
nci	Neisseria canis	20
nwe	Neisseria weaveri	20
pamn	Paracoccus aminovorans	20
pey	Pantoea eucalypti	20
pnv	Paenarthrobacter nicotinovorans	20
ppae	Pseudomonas palleroniana	20
ptd	Pseudoalteromonas tetraodonis	20
pxl	Paenibacillus xylanexedens	20
rpk	Rickettsia peacockii	20
rsi	Runella slithyformis	20
schk	Shewanella chilikensis	20
scv	Staphylococcus condimenti	20
scye	Streptomyces cyaneofuscatus	20
sgv	Streptomyces gilvosporeus	20
spic	Staphylococcus piscifermentans	20
svio	Streptomyces violascens	20
svr	Streptomyces viridifaciens	20
tam	Thermovibrio ammonificans	20
tmz	Thauera aminoaromatica	20
vcc	Vibrio cyclitrophicus	20
vff	Vitreoscilla filiformis	20
nsu	Neomonachus schauinslandi	19
psiu	Phocoena sinus	19
tsi	Thermococcus sibiricus	19
ael	Aeromonas encheleia	19
aghn	Acetobacter ghanensis	19
atn	Acinetobacter tandoii	19
bby	Bacillus bombysepticus	19
bcl	Shouchella clausii	19
bne	Brevundimonas naejangsanensis	19
bot	Bradyrhizobium ottawaense	19
bxi	Bacillus xiamenensis	19
carg	Clostridium argentinense	19
cem	Cedecea neteri	19
chv	Campylobacter helveticus	19
cpo	Coprothermobacter proteolyticus	19
csp	Corynebacterium simulans	19
cyu	Candidatus Atelocyanobacterium thalassa	19
day	Dermacoccus abyssi	19
dfl	Desulfovibrio ferrophilus	19
drd	Deinococcus radiophilus	19
erb	Erysipelotrichaceae bacterium	19
fpp	Frischella perrara	19
gph	Gemmatimonas phototrophica	19
hfr	Herbaspirillum frisingense	19
hrb	Herbaspirillum rubrisubalbicans	19
ilv	Ignatzschineria larvae	19
lfo	Lactococcus formosensis	19
lki	Leuconostoc kimchii	19
lva	Limosilactobacillus vaginalis	19
mbur	Methylotuvimicrobium buryatense	19
moo	Microbacterium oleivorans	19
nmb	Neisseria macacae	19
nvb	Nitrobacter vulgaris	19
opo	Obesumbacterium proteus	19
pcm	Pedobacter cryoconitis	19
phx	Peptacetobacter hiranonis	19
pju	Pseudomonas juntendi	19
pla	Parvibaculum lavamentivorans	19
plg	Paucimonas lemoignei	19
pna	Polaromonas naphthalenivorans	19
pta	Paenibacillus terrae	19
pum	Pseudomonas umsongensis	19
pvi	Chlorobium phaeovibrioides	19
pvz	Pectobacterium versatile	19
pzi	Candidatus Phytoplasma ziziphi	19
rir	Agrobacterium pusense	19
sdl	Sulfurospirillum deleyianum	19
sfug	Streptomyces fungicidicus	19
smiz	Sphingobacterium mizutaii	19
snev	Serratia nevei	19
spot	Sulfitobacter pontiacus	19
sseo	Streptomyces seoulensis	19
ssh	Staphylococcus schweitzeri	19
svm	Shewanella vesiculosa	19
tmp	Tenacibaculum mesophilum	19
vlu	Vagococcus lutrae	19
xsa	Xanthomonas sacchari	19
zpl	Zymobacter palmae	19
cmac	Chlamydotis macqueenii	18
ltu	Leuresthes tenuis	18
mis	Micromonas commoda	18
pcae	Pituophis catenifer	18
ssao	Spironucleus salmonicida	18
ure	Uncinocarpus reesii	18
zfa	Zeus faber	18
hno	Halobacterium noricense	18
aex	Asticcacaulis excentricus	18
bals	Bartonella alsatica	18
bann	Burkholderia anthina	18
biq	Bacillus inaquosorum	18
broc	Candidatus Brocadia sp.	18
casp	Clostridium asparagiforme	18
caun	Clostridium felsineum	18
cher	Candidatus Cardinium hertigii	18
chyl	Clostridium hylemonae	18
cms	Clavibacter sepedonicus	18
cox	Cupriavidus oxalaticus	18
cse	Caulobacter segnis	18
csq	Clostridium scatologenes	18
cup	Cupriavidus malaysiensis	18
dpy	Diaphorobacter nitroreducens	18
ebb	Enterobacteriaceae bacterium	18
eclf	Enterocloster clostridioformis	18
eds	Enterococcus dispar	18
fpol	Fusobacterium polymorphum	18
gau	Gemmatimonas aurantiaca	18
gsr	Geobacillus subterraneus	18
har	Herminiimonas arsenicoxydans	18
hhc	Ectothiorhodospira haloalkaliphila	18
jde	Jonesia denitrificans	18
kna	Komagataeibacter nataicola	18
kpas	Klebsiella pasteurii	18
lct	Companilactobacillus crustorum	18
lhb	Schleiferilactobacillus harbinensis	18
lrm	Ligilactobacillus ruminis	18
ncp	Novosphingobium capsulatum	18
oue	Oligella ureolytica	18
pabn	Pseudomonas abietaniphila	18
pdt	Prevotella dentalis	18
pgm	Paenibacillus graminis	18
phc	Planococcus halocryophilus	18
pmaa	Pseudoalteromonas marina	18
req	Prescottella equi	18
sapi	Spiroplasma apis	18
sdn	Shewanella denitrificans	18
sgen	Stenotrophomonas geniculata	18
sgro	Streptomyces griseoincarnatus	18
snig	Streptomyces nigrescens	18
sti	Sphaerobacter thermophilus	18
taf	Thermosipho africanus	18
tos	Thermus oshimai	18
wci	Weissella ceti	18
zdf	Zobellella denitrificans	18
bpg	Bathycoccus prasinos	17
ccri	Cariama cristata	17
csum	Capricornis sumatraensis	17
cve	Cebidichthys violaceus	17
mna	Miniopterus natalensis	17
myum	Myotis yumanensis	17
pads	Pyxicephalus adspersus	17
pcf	Polistes canadensis	17
tsep	Trachymyrmex septentrionalis	17
fpl	Ferroglobus placidus	17
mpot	Methanohalophilus portucalensis	17
tgg	Thermococcus gorgonarius	17
ttd	Thermococcus thioreducens	17
aaci	Acidipropionibacterium acidipropionici	17
aak	Aminobacter aminovorans	17
aalm	Aureimonas altamirensis	17
afo	Acidimicrobium ferrooxidans	17
agn	Anoxybacillus gonensis	17
ain	Acidaminococcus intestini	17
alc	Acinetobacter lactucae	17
amaa	Alteromonas mediterranea	17
amui	Achromobacter mucicolens	17
awi	Acetobacterium wieringae	17
bari	Burkholderia arboris	17
bcir	Niallia circulans	17
bid	Beijerinckia indica	17
camh	Cobetia amphilecti	17
cao	Cellulophaga algicola	17
ccag	Chromohalobacter canadensis	17
cyt	Crocosphaera subtropica	17
fbr	Flavobacterium branchiophilum	17
fne	Fusobacterium animalis	17
ksa	Kosakonia sacchari	17
lch	Leptothrix cholodnii	17
lfs	Limnospira fusiformis	17
lwl	Leptospira weilii	17
maer	Microvirgula aerodenitrificans	17
mhg	Megamonas hypermegale	17
mlen	Mammaliicoccus lentus	17
mshj	Mycobacterium shinjukuense	17
mthd	Microbulbifer thermotolerans	17
pald	Pseudomonas alloputida	17
pari	Pectobacterium aroidearum	17
pjo	Parabacteroides johnsonii	17
ptv	Pseudomonas trivialis	17
sfer	Streptococcus ferus	17
sinc	Stenotrophomonas indicatrix	17
slau	Streptomyces laurentii	17
smed	Sulfitobacter mediterraneus	17
snk	Streptomyces nitrosporeus	17
sod	Sodalis praecaptivus	17
spsy	Sporosarcina psychrophila	17
sthr	Sulfobacillus thermotolerans	17
tni	Thioalkalivibrio nitratireducens	17
tpaa	Treponema paraluiscuniculi	17
tpty	Tatumella ptyseos	17
xbu	Xenorhabdus budapestensis	17
eny	Eucyclogobius newberryi	16
gacu	Gymnodraco acuticeps	16
mze	Maylandia zebra	16
nmea	Nomia melanderi	16
ptao	Phyllopteryx taeniolatus	16
cma	Caldivirga maquilingensis	16
hut	Halorhabdus utahensis	16
mmet	Methanococcoides methylutens	16
tar	Thermoplasmatales archaeon	16
amv	Acidiphilium multivorum	16
ant	Arcobacter nitrofigilis	16
atem	Acidovorax temperans	16
bage	Buttiauxella agrestis	16
bsto	Bacteriovorax stolpii	16
cav	Chlamydia avium	16
cea	Coxiella endosymbiont	16
cfc	Corynebacterium flavescens	16
cgas	Clostridium gasigenes	16
ddb	Duncaniella dubosii	16
dfe	Dyadobacter fermentans	16
dor	Desulfosporosinus orientis	16
dpt	Deinococcus proteolyticus	16
dsw	Deinococcus radiopugnans	16
ebt	Shimwellia blattae	16
hhao	Halomonas halophila	16
hhk	Halorhodospira halochloris	16
keb	Kroppenstedtia eburnea	16
lali	Companilactobacillus alimentarius	16
larg	Lactiplantibacillus argentoratensis	16
lix	Limnospira indica	16
mhos	Microbacterium hominis	16
mliq	Microbacterium maritypicum	16
mve	Mannheimia varigena	16
nah	Nocardia arthritidis	16
nani	Neisseria animaloris	16
naro	Nocardioides aromaticivorans	16
palk	Pseudomonas alkylphenolica	16
panr	Pseudomonas antarctica	16
pcof	Pseudomonas coronafaciens	16
pgp	Paraburkholderia graminis	16
pje	Prevotella jejuni	16
pmo	Petrotoga mobilis	16
pmx	Persephonella marina	16
poi	Pseudomonas orientalis	16
pue	Paenarthrobacter ureafaciens	16
pvf	Prevotella veroralis	16
rbad	Rouxiella badensis	16
rcr	Rhodococcus coprophilus	16
rdp	Roseateles depolymerans	16
rta	Ramlibacter tataouinensis	16
sdv	Streptomyces davaonensis	16
sfz	Spiroplasma floricola	16
sgm	Streptomyces aurantiacus	16
siw	Stappia indica	16
sja	Shewanella japonica	16
sle	Streptomyces leeuwenhoekii	16
sov	Streptomyces olivoreticuli	16
spax	Sporomusa sphaeroides	16
squ	Serratia quinivorans	16
talx	Thermobifida alba	16
tel	Thermosynechococcus vestitus	16
vga	Vibrio gazogenes	16
vmt	Vibrio metoecus	16
xho	Xenorhabdus hominickii	16
breg	Balearica regulorum	15
cbas	Cryptococcus bacillisporus	15
ljp	Liolophura japonica	15
mmea	Malurus melanocephalus	15
pnx	Pyrrhoderma noxium	15
sver	Solanum verrucosum	15
aman	Acidianus manzaensis	15
mpy	Methanolobus psychrophilus	15
nga	Candidatus Nitrososphaera gargensis	15
tpe	Thermofilum pendens	15
afs	Actinoplanes friuliensis	15
amah	Aquitalea magnusonii	15
aww	Arthrobacter woluwensis	15
bcho	Bifidobacterium choerinum	15
bcru	Bifidobacterium crudilactis	15
bha	Halalkalibacterium halodurans	15
bhu	Butyrivibrio hungatei	15
bmob	Bacillus mobilis	15
bno	Bacteroides nordii	15
btei	Burkholderia territorii	15
btud	Borrelia turdi	15
bvz	Bradyrhizobium vignae	15
cai	Catenulispora acidiphila	15
cbel	Corynebacterium belfantii	15
cdrk	Clostridium drakei	15
cil	Chryseobacterium indoltheticum	15
clk	Capnocytophaga leadbetteri	15
ctt	Comamonas thiooxydans	15
cvc	Chromobacterium vaccinii	15
egv	Enterococcus gilvus	15
foe	Flavobacterium oreochromis	15
fra	Frankia casuarinae	15
ipa	Isosphaera pallida	15
iva	Isoptericola variabilis	15
koa	Kingella oralis	15
kzo	Kurthia zopfii	15
lok	Legionella oakridgensis	15
micd	Microcystis ichthyoblabe	15
mpk	Microcystis panniformis	15
oah	Brucella anthropi	15
pagb	Pseudomonas agarici	15
palh	Pantoea alhagi	15
pcag	Porphyromonas cangingivalis	15
pce	Pediococcus claussenii	15
pdu	Paenibacillus durus	15
pdv	Pseudoalteromonas distincta	15
pgx	Pseudanabaena galeata	15
phoi	Paracoccus homiensis	15
ppn	Paludibacter propionicigenes	15
psho	Pseudoalteromonas shioyasakiensis	15
psim	Pimelobacter simplex	15
psoe	Porphyromonas somerae	15
pson	Paenibacillus sonchi	15
ptq	Psychroflexus torquis	15
ptro	Paraburkholderia tropica	15
pxv	Pseudobutyrivibrio xylanivorans	15
scir	Streptomyces cinnabarinus	15
sgrs	Streptomyces griseoaurantiacus	15
spro	Salinivibrio proteolyticus	15
sstl	Sagittula stellata	15
stha	Sphingobacterium thalpophilum	15
tae	Tepidanaerobacter acetatoxydans	15
tcl	Thauera chlorobenzoica	15
tfi	Tenacibaculum finnmarkense	15
tgr	Thioalkalivibrio sulfidiphilus	15
tin	Thiomonas intermedia	15
tpi	Treponema primitia	15
vnp	Vibrio neptunius	15
vpt	Virgibacillus pantothenticus	15
vss	Virgibacillus salarius	15
bhun	Bombus huntii	14
ciz	Carettochelys insculpta	14
clep	Clavelina lepadiformis	14
iin	Indicator indicator	14
ttt	Thermothielavioides terrestris	14
wau	Wolffia australiana	14
mhz	Methanomethylovorans hollandica	14
aep	Altererythrobacter epoxidivorans	14
ahn	Atlantibacter hermannii	14
aoa	Azoarcus olearius	14
aoe	Alkaliphilus oremlandii	14
ard	Actinomyces radicidentis	14
ati	Azospirillum thiophilum	14
avm	Archangium violaceum	14
awd	Aliivibrio wodanis	14
bmas	Blautia massiliensis	14
bpdz	Bordetella pseudohinzii	14
bpen	Bacteroides pectinophilus	14
bsb	Brevundimonas subvibrioides	14
bsd	Blastococcus saxobsidens	14
caus	Corynebacterium auriscanis	14
ccel	Clostridium cellulosi	14
cfy	Corynebacterium freneyi	14
cint	Clostridium intestinale	14
clo	Mageeibacillus indolicus	14
cob	Caldicellulosiruptor obsidiansis	14
crie	Corynebacterium riegelii	14
csco	Chryseobacterium scophthalmum	14
dami	Desulfovibrio aminophilus	14
dfc	Deinococcus ficus	14
dps	Desulfotalea psychrophila	14
dtn	Defluviitoga tunisiensis	14
gar	Glutamicibacter halophytocola	14
hde	Candidatus Hamiltonella defensa	14
kba	Kozakia baliensis	14
kha	Novacetimonas hansenii	14
lrz	Luteibacter rhizovicinus	14
lsu	Leuconostoc suionicum	14
lsz	Leptotrichia shahii	14
malg	Marinovum algicola	14
mans	Mycoplasma anserisalpingitidis	14
mpz	Marinitoga piezophila	14
ngg	Neorhizobium galegae	14
nzo	Neisseria zoodegmatis	14
pcd	Mixta calida	14
pcib	Proteus terrae	14
pext	Pseudomonas extremorientalis	14
pphe	Pseudoalteromonas phenolica	14
ppsn	Psychrobacillus psychrodurans	14
prt	Planococcus rifietoensis	14
psew	Paracoccus seriniphilus	14
raw	Rhizobium anhuiense	14
rros	Rhizobium rosettiformans	14
sij	Scardovia inopinata	14
sky	Streptomyces koyangensis	14
slh	Sulfurovum lithotrophicum	14
smav	Shewanella marisflavi	14
ssag	Sphingomonas sanguinis	14
ster	Sphingopyxis terrae	14
tbi	Thermobispora bispora	14
tcm	Thermodesulfobacterium commune	14
thao	Thermobifida halotolerans	14
tol	Thalassolituus oleivorans	14
tpn	Candidatus Tremblaya princeps	14
xcz	Xanthomonas cucurbitae	14
xdo	Xenorhabdus doucetiae	14
xsk	Xenorhabdus stockiae	14
zpr	Zunongwangia profunda	14
fmu	Fusarium musae	13
morg	Microtus oregoni	13
osn	Octopus sinensis	13
pcri	Pelecanus crispus	13
pteh	Piliocolobus tephrosceles	13
trg	Talaromyces rugulosus	13
hgi	Haloferax gibbonsii	13
mae	Methanococcus aeolicus	13
mla	Methanocorpusculum labreanum	13
pabi	Pyrodictium abyssi	13
aeh	Alkalilimnicola ehrlichii	13
aio	Actinobacillus indolicus	13
aka	Advenella kashmirensis	13
aoz	Azospirillum oryzae	13
bfm	Brevibacillus formosus	13
blup	Bradyrhizobium lupini	13
blut	Brevibacterium luteolum	13
bsca	Bifidobacterium scardovii	13
bse	Bacillus selenitireducens	13
carh	Chryseobacterium arthrosphaerae	13
cat	Croceibacter atlanticus	13
ccl	Acetivibrio clariflavus	13
ccoy	Corynebacterium coyleae	13
cha	Campylobacter hominis	13
chq	Caulobacter henricii	13
clz	Chlorobaculum limnaeum	13
cmit	Catenibacterium mitsuokai	13
cwo	Conexibacter woesei	13
dak	Desulfurivibrio alkaliphilus	13
dau	Candidatus Desulforudis audaxviator	13
dko	Dokdonella koreensis	13
dmi	Desulfosporosinus meridiei	13
fha	Francisella halioticida	13
hce	Helicobacter cetorum	13
hne	Hyphomonas neptunium	13
htn	Hydrogenophaga taeniospiralis	13
kau	Kitasatospora aureofaciens	13
koi	Komagataeibacter oboediens	13
lcap	Lysinibacillus capsici	13
lmul	Lactobacillus mulieris	13
lte	Leptotrichia trevisanii	13
lti	Lactococcus taiwanensis	13
lze	Lacticaseibacillus zeae	13
mamp	Mycoplasma amphoriforme	13
maur	Microbacterium aurum	13
mbrd	Mycobacterium branderi	13
mbry	Methylocystis bryophila	13
mfli	Marinobacter flavimaris	13
mhyd	Microbulbifer hydrolyticus	13
mprl	Microbacterium proteolyticum	13
mshg	Mycobacterium shigaense	13
msho	Mycobacterium shottsii	13
nth	Natranaerobius thermophilus	13
oon	Oceanobacillus oncorhynchi	13
pano	Pantoea anthophila	13
part	Pseudoalteromonas arctica	13
pata	Pseudomonas atacamensis	13
pazr	Paenibacillus azoreducens	13
pcia	Psychrobacter cibarius	13
pft	Pelosinus fermentans	13
pin	Psychromonas ingrahamii	13
pio	Pediococcus inopinatus	13
