#geneID	KO/WT_0h	KO/WT_2h	KO/WT_6h	KO/WT_12h	KO/WT_18h	KO/WT_24h
ENSMUSG00000000001	0.329600	-0.488802	-0.237900	0.129676	-0.355722	-0.025242
ENSMUSG00000000028	0.062719	-0.290885	-0.458163	0.067861	0.347637	-0.226444
ENSMUSG00000000049	-0.116784	0.575985	-0.195611	-0.179955	0.841442	-0.535879
ENSMUSG00000000058	0.278763	-0.701277	-0.208937	0.526288	0.427503	-0.315392
ENSMUSG00000000085	-0.158795	0.028082	-0.440336	0.193277	0.779652	-0.474335
ENSMUSG00000000088	-0.693537	0.100885	-0.041693	0.631515	-0.056127	-0.017731
ENSMUSG00000000120	-0.066806	-0.346712	0.235560	-0.463429	0.408272	0.002932
ENSMUSG00000000125	0.176271	-0.193468	-0.322068	0.630092	0.163992	0.422451
ENSMUSG00000000126	0.065493	0.914063	0.125125	-0.360432	0.268978	0.148855
ENSMUSG00000000127	-0.812402	-0.040566	0.343070	0.280408	-0.118802	-0.424418
ENSMUSG00000000134	0.171953	-0.401040	0.463638	-0.107194	-0.323687	-0.198683
ENSMUSG00000000142	-0.508811	-0.646251	-0.932734	-1.032653	-0.816361	-0.691089
ENSMUSG00000000149	-0.388585	-0.333038	-0.150203	0.022311	0.034205	-0.715394
ENSMUSG00000000154	0.596410	-0.311568	0.635946	-0.473289	-0.337460	-0.088002
ENSMUSG00000000157	-0.077936	-0.270052	0.257213	-0.630712	0.369270	-0.286291
ENSMUSG00000000159	0.438060	-0.143050	-0.489670	0.157190	0.780560	-0.018356
ENSMUSG00000000168	0.039020	-0.139781	-0.306785	-0.262964	-0.462251	-0.493161
ENSMUSG00000000171	0.024828	0.567032	0.183083	0.165826	0.087011	-0.302449
ENSMUSG00000000182	0.064860	-0.147553	0.328144	0.430581	0.438809	0.128186
ENSMUSG00000000183	0.365315	-0.231784	-0.034395	-0.073801	-0.316052	-0.358491
ENSMUSG00000000184	-0.309737	-0.160162	-0.673041	0.715454	0.071301	0.016594
ENSMUSG00000000197	0.217177	-0.054264	0.171370	0.169007	0.257968	-0.781450
ENSMUSG00000000214	0.364799	0.052580	0.218181	0.161682	0.092049	0.496579
ENSMUSG00000000215	-0.130063	0.178323	-0.099185	-0.002267	0.840473	0.618104
ENSMUSG00000000216	-0.121808	-0.136728	-0.752081	-1.563696	-0.714105	-1.004518
ENSMUSG00000000223	-0.426215	-0.806703	0.491037	0.187492	0.180802	-0.264522
ENSMUSG00000000253	-0.002037	0.471730	-0.202877	0.076932	-0.353789	0.063751
ENSMUSG00000000263	-0.378496	-0.175536	-0.123894	0.304800	0.139245	-0.226711
ENSMUSG00000000275	-0.051406	-0.020578	-0.016757	-0.316242	0.272590	0.080490
ENSMUSG00000000276	0.053662	0.864239	-0.172768	0.230933	-0.537301	0.656164
ENSMUSG00000000290	-0.325323	-0.363206	-0.074346	-0.338792	-0.436077	0.260052
ENSMUSG00000000295	0.228739	0.002191	-0.130971	0.223373	-0.221915	-0.259497
ENSMUSG00000000296	0.321571	-0.319865	-0.304954	0.181888	-0.108583	-0.347735
ENSMUSG00000000301	-0.056784	-0.092268	-0.255310	0.091279	0.234904	0.358523
ENSMUSG00000000303	-0.672922	-0.414084	-0.649975	-1.625865	-1.202550	-0.889698
ENSMUSG00000000305	-0.623177	0.131538	0.452823	-0.452730	0.513185	1.250060
ENSMUSG00000000308	-0.097946	-0.108444	-0.157564	-1.017752	-0.430091	0.305039
ENSMUSG00000000320	-0.097986	0.221915	-0.004903	-0.023543	0.189334	-0.385061
ENSMUSG00000000326	0.143902	0.101521	-0.421114	-0.574023	-0.181657	0.952838
ENSMUSG00000000340	0.554950	0.404158	-0.114858	0.087148	-0.059458	0.379822
ENSMUSG00000000374	0.182925	-0.671288	0.283924	0.315677	-0.188661	-0.262375
ENSMUSG00000000378	0.195951	-0.203829	0.100164	0.011743	-0.187983	-0.406065
ENSMUSG00000000381	0.780184	-0.272591	0.086522	-0.055022	-0.002958	-0.544104
ENSMUSG00000000394	-0.309523	-0.457684	0.409782	-0.287192	-0.302562	0.312419
ENSMUSG00000000399	0.121873	0.449307	0.199968	0.011190	-0.309251	0.535055
ENSMUSG00000000409	-0.062539	-0.311839	-0.073778	-0.069753	0.510817	0.849799
ENSMUSG00000000420	-0.086229	0.339999	-0.278269	-0.087494	-0.256661	0.035600
ENSMUSG00000000435	0.210175	0.065753	-0.132786	-0.019367	-0.256320	0.178540
ENSMUSG00000000440	-0.137711	0.081767	0.333174	-0.215402	0.517165	-0.805401
ENSMUSG00000000441	-0.221871	0.332498	-0.114950	-0.350743	-0.182676	0.540153
ENSMUSG00000000489	0.619269	-0.484106	-0.237539	-0.242797	0.493174	-0.079508
ENSMUSG00000000530	0.134808	0.059178	-0.000102	-0.124342	0.349769	0.017268
ENSMUSG00000000532	-0.379148	-0.045488	-0.462932	0.033161	-0.157747	-0.331452
ENSMUSG00000000552	-0.707692	0.769627	-0.041563	0.605000	-0.299489	0.138133
ENSMUSG00000000555	0.643118	0.272840	-0.224562	-0.721938	-0.502002	0.157508
ENSMUSG00000000560	0.258672	0.239597	0.027255	0.098972	0.231172	-0.078400
ENSMUSG00000000561	0.140923	0.184905	-0.317061	0.305205	0.608814	0.852907
ENSMUSG00000000562	0.197254	-0.021164	-0.438637	0.294458	0.294256	-0.284593
ENSMUSG00000000563	0.267822	-0.153775	-0.411269	0.004029	-0.113181	-0.206085
ENSMUSG00000000567	-0.189728	-0.156497	-0.481763	0.756819	0.520411	-0.383079
ENSMUSG00000000568	-0.031545	-0.406160	-0.701494	-0.287673	-0.646270	-1.287149
ENSMUSG00000000579	-0.126283	-0.622225	0.134590	0.059612	0.067444	-0.072827
ENSMUSG00000000581	0.015714	0.099578	0.671513	0.064691	-0.100480	0.181167
ENSMUSG00000000594	0.303638	0.411469	0.407017	-0.081364	0.336217	-0.240774
ENSMUSG00000000600	-0.471533	-0.236065	0.200053	-0.554467	0.579220	-0.034496
ENSMUSG00000000605	0.197330	-0.132695	-0.461249	-0.104369	0.183873	-0.356999
ENSMUSG00000000617	0.088534	-0.335694	-0.585123	-0.352967	0.152268	-0.488835
ENSMUSG00000000627	0.221832	0.000335	-0.267973	-0.011554	0.635748	0.278062
ENSMUSG00000000628	0.278373	-0.104296	-0.534427	0.348304	0.463130	0.191013
ENSMUSG00000000673	0.200611	0.206549	0.056956	-0.103694	0.354845	0.081506
ENSMUSG00000000682	-0.697355	0.035825	-0.107204	-0.512616	0.597529	0.837536
ENSMUSG00000000693	-0.408353	0.255063	-0.082248	0.070980	-0.197183	0.036474
ENSMUSG00000000706	0.475109	0.098283	-0.113045	-0.120330	-0.307665	-0.098140
ENSMUSG00000000708	-0.450411	0.405138	-0.721218	0.043921	-0.302427	-0.250573
ENSMUSG00000000711	-0.214174	-0.234818	0.376493	0.373308	-0.444332	-0.428090
ENSMUSG00000000732	0.538092	0.552546	0.238166	-0.743457	0.368281	-0.379871
ENSMUSG00000000738	0.156505	-0.393475	0.050118	-0.221023	0.076069	-0.371861
ENSMUSG00000000740	0.016038	-0.385567	0.034079	-0.134273	0.784792	0.226084
ENSMUSG00000000743	-0.750000	0.065360	0.487792	-0.176367	-0.219734	-0.106445
ENSMUSG00000000751	0.539024	0.358825	0.465862	-0.391487	-0.116174	-0.346423
ENSMUSG00000000753	-0.058497	0.161490	-0.404183	0.202848	0.725677	-0.382007
ENSMUSG00000000759	-0.138042	0.080889	0.084961	-0.563456	0.373742	0.073002
ENSMUSG00000000766	-0.033676	-0.079764	0.783189	-0.435172	-0.024301	-0.139460
ENSMUSG00000000776	0.298513	0.141225	0.318143	0.059400	0.945369	0.059264
ENSMUSG00000000782	0.056234	-0.121466	0.187405	-0.148341	0.146813	0.502867
ENSMUSG00000000787	0.166133	-0.067884	0.335605	0.015160	0.471238	0.073575
ENSMUSG00000000791	0.142652	-0.174267	0.244727	0.208727	0.178785	-0.046898
ENSMUSG00000000794	0.324645	-0.069320	-0.287172	0.048503	0.813865	-0.339352
ENSMUSG00000000805	-0.146660	-0.168295	0.162680	-0.007209	-0.178355	-0.099294
ENSMUSG00000000811	0.676112	-0.506475	0.102208	-0.287341	0.026399	0.586305
ENSMUSG00000000817	-0.093173	0.353109	0.178593	0.053418	0.139807	0.018152
ENSMUSG00000000826	0.327465	0.162242	-0.546179	-0.180418	0.229594	0.285782
ENSMUSG00000000861	-0.095923	-0.111551	-0.316020	0.114198	0.114670	-0.038111
ENSMUSG00000000869	-0.305402	0.197532	-0.042063	-0.304893	0.083141	0.279541
ENSMUSG00000000876	-0.843175	0.155976	0.081218	-0.269923	-0.499034	-0.191015
ENSMUSG00000000881	0.107659	-0.364934	-0.481054	0.355186	-0.240279	0.109917
ENSMUSG00000000889	-0.788282	0.237382	0.243694	0.304444	-0.261586	-0.305514
ENSMUSG00000000901	0.006106	0.020364	-0.153123	-0.461300	0.294406	0.014397
ENSMUSG00000000902	0.057570	-0.489452	-0.195827	-0.057171	-0.107177	-0.380424
ENSMUSG00000000915	-0.257906	-0.532184	0.065585	0.589396	-0.189177	0.988716
ENSMUSG00000000957	0.526677	0.499787	0.260818	0.067923	-0.455842	-0.075437
ENSMUSG00000000958	-0.129073	0.098525	-0.004682	0.285692	0.025130	-0.765507
ENSMUSG00000000959	-0.077641	-0.053057	0.078400	-0.288458	-0.230266	0.363394
ENSMUSG00000000982	0.004710	0.786584	0.187266	0.310186	-0.104638	0.410839
ENSMUSG00000001014	-0.439469	-0.220391	-0.353033	-0.070513	-0.235934	-0.266242
ENSMUSG00000001016	0.110024	-0.606742	-0.088552	0.325668	-0.141173	-0.148101
ENSMUSG00000001017	-0.112074	-0.324227	-0.161321	-0.103895	-0.160770	-0.285007
ENSMUSG00000001018	-0.357158	0.061951	-0.533387	0.078597	-0.211439	0.462539
ENSMUSG00000001029	0.274801	0.109245	-0.003456	-0.114787	-0.057652	-0.054923
ENSMUSG00000001034	-0.721487	0.130461	0.427310	0.027181	0.642766	0.285163
ENSMUSG00000001036	-0.224479	-0.530557	-0.019359	-0.034699	0.471242	0.124719
ENSMUSG00000001039	0.711236	-0.001407	-0.175364	-0.536112	0.085260	0.577892
ENSMUSG00000001052	-0.039003	0.160571	-0.303939	0.076219	0.179978	0.319044
ENSMUSG00000001054	0.298787	-0.225214	-0.519934	0.178773	-0.182003	-0.027845
ENSMUSG00000001056	0.320752	-0.202448	0.084981	-0.336793	0.121576	-0.325785
ENSMUSG00000001095	0.043117	0.227263	0.432535	-0.171144	0.330198	0.106814
ENSMUSG00000001105	0.014748	0.146473	0.046402	0.110559	-0.139677	-0.164739
ENSMUSG00000001119	-0.369838	-0.309021	-0.117181	-0.402618	-0.153911	0.700456
ENSMUSG00000001127	-0.233802	0.309079	-0.285040	-0.310812	0.838398	-0.235211
ENSMUSG00000001128	0.738014	-0.348644	-0.354842	-0.197873	-0.069316	-0.233739
ENSMUSG00000001131	-0.010430	0.104241	0.016055	0.026332	-0.108590	-0.158984
ENSMUSG00000001143	0.120775	-0.514744	0.345803	-0.064445	0.338874	-0.182456
ENSMUSG00000001151	-0.086717	0.137590	0.461595	-0.418261	-0.170777	0.346234
ENSMUSG00000001155	-0.038502	0.075396	0.322750	0.092345	0.107196	0.413094
ENSMUSG00000001158	0.089495	0.217159	-0.266608	-0.504821	-0.264517	0.641653
ENSMUSG00000001173	-0.009366	0.321217	-0.024667	-0.102688	0.124200	-0.054504
ENSMUSG00000001175	-0.545234	0.136598	0.608748	0.187144	0.385427	-0.051416
ENSMUSG00000001211	0.106347	0.097532	0.484985	0.346485	-0.673324	0.403861
ENSMUSG00000001225	-0.130604	0.051103	-0.526109	0.260056	0.047417	-0.087107
ENSMUSG00000001240	0.172040	0.367938	0.491155	0.510577	0.281475	-0.122939
ENSMUSG00000001249	-0.409750	0.177793	-0.096647	0.426008	0.088652	0.279917
ENSMUSG00000001260	-0.445286	0.170554	-0.265212	-0.061324	0.020093	0.174821
ENSMUSG00000001270	0.033367	-0.156208	-0.028413	-0.263201	-0.123070	0.557874
ENSMUSG00000001280	-0.309829	-0.485651	-0.689715	-0.066435	0.363382	0.349029
ENSMUSG00000001281	0.421459	0.387116	-0.331644	0.406554	-0.148251	-0.492716
ENSMUSG00000001288	0.117473	0.650336	0.026196	0.422132	-0.116415	-0.227225
ENSMUSG00000001300	-0.198954	-0.207933	0.302310	0.561395	-0.294782	-0.102217
ENSMUSG00000001313	-0.068073	-0.040508	0.240710	0.255759	0.413496	-0.063478
ENSMUSG00000001323	0.528265	0.275281	0.118625	-0.592595	-0.489233	-0.228334
ENSMUSG00000001348	0.129370	0.553520	0.238821	-0.540901	-0.283276	0.372574
ENSMUSG00000001366	-0.518535	-0.545204	0.516258	0.416345	-0.325324	-0.054539
ENSMUSG00000001380	-0.053658	0.015369	0.095158	0.500093	-0.217279	-0.346449
ENSMUSG00000001383	0.383692	-0.115863	-0.265566	0.625037	-0.027410	0.475806
ENSMUSG00000001403	-0.187524	-0.622318	0.075949	-0.336115	0.091116	0.035534
ENSMUSG00000001415	-0.131742	-0.884225	-0.208627	0.314728	-0.077648	-0.506677
ENSMUSG00000001416	-0.033145	0.521252	-0.111105	0.309202	-0.550816	-0.139631
ENSMUSG00000001419	0.042923	0.060038	-0.054207	-0.056170	0.240462	0.069800
ENSMUSG00000001435	-0.073765	-0.106911	0.865324	0.357829	-0.653514	0.345214
ENSMUSG00000001436	0.078113	0.365881	-0.137137	0.170000	-0.489293	0.905959
ENSMUSG00000001440	-0.005812	-0.343717	-0.230586	0.147793	-0.559894	-0.111687
ENSMUSG00000001441	-0.151212	-0.359591	0.762342	0.205668	-0.292714	0.188524
ENSMUSG00000001444	0.190875	0.003730	0.285576	-0.308532	-0.021832	-0.197010
ENSMUSG00000001445	-0.323068	0.587213	0.113182	-0.237964	0.628286	0.087306
ENSMUSG00000001467	0.300757	0.537786	-0.086032	-0.194300	0.706558	0.379741
ENSMUSG00000001472	-0.397955	-0.281103	-0.192523	0.052653	-0.214052	-0.159603
ENSMUSG00000001473	0.195599	-0.533861	0.800601	0.138521	0.147738	0.034308
ENSMUSG00000001494	-0.053092	0.192955	0.028538	0.326997	-0.032434	-0.355009
ENSMUSG00000001506	-0.050670	0.404371	-0.235772	0.188663	0.358939	-0.258923
ENSMUSG00000001507	0.596550	-0.085561	-0.246740	-0.117054	-0.149247	-0.356154
ENSMUSG00000001508	-0.063647	-0.350213	-0.071536	0.001796	-0.005828	-0.092251
ENSMUSG00000001517	-0.194924	-0.419183	0.046942	-0.285709	-0.093166	-0.219485
ENSMUSG00000001518	-0.313842	-0.058382	0.926774	-0.126233	0.115302	0.437300
ENSMUSG00000001521	-0.440661	0.808250	0.413615	-0.212301	-0.098908	-0.519995
ENSMUSG00000001524	-0.471483	0.620975	0.253090	-0.185212	-0.000774	-0.047299
ENSMUSG00000001525	0.182851	-0.412834	0.317696	-0.098159	-0.217618	-0.219577
ENSMUSG00000001542	0.097006	-0.464233	0.015707	-0.001239	0.066232	0.080843
ENSMUSG00000001552	0.566771	0.572842	0.379809	-0.127090	0.610554	-0.212520
ENSMUSG00000001566	0.103820	-0.571152	0.168602	0.408163	-0.760040	0.394026
ENSMUSG00000001622	0.098348	0.189570	-0.110994	-0.172164	0.319234	0.264274
ENSMUSG00000001632	0.137874	-0.456719	0.008216	-0.274986	-0.080706	0.361454
ENSMUSG00000001642	0.555912	-0.032003	0.410315	-0.144081	-1.001379	-0.357393
ENSMUSG00000001657	0.225129	0.568489	0.174216	-0.652688	0.000067	-0.203369
ENSMUSG00000001663	-0.420679	-0.673383	-0.305370	-0.128257	0.427060	-0.140185
ENSMUSG00000001665	-0.410464	0.254606	0.084051	-0.237550	0.427459	0.042283
ENSMUSG00000001670	0.493070	-0.190372	-0.334805	-0.360632	-0.567016	0.010726
ENSMUSG00000001672	0.003736	0.738043	-0.129088	0.832883	0.126214	-0.062821
ENSMUSG00000001707	-0.547453	0.184827	-0.396688	0.129846	0.191136	-0.512398
ENSMUSG00000001729	0.427567	0.395273	1.387017	0.529053	0.349337	0.277379
ENSMUSG00000001739	-0.012204	0.723182	0.070570	-0.474888	0.072920	0.046682
ENSMUSG00000001741	0.265197	0.018307	0.026831	-0.345009	0.078112	-0.484378
ENSMUSG00000001750	-0.553362	0.462120	0.380293	0.093622	0.087663	-0.159809
ENSMUSG00000001751	-0.076699	-0.302566	0.391963	0.060318	-0.101066	-0.013861
ENSMUSG00000001755	-0.296039	-0.130143	0.227639	0.006428	0.334950	0.279981
ENSMUSG00000001761	0.773864	0.214950	0.474536	-0.697674	-0.300906	0.697744
ENSMUSG00000001767	0.592527	-0.058594	-0.081896	0.515341	-0.293765	-0.201437
ENSMUSG00000001768	-0.042449	0.115403	0.132413	0.133051	-0.497984	0.060074
ENSMUSG00000001773	0.009557	-0.107840	0.046648	-0.093343	-0.543804	-0.195576
ENSMUSG00000001786	-0.581027	-0.628325	-0.260500	0.384881	0.389042	0.222875
ENSMUSG00000001794	0.090967	-0.216534	-0.037408	0.542131	-0.006613	0.271067
ENSMUSG00000001804	1.162568	-0.498626	0.421548	0.621956	-0.092867	-0.031943
ENSMUSG00000001827	-0.430733	-0.256575	0.576084	0.124201	0.055768	-0.122894
ENSMUSG00000001833	-0.230328	-0.310408	0.027457	0.386794	0.170006	0.265630
ENSMUSG00000001847	-0.223391	-0.329633	-0.411505	-0.150844	0.137772	-0.289964
ENSMUSG00000001855	0.055075	-0.131878	-0.293162	0.143087	-0.632318	0.198532
ENSMUSG00000001865	-1.030634	-0.080457	0.113467	-0.134623	-0.030621	0.068515
ENSMUSG00000001870	-0.007023	-0.068561	0.172993	-0.150710	-0.107353	0.064552
ENSMUSG00000001891	-0.130549	0.322281	0.565984	0.192711	-0.079220	-0.319775
ENSMUSG00000001901	0.071671	-0.120856	0.309070	0.109097	0.479891	-0.340248
ENSMUSG00000001918	-0.211112	-0.397618	0.119589	-0.340433	0.618617	0.120784
ENSMUSG00000001924	-0.098391	-0.127302	-0.787393	-0.759908	-1.029313	-0.723848
ENSMUSG00000001930	-0.380051	-0.339387	0.385067	0.033098	-0.668720	-0.236267
ENSMUSG00000001946	-0.143303	0.003574	0.660248	0.222462	0.175188	-0.669556
ENSMUSG00000001962	-0.038867	0.504280	0.540206	0.370698	-0.437380	0.754500
ENSMUSG00000001964	-0.089303	0.016233	0.412629	-0.265309	-0.022130	0.093259
ENSMUSG00000001985	-0.146097	0.143033	-0.188275	-0.058933	0.359600	0.701547
ENSMUSG00000001986	-0.166154	-0.201155	0.354873	-0.337909	0.378728	-0.134742
ENSMUSG00000001995	0.401771	-0.341399	0.249553	0.071090	-0.042115	0.209480
ENSMUSG00000001998	0.018580	0.249865	0.281675	-0.270081	0.136149	-0.133587
ENSMUSG00000001999	-0.052908	-0.022863	0.033704	-0.015782	-0.484801	0.401536
ENSMUSG00000002010	0.069478	-0.000052	0.187674	-0.373622	0.589076	0.144097
ENSMUSG00000002015	0.367132	0.311184	0.092720	-0.515467	-0.059022	0.055513
ENSMUSG00000002020	-0.713439	0.302028	-0.131524	0.229167	0.270942	0.318571
ENSMUSG00000002028	-0.133342	-0.028356	-0.429382	0.281054	0.363567	-0.078750
ENSMUSG00000002031	-0.363578	0.154534	0.054803	0.346482	-0.215324	-0.278550
ENSMUSG00000002033	-0.580008	-0.325423	0.727935	-0.009296	-0.050819	0.052908
ENSMUSG00000002043	-0.303374	-0.256168	0.008180	0.100060	-0.272143	0.563826
ENSMUSG00000002052	0.162025	-0.037160	0.079505	-0.076911	-0.018557	-0.079437
ENSMUSG00000002059	-0.622056	0.336655	-0.622913	0.495152	-0.109216	-0.463831
ENSMUSG00000002068	0.168774	0.271110	-0.396446	0.247779	0.285829	-0.007117
ENSMUSG00000002083	-0.814593	-0.018239	-0.277967	0.406699	0.049958	-0.491197
ENSMUSG00000002100	0.004979	-0.230933	0.210593	-0.057843	-0.253654	-0.147187
ENSMUSG00000002102	-0.192789	-0.217085	-0.481238	0.221988	-0.067494	0.560635
ENSMUSG00000002103	-0.106557	0.152882	-0.159689	-0.137482	-0.319806	0.149074
ENSMUSG00000002108	0.489360	0.253885	-0.255626	-0.550612	-0.427130	-0.123840
ENSMUSG00000002109	0.115990	0.208598	0.058208	0.423269	0.138140	-0.298500
ENSMUSG00000002111	0.420899	-0.386036	-0.066179	-0.309251	0.660439	0.608410
ENSMUSG00000002129	0.219270	-0.284114	0.489534	-0.567961	-0.226701	0.345245
ENSMUSG00000002147	-0.265202	0.469807	0.860690	-0.529910	-0.011673	-0.298481
ENSMUSG00000002204	0.801762	-0.748242	-0.486239	0.700926	-0.902496	-0.065590
ENSMUSG00000002205	0.640644	-0.016685	-0.082214	-0.184981	0.470660	0.014546
ENSMUSG00000002210	-0.231325	-0.786257	-0.537625	-0.058055	-0.142487	-0.189418
ENSMUSG00000002221	-0.610335	-0.779734	0.409364	0.343821	-0.255891	-0.223620
ENSMUSG00000002222	0.013671	-0.048946	0.503479	-0.403822	-0.166220	0.020251
ENSMUSG00000002233	-0.443325	0.135993	-0.009860	0.403995	0.127482	-0.781706
ENSMUSG00000002249	-0.607299	-0.247738	0.608484	0.324299	0.186541	-0.101312
ENSMUSG00000002250	0.318724	-0.602081	0.305422	-0.291692	-0.185873	-0.150364
ENSMUSG00000002257	-0.092748	-0.344394	0.186286	0.024925	-0.555856	0.470425
ENSMUSG00000002279	-0.715490	-0.309312	0.134745	-0.063941	-0.268585	-0.166254
ENSMUSG00000002289	-0.385580	-0.016472	-0.160903	0.020385	0.202782	-0.352113
ENSMUSG00000002297	-0.242713	-0.312853	0.183442	0.396399	0.368380	0.576781
ENSMUSG00000002307	0.095616	-0.169847	0.119701	0.055268	-0.678093	0.538070
ENSMUSG00000002308	-0.258038	-0.094993	0.021638	0.168295	0.404472	0.495678
ENSMUSG00000002324	0.450310	0.534913	0.084057	-0.170231	-0.038846	-0.015021
ENSMUSG00000002325	0.289582	-0.341065	0.013633	-0.406140	-0.296137	-0.753789
ENSMUSG00000002326	-0.664015	-0.260713	-0.087509	0.132230	0.250809	0.008110
ENSMUSG00000002341	0.159757	-0.256748	0.065035	0.404302	0.394430	-0.136695
ENSMUSG00000002346	-0.075978	0.118285	-0.224313	-0.111937	-0.230773	0.253619
ENSMUSG00000002365	0.013060	-0.253737	0.530314	-0.225966	-0.716342	0.085380
ENSMUSG00000002379	-0.218348	0.266765	0.417785	0.441377	-0.335319	0.239805
ENSMUSG00000002384	-0.502956	0.092775	-0.546972	0.554317	-0.300461	0.136978
ENSMUSG00000002393	-0.484740	0.348114	0.701736	-0.030634	-0.288128	0.036900
ENSMUSG00000002395	-0.303066	0.106992	0.009148	0.224988	0.395960	-0.112678
ENSMUSG00000002413	0.265462	0.219539	-0.321578	0.270429	0.951805	-0.119990
ENSMUSG00000002416	-0.444593	-0.195365	-0.186229	-0.369095	-0.303110	0.025431
ENSMUSG00000002428	-0.061987	-0.140622	-0.301733	0.672256	0.129842	0.907336
ENSMUSG00000002455	0.455839	-0.045490	0.150085	0.038974	0.095658	0.296316
ENSMUSG00000002459	0.473877	0.407872	-0.167874	0.192467	0.330895	0.093196
ENSMUSG00000002475	0.174126	0.004932	-0.647629	-0.500046	0.179974	0.546484
ENSMUSG00000002477	0.006179	0.018122	0.539032	-0.409834	0.199597	0.089035
ENSMUSG00000002489	0.079135	0.799656	-0.468304	0.429205	-0.315431	0.134589
ENSMUSG00000002496	0.046610	-0.481838	-0.056035	0.459394	-0.187471	-0.628338
ENSMUSG00000002500	-0.221234	-0.449299	-0.126725	-0.087176	0.521885	-0.187190
ENSMUSG00000002524	-0.076962	0.531866	-0.372374	-0.353299	-0.330780	0.314918
ENSMUSG00000002546	-0.125832	-0.198354	-0.177016	-0.008919	0.606818	0.473944
ENSMUSG00000002550	0.525018	0.522039	-0.378648	0.072726	-0.194221	0.306829
ENSMUSG00000002565	-0.323767	0.314810	-0.333090	0.558463	0.027275	0.263133
ENSMUSG00000002588	-0.812420	0.099773	0.554820	0.084004	0.356320	0.013454
ENSMUSG00000002602	0.033915	-0.378919	-0.241639	0.114656	-0.248876	0.039265
ENSMUSG00000002603	-0.106506	0.498176	-0.653859	-0.471594	0.417375	-0.082696
ENSMUSG00000002633	0.251945	0.154515	-0.520161	-0.058435	0.191707	-0.067394
ENSMUSG00000002658	0.688352	0.161534	0.202571	-0.560846	-0.516534	0.103249
ENSMUSG00000002660	-0.194117	0.120692	-0.476508	0.389715	0.285517	-0.845076
ENSMUSG00000002664	0.403278	-0.343700	-0.556708	-0.073572	0.323027	0.723941
ENSMUSG00000002668	-0.109558	-0.457311	-0.453949	0.199695	-0.553585	-0.504861
ENSMUSG00000002688	-0.218932	-0.104261	-0.243629	0.094025	0.557435	-0.379088
ENSMUSG00000002699	-0.217357	-0.079519	0.180886	0.050760	-0.491172	0.183066
ENSMUSG00000002718	0.086472	0.524566	0.380930	-0.449149	-0.450016	0.227419
ENSMUSG00000002731	0.726595	-0.053201	-0.279988	0.452741	0.231776	0.382046
ENSMUSG00000002733	-0.233198	0.294728	-0.478792	0.193410	0.223244	-0.324111
ENSMUSG00000002741	0.354717	0.466823	0.008961	-0.868032	-0.307374	0.241357
ENSMUSG00000002748	-0.714721	-0.186364	-0.020595	-0.069608	0.181878	0.661937
ENSMUSG00000002763	-0.612001	-0.364400	-0.204286	0.127139	1.164037	0.030292
ENSMUSG00000002767	0.328912	0.379671	-0.341597	0.022119	-0.137478	-0.032734
ENSMUSG00000002769	0.400577	-0.076325	0.363257	0.035005	0.013695	-0.302430
ENSMUSG00000002771	-0.018691	-0.597434	0.062716	0.916052	0.687936	0.121796
ENSMUSG00000002778	-0.201336	-0.016035	-0.024754	0.468977	-0.118851	0.657610
ENSMUSG00000002797	0.065568	0.338275	-0.318639	-0.013649	0.123063	-0.244775
ENSMUSG00000002799	0.172076	0.107658	-0.314775	-0.322566	1.017231	0.427341
ENSMUSG00000002803	-0.304500	0.039555	-0.010134	-0.076956	-0.473701	0.207647
ENSMUSG00000002804	0.576029	-0.139686	0.132219	-0.116331	-0.080445	0.037996
ENSMUSG00000002814	-0.047485	0.341420	-0.188248	0.281461	0.074282	-0.214408
ENSMUSG00000002820	0.197317	-0.390309	-0.234776	0.376477	0.216265	0.347611
ENSMUSG00000002831	0.691197	0.095951	-0.157632	0.280105	0.482347	-0.014697
ENSMUSG00000002846	-0.537954	0.306156	0.414530	0.187684	-0.689722	-0.090220
ENSMUSG00000002847	-0.345641	-0.207946	-0.605880	-0.077414	-0.256682	0.366097
ENSMUSG00000002870	-0.304729	-1.110891	-0.309994	-0.839206	-0.386211	0.284201
ENSMUSG00000002885	-0.009576	-0.323811	-0.112965	0.933086	-0.873009	1.225168
ENSMUSG00000002897	0.146351	-0.195506	0.473679	-0.884930	-0.086752	0.509915
ENSMUSG00000002900	0.017920	-0.144855	0.126824	-0.272479	-0.231970	-0.825120
ENSMUSG00000002908	0.469761	0.105342	-0.045480	0.166638	-0.231013	-0.945341
ENSMUSG00000002930	-0.321722	-0.025748	-0.343835	0.113897	-0.351876	-0.071492
ENSMUSG00000002944	0.853705	0.471933	0.216458	-0.004479	0.021108	0.374542
ENSMUSG00000002948	-0.252964	-0.533788	-0.419524	-1.328920	-0.985637	-0.197035
ENSMUSG00000002957	-0.161775	-0.259250	-0.930613	-0.288510	0.524281	0.164660
ENSMUSG00000002983	0.314260	-0.435911	0.300800	0.363691	0.081648	-0.355245
ENSMUSG00000002984	-0.232518	-0.132487	-0.244469	0.587603	-0.381191	0.025190
ENSMUSG00000002985	0.242899	0.236524	-0.251539	-0.032935	0.122605	-0.321798
ENSMUSG00000002992	0.021714	0.299725	0.341828	-0.676502	0.059351	-0.015120
ENSMUSG00000002997	0.010455	-0.427233	0.186729	0.185700	-0.070459	0.349164
ENSMUSG00000003031	-0.808625	0.150459	0.513509	0.197198	0.200246	-0.261171
ENSMUSG00000003032	0.001218	0.247554	-0.061589	0.186205	-0.251845	-0.084775
ENSMUSG00000003033	0.250979	0.043399	0.156204	-0.328558	0.624476	-0.560841
ENSMUSG00000003037	0.018738	0.448078	0.338835	-0.313940	0.130190	0.229924
ENSMUSG00000003039	0.294355	-0.022934	0.419954	-0.460343	-0.028190	-0.559274
ENSMUSG00000003051	0.168704	-0.657370	0.196064	0.081020	-0.241774	-0.008403
ENSMUSG00000003053	-0.399192	-0.084549	0.103757	0.106093	0.651761	0.047805
ENSMUSG00000003062	0.778253	0.439007	0.576203	-0.058737	-0.267614	0.086241
ENSMUSG00000003068	-0.274619	0.168400	-0.447926	0.341645	0.160059	-0.128188
ENSMUSG00000003070	0.011060	0.239995	0.659153	0.193056	-0.130057	-0.009229
ENSMUSG00000003072	-0.361435	0.126914	0.103542	-0.583398	0.326189	0.367603
ENSMUSG00000003099	-0.057582	-0.003509	0.310964	0.415446	-0.604584	0.668419
ENSMUSG00000003119	-0.534371	-0.005877	0.267081	0.297691	-0.066009	-0.659426
ENSMUSG00000003123	0.109594	0.334487	-0.371914	0.062439	-0.289697	0.045060
ENSMUSG00000003131	0.278994	-0.721550	-0.290678	0.405412	-0.336887	0.313557
ENSMUSG00000003135	-0.138581	-0.389051	-0.268710	-0.523967	0.125255	-0.188621
ENSMUSG00000003153	0.088191	0.411325	-0.634412	-0.038541	-0.746698	-0.081882
ENSMUSG00000003161	0.071762	-0.409617	0.183557	-0.352950	-0.203294	0.312836
ENSMUSG00000003184	-0.488431	0.137891	0.535866	0.182179	0.380152	-0.076902
ENSMUSG00000003200	0.213072	0.098264	0.214693	0.162707	0.004369	-0.015432
ENSMUSG00000003206	0.581021	-0.591488	0.085831	0.198355	0.323260	-0.070632
ENSMUSG00000003208	0.017823	-0.043588	0.063719	-0.003691	-0.627116	-0.502871
ENSMUSG00000003226	0.147460	-0.263266	0.153043	-0.314496	-0.332563	0.000405
ENSMUSG00000003227	-0.282719	0.365816	0.108616	-0.531752	0.006727	-0.058965
ENSMUSG00000003228	-0.320037	-0.064587	0.202681	0.761805	0.073321	0.211152
ENSMUSG00000003233	0.221781	0.462334	-0.317194	-0.268300	-0.711002	-0.431423
ENSMUSG00000003235	0.489524	-0.582656	0.704083	0.249285	0.495755	0.098938
ENSMUSG00000003269	0.375115	-0.174126	-0.274734	0.152567	0.690263	-0.401670
ENSMUSG00000003271	-0.406015	-0.377097	-0.101389	0.161717	0.507577	-0.067361
ENSMUSG00000003279	-0.146805	0.950549	-0.242904	-0.198314	0.111821	-0.085826
ENSMUSG00000003283	0.068876	-0.194551	0.211283	0.169650	-0.105004	-0.467354
ENSMUSG00000003299	-0.181316	0.097791	0.529593	-0.275094	-0.249815	-0.590129
ENSMUSG00000003308	-0.199061	-0.618957	-0.577241	-1.561424	-0.908186	-1.301522
ENSMUSG00000003309	-0.062468	-0.148031	0.024570	-0.271856	0.108826	-0.485049
ENSMUSG00000003316	-0.433043	-0.024728	0.090200	0.045767	0.602395	0.056274
ENSMUSG00000003341	0.115537	0.137003	-0.724336	0.638080	0.228782	-0.199349
ENSMUSG00000003345	0.062674	-0.133628	-0.358567	0.288971	0.110193	-0.009546
ENSMUSG00000003346	-0.669872	0.410956	0.466109	0.081683	-0.361961	0.265092
ENSMUSG00000003352	-0.103333	-0.342380	0.680473	-0.548312	0.116966	-0.011013
ENSMUSG00000003360	0.372803	-0.614152	0.509352	0.660117	0.166446	0.170927
ENSMUSG00000003363	0.634175	-0.181885	-0.255648	-0.133413	-0.006067	0.355528
ENSMUSG00000003378	0.497040	0.028117	0.572116	0.192072	0.045448	0.021443
ENSMUSG00000003379	-0.130155	0.588230	0.206642	-0.361559	0.159808	-0.065259
ENSMUSG00000003402	-0.283893	0.499763	-0.087210	0.175721	-0.110877	-0.059477
ENSMUSG00000003411	-0.187031	0.191751	-0.198312	0.351195	-0.143259	-0.032687
ENSMUSG00000003418	-0.137810	0.315583	-0.328653	0.228508	-0.122648	0.061648
ENSMUSG00000003421	0.096393	0.493910	0.198958	-0.368657	0.079873	0.107346
ENSMUSG00000003429	0.192069	0.286065	-0.474307	-0.205982	-0.446497	-0.068877
ENSMUSG00000003435	-0.310353	0.414796	-0.051432	-0.351250	0.229151	-0.530336
ENSMUSG00000003436	0.324264	-0.221133	-0.341614	0.501165	0.334899	0.080610
ENSMUSG00000003437	0.317096	-0.045753	-0.264548	-0.020523	0.150289	0.078906
ENSMUSG00000003452	-0.446491	0.192514	-0.405896	-0.119996	0.076644	0.064756
ENSMUSG00000003458	-0.527876	0.648842	0.118326	0.250710	-0.771330	0.082013
ENSMUSG00000003464	0.016894	-0.005846	-0.153742	-0.205828	-0.325777	-0.476025
ENSMUSG00000003476	0.402872	-0.345667	0.351671	-0.502324	0.055661	0.088586
ENSMUSG00000003477	-0.030125	-0.426562	0.210093	-0.002818	-0.216619	0.190323
ENSMUSG00000003484	0.291103	-0.277882	0.469781	-0.283235	0.473649	-0.003553
ENSMUSG00000003500	0.213586	-0.032236	-0.429462	0.164813	0.449186	-0.061638
ENSMUSG00000003518	0.326343	-0.368923	-0.347771	-0.027153	-0.198579	0.215136
ENSMUSG00000003526	0.215632	0.870886	-0.683233	-0.159321	0.626951	-0.552986
ENSMUSG00000003528	0.023602	0.316864	-0.206766	-0.229077	0.365479	0.464677
ENSMUSG00000003541	-0.412480	-0.135147	-0.042478	-0.167496	0.352951	-0.188559
ENSMUSG00000003545	-0.169421	-0.442704	-0.434597	-0.338128	0.347957	0.217144
ENSMUSG00000003546	0.085885	0.337045	-0.326271	-0.024123	-0.472422	0.313679
ENSMUSG00000003549	0.619413	-0.214270	-0.841151	-1.027080	-1.034604	-0.950591
ENSMUSG00000003555	-0.534636	-0.004951	-0.266169	0.146812	-0.377700	-0.726702
ENSMUSG00000003559	0.242080	-0.246266	0.113120	-0.130936	0.933159	0.360814
ENSMUSG00000003573	0.039179	-0.481989	-0.280567	-0.108605	0.551906	-0.405867
ENSMUSG00000003604	-0.245340	0.028311	-0.251342	-0.504163	0.618462	-0.017467
ENSMUSG00000003617	0.891786	0.575794	0.282421	-0.366405	-0.276901	0.496773
ENSMUSG00000003623	-0.128983	-0.089591	-0.065147	-0.027472	0.156960	-0.632787
ENSMUSG00000003644	-0.019105	-0.152117	-0.296722	-0.183357	0.510995	0.533261
ENSMUSG00000003660	0.739703	-0.280604	-0.686278	-0.136365	0.094300	0.277340
ENSMUSG00000003665	0.392780	-0.253750	0.027742	0.182694	0.055660	0.405924
ENSMUSG00000003731	-0.187961	0.538055	-0.018886	0.140200	0.414669	-0.308448
ENSMUSG00000003746	0.218912	-0.035993	0.044740	-0.047412	-0.388868	-0.094192
ENSMUSG00000003752	0.451305	0.458142	-0.097792	0.742134	-0.213952	-0.650312
ENSMUSG00000003779	0.414349	-0.461262	-0.002681	-0.031498	0.148007	0.186971
ENSMUSG00000003808	-0.025435	-0.013463	0.281210	0.288936	0.296502	0.078246
ENSMUSG00000003809	0.040619	0.212850	-0.293602	0.660121	0.058933	0.503135
ENSMUSG00000003812	-0.052691	-0.522301	0.121927	0.300999	-0.060412	0.431138
ENSMUSG00000003813	0.240739	-0.047438	-0.121896	-0.041624	-0.616721	0.612341
ENSMUSG00000003814	0.131381	-0.085151	0.333372	-0.443860	0.338426	-0.191843
ENSMUSG00000003848	-0.658443	0.348336	-0.577265	-0.133449	0.057872	0.118399
ENSMUSG00000003849	-0.289993	0.113777	-0.320682	-0.023968	0.371010	-0.433910
ENSMUSG00000003863	-0.135388	0.120947	-0.109051	-0.423009	0.053818	0.076011
ENSMUSG00000003865	-0.313399	-0.282305	-0.322898	-0.165690	-0.342102	0.068134
ENSMUSG00000003872	0.369141	0.226929	0.378104	0.362304	-0.000776	-0.212225
ENSMUSG00000003873	0.077915	0.247781	-0.291191	-0.207426	0.335436	-0.286379
ENSMUSG00000003882	-0.242584	-0.039416	0.669806	0.430150	0.149821	0.108333
ENSMUSG00000003923	0.154648	0.432177	-0.238892	-0.285226	-0.395673	0.307323
ENSMUSG00000003934	-0.047706	0.626569	-0.303082	-0.366596	0.316898	0.058136
ENSMUSG00000003970	0.028098	-0.236001	-0.584173	-0.748189	-0.393655	0.154315
ENSMUSG00000003974	0.009813	0.040359	0.033254	0.394070	-0.527673	-0.405449
ENSMUSG00000004018	-0.077796	0.302846	-0.094828	-0.508351	-0.158491	-0.699188
ENSMUSG00000004032	0.153177	0.095438	-0.481885	0.011076	-0.143489	-0.208510
ENSMUSG00000004035	0.517986	0.595761	0.004139	0.066259	-0.086723	0.413372
ENSMUSG00000004038	-0.383916	-0.426494	0.254231	0.330269	-0.239971	0.508354
ENSMUSG00000004040	-0.405766	0.493672	0.406378	1.057715	-0.364213	-0.049362
ENSMUSG00000004043	-0.052038	-0.337572	0.368073	0.083437	-0.121140	0.500508
ENSMUSG00000004044	-0.649731	-0.110095	-0.202917	0.013689	0.271474	0.366843
ENSMUSG00000004054	-0.022523	0.240294	0.179023	-0.068571	0.374932	-0.218344
ENSMUSG00000004056	0.842081	0.191704	0.555738	1.276049	1.187637	1.070799
ENSMUSG00000004070	0.144694	-0.071758	0.002835	0.103393	0.340574	-0.407349
ENSMUSG00000004085	-0.331708	-0.208599	-0.029307	0.463801	-0.181852	-0.593981
ENSMUSG00000004096	0.256306	0.418101	-0.199685	-0.416352	-0.058893	-0.418599
ENSMUSG00000004098	0.486820	-0.142629	-0.039502	-0.041044	0.294246	0.372247
ENSMUSG00000004099	0.020720	-0.194264	-0.132269	-0.153551	0.053818	-0.647206
ENSMUSG00000004110	-0.095342	-0.090227	-0.051017	0.272661	-0.596727	0.122273
ENSMUSG00000004113	-0.958038	-0.513575	-0.050114	-0.186622	0.120603	-0.015907
ENSMUSG00000004207	-0.247927	0.432404	-0.057253	0.047069	-0.074996	0.249430
ENSMUSG00000004221	-0.148288	-0.912696	-0.235994	-0.341351	-0.829222	-0.601065
ENSMUSG00000004233	0.420591	-0.422055	-0.372279	0.202138	0.546611	-0.071955
ENSMUSG00000004264	-0.109220	-0.499358	0.792438	-0.058668	-0.113391	0.362581
ENSMUSG00000004266	-0.169369	-0.193789	-0.455036	-0.604341	-0.116086	0.314509
ENSMUSG00000004267	-0.328904	0.107005	-0.071033	-0.089608	0.047968	-0.282855
ENSMUSG00000004268	-0.264744	-0.254967	-0.347507	-0.292256	-0.205650	-0.022780
ENSMUSG00000004270	0.166307	0.007867	-0.202288	0.178582	-0.393079	0.037663
ENSMUSG00000004285	-0.185899	-0.018030	-0.857995	0.013970	0.029165	0.054657
ENSMUSG00000004296	-0.291220	0.466053	0.107936	-0.129226	0.295817	0.058750
ENSMUSG00000004317	-0.567078	-0.546329	-0.294557	0.532436	0.348591	0.359794
ENSMUSG00000004328	0.000136	0.592325	0.321594	-0.198114	-0.125754	-0.302083
ENSMUSG00000004341	0.209680	-0.292164	-0.886654	-0.517456	-0.359432	-0.136172
ENSMUSG00000004344	0.704456	0.485639	-0.537069	-0.084717	-0.145413	-0.212766
ENSMUSG00000004347	-0.102799	-0.119707	0.628098	0.236385	-0.238952	-0.175409
ENSMUSG00000004364	-0.665842	-0.525056	-0.677514	-0.905155	-0.804703	-0.778019
ENSMUSG00000004366	0.007447	-0.384001	0.108013	0.321376	-0.188694	-0.340465
ENSMUSG00000004371	-0.790285	-0.234232	-0.132391	0.095778	0.439535	0.350497
ENSMUSG00000004383	-0.066188	0.159877	0.129219	-0.722129	0.387775	0.290605
ENSMUSG00000004415	-0.015703	-0.262447	0.275221	-0.454430	-0.198038	0.071904
ENSMUSG00000004446	-0.032385	0.657507	0.269906	0.475329	-0.405067	-0.193548
ENSMUSG00000004451	0.178146	0.018345	-0.181205	0.459320	-0.198088	0.182683
ENSMUSG00000004455	-0.290928	0.260278	-0.371464	-0.251027	-0.248876	0.271730
ENSMUSG00000004508	0.161520	-0.437910	0.467255	-0.087660	-0.087196	0.410768
ENSMUSG00000004535	-0.675380	0.116116	-0.056616	-0.719348	-0.053703	-0.262051
ENSMUSG00000004552	-0.029909	0.207208	0.544513	-0.517535	-0.033835	0.067912
ENSMUSG00000004565	-0.608782	0.099296	-0.152985	-0.502408	0.160869	0.021366
ENSMUSG00000004567	-0.084207	-0.641148	0.266221	0.586834	0.452787	-0.143103
ENSMUSG00000004568	-0.085823	-0.028915	-0.336620	0.202106	0.361377	-0.108807
ENSMUSG00000004591	0.451641	0.033863	0.989766	0.451553	-0.299765	-0.470343
ENSMUSG00000004609	-0.289501	-0.780754	-0.234061	0.159181	0.066194	0.035697
ENSMUSG00000004610	-0.571606	0.082541	-0.001794	-0.026498	-0.491119	-0.442169
ENSMUSG00000004626	0.402087	-0.444969	-0.476690	0.266445	-0.038231	-0.121638
ENSMUSG00000004631	0.313044	0.078050	-0.212882	-0.268668	-0.363248	-0.468234
ENSMUSG00000004633	0.038247	-0.283031	0.437652	-0.078546	-0.345002	-0.357825
ENSMUSG00000004637	-0.093767	-0.179396	-0.169757	-0.331004	0.543221	-0.108267
ENSMUSG00000004642	1.060722	-0.174908	0.234159	-0.401680	-0.317934	-0.233062
ENSMUSG00000004651	-0.249036	0.266285	0.431889	-0.260970	0.046505	0.084502
ENSMUSG00000004654	-0.350157	0.140802	0.229844	0.100879	-0.166578	0.296788
ENSMUSG00000004655	-0.144223	-0.144048	0.178888	-0.369335	0.145430	0.067461
ENSMUSG00000004665	0.083615	-0.031192	-0.130337	-0.177004	-0.587175	-0.854789
ENSMUSG00000004667	0.326826	-0.184507	-0.262954	0.120716	-0.820008	0.322199
ENSMUSG00000004668	0.388327	0.094158	0.131780	-0.101260	0.477500	0.430236
ENSMUSG00000004698	-0.128188	0.612670	-0.028685	0.084988	0.133525	-0.284525
ENSMUSG00000004707	-0.119350	0.029603	-0.383821	-0.534141	0.153802	0.799594
ENSMUSG00000004709	-0.294679	-0.328358	0.195870	0.687896	-0.091775	0.047528
ENSMUSG00000004730	0.299928	-0.150978	-0.033456	0.116273	0.101660	0.021450
ENSMUSG00000004771	0.497819	-0.498064	-0.141489	0.027237	0.544730	0.652208
ENSMUSG00000004788	-0.578847	-0.232179	0.113944	0.059720	0.029454	-0.171136
ENSMUSG00000004789	0.351148	-0.737769	-0.157921	0.070909	-0.076815	-0.372365
ENSMUSG00000004791	-0.732323	-0.006494	-0.184934	-0.047305	-0.474197	0.489264
ENSMUSG00000004798	-0.143251	-0.010320	-0.093477	-0.003845	0.191894	-0.181780
ENSMUSG00000004814	-0.147661	-1.122223	0.341428	-0.260180	-0.243550	0.484393
ENSMUSG00000004815	-0.733353	-0.221134	0.026451	0.537574	0.205136	0.291822
ENSMUSG00000004837	0.057058	-0.328261	-0.068478	0.319294	-0.031057	0.031587
ENSMUSG00000004842	0.357729	0.450119	-0.179014	-0.476345	0.113326	0.131601
ENSMUSG00000004843	-0.401698	0.026408	0.639866	0.646328	0.291533	-0.647362
ENSMUSG00000004846	0.240309	0.451749	0.119731	-0.285344	0.155786	-0.014384
ENSMUSG00000004849	0.052484	-0.188452	-0.001872	0.226887	0.389808	0.346895
ENSMUSG00000004864	0.252738	1.076602	0.782172	0.027169	1.064188	-0.149793
ENSMUSG00000004865	-0.083524	-0.031457	-0.172644	0.304862	0.357806	-0.076879
ENSMUSG00000004872	-0.079341	0.622661	0.094759	-0.052263	0.556564	-0.066860
ENSMUSG00000004880	0.505980	-0.013508	0.526515	0.025774	0.152330	1.034437
ENSMUSG00000004885	0.632678	-0.287658	-0.068720	-0.258594	0.582999	-0.289523
ENSMUSG00000004892	-0.142810	-0.159804	0.141957	0.429967	-0.298555	-0.198269
ENSMUSG00000004895	0.204857	-0.485753	-0.004374	0.086340	-0.245058	-0.194534
ENSMUSG00000004902	0.196842	-0.163184	-0.221689	-0.069932	0.491372	-0.104243
ENSMUSG00000004929	0.014271	-0.736542	-0.421946	0.125808	-0.462134	0.151316
ENSMUSG00000004933	-0.330133	0.560201	-0.398256	0.450489	0.330969	0.034854
ENSMUSG00000004934	-0.746811	0.094848	-0.098375	-0.560879	-0.491656	-0.569428
ENSMUSG00000004936	-0.077610	-0.488413	0.522892	-0.283811	0.702129	0.065430
ENSMUSG00000004937	0.220162	0.538130	-0.298858	0.180870	0.210423	0.304883
ENSMUSG00000004939	0.655935	-0.002292	-0.041797	-0.500565	0.027833	0.123337
ENSMUSG00000004947	0.698135	-0.314055	0.769939	0.010735	-0.001143	-0.159595
ENSMUSG00000004948	0.123432	0.179730	-0.031369	0.755094	-0.382954	0.206848
ENSMUSG00000004951	-0.347592	0.178917	-0.001543	0.304521	-0.004411	0.286594
ENSMUSG00000004952	-0.059205	-0.047689	0.388087	-0.161360	-0.366372	-0.004887
ENSMUSG00000004980	-0.070536	-0.588221	-0.156812	-0.894171	-0.127244	0.075796
ENSMUSG00000004988	0.165262	-0.527319	0.402630	0.064939	0.312456	-0.792457
ENSMUSG00000004996	-0.231779	0.320365	-0.543577	0.196068	-0.114534	-0.380400
ENSMUSG00000005034	0.184844	0.427284	0.324166	0.051322	-0.046239	0.121532
ENSMUSG00000005043	0.504845	0.354307	-0.175832	0.053300	0.278990	-0.122836
ENSMUSG00000005054	-0.501651	0.197791	0.345123	0.504628	0.229391	-0.336082
ENSMUSG00000005057	-0.141400	-0.543008	0.603963	-0.030881	-0.268299	0.321142
ENSMUSG00000005069	-0.340344	0.267997	0.124845	-0.095882	0.326196	-0.255617
ENSMUSG00000005087	0.498384	0.645867	0.027938	0.076940	-0.449392	0.083181
ENSMUSG00000005089	0.468156	0.153874	-0.415481	-0.173999	0.287164	0.160111
ENSMUSG00000005102	0.268101	0.287586	-0.215248	0.227431	0.360744	-0.331170
ENSMUSG00000005103	0.394595	0.326672	0.333636	-0.007870	0.065855	-0.507863
ENSMUSG00000005107	-0.352055	0.055642	0.081754	0.354726	-0.042597	0.401730
ENSMUSG00000005142	-0.354520	-0.638919	0.389470	0.504882	0.036960	-0.490867
ENSMUSG00000005148	0.048063	0.126174	0.201290	0.233746	-0.164058	0.616828
ENSMUSG00000005150	-0.115540	0.173291	0.540461	-0.083093	0.134920	-0.387633
ENSMUSG00000005161	0.381439	0.265934	-0.287972	0.104202	0.260165	0.159388
ENSMUSG00000005198	-0.045899	0.325280	-0.039803	-0.169704	-0.427377	0.407231
ENSMUSG00000005204	-0.252390	0.641130	0.148911	-0.170930	-0.294885	-0.403671
ENSMUSG00000005220	0.215998	0.391472	-0.256623	0.040245	-0.171345	-0.723677
ENSMUSG00000005225	0.131707	-0.100209	-0.109574	0.104394	-0.503090	0.116237
ENSMUSG00000005232	-0.032291	-0.116273	0.375306	0.322760	0.243491	-0.412127
ENSMUSG00000005233	0.120175	0.080476	-0.214022	-0.118732	-0.004418	-0.296838
ENSMUSG00000005237	0.346515	-0.670268	-0.534774	-0.105716	0.043367	-0.489404
ENSMUSG00000005262	-0.214943	-0.283654	0.170870	-0.136343	0.295577	0.477890
ENSMUSG00000005268	0.101803	0.411729	0.268151	-0.191080	-0.063715	-0.702882
ENSMUSG00000005299	-0.082914	-0.128240	-0.621777	-0.064107	0.387722	-0.005436
ENSMUSG00000005312	0.304317	0.112294	-0.805872	0.002539	0.714258	0.310049
ENSMUSG00000005320	-0.149004	0.059023	0.001806	-0.177811	0.171421	0.191945
ENSMUSG00000005338	-0.491842	-0.150432	0.298646	-0.359298	-0.260428	-0.304881
ENSMUSG00000005339	-0.516004	-0.013959	-0.036651	0.290935	-0.349451	-0.340686
ENSMUSG00000005354	0.098097	0.209134	-0.632016	-0.198500	-0.081914	0.200307
ENSMUSG00000005355	0.410335	0.129197	-0.474367	-0.085726	-0.491559	-0.148071
ENSMUSG00000005357	0.209602	-0.222834	0.071602	-0.240566	-0.198879	0.357116
ENSMUSG00000005360	-0.568239	-0.070456	0.565525	0.093407	0.006395	-0.017376
ENSMUSG00000005364	-0.062959	-0.025843	0.457417	0.541180	0.718448	0.258462
ENSMUSG00000005370	-0.295554	-0.518089	-0.267068	-0.525995	-0.084008	-0.738102
ENSMUSG00000005371	-0.218921	0.265154	-0.254114	-0.347120	-0.145611	-0.302128
ENSMUSG00000005373	-0.304676	0.170689	0.554265	0.140956	-0.661927	-0.306224
ENSMUSG00000005378	-0.027508	-0.361329	0.020169	-0.125073	-0.531198	-0.611189
ENSMUSG00000005397	0.237182	-0.192202	-0.055846	0.287182	0.242499	-0.209362
ENSMUSG00000005410	-0.267794	0.162145	-0.071968	0.703463	-0.405832	0.149960
ENSMUSG00000005413	-0.257487	0.183788	-0.610728	0.422995	-0.102370	0.530883
ENSMUSG00000005447	0.171681	0.747220	-0.288541	0.060841	-0.517412	0.249176
ENSMUSG00000005465	0.397035	-0.502606	0.627462	0.666581	-0.851186	0.122106
ENSMUSG00000005469	0.397327	0.731558	0.247697	0.661328	-0.086965	0.665492
ENSMUSG00000005474	0.354374	0.589161	-0.094122	-0.151162	0.344433	-0.144291
ENSMUSG00000005481	0.272868	0.616611	0.092076	0.032757	-0.012162	-0.151405
ENSMUSG00000005483	-0.003515	-0.155883	0.176744	-0.070407	-0.465524	-0.194349
ENSMUSG00000005510	-0.104768	0.117034	-0.315677	0.023265	0.182633	-0.149287
ENSMUSG00000005533	0.077410	0.465602	-0.270229	0.099230	0.425868	0.517042
ENSMUSG00000005534	0.625173	0.428024	0.172110	-0.067590	0.244812	-0.125442
ENSMUSG00000005540	0.081775	-0.299141	-0.519200	0.184736	-0.562082	-0.168057
ENSMUSG00000005547	-0.099828	0.076129	-0.403024	0.605547	0.258018	-0.756264
ENSMUSG00000005553	-0.264439	-0.165939	-0.405362	0.046779	0.022209	0.708351
ENSMUSG00000005566	0.292761	0.113940	0.444476	-0.061426	0.036676	-0.013510
ENSMUSG00000005575	0.185294	-0.454216	0.353380	-0.447360	0.317751	-0.000273
ENSMUSG00000005580	-0.025478	-0.674915	-0.216139	-0.580625	0.117359	-0.252845
ENSMUSG00000005583	-0.073870	0.348612	0.751035	0.113031	0.069670	-0.172568
ENSMUSG00000005609	0.130783	-0.284344	-0.317705	-0.252285	-0.450981	0.163370
ENSMUSG00000005610	0.302328	-0.198942	0.673851	0.113949	0.606252	-0.189009
ENSMUSG00000005611	0.202530	0.304858	0.030202	-0.697988	0.542930	-0.579162
ENSMUSG00000005615	-0.120398	-0.148579	-0.777107	0.426215	0.548648	0.600874
ENSMUSG00000005625	-0.297319	0.361343	0.060007	-0.142452	0.303862	0.259060
ENSMUSG00000005628	0.765391	-0.524925	-0.129093	-0.188176	0.091626	-0.327466
ENSMUSG00000005640	-0.041963	0.465433	-0.396623	0.148661	0.096233	-0.018078
ENSMUSG00000005667	0.261428	-0.266232	0.404757	-0.589705	-0.032719	-0.395244
ENSMUSG00000005672	-0.466887	-0.064169	-0.438394	0.337787	0.194076	-0.251008
ENSMUSG00000005674	0.431910	-0.126940	-0.056479	0.200816	-0.042117	-0.281212
ENSMUSG00000005677	0.306710	-0.790811	-0.204777	0.272744	-0.086001	0.254841
ENSMUSG00000005681	0.656371	-0.005516	0.054888	-0.062192	0.623300	-0.192217
ENSMUSG00000005682	0.355408	-0.716681	-0.118999	0.073731	-0.392928	-0.183231
ENSMUSG00000005683	0.122457	0.563297	0.553144	-0.051647	0.164972	-0.579472
ENSMUSG00000005686	0.076589	-0.191659	-0.377547	-0.295123	0.264030	-0.267259
ENSMUSG00000005687	-0.027724	0.433230	-0.064428	0.002592	0.215424	0.068169
ENSMUSG00000005696	-0.512531	0.023939	-0.453817	-0.060181	0.149719	-0.007532
ENSMUSG00000005698	-0.306225	0.315200	0.183447	-0.702505	-0.371986	-0.350375
ENSMUSG00000005699	0.488529	-0.382138	-0.047888	-0.026630	-0.114484	0.070048
ENSMUSG00000005705	0.637582	-0.151048	-0.091332	0.132641	-0.300013	-0.127788
ENSMUSG00000005718	-0.111514	-0.657604	-0.530077	-0.369953	0.254858	0.013583
ENSMUSG00000005763	-0.354901	0.165232	0.083514	-0.200765	-0.390090	-0.192296
ENSMUSG00000005774	-0.034781	-0.046561	0.147064	0.041457	-0.370293	0.293259
ENSMUSG00000005779	-0.050940	-0.505221	0.547445	0.438654	-0.507933	0.396514
ENSMUSG00000005800	0.162760	0.301236	-0.236614	-0.433202	-0.787329	-0.093390
ENSMUSG00000005803	0.177717	-0.436327	-0.159159	-0.325741	-0.492102	-0.039980
ENSMUSG00000005804	0.122046	-0.199420	-0.215399	0.058601	0.030729	0.089202
ENSMUSG00000005813	0.431450	0.401005	-0.143684	0.261550	0.283696	0.360490
ENSMUSG00000005824	-0.101616	0.060022	-0.470242	0.427420	0.040386	-0.948473
ENSMUSG00000005836	0.256752	-0.320579	0.161566	-0.592397	-0.292465	0.185538
ENSMUSG00000005864	-0.351735	-0.139505	-0.459598	-0.447842	0.438830	-0.244963
ENSMUSG00000005871	-0.241101	-0.037888	-0.201395	0.147142	-0.057825	-0.432505
ENSMUSG00000005886	0.120098	0.172686	0.169347	0.030295	-0.365318	-0.339482
ENSMUSG00000005892	-0.608102	-0.109148	-0.258006	-0.077582	0.032623	-0.332793
ENSMUSG00000005893	0.234797	0.067397	-0.453573	0.164107	0.128297	-0.683956
ENSMUSG00000005897	0.088781	-0.577229	-0.194142	-0.122088	-0.270993	-0.465821
ENSMUSG00000005899	-0.038241	0.334911	-0.313850	1.110738	-0.107705	-0.312127
ENSMUSG00000005907	0.108638	0.300335	0.036538	0.658727	0.129600	0.315772
ENSMUSG00000005947	-0.259978	-0.057996	0.435616	0.779405	0.067171	-0.046473
ENSMUSG00000005949	-0.102348	-0.021920	-0.154172	0.068190	0.078762	-0.220842
ENSMUSG00000005950	-0.046351	0.140834	0.403977	-0.081757	-0.392044	0.208552
ENSMUSG00000005951	0.268224	0.565094	-0.156703	0.659749	-0.019876	-0.291788
ENSMUSG00000005952	-0.291206	0.025611	0.633054	-0.249738	-0.519486	-0.129874
ENSMUSG00000005958	0.555241	0.294821	-0.174152	0.215161	-0.344394	0.648386
ENSMUSG00000005973	0.818225	0.620767	-0.478981	0.111561	-0.125842	-0.005257
ENSMUSG00000005981	0.034978	-0.352644	-0.645681	0.072856	-0.072795	0.178679
ENSMUSG00000005994	0.513785	0.151456	0.429384	0.190103	0.155860	0.071132
ENSMUSG00000006005	-0.228525	0.179819	0.652425	0.520949	0.847226	-0.296198
ENSMUSG00000006024	0.761453	-0.094138	-0.326007	-0.143598	-0.021893	-0.425763
ENSMUSG00000006056	0.085904	0.599043	0.264120	0.434397	0.411907	-0.134505
ENSMUSG00000006057	0.201397	0.261042	-0.371460	-0.025159	0.279982	0.380775
ENSMUSG00000006058	0.681258	-0.639642	0.214353	0.465988	0.197550	0.027184
ENSMUSG00000006127	-0.476283	-0.040134	0.007605	0.570133	0.721976	-0.581761
ENSMUSG00000006134	0.646585	0.772486	0.138968	0.822026	1.162759	0.783170
ENSMUSG00000006215	0.112059	-0.103505	0.770090	0.204595	-0.030909	0.550338
ENSMUSG00000006216	0.088048	0.457896	-0.301349	0.472973	-0.024614	-0.754531
ENSMUSG00000006219	0.125981	-0.361483	0.363822	0.374554	-0.510224	0.204800
ENSMUSG00000006235	0.315151	-0.023422	-0.301072	0.111233	-0.112980	0.235118
ENSMUSG00000006262	-0.199856	0.264909	-0.535843	0.660928	-0.046454	0.046339
ENSMUSG00000006269	0.450454	-0.101143	-0.222396	0.580805	0.680780	0.094752
ENSMUSG00000006273	0.056865	0.052610	0.412709	0.520993	0.735866	0.242843
ENSMUSG00000006276	-0.060228	0.223883	-0.146541	-0.215743	-0.545429	-0.236992
ENSMUSG00000006288	-0.151225	-0.265852	-0.329727	-0.366175	0.385736	0.050544
ENSMUSG00000006299	-0.230577	-0.254123	0.412335	0.653614	0.699158	0.047808
ENSMUSG00000006301	0.539430	0.934807	0.130060	-0.081754	0.057476	-0.516431
ENSMUSG00000006304	0.270410	-0.308119	-0.235457	0.572568	-0.037014	-0.432389
ENSMUSG00000006307	0.597073	-0.054916	-0.798165	0.014340	-0.673189	-0.024627
ENSMUSG00000006333	0.175624	0.057006	0.058697	0.247510	0.064770	0.078726
ENSMUSG00000006335	-0.434949	-0.171007	-0.071041	-0.478243	-0.366208	0.111008
ENSMUSG00000006344	0.482617	0.042756	-0.322392	-0.369929	0.529863	-0.130035
ENSMUSG00000006345	0.117402	0.466152	-0.493434	-0.173889	-0.487595	-0.330592
ENSMUSG00000006373	-0.437106	0.118022	0.244630	-0.123390	-0.299339	-0.488366
ENSMUSG00000006386	0.197536	-0.411881	0.886681	-0.145075	-0.382575	-0.033075
ENSMUSG00000006389	0.370981	0.281293	-0.199906	0.495380	-0.147847	-0.686015
ENSMUSG00000006390	-0.027619	-0.636665	0.628165	-0.974890	-0.222436	0.410214
ENSMUSG00000006398	-0.426147	-0.160222	-0.406437	-0.715438	0.299598	0.034585
ENSMUSG00000006403	-0.410540	0.098308	0.343369	-0.227472	0.058430	0.688152
ENSMUSG00000006411	-0.610409	-0.056553	-0.074600	0.839564	-0.310075	0.221193
ENSMUSG00000006418	-0.310470	0.045664	0.024713	-0.457971	-0.377608	-0.287207
ENSMUSG00000006423	-0.088152	0.307686	0.290020	0.187056	-0.024942	0.323141
ENSMUSG00000006442	-0.376809	-0.375544	-0.002346	-0.247671	0.375215	0.838927
ENSMUSG00000006445	-0.388977	0.083171	0.462537	0.265887	0.053654	0.101295
ENSMUSG00000006456	-0.005594	0.910771	-0.059383	0.104205	-0.103913	-0.189850
ENSMUSG00000006457	-0.086161	0.388546	-0.287672	-0.075008	0.524812	-0.268364
ENSMUSG00000006464	-0.096681	-0.098902	0.272745	-0.598783	0.236729	-0.616131
ENSMUSG00000006469	0.345265	0.665107	-0.075836	0.263611	0.205085	0.002355
ENSMUSG00000006494	-0.146812	0.208658	0.076927	-0.077768	-0.321502	0.115347
ENSMUSG00000006498	0.438923	-0.499444	-0.237579	0.470459	-0.256841	0.067301
ENSMUSG00000006517	-0.128962	-0.369745	-0.192151	-0.539615	-0.253717	-0.104101
ENSMUSG00000006519	0.033090	0.038587	-0.455633	0.239022	0.132809	-0.254002
ENSMUSG00000006522	0.364903	0.166799	-0.166646	0.268246	0.405440	0.124121
ENSMUSG00000006538	-0.512949	0.194907	-0.149718	-0.309420	0.900638	0.247217
ENSMUSG00000006542	0.167123	0.548814	-0.080193	-0.032580	-0.098949	-0.932822
ENSMUSG00000006567	0.326988	0.448238	-0.392611	-0.190959	-0.348049	0.154495
ENSMUSG00000006574	0.155897	0.292066	-0.307241	-0.607387	-0.042740	-0.489178
ENSMUSG00000006576	0.004821	0.036349	0.375460	-0.463962	0.178595	-0.062043
ENSMUSG00000006585	0.309102	-0.051100	-0.063738	-0.027009	0.225511	-0.786561
ENSMUSG00000006586	0.191607	-0.067285	0.282018	0.338943	-0.056871	0.037384
ENSMUSG00000006589	-0.144554	0.590443	0.023022	-0.256556	0.292936	-0.162630
ENSMUSG00000006599	0.039410	-0.317999	0.523678	-0.045163	-0.088201	0.092800
ENSMUSG00000006611	0.323691	0.784568	-0.559059	-0.285550	0.098826	0.415086
ENSMUSG00000006641	-0.668795	-0.487762	-0.793926	-0.027848	-0.193605	0.420302
ENSMUSG00000006649	-0.111035	-0.111423	0.136112	0.231798	-0.017237	0.223156
ENSMUSG00000006676	-0.138172	0.077561	0.405757	0.556376	0.163821	0.344347
ENSMUSG00000006678	0.545661	0.304041	-0.058455	0.512522	0.152704	-0.328067
ENSMUSG00000006699	0.054818	0.197596	-0.455354	0.117730	-0.252021	-0.391045
ENSMUSG00000006711	0.000712	0.019630	0.247022	0.285502	0.444608	-0.087971
ENSMUSG00000006715	0.665887	-0.085078	0.289220	-0.007305	-0.137076	-0.345407
ENSMUSG00000006717	0.332499	-0.349623	-0.690279	0.475744	0.221334	-0.343168
ENSMUSG00000006720	-0.317075	0.161109	-0.249411	0.169395	0.327204	0.572364
ENSMUSG00000006724	0.352396	0.338749	0.380439	0.592536	0.025217	0.179686
ENSMUSG00000006728	0.754221	0.084601	0.073049	-0.294719	0.274678	-0.313588
ENSMUSG00000006731	0.087586	0.444667	0.531219	0.096387	-0.045080	0.335634
ENSMUSG00000006740	0.318311	-0.371384	0.242749	-0.063507	0.683550	0.028731
ENSMUSG00000006764	-0.144778	-0.118427	-0.018654	0.848406	-0.393265	-0.207401
ENSMUSG00000006777	0.098455	-0.746736	-0.503598	0.415591	0.593161	-0.638995
ENSMUSG00000006818	-0.733811	0.090813	0.175215	-0.353085	-0.037757	-0.184708
ENSMUSG00000006906	-0.012197	-0.351379	0.151384	-0.284142	0.085280	-0.276912
ENSMUSG00000006920	-0.352130	0.002804	0.259921	-0.005911	0.347480	-0.532373
ENSMUSG00000006930	0.507877	-0.176586	-0.834301	0.017889	0.742703	0.179594
ENSMUSG00000006932	-0.011746	-0.235153	-0.184316	0.674292	0.220883	0.168564
ENSMUSG00000006958	0.140169	0.194658	0.220674	0.236126	0.327895	-0.335723
ENSMUSG00000006998	0.088935	0.138564	0.266928	-0.003381	-0.051153	0.218449
ENSMUSG00000007029	-0.152721	0.827988	-0.249378	0.261927	-0.238105	0.406475
ENSMUSG00000007033	-0.268762	-0.041911	0.347156	0.278738	-0.111772	-0.042145
ENSMUSG00000007034	-0.199912	0.308632	-0.304428	0.030889	-0.305155	-0.550228
ENSMUSG00000007036	0.268155	0.249675	-0.232086	-0.407593	0.492186	-0.508436
ENSMUSG00000007038	-0.702502	-0.206469	0.069471	-0.187256	0.345378	0.020106
ENSMUSG00000007050	-0.055364	0.062761	0.156343	-0.391821	0.655199	-0.099645
ENSMUSG00000007080	0.125529	-0.330143	0.518644	-0.192546	0.351288	0.272618
ENSMUSG00000007097	0.121052	0.487169	-0.082872	0.058290	0.634119	-0.463839
ENSMUSG00000007107	-0.156039	-0.180903	-0.458270	0.283956	0.178045	0.158685
ENSMUSG00000007122	0.687586	0.439531	0.005880	-0.190223	0.046129	0.510119
ENSMUSG00000007207	0.240458	-0.040093	0.216562	-0.305095	0.033139	-0.041382
ENSMUSG00000007216	-0.360973	-0.050903	0.207049	-0.867738	0.469903	0.349328
ENSMUSG00000007338	-0.471106	0.548392	0.792241	-0.911204	-0.410662	-0.024117
ENSMUSG00000007411	0.026795	0.110214	0.138790	-0.093740	-0.147424	0.066895
ENSMUSG00000007458	0.303374	0.072720	0.214741	0.188145	0.259366	-0.011754
ENSMUSG00000007476	0.145556	-0.599941	0.320291	0.138366	0.183572	0.249950
ENSMUSG00000007480	0.130135	0.139369	-0.025916	-0.113919	-0.438622	0.064894
ENSMUSG00000007564	-0.234662	0.120840	-0.113253	-0.110699	0.133486	0.260672
ENSMUSG00000007570	-0.223160	0.073786	-0.161237	-0.219976	-0.627256	0.083279
ENSMUSG00000007613	-0.231503	-0.415402	0.176078	-0.309486	-0.315195	0.148300
ENSMUSG00000007617	0.320909	0.345560	-0.624809	0.038584	-0.250043	-0.203091
ENSMUSG00000007646	0.178520	-0.217793	-0.241619	0.663573	0.239511	-0.030379
ENSMUSG00000007653	0.072787	0.454798	0.635477	0.098258	-0.507760	0.252966
ENSMUSG00000007655	0.614852	0.098540	-0.070325	-0.022071	0.341499	0.106820
ENSMUSG00000007656	-0.274906	-0.268802	-0.465445	-0.590305	-0.269716	0.247039
ENSMUSG00000007659	0.029267	-0.100405	-0.066717	0.106568	-0.298367	-0.431028
ENSMUSG00000007670	-0.250619	-0.417813	-0.001470	-0.058581	-0.337580	-0.360408
ENSMUSG00000007682	0.296232	-0.506174	0.457782	0.100570	-0.241110	0.149064
ENSMUSG00000007739	0.138525	0.112128	0.144773	0.214452	-0.474182	0.050625
ENSMUSG00000007783	-0.014726	0.236038	-0.401119	-0.055937	0.224520	0.114681
ENSMUSG00000007805	-0.641456	0.505243	-0.254163	0.068269	0.872536	-0.886236
ENSMUSG00000007812	0.397594	0.588456	-0.268924	0.015441	0.168415	-0.408588
ENSMUSG00000007815	-0.737027	-0.625033	-1.094853	-0.554840	-0.933631	-1.535767
ENSMUSG00000007850	0.285931	0.089394	-0.449565	-0.258284	-0.518628	-0.359130
ENSMUSG00000007867	-0.246749	0.435204	-0.658435	-0.138360	-0.130871	0.412676
ENSMUSG00000007872	0.063197	0.793531	0.289774	-0.068706	0.243001	-0.283802
ENSMUSG00000007877	-0.089351	0.330713	-0.042530	-1.004495	0.325905	-0.589633
ENSMUSG00000007880	-0.075765	0.217792	0.039435	0.836503	0.124768	0.207521
ENSMUSG00000007888	0.190466	-0.676802	0.013949	0.425490	-0.460157	0.524935
ENSMUSG00000007891	-0.342380	-0.203321	-0.433585	-0.916117	-0.409223	-0.486868
ENSMUSG00000007892	0.103419	-0.254400	-0.179824	0.148289	-0.488812	-0.373663
ENSMUSG00000007908	-0.272132	0.158775	-0.501767	0.247933	0.769740	0.200874
ENSMUSG00000007987	-0.241625	-0.387111	0.148030	0.013226	0.282361	0.393725
ENSMUSG00000007989	-0.195278	-0.076204	0.199559	-0.243097	0.185719	0.223755
ENSMUSG00000008035	0.002178	-0.404067	-0.179624	-0.211278	-0.191642	-0.180534
ENSMUSG00000008036	0.554235	0.046234	-0.276938	0.106050	-0.338214	-0.055958
ENSMUSG00000008090	0.328648	-0.868458	-0.056555	-0.080094	-0.027068	-0.039216
ENSMUSG00000008136	-0.123828	0.090607	0.052666	-0.060895	-0.170559	-0.350516
ENSMUSG00000008167	-0.270497	-0.015529	-0.266934	0.260222	-0.385572	0.124660
ENSMUSG00000008206	0.251322	-0.425448	0.269268	-0.324256	-0.487313	-0.072747
ENSMUSG00000008301	-0.134847	-0.553943	-0.329551	-0.128396	-0.097640	0.564050
ENSMUSG00000008305	0.818138	0.320202	0.744364	-0.047683	0.667375	-0.572005
ENSMUSG00000008333	-0.535805	-0.394258	0.152997	0.356535	0.324023	0.046982
ENSMUSG00000008348	-0.573175	-0.664185	-1.175128	-1.712206	-1.189370	-1.007436
ENSMUSG00000008373	0.673078	-0.427037	0.156090	-0.172969	-0.340434	-0.264772
ENSMUSG00000008435	0.240071	0.080012	-0.622298	-0.304020	0.020136	-0.639824
ENSMUSG00000008438	-0.832793	0.243021	-0.216568	-0.182342	-0.165196	0.296026
ENSMUSG00000008461	0.342312	0.367862	-0.634673	-0.149071	0.165426	0.116079
ENSMUSG00000008475	-0.128486	0.208320	-0.002319	0.326043	-0.253162	0.330912
ENSMUSG00000008496	-0.027439	-0.422996	0.098035	-0.079840	-0.286013	-0.428285
ENSMUSG00000008540	0.417253	-0.189614	-0.094840	-0.376460	0.143325	0.072000
ENSMUSG00000008590	-0.472877	0.135318	-0.164803	0.151138	0.594768	-0.650651
ENSMUSG00000008601	-0.157762	0.234643	0.597106	0.732133	-0.401898	-0.178844
ENSMUSG00000008668	-0.244421	0.579016	0.195304	0.480098	-0.394982	-0.718941
ENSMUSG00000008682	0.189758	-0.328666	-0.069283	-0.410480	0.285407	0.329731
ENSMUSG00000008683	-0.153273	-0.786628	-0.258038	-0.094407	-0.537530	-0.045558
ENSMUSG00000008690	-0.039946	0.181443	0.103864	0.277057	0.077973	0.281682
ENSMUSG00000008730	0.361702	0.098133	-0.018175	-0.047072	0.081838	0.141431
ENSMUSG00000008763	-0.622672	0.347230	-0.041788	0.352209	-0.123720	0.161275
ENSMUSG00000008822	0.204571	0.132111	0.337848	0.091184	0.017313	-0.282243
ENSMUSG00000008843	0.413574	-0.028153	0.018160	-0.453104	-0.556041	-0.252097
ENSMUSG00000008845	0.050954	-0.231763	0.118843	0.189064	0.016374	0.140463
ENSMUSG00000008855	0.040368	0.349920	-0.056617	-0.060403	-0.413961	-0.363303
ENSMUSG00000008859	0.396944	-0.322097	-0.268479	-0.120949	-0.356243	0.325297
ENSMUSG00000008892	0.105578	-0.306454	-0.167887	-0.287394	-0.077247	-0.071650
ENSMUSG00000008932	0.413145	0.304679	0.188510	-0.235515	-0.035606	-0.600817
ENSMUSG00000008976	0.474623	0.216340	-0.215054	0.092803	0.183641	0.623286
ENSMUSG00000008999	-0.157918	-0.320006	-0.204361	0.035300	0.425999	-0.028983
ENSMUSG00000009013	0.322855	0.161864	0.221358	-0.213341	-0.015569	-0.142151
ENSMUSG00000009030	0.053462	-0.478867	-0.220184	0.063401	-0.622107	0.041961
ENSMUSG00000009073	0.252190	0.083734	-0.075834	0.282292	-0.396783	-0.701672
ENSMUSG00000009076	-0.431655	-0.274191	-0.395059	0.017207	-0.095899	-0.522611
ENSMUSG00000009090	-0.267769	0.297374	0.271946	0.127778	0.015641	-0.986317
ENSMUSG00000009092	-0.368360	0.086312	0.328793	0.422398	0.097609	-0.082293
ENSMUSG00000009093	-0.143615	-0.192033	0.341323	0.389352	-0.032332	0.140260
ENSMUSG00000009108	-0.090723	-0.704760	-0.515622	-0.302308	-0.157726	-0.405276
ENSMUSG00000009112	-0.428540	0.122072	-0.006211	0.035155	-0.472616	-0.585071
ENSMUSG00000009185	-0.224311	0.300876	-0.027104	-0.086179	0.005062	0.600426
ENSMUSG00000009246	-0.062532	-0.088296	-0.334510	0.332754	0.616564	0.557874
ENSMUSG00000009281	0.219957	0.423938	0.243121	0.108875	0.361852	0.469904
ENSMUSG00000009292	0.732173	-0.095050	0.102965	0.490062	0.428592	-0.281585
ENSMUSG00000009293	0.354021	0.143955	-0.248261	0.439070	0.475288	0.194138
ENSMUSG00000009350	0.113656	0.035313	0.094632	0.691894	0.030811	-0.272387
ENSMUSG00000009356	0.271867	0.016530	0.407039	-0.181801	0.492827	0.271060
ENSMUSG00000009376	-0.468010	-0.491635	0.672754	-0.084940	-0.311180	-0.646016
ENSMUSG00000009394	-0.175098	-0.165916	-0.293698	-0.027361	0.002892	0.224064
ENSMUSG00000009406	0.261536	0.117821	0.298111	-0.291844	-0.166701	-0.031667
ENSMUSG00000009470	0.171022	-0.047023	0.219423	-0.048789	0.792879	0.253415
ENSMUSG00000009471	0.273568	0.054025	-0.246131	-0.384364	-0.033355	-0.302838
ENSMUSG00000009535	0.001788	-0.118032	0.249702	0.052756	0.079686	-0.150892
ENSMUSG00000009545	-0.078353	-0.832795	0.150621	-0.027804	-0.004439	0.120497
ENSMUSG00000009549	0.027752	-0.366195	-0.070164	0.750587	-0.803956	-0.517243
ENSMUSG00000009555	-0.071317	-0.153821	0.115979	0.131549	-0.398571	0.470773
ENSMUSG00000009566	0.101325	-0.057685	-0.700855	0.452980	0.086173	-0.270174
ENSMUSG00000009585	0.152361	-0.114538	-0.121091	0.203423	-0.384302	0.198336
ENSMUSG00000009588	0.195279	0.096366	-0.492893	-0.454076	0.743478	0.463942
ENSMUSG00000009614	-0.604340	-0.003068	0.307119	0.118276	-0.438526	0.107131
ENSMUSG00000009621	0.403996	-0.096060	0.785454	-0.473896	0.256296	-0.201061
ENSMUSG00000009630	0.204518	-0.224043	-0.105977	-0.530463	-0.601475	-0.450092
ENSMUSG00000009646	0.177175	-0.616443	-0.647648	0.335057	-0.039798	-0.302200
ENSMUSG00000009647	-0.228340	0.121575	0.200392	-0.272669	-0.245457	0.244896
ENSMUSG00000009681	-0.265421	-0.103782	0.220577	-0.471747	0.034382	-0.127151
ENSMUSG00000009731	-0.170551	0.167000	0.110592	0.297445	0.204955	-0.272415
ENSMUSG00000009863	0.626487	0.262000	0.100077	-0.429932	0.193054	0.057997
ENSMUSG00000009876	-0.226995	0.282721	-0.184913	0.568507	0.361978	-0.075160
ENSMUSG00000009900	0.182849	0.337270	0.253022	0.297915	-0.836432	0.536533
ENSMUSG00000009905	-0.107045	0.142831	0.495239	-0.229518	-0.103022	-0.293004
ENSMUSG00000009907	0.159192	0.529128	-0.118885	0.468866	0.312273	0.208876
ENSMUSG00000009927	-0.291319	-0.333282	-0.163039	-0.193911	-0.123792	0.035998
ENSMUSG00000009941	0.211716	0.109630	-0.373585	-0.498787	-0.267689	-0.190237
ENSMUSG00000009995	0.538649	0.024765	0.028705	-0.039370	-0.238266	-0.216164
ENSMUSG00000010021	-0.481816	0.302678	-0.404096	0.179184	-0.179704	-0.481703
ENSMUSG00000010025	-0.429174	0.065825	-0.035340	-0.045475	0.387614	0.056836
ENSMUSG00000010045	-0.227572	-0.828894	-0.516857	-0.086556	0.140872	-0.076367
ENSMUSG00000010047	0.277281	0.285912	-0.271740	-0.122080	-0.533646	0.462903
ENSMUSG00000010051	-0.447888	-0.089213	0.423667	-0.204996	-0.213098	0.051796
ENSMUSG00000010057	0.150264	0.387120	0.400685	0.117266	0.254207	-0.236321
ENSMUSG00000010064	0.308312	-0.496079	0.123519	-0.292932	-0.392780	-0.323933
ENSMUSG00000010066	0.173441	0.124969	-0.263583	-0.493162	0.390311	0.101776
ENSMUSG00000010067	-0.364891	0.046854	0.076665	-0.926808	0.790784	0.157540
ENSMUSG00000010080	-0.029323	-0.342277	0.042628	0.463916	-0.832238	-0.185677
ENSMUSG00000010095	0.600135	-0.096942	0.386790	-0.372635	0.095435	-0.421574
ENSMUSG00000010097	-0.113897	-0.357413	0.685810	-0.367786	0.269265	-0.005728
ENSMUSG00000010110	0.099673	0.474230	-0.240270	0.257072	0.073304	-0.520388
ENSMUSG00000010122	0.386104	-0.505593	-0.164050	0.010491	-0.545344	0.290180
ENSMUSG00000010142	-0.451500	0.498977	-0.520518	0.382585	0.029895	-0.521444
ENSMUSG00000010307	0.797366	0.035462	-0.103378	0.114390	0.692990	0.055353
ENSMUSG00000010376	-0.405466	0.227914	0.814588	-0.078596	-0.388941	-0.413387
ENSMUSG00000010392	-0.226587	-0.286057	0.177841	0.158774	-0.072083	0.231987
ENSMUSG00000010406	0.215603	-0.098644	0.049394	0.537763	0.490274	-0.091095
ENSMUSG00000010453	-0.172019	0.619740	0.281162	0.421278	-0.584027	0.021621
ENSMUSG00000010461	-0.485857	0.043179	0.674057	0.012924	-0.036827	-0.229251
ENSMUSG00000010529	0.999738	-0.350501	-0.460575	-0.480339	0.297940	-0.019143
ENSMUSG00000010601	0.122986	0.284049	0.286817	-0.060597	-0.650890	0.207276
ENSMUSG00000010607	0.169425	0.345701	-0.032207	0.363598	0.364087	-0.091248
ENSMUSG00000010608	0.684712	0.279496	0.200440	-0.250468	0.389580	0.123814
ENSMUSG00000010609	-0.238263	-0.291127	0.141396	0.063693	-0.004243	-0.432995
ENSMUSG00000010651	-0.172794	-0.236659	-0.294614	0.124488	-0.216870	-0.318935
ENSMUSG00000010660	0.403227	0.340050	0.355952	-0.059731	0.427878	0.089812
ENSMUSG00000010663	-0.212468	-0.249077	0.692985	-0.507036	-0.407245	0.076775
ENSMUSG00000010755	-0.474681	0.239384	0.278414	0.108109	0.071031	-0.219113
ENSMUSG00000010797	-0.238046	-0.058386	0.267811	0.235450	-0.260080	-0.083133
ENSMUSG00000010803	-0.205061	0.324192	-0.025844	-0.197406	-0.401446	-0.248970
ENSMUSG00000010830	0.470967	-0.077869	-0.334229	0.222552	-0.326416	-0.282248
ENSMUSG00000010911	-0.134032	-0.259298	0.020911	0.968003	0.535704	-0.206109
ENSMUSG00000010914	1.101224	-0.128138	-0.041910	0.319518	0.489414	-0.263746
ENSMUSG00000010936	0.365472	0.496811	0.082342	0.222698	-0.180825	-0.156910
ENSMUSG00000011008	-0.153442	0.141836	-0.179443	-0.449188	0.130871	-0.086361
ENSMUSG00000011034	0.299035	-0.026131	0.319053	0.058863	0.274193	-0.093868
ENSMUSG00000011096	-0.280605	0.013456	-0.150062	-0.302182	0.149819	-0.076705
ENSMUSG00000011148	-0.725268	-0.739639	-0.294869	0.317331	0.028825	-0.194226
ENSMUSG00000011171	-0.679238	0.107216	0.312521	-0.292669	0.128550	-0.412905
ENSMUSG00000011179	-0.265807	-0.580172	0.137674	0.071352	0.718638	0.207452
ENSMUSG00000011256	0.078492	0.407899	-0.214766	0.273558	-0.408182	0.572820
ENSMUSG00000011257	0.453359	0.354515	-0.464548	-0.009140	-0.593162	0.113075
ENSMUSG00000011305	-0.346849	-0.096165	-0.313688	0.193060	-0.247735	-0.084745
ENSMUSG00000011306	0.687203	-0.098976	-0.224148	0.368412	-0.242831	-0.328034
ENSMUSG00000011382	0.235049	0.444573	-0.231753	-0.403640	-0.390357	-0.051772
ENSMUSG00000011463	0.157402	-0.021893	0.016031	-0.014078	0.021035	-0.387582
ENSMUSG00000011751	-0.111118	-0.022802	0.212429	-0.061372	0.537454	-1.028879
ENSMUSG00000011752	0.377699	-0.324678	0.270275	0.383251	-0.360986	-0.719826
ENSMUSG00000011837	-0.081215	-0.191347	0.617383	0.150279	-0.189866	0.253382
ENSMUSG00000011877	-0.464558	0.642041	0.319334	-0.530467	-1.004998	0.091646
ENSMUSG00000011884	-0.645850	-0.346533	0.465038	-0.096174	-0.749818	-0.496398
ENSMUSG00000011958	0.427399	0.082308	0.475801	0.438297	0.412748	-0.176665
ENSMUSG00000011960	-0.228138	0.717612	0.493259	0.371362	0.585201	0.156493
ENSMUSG00000012117	0.052273	-0.617121	-0.115559	-0.189514	0.109850	-0.223783
ENSMUSG00000012126	0.233563	-0.432409	0.238488	-0.363794	0.789860	0.067514
ENSMUSG00000012187	-0.347044	-0.156229	-0.435999	0.120121	0.060882	-0.299103
ENSMUSG00000012282	-0.205049	0.098702	-0.601587	0.075157	0.654626	0.179736
ENSMUSG00000012296	0.112590	0.176170	0.136580	0.558621	-0.263911	-0.625791
ENSMUSG00000012396	0.283449	0.703129	0.109607	0.175702	-0.278116	0.150838
ENSMUSG00000012405	0.032475	-0.524161	0.157078	0.061795	-0.162072	-0.025813
ENSMUSG00000012428	-0.515812	-0.211434	-0.035401	-0.032724	0.246822	-0.104935
ENSMUSG00000012443	-0.411997	0.111749	0.297995	-0.042649	-0.366395	-0.558866
ENSMUSG00000012483	-0.228362	-0.098092	-0.032542	0.182411	-0.046154	-0.406721
ENSMUSG00000012519	-0.374459	0.687939	0.056614	0.173237	-0.254403	-0.240587
ENSMUSG00000012535	-0.338629	0.321367	-0.053319	-0.043626	0.089064	0.063353
ENSMUSG00000012609	0.235720	0.050982	0.118142	-0.074595	0.160068	0.430113
ENSMUSG00000012705	-0.374641	0.357973	0.142741	0.515800	0.291437	0.147996
ENSMUSG00000012848	-0.433497	0.213090	0.088922	0.009848	0.355950	0.314244
ENSMUSG00000013076	-0.499850	0.199106	-0.040570	0.013867	0.021642	0.811195
ENSMUSG00000013160	0.289940	-0.506957	-0.226338	0.511818	-0.015104	0.089591
ENSMUSG00000013236	-0.416419	0.340183	0.041866	1.043621	-0.197074	0.448609
ENSMUSG00000013275	0.118878	0.092560	0.149130	-0.448281	0.274064	0.215911
ENSMUSG00000013415	-0.437990	-0.455419	-0.358970	0.146399	0.331380	-0.327719
ENSMUSG00000013418	0.059366	-0.437361	-0.225135	-0.593506	0.112172	-0.193121
ENSMUSG00000013465	-0.155536	-0.531236	-0.271904	0.121406	0.223245	0.802878
ENSMUSG00000013483	-0.311214	-0.728398	-0.193236	-0.231248	0.141127	-0.687006
ENSMUSG00000013584	0.176187	-0.401761	-0.647652	0.003124	-0.039425	-0.140927
ENSMUSG00000013593	0.037163	-0.644948	-0.247950	-0.007908	-0.392319	0.120168
ENSMUSG00000013629	0.186867	-0.364379	0.242688	-0.276360	0.157919	0.322911
ENSMUSG00000013643	0.146381	-0.457158	0.470339	-0.285390	-0.261103	-0.749219
ENSMUSG00000013662	-0.085233	-0.430597	0.527886	-0.584864	0.224484	-0.111693
ENSMUSG00000013663	-1.124375	-1.248999	-1.531055	-2.388553	-3.030897	-2.910237
ENSMUSG00000013698	0.297420	0.080405	-0.083326	0.191562	-0.491213	0.960894
ENSMUSG00000013707	-0.136183	0.008019	0.227176	-0.995800	0.423166	-0.227268
ENSMUSG00000013787	-0.531072	0.373542	-0.196595	-0.097395	-0.203731	-0.341416
ENSMUSG00000013833	-0.075221	-0.225506	-0.074424	0.288926	-0.136848	0.528298
ENSMUSG00000013846	-0.307059	0.417102	0.078390	0.007556	-0.764906	0.154537
ENSMUSG00000013921	0.141777	0.043150	0.302120	-0.000320	0.112432	0.056352
ENSMUSG00000013936	0.218328	0.120206	-0.078939	-0.048757	0.447559	-0.703853
ENSMUSG00000013974	-0.330603	0.569959	-0.059776	-0.048427	0.451016	-0.837598
ENSMUSG00000014030	-0.058599	-0.561972	-0.567173	0.389850	0.323967	0.053263
ENSMUSG00000014074	0.101757	-0.188397	0.042240	0.107168	0.718433	0.133318
ENSMUSG00000014075	0.055913	-0.434985	0.112610	-0.166212	0.557643	-0.052368
ENSMUSG00000014077	0.113081	-0.245413	0.478348	0.057874	-0.000459	-0.802958
ENSMUSG00000014158	0.147774	0.200853	-0.487273	-0.419276	-0.101469	0.333673
ENSMUSG00000014164	-0.046408	-0.133197	-0.273479	0.040576	0.326641	0.069906
ENSMUSG00000014226	-0.219604	0.709268	-0.233991	-0.101810	-0.149763	0.399689
ENSMUSG00000014232	0.279334	-0.020074	-0.122769	0.118474	0.205320	0.107870
ENSMUSG00000014245	-0.314098	-0.429059	0.291101	-0.587111	-0.051067	0.333434
ENSMUSG00000014294	0.401558	-0.143989	-0.330893	-0.432703	0.318175	-0.167595
ENSMUSG00000014313	0.059666	-0.374841	-0.312739	0.478966	-0.227376	-0.197905
ENSMUSG00000014349	-0.140713	-0.086446	0.076316	-0.045077	0.486839	0.233970
ENSMUSG00000014351	0.177904	-0.795986	-0.736122	0.388514	-0.152923	-0.002358
ENSMUSG00000014355	-0.115627	0.392752	0.090135	-0.083368	-0.426777	-0.115970
ENSMUSG00000014361	0.224020	-0.251794	-0.510440	0.084103	0.073176	0.492172
ENSMUSG00000014402	-0.246591	0.081013	0.000040	0.469152	-0.124910	-0.257072
ENSMUSG00000014426	-0.686469	0.596963	-0.264584	0.386451	-0.349119	0.096786
ENSMUSG00000014453	0.040243	0.336167	0.185057	-0.337626	0.867085	-0.018574
ENSMUSG00000014496	-0.011040	0.184309	-0.025718	-0.091411	0.097906	0.274132
ENSMUSG00000014550	0.029629	0.386681	0.386447	-0.119238	-0.095157	0.199065
ENSMUSG00000014551	-0.028785	-0.000597	0.079140	0.427775	0.224975	-0.252511
ENSMUSG00000014554	-0.149709	0.261706	0.275292	-0.317800	0.421937	-0.310846
ENSMUSG00000014599	-0.014410	0.346184	0.104097	0.060898	0.419502	-0.199743
ENSMUSG00000014606	0.109394	-0.226630	-0.404782	-0.161402	0.445993	0.460311
ENSMUSG00000014609	0.735118	-0.288856	0.217177	0.409602	0.991536	-0.394506
ENSMUSG00000014767	-0.729320	0.014402	0.463809	-0.548679	-0.357182	-0.742568
ENSMUSG00000014769	-0.074414	-0.160406	0.061267	0.239409	0.237058	0.348615
ENSMUSG00000014773	-0.100971	0.274693	-0.104176	0.157113	-0.726005	0.099935
ENSMUSG00000014776	-0.592020	-0.044876	-0.827416	0.691817	-0.173432	0.244440
ENSMUSG00000014778	-0.235675	-0.488889	-0.256629	0.250922	0.117382	0.469185
ENSMUSG00000014786	-0.014766	0.425054	0.381408	0.124494	0.238734	-0.270796
ENSMUSG00000014791	-0.177238	-0.124376	0.265498	0.025571	0.289924	0.577539
ENSMUSG00000014852	-0.129920	0.902067	-0.175098	-0.655590	0.285929	0.214998
ENSMUSG00000014859	-0.115338	0.207579	0.538627	-0.290924	0.244082	0.408065
ENSMUSG00000014867	0.153502	-0.308933	0.193958	-0.387205	-0.052598	-0.638411
ENSMUSG00000014932	0.496740	0.349259	-0.645476	0.198029	0.194756	0.225285
ENSMUSG00000014956	-0.497206	-0.110227	-0.285494	0.443963	0.287383	-0.132300
ENSMUSG00000014959	0.303002	0.137070	0.196709	0.018018	-0.144010	-0.241989
ENSMUSG00000015013	0.538567	0.552889	0.168143	0.271953	-0.697414	-0.005667
ENSMUSG00000015016	0.015573	-0.467122	0.416974	-0.056221	0.137532	0.381351
ENSMUSG00000015027	-0.244713	0.251199	-0.649448	0.018018	-0.522237	-0.156450
ENSMUSG00000015053	0.165009	-0.065943	-0.086227	-0.613534	-0.411546	-0.391916
ENSMUSG00000015083	-0.063974	0.145134	0.388515	0.538683	-0.220315	0.006938
ENSMUSG00000015085	-0.414215	0.107175	-0.079728	0.009709	0.183407	0.437065
ENSMUSG00000015090	-0.326305	0.510479	-0.225907	0.574111	-0.283791	-0.122697
ENSMUSG00000015094	-0.115610	0.337383	0.544991	0.272822	0.435762	-0.245711
ENSMUSG00000015095	-0.520411	-0.325919	0.481520	0.323576	-0.078756	-0.185953
ENSMUSG00000015112	-0.578248	-0.251701	0.007108	0.141954	0.239040	0.181052
ENSMUSG00000015120	-0.720118	-0.008310	-1.263451	-0.815194	-0.851507	-0.359636
ENSMUSG00000015127	0.357608	-0.054217	0.077056	-0.090691	0.087237	0.046440
ENSMUSG00000015134	0.421053	-0.509687	-0.019743	-0.721523	-0.194354	0.571057
ENSMUSG00000015143	0.352392	-0.317505	0.200475	-0.632237	-0.352708	-0.518833
ENSMUSG00000015149	0.192449	-0.148993	0.129347	0.467001	0.473966	-0.437413
ENSMUSG00000015165	0.082955	-0.185710	-0.071962	0.817076	-0.088775	-0.554561
ENSMUSG00000015214	0.294027	-0.438161	-0.193631	0.698293	-0.412484	0.738934
ENSMUSG00000015222	-0.138360	-0.184266	0.383421	-0.490934	0.373834	-0.339534
ENSMUSG00000015224	0.083884	0.107996	0.290098	0.316584	-0.461666	0.048257
ENSMUSG00000015243	-0.522419	0.187273	-0.492033	-0.123775	0.091357	-0.116574
ENSMUSG00000015291	0.150874	-0.209180	0.380098	-0.072847	-0.817397	0.471853
ENSMUSG00000015312	-0.098493	-0.036549	0.219034	-0.175577	-0.159207	0.113519
ENSMUSG00000015314	0.501293	-0.016060	0.401445	-0.275275	0.464835	-0.538858
ENSMUSG00000015316	0.570430	-0.155791	0.496139	-0.151776	-0.048609	-0.796660
ENSMUSG00000015340	0.907744	-0.342364	0.463928	0.011810	0.490924	-0.124731
ENSMUSG00000015341	0.072092	0.189045	-0.221046	0.367336	-0.281784	0.182980
ENSMUSG00000015342	0.427858	0.264406	-0.319477	0.270437	1.080496	0.366736
ENSMUSG00000015355	-0.150553	0.530413	0.068457	-0.202221	-0.228389	0.233236
ENSMUSG00000015357	0.242101	0.450875	0.013805	-0.507213	-0.012952	-0.154539
ENSMUSG00000015377	-0.353885	0.208763	0.377355	-0.075909	-0.414135	-0.104218
ENSMUSG00000015405	0.001039	0.002150	0.627875	-0.512153	0.201010	0.022113
ENSMUSG00000015437	0.333130	-0.310167	0.365399	0.218089	0.089938	-0.256194
ENSMUSG00000015451	-0.511096	0.258215	-0.025108	0.020130	-0.096366	0.433176
ENSMUSG00000015452	-0.137893	-0.335512	-0.225120	0.498177	0.694334	-0.108970
ENSMUSG00000015461	-0.182822	0.007440	-0.128080	-0.203430	0.070818	0.487103
ENSMUSG00000015468	0.092623	0.544572	-0.372813	-0.009949	0.129101	-0.367954
ENSMUSG00000015474	-0.088584	-0.478447	-0.026410	-0.738328	0.118985	0.513239
ENSMUSG00000015478	0.244063	0.006830	-0.016416	-0.299597	0.091014	0.437513
ENSMUSG00000015522	0.332206	-0.283427	0.066963	0.283798	0.215281	0.228260
ENSMUSG00000015533	0.484665	0.158526	-0.166669	-0.032766	0.188767	0.057290
ENSMUSG00000015536	0.576108	-0.689488	-0.128051	0.355169	0.205423	0.525161
ENSMUSG00000015568	-0.055021	-0.003176	0.004662	0.044208	-0.654807	0.270747
ENSMUSG00000015575	0.348063	-0.324102	0.745869	-0.193631	-0.349161	-0.023138
ENSMUSG00000015605	-0.084499	0.193898	-0.376635	-0.124393	0.091650	0.005817
ENSMUSG00000015619	0.055458	0.265750	-0.717791	0.233565	0.246178	-0.128151
ENSMUSG00000015647	-0.193615	-0.401860	0.240577	-0.174328	-0.441836	0.161754
ENSMUSG00000015656	-0.318621	0.176513	0.175923	0.548388	0.197973	-0.467917
ENSMUSG00000015665	-0.665862	-0.277256	0.044668	-0.053914	-0.030778	-0.064488
ENSMUSG00000015668	-0.195591	0.129191	0.104470	0.359518	0.538966	0.159413
ENSMUSG00000015671	-0.709611	0.038370	-0.133119	0.906103	0.334621	-0.079256
ENSMUSG00000015672	0.102339	0.149200	0.093302	0.043062	0.225534	-0.245069
ENSMUSG00000015697	-0.366799	0.076047	0.113575	-0.335709	-0.328614	0.412482
ENSMUSG00000015709	-0.381739	0.341964	-0.438009	0.118004	-0.218952	0.153740
ENSMUSG00000015711	0.437479	-0.162147	-0.188737	-0.217061	-0.291472	-0.334853
ENSMUSG00000015714	-0.379928	-0.213154	-0.024004	0.509673	0.264059	0.146759
ENSMUSG00000015733	-0.123501	0.352653	0.236823	0.004073	0.377017	-0.492451
ENSMUSG00000015747	0.476511	0.039832	-0.157760	-0.014981	-0.017270	-0.331509
ENSMUSG00000015748	-0.246666	0.225259	-0.515283	-0.417146	0.166263	-0.253339
ENSMUSG00000015750	0.097340	-0.073019	-0.389197	-0.379342	0.349742	-0.099827
ENSMUSG00000015755	-0.422895	0.251461	-0.494364	0.777186	-0.113776	0.161177
ENSMUSG00000015757	-0.143051	0.226975	0.732784	-0.006830	-0.028072	-0.278807
ENSMUSG00000015759	-0.039725	0.196922	-0.212956	-0.125514	0.595986	0.459654
ENSMUSG00000015787	-0.058764	0.487349	0.196913	0.208067	0.181451	0.214990
ENSMUSG00000015790	0.331121	0.019586	0.455053	-0.183950	0.364073	-0.120368
ENSMUSG00000015806	0.188127	0.073837	-0.250920	0.020208	0.229154	0.148783
ENSMUSG00000015812	-0.358415	0.072546	-0.002638	-0.831591	-0.147253	-0.041005
ENSMUSG00000015829	0.263230	0.239231	0.375941	0.225153	-0.072865	-0.280187
ENSMUSG00000015837	-1.189242	-0.582936	-0.271213	-0.202584	-1.520281	-0.531996
ENSMUSG00000015839	-0.774876	0.107537	-0.190620	-1.347744	-1.029635	-0.661828
ENSMUSG00000015843	0.495982	0.352654	-0.317151	0.229407	0.109573	0.074804
ENSMUSG00000015846	0.243642	-0.375541	0.115138	0.195421	-0.175603	0.211817
ENSMUSG00000015850	0.028286	0.032692	0.364452	-0.105439	-0.239065	-0.383540
ENSMUSG00000015880	-0.220100	-0.702845	-0.243948	0.450204	0.292392	0.027366
ENSMUSG00000015889	0.373835	0.061979	0.460919	-0.579254	-0.322786	-0.595040
ENSMUSG00000015890	-0.142949	0.024647	-0.543646	0.121632	0.028410	0.180887
ENSMUSG00000015937	0.378851	-0.036547	-0.650861	-0.876310	-0.115735	-0.342925
ENSMUSG00000015944	-0.396916	-0.102548	-0.432038	0.137110	-0.062721	0.161031
ENSMUSG00000015947	0.736893	-0.174860	-0.144104	-0.349041	0.302325	-0.249006
ENSMUSG00000015950	-0.497080	-0.623333	0.259730	0.536683	0.329561	-0.145446
ENSMUSG00000015957	-0.290989	-0.117452	0.287262	-0.132780	0.014720	0.348869
ENSMUSG00000015961	0.169213	0.117868	0.452695	0.315582	-0.047639	0.084030
ENSMUSG00000015966	-0.107044	-0.274891	0.290626	-0.726597	-0.697920	-0.414516
ENSMUSG00000015968	0.309559	-0.162424	-0.016282	-0.068255	-0.618728	-0.681624
ENSMUSG00000015970	-0.266213	-0.124383	-0.332713	-0.084769	-0.107490	0.366711
ENSMUSG00000015971	0.061073	0.391963	0.004828	0.066609	0.363882	0.051136
ENSMUSG00000015994	-0.029706	0.094432	0.064590	-0.145340	-0.232649	0.607649
ENSMUSG00000016018	-0.034571	-0.368613	0.028697	-0.269741	-0.563888	0.301483
ENSMUSG00000016024	-0.238491	0.584974	-0.503494	0.210700	0.165712	0.347993
ENSMUSG00000016128	0.299905	0.336341	0.575793	0.606993	0.249239	-0.131701
ENSMUSG00000016179	-0.013218	0.029621	0.458792	-0.013087	-0.481036	1.057099
ENSMUSG00000016194	-0.052498	0.505564	-0.158999	0.077960	-0.024014	0.546611
ENSMUSG00000016206	0.034823	0.301765	0.041183	0.087417	0.218422	0.074633
ENSMUSG00000016252	0.441799	0.299142	0.306241	-0.271433	-0.144312	0.388816
ENSMUSG00000016253	-0.105219	-0.483374	0.323424	0.508501	0.332871	-0.245436
ENSMUSG00000016255	-0.158209	-0.434123	0.173570	0.298060	0.113289	-0.026043
ENSMUSG00000016256	0.043716	-0.484056	-0.370356	-0.170778	0.282088	0.388509
ENSMUSG00000016283	0.391360	-0.143283	0.309529	-0.432250	0.304415	0.573615
ENSMUSG00000016308	0.406402	0.731659	0.192594	0.304609	0.152910	-0.293607
ENSMUSG00000016319	-0.384255	-0.344821	-0.089386	0.345327	-0.354928	-0.210172
ENSMUSG00000016327	0.519258	-0.213770	0.456554	0.273079	-0.357992	-0.234476
ENSMUSG00000016346	-0.274319	0.541022	0.260608	-0.167687	-0.552744	0.056785
ENSMUSG00000016349	0.019613	-0.284585	-0.637179	-0.322336	0.591223	0.284134
ENSMUSG00000016356	-0.196670	-0.625669	0.441793	-0.372283	-0.078620	-0.134922
ENSMUSG00000016409	-0.082998	-0.039862	-0.135559	0.056936	-0.070121	-0.056728
ENSMUSG00000016427	-0.043751	-0.516796	0.160157	0.093645	0.084785	-0.572195
ENSMUSG00000016477	0.272934	-0.177556	0.232397	0.839169	-0.446081	0.076112
ENSMUSG00000016481	0.533877	0.342858	0.144394	0.845471	-0.199703	0.047394
ENSMUSG00000016487	-0.211482	-0.160471	0.305988	0.263564	-0.551575	-0.014167
ENSMUSG00000016493	0.198566	-0.143528	0.175092	-0.342635	0.410151	0.415205
ENSMUSG00000016494	-0.338417	0.294464	0.263782	0.005337	-0.077139	-0.041875
ENSMUSG00000016496	0.064175	-0.136010	-0.574199	-0.363012	-0.736056	-1.031092
ENSMUSG00000016498	-0.093392	0.097382	0.513230	-0.204708	0.157522	0.200092
ENSMUSG00000016503	-0.222644	-0.193662	0.364740	0.555598	-0.088137	0.536616
ENSMUSG00000016524	-0.206160	0.155797	0.360266	-0.409836	-0.420101	0.255236
ENSMUSG00000016528	0.620806	0.720367	0.007451	-0.651701	0.181871	0.644502
ENSMUSG00000016529	-0.132320	0.290610	-0.352792	-0.618583	-0.119308	-0.264143
ENSMUSG00000016534	0.085096	-0.168149	0.512302	-0.192948	-0.221985	-0.090388
ENSMUSG00000016554	-0.356348	0.089729	-0.586022	-0.107849	0.179155	-0.359489
ENSMUSG00000016559	-0.479141	-0.425213	-0.104911	-0.460955	-0.102403	0.072097
ENSMUSG00000016619	0.115715	-0.205022	-0.218487	-0.101617	0.355546	0.008464
ENSMUSG00000016637	-0.263108	-0.068913	0.570686	0.187877	-0.116321	0.011994
ENSMUSG00000016756	0.354175	0.414241	0.821770	-0.076303	0.375200	-0.092294
ENSMUSG00000016757	-0.079234	-0.123046	-0.487016	-0.301149	0.116325	-0.087163
ENSMUSG00000016758	-0.238795	0.143553	0.191456	0.169632	0.139204	-0.423159
ENSMUSG00000016833	-0.242299	-0.074527	0.184280	-0.358348	0.190456	-0.324153
ENSMUSG00000016921	0.250949	0.002741	-0.163865	-0.133686	-0.470339	0.045912
ENSMUSG00000016933	-0.065142	0.053439	0.589696	0.242003	-0.156488	0.004880
ENSMUSG00000016942	0.085941	0.295916	0.449840	0.162646	-0.607125	-0.002948
ENSMUSG00000016995	-0.434174	0.064435	0.217959	-0.618399	-0.073255	0.140763
ENSMUSG00000017002	0.480613	-0.360608	0.122220	0.015142	0.232877	-0.268819
ENSMUSG00000017003	0.451915	0.015469	1.001619	-0.023434	0.020744	0.572623
ENSMUSG00000017007	0.255491	0.595250	-0.483604	-0.426574	-0.252974	-0.609975
ENSMUSG00000017009	0.180483	0.211257	0.069552	0.165900	0.025528	0.143809
ENSMUSG00000017057	-0.305877	0.100907	0.230506	0.012862	-0.030778	-0.099642
ENSMUSG00000017064	0.685044	0.080420	0.082675	-0.048864	-0.020415	0.329113
ENSMUSG00000017119	-0.429419	-0.239516	0.270999	-0.061619	-0.277094	0.197072
ENSMUSG00000017132	0.121129	-0.194697	0.434076	-0.278182	-0.556799	0.037833
ENSMUSG00000017144	0.034520	0.099229	0.218111	-0.245958	0.342473	-0.349255
ENSMUSG00000017146	-0.855184	-0.807357	-0.789197	-0.575425	-0.471575	-1.532124
ENSMUSG00000017165	0.174945	-0.764881	-0.205169	-0.067307	0.419907	-0.591637
ENSMUSG00000017167	-0.173293	0.489121	0.793328	0.094178	-0.258439	0.369521
ENSMUSG00000017176	-0.262149	-0.596766	-0.083185	-0.300190	0.225356	-0.104914
ENSMUSG00000017188	-0.008070	-0.416245	-0.009079	0.419612	-0.168417	0.389742
ENSMUSG00000017210	0.070623	0.265045	0.023550	0.695669	-0.536022	0.434801
ENSMUSG00000017221	-0.222621	0.212345	-0.183141	-0.305750	0.211395	-0.458864
ENSMUSG00000017264	-0.287225	-0.880422	0.179764	-0.264754	-0.679052	0.177031
ENSMUSG00000017288	0.340359	-0.271684	-0.139982	-0.041335	0.040729	0.170855
ENSMUSG00000017291	-0.028576	0.055816	-0.012072	-0.000586	-0.103319	0.125377
ENSMUSG00000017299	0.022193	0.516533	-0.003423	0.037510	0.199157	-0.387384
ENSMUSG00000017300	0.204839	-0.186173	-0.037206	0.079319	-0.741871	-0.035481
ENSMUSG00000017307	0.459423	0.005156	0.032375	0.532375	0.359458	-0.181833
ENSMUSG00000017309	0.247010	-0.241599	0.073965	0.359342	-0.342367	-0.529146
ENSMUSG00000017311	-0.059849	-0.121177	0.052617	-0.179057	0.181338	0.159993
ENSMUSG00000017316	0.105118	0.203803	0.132584	0.412529	0.273010	-0.328733
ENSMUSG00000017344	-0.335891	-0.510598	0.279725	-0.017411	0.215746	-0.082229
ENSMUSG00000017376	0.219466	0.584083	0.662302	0.358496	0.446860	-0.311504
ENSMUSG00000017386	-0.131665	-0.377713	0.291115	0.138648	0.031379	-0.464846
ENSMUSG00000017390	-0.073964	0.202064	0.105848	0.419477	-0.259759	-0.799992
ENSMUSG00000017404	0.104775	-0.537624	-0.828734	-0.914416	-0.471702	-0.387701
ENSMUSG00000017412	-0.156587	0.110660	-0.416732	0.459841	-0.408926	-0.020843
ENSMUSG00000017428	0.086553	0.320604	-0.001392	-0.363687	0.398147	0.789241
ENSMUSG00000017453	0.634265	-0.283611	-1.026638	0.069287	0.460175	0.221177
ENSMUSG00000017478	0.315138	0.064472	-0.373909	-0.147676	-0.759044	0.320400
ENSMUSG00000017485	0.547321	-0.492553	0.044111	-0.230651	-0.178048	-0.285452
ENSMUSG00000017491	0.246303	-0.206816	-0.538079	-0.374483	-0.084627	0.156588
ENSMUSG00000017493	-0.172888	0.217591	-0.569348	0.772851	0.294574	-0.358381
ENSMUSG00000017499	0.222263	-0.350863	0.242908	-0.111987	0.366341	-0.263097
ENSMUSG00000017548	0.303844	0.254374	-0.097444	0.227656	0.048872	-0.206792
ENSMUSG00000017588	-0.313712	-0.314900	-0.215133	-0.066883	-0.119432	-0.377865
ENSMUSG00000017607	-0.750746	-0.286694	0.479740	-0.019182	-0.965525	-0.014240
ENSMUSG00000017615	0.205249	0.043334	-0.085128	-0.291912	-0.488765	0.006949
ENSMUSG00000017631	-0.384227	0.267300	-0.085368	0.188053	-0.135086	-0.159246
ENSMUSG00000017652	0.332874	0.594794	0.025554	-0.158516	-0.055571	-0.649034
ENSMUSG00000017670	0.223430	-0.434871	-0.466501	-0.113490	-0.197321	0.416745
ENSMUSG00000017677	0.093665	-0.367805	0.519344	0.421462	-0.099670	0.364639
ENSMUSG00000017686	-0.343742	-0.529724	-0.220589	-0.266223	0.719808	0.567875
ENSMUSG00000017688	-0.377867	0.005955	0.044531	-0.573772	-0.275829	-0.937627
ENSMUSG00000017697	0.243218	-0.427853	0.456555	0.475185	-0.461898	-0.045763
ENSMUSG00000017707	-0.232404	-0.086851	-0.369520	-0.137558	0.664918	-0.501687
ENSMUSG00000017713	0.427243	-0.045787	-0.039970	0.150675	0.279078	0.037556
ENSMUSG00000017715	0.539489	0.136835	-0.641815	0.089191	0.198857	-0.342402
ENSMUSG00000017716	-0.427396	0.049008	-0.223439	-0.329221	0.272148	-0.070119
ENSMUSG00000017718	0.909041	0.221875	0.192506	0.118222	-0.100407	0.663628
ENSMUSG00000017721	-0.206495	0.467689	0.249250	-0.360401	0.057692	0.416100
ENSMUSG00000017724	0.330769	0.047921	0.150809	0.321400	0.484505	0.192210
ENSMUSG00000017733	-0.236199	-0.588999	-0.147951	-0.101782	0.615132	0.799097
ENSMUSG00000017737	-0.172276	-0.486223	-0.308607	0.024482	0.488035	-0.670755
ENSMUSG00000017740	0.000576	0.321276	-0.422636	0.922861	-0.512104	-0.264760
ENSMUSG00000017747	-0.155982	0.269405	-0.020695	-0.642969	0.445054	0.558799
ENSMUSG00000017754	-0.172485	-0.242905	0.284906	0.798453	-0.372911	-0.051390
ENSMUSG00000017756	-0.176649	0.483043	0.769308	0.043133	-0.009149	-0.008192
ENSMUSG00000017760	0.438667	0.179024	0.018600	0.313524	0.431014	-0.438914
ENSMUSG00000017765	-0.712906	-0.069313	-0.247237	-0.139428	0.121012	-0.018355
ENSMUSG00000017774	0.675959	0.312766	-0.679247	-0.224825	0.153137	-0.547468
ENSMUSG00000017776	0.534541	0.362293	0.139264	0.359057	0.900977	0.938681
ENSMUSG00000017778	-0.354712	-0.104649	-0.275826	0.207113	-0.191878	-0.382661
ENSMUSG00000017801	-0.492707	0.188431	-0.257009	0.314769	-0.217463	0.369419
ENSMUSG00000017830	0.134290	-0.089957	-0.156308	-0.155136	0.575446	-0.300903
ENSMUSG00000017831	-0.716123	0.486157	0.449013	0.169722	-0.376362	0.491153
ENSMUSG00000017837	0.289969	-0.009347	-0.380061	-0.338552	-0.113177	0.272082
ENSMUSG00000017843	0.680329	0.502184	-0.543823	0.020217	0.062846	-0.269145
ENSMUSG00000017858	0.115515	0.317856	-0.331060	-0.273390	0.746875	0.662628
ENSMUSG00000017861	0.678024	-0.046091	0.175240	0.320045	0.360809	-0.979821
ENSMUSG00000017868	-0.162985	-0.146505	0.241761	-0.165864	0.204798	-0.471926
ENSMUSG00000017897	-0.267940	0.396430	-0.337294	0.333714	0.114229	-0.545212
ENSMUSG00000017929	-0.485806	-0.274516	0.112511	-0.321752	0.149122	0.515368
ENSMUSG00000017950	0.132200	0.495520	-0.026405	-0.316387	0.079692	0.575876
ENSMUSG00000017969	0.578813	-0.091134	0.276092	-0.287151	0.000404	0.168638
ENSMUSG00000018001	0.163918	0.225148	0.036818	-0.180015	0.102414	-0.000885
ENSMUSG00000018008	-0.414884	-0.194167	-0.210863	-0.002150	-0.662731	0.149993
ENSMUSG00000018012	-0.014500	0.335415	-0.119438	0.327022	-0.323931	-0.275746
ENSMUSG00000018040	0.379960	-0.103837	-0.022443	0.063195	-0.178873	0.636506
ENSMUSG00000018042	0.456170	-0.012346	-0.343715	0.038038	-0.159632	0.282988
ENSMUSG00000018068	0.116748	-0.300048	-0.172297	-0.089672	0.218794	-0.205013
ENSMUSG00000018076	-0.256863	0.070336	0.424202	0.711326	-0.229951	-0.768438
ENSMUSG00000018102	0.429492	0.112076	-0.731740	-0.529113	-0.103709	-0.484909
ENSMUSG00000018126	-0.085078	0.739326	-0.013019	-0.008413	-0.444475	-0.533561
ENSMUSG00000018143	0.185925	0.132996	-0.098486	-0.027880	-0.349725	0.298529
ENSMUSG00000018160	0.017765	0.682572	0.511388	0.367311	0.167191	0.642067
ENSMUSG00000018166	-0.549165	-0.930356	-1.319677	-0.979622	-0.592300	-0.401257
ENSMUSG00000018167	0.264112	0.032385	0.330136	0.195979	-0.118906	0.714465
ENSMUSG00000018169	0.573919	0.149822	0.348560	-0.339655	0.006703	0.019467
ENSMUSG00000018171	0.562121	0.337747	-0.475484	-0.593983	-0.055020	-0.158131
ENSMUSG00000018189	-0.190927	-0.237687	-0.154343	-0.156961	0.157664	-0.523404
ENSMUSG00000018209	-0.469766	-0.074227	-0.382305	0.173974	-0.315403	-0.017942
ENSMUSG00000018217	-0.045661	0.340237	0.004901	0.004022	0.019354	-0.711773
ENSMUSG00000018238	-0.163743	0.242135	-0.045179	-0.727963	0.212643	0.064622
ENSMUSG00000018263	0.268413	0.192010	0.045823	-0.081035	-0.408034	0.723934
ENSMUSG00000018286	-0.274462	-0.134329	0.394588	-0.433726	0.682972	0.244474
ENSMUSG00000018293	0.358485	-0.203072	-0.246699	-0.256708	-0.271062	0.413212
ENSMUSG00000018326	0.052196	-0.378173	-0.182748	-0.050699	-0.207545	0.317484
ENSMUSG00000018334	0.374695	-0.301542	-0.392369	0.496140	0.030717	0.460568
ENSMUSG00000018339	0.053107	-0.019350	-0.531760	-0.283776	-0.253309	-0.071537
ENSMUSG00000018341	0.323754	-0.352499	-0.326991	0.188656	0.391800	-0.348383
ENSMUSG00000018347	0.521050	-0.033527	0.318074	0.255611	-0.040859	-0.047128
ENSMUSG00000018362	0.281330	0.417953	0.520463	0.177128	0.248226	0.278952
ENSMUSG00000018363	-0.080175	-0.927139	-0.548655	-0.469738	-0.951403	-1.133864
ENSMUSG00000018379	0.184720	0.083005	0.043616	-0.229154	0.165389	-0.859052
ENSMUSG00000018395	-0.171022	-0.611156	0.123354	-0.554716	-0.016377	-0.044897
ENSMUSG00000018401	-0.343894	0.083920	0.120583	-0.585519	-0.525722	0.210662
ENSMUSG00000018411	0.317204	0.619415	0.349386	0.175775	-0.300089	0.595728
ENSMUSG00000018412	-0.132361	0.114596	-0.085261	-0.204785	0.477298	-0.301096
ENSMUSG00000018415	-0.019282	-0.301855	0.346109	-0.103175	-0.054753	0.506726
ENSMUSG00000018433	0.371345	-0.735197	-0.495262	0.289727	0.681784	0.420098
ENSMUSG00000018442	0.436362	0.025269	-0.100635	0.333210	-0.382491	0.146928
ENSMUSG00000018459	0.142571	-0.371911	-0.081856	-0.002745	-0.421663	0.492915
ENSMUSG00000018474	-0.255549	0.671803	-0.256144	0.118840	0.182284	0.186195
ENSMUSG00000018476	-0.180402	-0.153295	0.693458	-0.114166	-0.866610	0.027223
ENSMUSG00000018486	0.482802	0.172851	-0.103785	0.018658	-0.157125	-0.458926
ENSMUSG00000018500	-0.096853	-0.232535	0.230217	0.121313	-0.456412	0.235858
ENSMUSG00000018501	-0.048131	-0.294209	0.227470	-0.442262	0.212447	0.923466
ENSMUSG00000018507	0.525468	-0.337887	-0.262978	-0.126401	0.161511	0.214610
ENSMUSG00000018537	-0.347663	-0.106113	0.015343	0.526428	-0.188953	-0.009349
ENSMUSG00000018541	-0.051718	0.326624	-0.074041	0.832218	0.123823	0.626639
ENSMUSG00000018547	0.472931	0.054401	0.246853	0.126099	0.086724	-0.006041
ENSMUSG00000018548	-0.272959	0.260118	-0.387902	0.389470	0.085117	-0.556045
ENSMUSG00000018559	-0.028609	0.435274	0.181914	-0.261549	-0.143415	0.550964
ENSMUSG00000018566	0.556540	0.011582	-0.456340	0.453039	0.308830	-0.271453
ENSMUSG00000018567	-0.331483	0.042282	0.058013	-0.196885	-0.207251	0.160994
ENSMUSG00000018569	0.465435	0.365863	0.454249	-0.410694	0.085434	0.267506
ENSMUSG00000018574	-0.221753	-0.154914	-0.137347	0.400750	0.150443	-0.448592
ENSMUSG00000018581	0.308912	-0.066099	0.109857	-0.440626	0.053296	0.165927
ENSMUSG00000018585	-0.235492	0.003169	-0.081709	0.063927	-0.313819	0.136834
ENSMUSG00000018589	-0.622835	0.144579	-0.193003	-0.244511	0.192186	0.026265
ENSMUSG00000018593	-0.722100	-0.020907	-0.353669	0.092357	-0.184997	-0.007353
ENSMUSG00000018604	0.127304	-0.386111	0.692442	0.344416	0.076543	0.035120
ENSMUSG00000018620	0.439317	0.007099	-0.058287	0.114859	0.378658	0.110718
ENSMUSG00000018623	0.211027	0.100409	-0.014550	-0.300674	0.866684	0.161829
ENSMUSG00000018634	0.455773	-0.202492	0.050998	-0.796815	-0.272808	0.408121
ENSMUSG00000018651	0.123408	-0.018914	0.247421	-0.293590	0.295282	-0.169114
ENSMUSG00000018659	0.406083	0.112979	0.400761	-0.188368	0.029100	0.527016
ENSMUSG00000018661	-0.419114	-0.147694	0.017131	0.246426	0.920454	0.063230
ENSMUSG00000018672	0.005607	-0.752613	-0.245921	0.075125	-0.934960	0.161271
ENSMUSG00000018707	0.390338	-0.409841	-0.160548	-0.334392	-0.530573	-0.260533
ENSMUSG00000018733	0.008184	0.130061	-0.039786	-0.400356	-0.152380	-0.245282
ENSMUSG00000018736	-0.180492	-0.675570	-0.028978	-0.022128	0.099439	-0.229098
ENSMUSG00000018770	-0.148119	0.031105	-0.589734	0.447455	-0.553869	0.011041
ENSMUSG00000018774	-0.390096	0.123831	-0.081835	0.519663	0.223652	0.724043
ENSMUSG00000018796	0.145306	-0.224666	-0.866015	-0.070312	0.100325	-0.131376
ENSMUSG00000018800	-0.285214	0.186101	0.649168	-0.614286	0.068607	-0.497368
ENSMUSG00000018819	-0.026236	0.273173	-0.338252	0.119651	-0.099867	-0.350139
ENSMUSG00000018822	0.122751	-0.106718	0.352520	0.479127	0.315601	-0.292793
ENSMUSG00000018830	-0.433434	-0.158208	0.249162	-0.624566	-0.146205	0.322133
ENSMUSG00000018841	-0.081978	-0.530617	-0.291853	-0.047951	-0.195964	-0.570746
ENSMUSG00000018846	-0.334579	-0.703350	0.259551	0.049642	0.070752	0.227528
ENSMUSG00000018848	0.487078	0.132064	-0.191617	-0.116713	-0.269336	-0.087418
ENSMUSG00000018849	0.159451	-0.514247	-0.534136	0.022513	0.350498	-0.320339
ENSMUSG00000018858	-0.138017	0.168574	-0.043051	0.005875	-0.043245	0.425581
ENSMUSG00000018861	-0.208799	-0.063360	-0.310103	0.247901	0.137597	-0.191527
ENSMUSG00000018865	-0.528686	0.580666	-0.285798	0.334576	-0.769134	-0.101377
ENSMUSG00000018868	0.269992	-0.094268	-0.455691	-0.347948	0.559490	0.170011
ENSMUSG00000018882	-0.389763	0.324235	-0.179098	0.141632	-0.067332	-0.099826
ENSMUSG00000018893	-0.385686	-0.184042	0.518939	0.071021	-0.263318	0.005432
ENSMUSG00000018899	-0.495671	-0.113486	-0.402839	-0.374749	0.134334	0.768938
ENSMUSG00000018900	-0.281727	0.005515	-0.122761	-0.085646	0.267002	0.029900
ENSMUSG00000018906	0.096914	-0.134074	-0.568979	-0.114449	-0.224000	-0.117381
ENSMUSG00000018907	-0.360270	0.020882	0.240465	0.221370	0.108423	-0.006739
ENSMUSG00000018909	0.388431	0.561754	0.102859	-0.133303	0.401193	-0.573756
ENSMUSG00000018914	-0.215624	0.021047	-0.078141	0.002180	0.029059	-0.227416
ENSMUSG00000018916	-0.225021	0.409457	-0.147161	-0.212852	-0.350581	0.309188
ENSMUSG00000018920	-0.078486	0.688332	-0.502580	-0.070541	0.087974	-0.113950
ENSMUSG00000018921	0.131580	-0.240537	0.138080	0.512124	-0.529521	0.244393
ENSMUSG00000018924	0.411349	0.268323	-0.569988	0.077748	0.134554	0.021817
ENSMUSG00000018927	-0.650704	-0.912291	0.202443	0.173760	0.608317	0.208490
ENSMUSG00000018930	0.436335	0.344895	-0.309747	0.302430	-0.168376	0.170732
ENSMUSG00000018932	-0.147137	-0.557752	-1.111973	-0.470315	-1.323233	-0.910035
ENSMUSG00000018965	0.182493	0.156459	-0.036199	-0.300972	-0.036047	-0.471635
ENSMUSG00000018983	-0.096589	-0.279119	-0.588949	0.345290	0.048651	0.128016
ENSMUSG00000018995	0.218504	-0.662092	0.277002	0.581753	0.078055	0.615435
ENSMUSG00000018999	-0.144219	-0.361943	-0.553421	0.440334	0.102309	0.453270
ENSMUSG00000019027	0.308707	0.751088	0.663194	0.487070	0.730708	-0.554684
ENSMUSG00000019054	-0.151255	-0.829882	0.330790	0.030961	-0.445402	-0.079483
ENSMUSG00000019055	0.694480	0.129389	0.123376	0.145047	0.661173	0.340754
ENSMUSG00000019066	0.103726	0.477056	0.434735	-0.316422	-0.253123	-0.592535
ENSMUSG00000019082	0.445309	0.249619	-0.481289	0.278331	-0.176597	-0.247274
ENSMUSG00000019087	-0.542080	-0.246891	0.606828	-0.412067	0.131188	0.332302
ENSMUSG00000019088	0.421076	-0.213342	0.229294	0.120522	-0.146064	0.532124
ENSMUSG00000019102	-0.330303	0.141818	0.032576	-0.121380	-0.777112	0.629102
ENSMUSG00000019122	0.218480	-0.587651	0.137346	0.102425	0.104343	0.013364
ENSMUSG00000019139	0.815477	-0.196132	0.434021	-0.118223	0.096975	0.122082
ENSMUSG00000019143	0.251166	-0.381199	0.232437	-0.047061	0.052778	0.607949
ENSMUSG00000019146	0.460996	0.225446	0.102330	0.500089	0.191215	-0.733049
ENSMUSG00000019173	0.270565	-0.341154	-0.091988	-0.310674	-0.240120	-0.416228
ENSMUSG00000019179	-0.313498	0.135887	-0.817002	0.084666	0.018711	-0.037772
ENSMUSG00000019188	0.112774	-0.336710	0.183223	-0.025254	0.236714	-0.330154
ENSMUSG00000019194	-0.085659	0.790995	-0.568421	-0.231954	-0.268568	0.154901
ENSMUSG00000019210	0.259464	-0.252836	0.223420	0.458408	-0.030406	-0.769902
ENSMUSG00000019214	-0.138145	-0.272363	0.157307	0.438216	0.071417	-0.152188
ENSMUSG00000019232	0.086108	-0.681827	-0.456357	-0.185617	0.574256	-0.048820
ENSMUSG00000019254	-0.192792	0.598021	-0.282795	-0.173656	0.279036	-0.150406
ENSMUSG00000019256	-0.782490	-0.502874	0.731546	-0.462740	-0.153420	0.214635
ENSMUSG00000019278	-0.105302	-0.208746	0.235463	-0.203175	0.407353	-0.709829
ENSMUSG00000019301	0.317779	-0.118628	-0.004245	0.493142	1.056673	0.160422
ENSMUSG00000019302	-0.061222	0.371793	-0.130423	0.792487	0.238656	-0.362055
ENSMUSG00000019312	-0.695570	-0.469605	0.093978	0.088054	0.004070	0.118701
ENSMUSG00000019320	-0.293225	-0.120392	0.089865	-0.106433	0.291459	0.354472
ENSMUSG00000019326	0.271460	0.532817	0.285727	0.319904	-0.161200	-0.231760
ENSMUSG00000019370	-0.134470	-0.413669	0.242968	0.005149	0.137265	0.384391
ENSMUSG00000019373	-0.001904	0.056081	0.064600	-0.267046	-0.340659	0.963171
ENSMUSG00000019428	0.197083	0.239530	-0.648224	-0.260995	0.248052	0.198305
ENSMUSG00000019429	-0.476644	-0.416198	-0.145466	-0.253345	0.059513	0.015203
ENSMUSG00000019432	0.165036	-0.250428	-0.193513	-0.314055	-0.442065	0.246390
ENSMUSG00000019433	-0.328830	-0.275429	0.498313	0.430262	-0.281773	0.092038
ENSMUSG00000019464	-0.721915	0.109771	-0.236660	-0.643029	0.921199	-0.690886
ENSMUSG00000019467	0.300333	0.232862	0.238363	0.411773	-0.207537	-0.094765
ENSMUSG00000019470	0.424077	0.682090	0.612005	0.404665	-0.414402	0.460915
ENSMUSG00000019471	0.112364	-0.391350	-0.101778	-0.001314	-0.063462	0.365654
ENSMUSG00000019478	-0.437945	-0.157636	-0.073766	0.361293	0.187535	0.505031
ENSMUSG00000019487	0.030669	0.503771	0.246991	-0.037258	0.358899	0.053120
ENSMUSG00000019489	0.371973	0.217015	0.260777	-0.083242	0.280391	0.197707
ENSMUSG00000019494	-0.175295	-0.698812	-0.056425	0.019496	0.053630	-0.201801
ENSMUSG00000019505	-0.616616	-0.745606	-1.488637	-1.013301	-1.254926	-1.170745
ENSMUSG00000019518	-0.223302	0.008585	-0.246979	0.472416	0.362170	0.535849
ENSMUSG00000019528	0.333357	0.173169	-0.359148	-0.079508	-0.010612	-0.381087
ENSMUSG00000019558	-0.515460	-0.126559	0.221853	0.174259	-0.707557	-0.380511
ENSMUSG00000019577	-0.226708	0.001843	0.035088	0.080879	0.334472	0.328981
ENSMUSG00000019578	0.155078	0.134426	-0.144364	0.258193	0.133500	-0.107185
ENSMUSG00000019659	-0.308654	-0.088480	-0.510111	-0.516741	0.194388	0.251704
ENSMUSG00000019699	0.261841	0.187271	0.667031	0.934630	0.890812	1.510129
ENSMUSG00000019710	-0.359741	-0.347496	0.145937	0.527432	0.074966	-0.021057
ENSMUSG00000019715	-0.340814	0.107049	-0.616245	-0.032865	-0.134506	-0.933800
ENSMUSG00000019718	-0.252835	-0.463092	-0.276771	0.029170	-0.208268	0.100273
ENSMUSG00000019738	-0.027762	-0.139664	-0.086372	0.118953	-0.237282	-0.655960
ENSMUSG00000019761	-0.277856	0.160771	0.132074	-0.386047	-0.074775	0.171701
ENSMUSG00000019762	-0.153871	0.539972	0.184233	0.010987	0.263987	-0.355917
ENSMUSG00000019768	-0.212998	0.425181	-0.207909	0.142764	-0.311281	0.549940
ENSMUSG00000019772	0.135905	-0.171375	0.187995	-0.204828	0.009940	-0.248670
ENSMUSG00000019773	0.120036	-0.600571	0.092093	-0.506599	-0.431108	0.292496
ENSMUSG00000019774	0.475420	0.463463	-0.482776	0.188840	0.037708	0.023423
ENSMUSG00000019775	-0.091499	0.235919	0.290934	-0.447284	-0.272128	-0.597612
ENSMUSG00000019777	0.498997	0.545408	0.173783	0.324118	0.488799	-0.005352
ENSMUSG00000019779	-0.473601	-0.768457	-0.802666	-0.829719	-1.648287	-1.614114
ENSMUSG00000019782	-0.109124	0.589083	0.228993	-0.041860	0.256108	0.148125
ENSMUSG00000019785	-0.505460	-0.122326	-0.268636	-0.472744	-0.770571	-0.138449
ENSMUSG00000019787	-0.212660	0.430930	0.362521	0.175568	-0.768293	-0.269132
ENSMUSG00000019789	-0.113279	-0.479319	-0.424942	0.174345	0.046917	0.606692
ENSMUSG00000019795	0.154745	-0.410594	-0.448701	-0.139579	0.058108	-0.103965
ENSMUSG00000019803	-0.285747	-0.217510	0.196807	-0.134210	-0.165047	0.336958
ENSMUSG00000019804	-0.884596	-0.562314	-0.651601	0.022852	-0.254312	-0.122381
ENSMUSG00000019809	-0.135000	-0.124845	-0.115546	0.524806	0.563100	0.109875
ENSMUSG00000019810	0.441818	-0.002238	-0.112862	-0.319823	0.182611	0.067603
ENSMUSG00000019814	0.353149	-0.156658	0.504259	0.371663	0.234834	0.093077
ENSMUSG00000019820	-0.570990	0.532381	0.278175	0.526666	-0.333171	-0.020031
ENSMUSG00000019822	0.077942	-0.030431	0.460793	0.229576	-0.573003	0.038832
ENSMUSG00000019828	0.355291	0.256711	0.326723	0.231876	-0.331280	0.385526
ENSMUSG00000019831	0.227825	0.361847	0.204039	-0.123127	-0.369363	0.001900
ENSMUSG00000019832	0.100183	-0.074364	-1.119964	0.238619	0.402025	-0.033763
ENSMUSG00000019834	0.310861	0.150507	0.138457	-0.094468	0.410651	-0.429328
ENSMUSG00000019837	-0.091182	0.282655	0.404143	0.386384	-0.515072	0.264850
ENSMUSG00000019838	-0.140197	0.132030	0.137686	-0.009723	0.530752	0.063364
ENSMUSG00000019841	0.021137	0.145953	0.317826	0.411286	-0.116197	-0.003097
ENSMUSG00000019842	-0.119733	0.585428	0.422158	0.210088	0.089452	-0.095715
ENSMUSG00000019843	-0.209530	0.376748	0.862379	0.454994	0.942271	0.732367
ENSMUSG00000019846	0.333085	0.142151	-0.441484	-0.364999	0.006659	-0.098152
ENSMUSG00000019848	-0.382828	0.264690	-0.024250	0.020006	-0.329430	-0.076650
ENSMUSG00000019849	-0.203207	-0.828176	0.020420	-0.021622	-0.044838	0.213633
ENSMUSG00000019850	-0.481522	0.365170	-0.821158	-0.956862	-0.988485	-1.109472
ENSMUSG00000019851	0.370199	-0.090905	-0.150772	0.088106	0.184809	0.008853
ENSMUSG00000019853	0.504506	0.354246	-0.499823	0.424297	-0.194808	-0.322529
ENSMUSG00000019854	0.554218	-0.300810	0.042550	0.122097	0.396314	0.444395
ENSMUSG00000019857	0.070844	-0.361142	0.277809	-0.325879	0.230059	-0.377461
ENSMUSG00000019861	0.566223	-0.561476	-0.213483	0.162247	-0.267739	0.443409
ENSMUSG00000019863	-0.023490	-0.137242	-0.132433	-0.086073	0.091620	-0.093539
ENSMUSG00000019865	-0.067987	0.113443	-0.241132	0.145988	-0.242143	0.178182
ENSMUSG00000019868	-0.462999	-0.035043	0.280038	0.105414	0.132954	0.185799
ENSMUSG00000019874	-0.476084	0.208182	0.447261	-0.294728	-0.165742	0.653314
ENSMUSG00000019877	0.711976	-0.339410	-0.295094	-0.351523	-0.007198	-0.539138
ENSMUSG00000019880	-0.049386	0.304738	0.186822	0.319116	0.045876	-0.021852
ENSMUSG00000019883	0.312328	0.416046	-0.071237	-0.318534	-0.298402	0.146658
ENSMUSG00000019888	0.420050	0.175315	-0.655520	0.899696	-0.212707	0.325762
ENSMUSG00000019889	0.572197	-0.053081	-0.169531	-0.554027	-0.480254	-0.463931
ENSMUSG00000019890	0.382316	0.419525	-0.323222	0.309131	0.367018	-0.449808
ENSMUSG00000019894	-0.506257	-0.723054	-0.068649	0.036201	0.348061	-0.086368
ENSMUSG00000019897	-0.518049	-0.410497	0.051575	-0.236896	0.187270	0.535989
ENSMUSG00000019899	-0.420579	0.255366	-0.053918	-0.523063	-0.029031	-0.312250
ENSMUSG00000019905	-0.599495	-0.634749	0.981613	0.012120	-0.195772	0.203773
ENSMUSG00000019906	-0.100481	-0.233651	0.100538	0.535769	-0.432656	-0.265985
ENSMUSG00000019907	0.048582	-0.042527	-0.231483	0.176911	0.188439	-0.303244
ENSMUSG00000019916	-0.305563	0.364319	-0.155964	-0.089697	0.189438	-0.795990
ENSMUSG00000019920	0.020657	-0.314119	-0.078798	0.134224	0.310687	0.642010
ENSMUSG00000019923	0.140160	0.354853	0.268722	0.450705	0.246645	0.574590
ENSMUSG00000019927	0.056009	-0.348791	-0.445957	-0.530862	-1.124378	-0.471092
ENSMUSG00000019929	-0.279622	-0.136093	0.299875	0.075321	0.779145	0.681703
ENSMUSG00000019932	-0.652502	0.081170	0.268147	-0.372977	-0.075237	0.451025
ENSMUSG00000019933	0.096062	-0.242196	-0.068233	0.513553	-0.001886	-0.017586
ENSMUSG00000019935	-0.281208	-0.297097	-0.311505	-0.505943	0.030531	0.005352
ENSMUSG00000019942	0.148716	0.296250	-0.444854	0.014395	0.053089	-0.352049
ENSMUSG00000019943	0.556943	-0.251079	0.643416	-0.155904	-0.031937	-0.388612
ENSMUSG00000019944	0.335646	-0.012701	0.374081	0.615490	-0.678757	0.165642
ENSMUSG00000019947	-0.654037	0.138507	0.100240	0.053662	-0.632582	0.151109
ENSMUSG00000019951	0.085046	-0.148513	0.295690	0.423813	0.250970	0.377550
ENSMUSG00000019960	0.263510	0.263046	-0.185591	0.281696	-0.826100	0.015052
ENSMUSG00000019966	0.168117	0.066518	0.381284	-0.068317	-0.436194	0.016465
ENSMUSG00000019969	-0.052157	-0.036092	0.484389	-0.240427	-0.121944	-0.801712
ENSMUSG00000019970	0.321300	0.264272	0.032962	0.262151	0.511223	0.080753
ENSMUSG00000019977	0.092684	-0.757809	0.059753	-0.478501	0.312098	-0.117485
ENSMUSG00000019978	-0.122603	0.280702	-0.095125	-0.058721	-0.401391	-0.062194
ENSMUSG00000019979	-0.713738	-0.389368	-0.123597	-0.286481	-0.412583	0.057641
ENSMUSG00000019982	0.447246	-0.226422	-0.420585	0.598725	0.206340	0.058854
ENSMUSG00000019987	-0.156964	0.861428	0.187053	-0.183725	-0.248919	-0.145392
ENSMUSG00000019988	0.449705	-0.192331	-0.108034	-0.802620	0.277405	-0.754792
ENSMUSG00000019989	0.157447	0.220867	0.467305	-0.490494	0.062392	-0.554541
ENSMUSG00000019990	0.242806	-0.314586	0.455659	0.332607	0.009257	0.479617
ENSMUSG00000019997	-0.323217	-0.127567	-0.193221	-0.286242	0.571785	0.394447
ENSMUSG00000019998	0.163212	-0.234202	-0.174924	-0.069256	-0.029019	-0.384713
ENSMUSG00000020003	-0.601459	0.543057	0.315271	-0.595070	0.195289	-0.529004
ENSMUSG00000020007	0.252020	-0.175348	0.317318	-0.175601	0.006252	-0.323329
ENSMUSG00000020009	-0.260412	0.047717	0.227983	0.206585	0.286015	0.100193
ENSMUSG00000020010	-0.065340	0.124373	-0.598619	-0.304291	-0.126388	-0.105224
ENSMUSG00000020017	0.000984	0.293443	-0.215235	0.522809	-0.111088	0.061594
ENSMUSG00000020018	-0.084307	-0.236229	0.075838	-0.004120	0.177774	-0.378741
ENSMUSG00000020019	-0.020336	0.201002	0.082568	0.275277	0.646241	0.273990
ENSMUSG00000020020	0.022834	0.128146	-0.184519	0.009643	-0.434312	0.566269
ENSMUSG00000020022	0.574549	-0.637791	-0.426085	-0.575082	-0.472792	0.107135
ENSMUSG00000020024	-0.695132	-0.563220	0.906945	-0.506993	0.223188	-0.101239
ENSMUSG00000020027	0.132841	-0.033971	-0.106514	0.611203	0.173873	-0.002356
ENSMUSG00000020029	-0.124325	0.372702	-0.172515	0.152401	0.000565	0.638706
ENSMUSG00000020032	0.608162	0.212154	-0.272038	0.454159	0.245597	-0.421213
ENSMUSG00000020038	0.027865	0.539783	-0.432535	-0.653200	-0.025524	0.090867
ENSMUSG00000020044	0.421779	0.812345	-0.239618	-0.273656	-0.120757	-0.290846
ENSMUSG00000020048	0.348270	0.317295	0.118634	-0.072409	-0.284393	0.274192
ENSMUSG00000020051	-0.671367	-0.522418	0.508026	-0.767039	-0.354545	0.060298
ENSMUSG00000020053	0.010936	-0.245398	-0.183716	0.109932	0.498931	0.359363
ENSMUSG00000020059	0.541993	0.059571	0.336177	-0.752380	0.317571	-0.552051
ENSMUSG00000020062	0.330862	-0.101345	0.016955	0.170240	0.122658	0.169619
ENSMUSG00000020063	-0.318384	0.323817	0.468516	0.361794	0.029742	-0.075223
ENSMUSG00000020064	-0.231788	0.150939	0.578841	-0.164730	-0.437954	-0.031424
ENSMUSG00000020070	0.277305	0.172937	0.034652	-0.125526	-0.360677	0.516899
ENSMUSG00000020075	-0.528343	-0.006139	-0.126497	0.085032	-0.236981	-0.345410
ENSMUSG00000020077	-0.070577	-0.064295	0.790274	0.139115	0.319052	-0.270835
ENSMUSG00000020078	-0.134695	0.084085	0.308624	-0.529952	-0.347115	-0.525985
ENSMUSG00000020080	-0.663663	0.022559	0.060451	0.117451	-0.427504	-0.132113
ENSMUSG00000020081	-0.222706	-0.120553	-0.139686	0.109925	0.260012	-0.626894
ENSMUSG00000020085	-0.542980	-0.732609	-0.566653	-0.592114	0.259685	-0.695919
ENSMUSG00000020086	-0.107264	0.112307	0.305710	0.396367	0.093602	-0.366113
ENSMUSG00000020087	0.138199	-0.509647	0.063497	0.217496	0.082978	0.263431
ENSMUSG00000020088	-0.006140	0.438893	0.035146	0.455455	-0.452192	-0.432188
ENSMUSG00000020089	-0.311404	-0.506080	-0.083149	0.007012	-0.240270	0.428767
ENSMUSG00000020090	-0.778972	0.094763	0.036176	0.080918	-0.230872	0.090234
ENSMUSG00000020091	0.244953	-0.361246	-0.108223	-0.492667	0.037066	0.355126
ENSMUSG00000020097	0.146148	-0.215681	0.574697	-0.265294	-0.436075	-0.027711
ENSMUSG00000020098	-0.553274	-0.039114	-0.408824	-0.497109	-0.732712	-0.118253
ENSMUSG00000020099	0.761824	0.756432	1.126393	0.478539	1.209720	1.185648
ENSMUSG00000020100	0.360932	0.371609	-0.468795	-0.280020	-0.234105	-0.370382
ENSMUSG00000020101	-0.032440	-0.862513	-0.138902	0.247984	0.399828	-0.239399
ENSMUSG00000020102	0.276358	0.124317	-0.284574	0.269181	-0.219130	-0.187952
ENSMUSG00000020107	0.317568	0.236575	0.227539	-0.083813	0.000376	-0.158679
ENSMUSG00000020108	-0.420404	-0.032630	0.168016	0.423923	0.535504	-0.409394
ENSMUSG00000020111	0.239182	-0.136948	-0.022367	-0.601143	0.662700	0.360146
ENSMUSG00000020114	-0.081532	-0.572134	0.066719	0.170564	-0.544962	-0.743871
ENSMUSG00000020115	-0.835232	0.071686	-0.242855	0.299369	-0.010293	0.583876
ENSMUSG00000020116	0.311587	-0.016419	0.197528	-0.171842	0.185826	0.020365
ENSMUSG00000020120	0.332472	0.160502	-0.016249	-0.142124	-0.241411	-0.124056
ENSMUSG00000020121	-0.359661	0.519445	0.369835	-0.371354	-0.028377	-0.848290
ENSMUSG00000020122	-0.613416	-0.277292	0.415474	0.569779	0.070074	0.020212
ENSMUSG00000020123	0.089849	0.617077	-0.182962	-0.697902	-0.404576	0.615820
ENSMUSG00000020124	0.147420	-0.343458	0.194151	-0.243233	-0.210453	-0.140480
ENSMUSG00000020125	-0.112883	0.576281	0.022749	-0.019023	0.271039	-0.612976
ENSMUSG00000020128	0.516178	-0.089510	0.562101	0.657708	0.436199	-0.379870
ENSMUSG00000020130	-0.525293	-0.028631	-0.370181	-0.187950	0.294986	0.179679
ENSMUSG00000020132	-0.302358	0.242044	0.135612	-0.262201	0.183767	0.148508
ENSMUSG00000020134	-0.557542	-0.574940	-0.495062	-0.934350	-1.530152	-0.963929
ENSMUSG00000020135	-0.169011	0.720505	0.168317	-0.324114	0.025179	-0.369153
ENSMUSG00000020140	0.065796	-0.310993	-0.329131	-0.142377	-0.089096	0.374800
ENSMUSG00000020142	-0.480211	0.281521	0.081074	0.840421	-0.001857	-0.583233
ENSMUSG00000020143	-0.600325	0.445602	-0.677410	-0.294982	-0.893006	0.141684
ENSMUSG00000020149	-0.025789	0.237749	0.049088	0.328184	0.019400	-0.105257
ENSMUSG00000020150	-0.228063	-0.198855	-0.293069	0.015277	-0.290743	0.219791
ENSMUSG00000020151	0.410729	0.403713	-0.087191	0.129157	0.099655	-0.224002
ENSMUSG00000020152	-0.071705	-0.465119	0.822839	0.199845	0.558423	-0.105210
ENSMUSG00000020153	0.451220	0.298713	0.139043	0.364912	-0.268146	0.007680
ENSMUSG00000020154	0.081434	-0.161283	-0.472797	0.065104	0.016508	-0.694593
ENSMUSG00000020155	-0.838410	-0.399954	0.292506	0.122042	0.085626	-0.231565
ENSMUSG00000020159	-0.320534	0.195369	-0.186354	-0.026892	0.066555	-0.964744
ENSMUSG00000020163	-0.351320	-0.408400	-0.005614	0.231728	-0.167584	0.231164
ENSMUSG00000020166	-0.368020	0.228251	-0.502394	-0.003674	0.022012	0.207415
ENSMUSG00000020167	0.013606	0.155755	-0.058073	0.263779	-0.570879	-0.229470
ENSMUSG00000020168	-0.101066	0.472115	-0.074216	0.146686	-0.111450	0.082929
ENSMUSG00000020169	-1.004519	-0.226865	0.398835	0.054086	0.160354	0.861047
ENSMUSG00000020170	-0.416988	0.221285	-0.287297	0.240701	0.247934	0.142044
ENSMUSG00000020171	0.225265	-0.309772	-0.056719	-0.280760	0.170689	-0.464785
ENSMUSG00000020175	0.309729	-0.017978	0.024535	0.266116	-0.674887	0.103560
ENSMUSG00000020176	0.067235	-0.147788	-0.052550	-0.204704	-0.160548	-0.377088
ENSMUSG00000020178	-0.608444	-0.143822	-0.284916	0.301342	-0.397329	-0.233834
ENSMUSG00000020180	-0.297234	0.076892	-0.099001	0.566054	0.013162	-0.649980
ENSMUSG00000020182	-0.338966	0.602815	0.158800	0.259832	-0.268006	-0.262381
ENSMUSG00000020183	-0.096436	-0.509968	-0.235354	-0.317923	0.623795	0.287446
ENSMUSG00000020184	-0.245314	-0.340592	-1.074321	-1.013892	-0.495276	-0.792692
ENSMUSG00000020185	0.047622	-0.452002	-0.013627	-0.280090	-0.520546	-0.234008
ENSMUSG00000020189	0.190412	0.009604	0.319116	-0.412516	-0.041468	-0.284853
ENSMUSG00000020190	-0.381731	0.149299	0.177603	0.014793	0.051621	0.098579
ENSMUSG00000020196	0.000789	0.097438	-0.167378	0.159295	-0.288605	-0.002705
ENSMUSG00000020205	-0.467417	-0.102406	0.111088	-0.471162	-0.438800	0.296103
ENSMUSG00000020218	0.631547	-0.422637	-0.101864	-0.143892	-0.355200	-0.295630
ENSMUSG00000020227	0.134447	-0.431564	0.522324	0.369420	-0.445161	0.115576
ENSMUSG00000020229	-0.215316	0.288558	0.400957	0.112999	-0.638525	-0.134751
ENSMUSG00000020232	-0.146795	0.176746	0.685799	-0.102400	-0.115299	0.878067
ENSMUSG00000020235	0.102773	0.141836	0.033414	-0.079209	0.917092	0.063329
ENSMUSG00000020241	0.503238	0.272379	-0.066460	0.450439	-0.192523	0.027078
ENSMUSG00000020246	0.385745	0.291707	0.106367	0.431319	0.247537	0.580755
ENSMUSG00000020248	-0.658261	-0.320781	-0.052561	0.191047	0.468676	-0.119554
ENSMUSG00000020250	0.088751	0.225853	0.251011	0.480750	0.029794	-0.292459
ENSMUSG00000020256	0.039047	0.198632	0.389302	-0.359951	0.664930	0.110839
ENSMUSG00000020257	0.141118	0.092530	-0.121109	-0.431163	0.349082	0.098902
ENSMUSG00000020258	0.007898	0.156820	-0.194510	0.042964	-0.515388	0.239868
ENSMUSG00000020260	-0.610877	-0.241262	0.171218	-0.263093	-0.186883	-0.127232
ENSMUSG00000020261	-0.206908	0.294389	0.161850	0.608257	-0.268503	-0.390541
ENSMUSG00000020262	-0.156613	0.118744	0.042874	0.227215	0.031048	-0.119370
ENSMUSG00000020264	0.098455	-0.380001	-0.077917	-0.664205	-0.313447	-0.372371
ENSMUSG00000020265	0.093821	0.231431	-0.485095	-0.676113	-0.064163	-0.014965
ENSMUSG00000020267	0.442267	-0.627994	0.227408	0.269344	-0.083304	-0.363206
ENSMUSG00000020268	-0.616549	0.123545	0.118601	-0.407200	-0.129777	-0.267051
ENSMUSG00000020271	-0.430073	-0.246407	-0.003024	0.085808	0.160653	-0.298191
ENSMUSG00000020272	0.171354	-0.014676	-0.882565	-0.540058	0.341836	0.231482
ENSMUSG00000020273	-0.347711	0.000088	-0.047626	0.339460	0.043923	-0.012215
ENSMUSG00000020275	0.229853	0.263675	-0.054788	0.505156	0.266300	-0.335107
ENSMUSG00000020277	-0.099740	0.542381	0.279652	0.314233	0.562025	-0.109205
ENSMUSG00000020279	0.890459	-0.425868	0.607788	0.239591	-0.242435	0.042538
ENSMUSG00000020282	-0.202404	0.065429	-0.346042	-0.256864	0.328925	0.539134
ENSMUSG00000020283	-0.009811	-0.077065	-0.602481	0.075826	-0.304313	-0.348565
ENSMUSG00000020287	0.314350	-0.183963	-0.216445	-0.644342	0.347486	0.066572
ENSMUSG00000020289	0.393535	0.646317	-0.614074	-0.098532	0.430373	0.165014
ENSMUSG00000020290	0.194959	0.351883	-0.112743	0.426372	0.342159	0.311968
ENSMUSG00000020300	0.473243	0.073616	0.210649	-0.064721	0.038345	-0.618263
ENSMUSG00000020303	-0.327572	-0.584858	-0.456170	-0.318715	-0.334184	0.704199
ENSMUSG00000020307	-0.120644	-0.498057	-0.288194	0.442780	-0.302208	-0.225365
ENSMUSG00000020309	-0.669626	-0.252965	-0.290712	0.123186	-0.082577	-0.132379
ENSMUSG00000020310	0.424342	-0.613886	-0.185273	-0.681648	0.028371	-0.229881
ENSMUSG00000020311	-0.277862	-0.341675	-0.053368	-0.378971	0.045772	-0.323832
ENSMUSG00000020312	0.268529	0.535081	0.742268	1.486626	1.256944	0.476061
ENSMUSG00000020315	-0.354892	0.586083	-0.864707	0.248122	0.021188	-0.150720
ENSMUSG00000020321	0.317097	0.841011	0.062911	0.118848	-0.440369	0.356312
ENSMUSG00000020325	-0.145483	-0.003142	0.131008	-0.505519	-0.182168	-0.103231
ENSMUSG00000020326	0.666856	0.065605	0.087821	0.207458	-0.429346	-0.212592
ENSMUSG00000020327	0.212979	0.055672	0.304503	-0.193755	0.368962	-0.388969
ENSMUSG00000020329	0.020389	-0.217061	-0.283451	-0.353625	-0.289581	-0.031155
ENSMUSG00000020330	0.319879	0.411304	0.124912	-0.122434	0.266127	0.537480
ENSMUSG00000020331	0.370927	0.563120	-0.254205	0.277965	0.024776	0.381406
ENSMUSG00000020333	0.640007	-0.089693	0.225801	0.012438	-0.282819	-0.375579
ENSMUSG00000020334	0.008878	0.255227	0.062726	0.138626	0.313817	0.572450
ENSMUSG00000020335	-0.683326	-0.390467	0.119387	0.068780	-0.376758	-0.498118
ENSMUSG00000020340	0.413819	0.194807	-0.212962	0.156921	-0.105944	0.127025
ENSMUSG00000020346	-0.315036	-0.279772	-0.153233	0.272078	-0.308614	0.158026
ENSMUSG00000020349	-0.130506	0.027715	-0.009336	-0.140279	-0.439855	0.175155
ENSMUSG00000020354	-0.358336	0.527911	0.207926	0.196822	-0.395034	-0.780702
ENSMUSG00000020357	0.139253	0.178845	-0.495137	-0.101830	-0.174489	0.012989
ENSMUSG00000020359	0.118452	0.366402	-0.628834	-0.328387	0.053217	0.257997
ENSMUSG00000020361	-0.092023	-0.194459	0.065613	0.247377	-0.510137	0.104980
ENSMUSG00000020362	-0.292413	-0.065940	-0.122625	0.154764	0.450418	0.993126
ENSMUSG00000020363	-0.029331	0.486670	-0.671522	-0.192947	0.207268	-0.074861
ENSMUSG00000020364	0.200328	0.076407	-0.275830	-0.420477	0.239859	0.236490
ENSMUSG00000020366	0.102417	0.256608	0.334656	0.514486	0.997767	0.482541
ENSMUSG00000020368	-0.286680	0.061722	0.328546	-0.011399	-0.044381	0.244183
ENSMUSG00000020372	-0.019007	-0.144853	0.027044	0.343849	0.262560	-0.278535
ENSMUSG00000020375	0.548632	0.288564	0.164560	-0.248612	-0.472461	-0.154192
ENSMUSG00000020376	0.309181	-0.474016	-0.311870	-0.264136	-0.067129	-0.565379
ENSMUSG00000020377	0.008560	-0.508444	0.116721	0.223529	0.127203	-0.094832
ENSMUSG00000020380	0.071905	-0.296922	0.437560	0.772439	-0.599411	0.278696
ENSMUSG00000020383	0.197639	0.291582	0.071708	-0.089575	-1.018471	-0.164499
ENSMUSG00000020386	0.205019	0.443074	-0.195099	-0.477765	0.309103	-0.052706
ENSMUSG00000020387	-0.156452	0.202127	0.360039	0.680413	0.218775	-0.425632
ENSMUSG00000020390	0.218959	0.144607	0.124721	0.409344	-0.138018	0.504105
ENSMUSG00000020393	-0.203631	0.125762	-0.138549	0.564134	-0.220666	0.043453
ENSMUSG00000020395	0.000546	0.069579	-0.303555	-0.327650	-0.360044	-0.088328
ENSMUSG00000020396	-0.083428	0.552113	0.069450	0.015901	0.111540	-0.382693
ENSMUSG00000020399	-0.354105	-0.847564	-0.044928	-0.243021	-0.079195	-0.327638
ENSMUSG00000020402	-0.256346	0.149876	-0.225936	0.252534	-0.014699	-0.136296
ENSMUSG00000020405	0.275551	-0.388957	0.066206	0.526911	0.158791	0.046081
ENSMUSG00000020407	-0.149596	-0.613109	-0.172649	0.170486	0.403817	-0.047931
ENSMUSG00000020409	-0.029664	-0.223910	0.140124	0.310836	0.464582	0.167673
ENSMUSG00000020411	0.075100	-0.138093	-0.062029	-0.446980	0.206393	-0.497993
ENSMUSG00000020412	0.008132	-0.069276	0.283322	0.661233	0.029070	-0.274942
ENSMUSG00000020413	-0.028562	-0.324826	0.258974	-0.330079	0.507309	0.245365
ENSMUSG00000020415	-0.366178	-0.043893	-0.292610	0.306948	0.353638	0.134761
ENSMUSG00000020422	0.020527	-0.393840	-0.297121	-0.024044	0.204787	-0.211470
ENSMUSG00000020423	0.081122	0.163944	-0.090261	-0.571609	0.213575	-1.131247
ENSMUSG00000020424	-0.089128	0.298200	-0.287878	0.227629	0.362357	0.084740
ENSMUSG00000020427	-0.561808	-0.526006	-0.389257	-0.078412	0.570423	-0.028996
ENSMUSG00000020428	0.342074	-0.249331	0.137047	-0.137955	0.090131	-0.201839
ENSMUSG00000020429	0.145222	-0.519063	-0.167348	0.375384	-0.817487	-0.238501
ENSMUSG00000020430	-0.540729	-0.004547	0.083551	0.223278	0.175927	0.662107
ENSMUSG00000020431	0.021605	-0.008992	0.308495	0.208032	-0.360746	-0.216442
ENSMUSG00000020432	-0.368878	-0.852492	0.597121	0.080013	0.051930	-0.544297
ENSMUSG00000020436	-0.011956	0.166694	-0.010893	-0.041601	0.054310	-0.704313
ENSMUSG00000020440	0.122356	0.221683	-0.138793	0.313570	0.597992	-0.098296
ENSMUSG00000020441	-0.111339	0.238754	-0.072369	0.329494	0.628021	0.112090
ENSMUSG00000020444	-0.193519	0.154690	-0.094370	0.150512	-0.220383	0.247929
ENSMUSG00000020448	0.400059	-0.236535	-0.216909	0.147745	-0.103397	0.000226
ENSMUSG00000020451	-0.177510	-0.266074	0.559770	-0.517264	0.312924	0.126660
ENSMUSG00000020455	0.453012	0.329210	0.321953	-0.486676	-0.074814	-0.280689
ENSMUSG00000020456	0.008110	-0.239486	-0.650944	0.655565	0.441532	-0.454329
ENSMUSG00000020457	0.297676	0.215297	-0.329481	-0.561540	0.373851	0.488095
ENSMUSG00000020458	0.483768	-0.113515	0.598513	0.071746	-0.014193	0.137861
ENSMUSG00000020460	-0.195016	-0.539106	-1.074740	-1.418025	-1.596497	-1.409865
ENSMUSG00000020463	-0.446976	0.403424	0.572325	0.077667	-0.059183	0.703153
ENSMUSG00000020469	-0.410474	-0.198332	0.135607	-0.086500	-0.218253	0.097422
ENSMUSG00000020471	-0.068218	0.062403	0.020571	-0.029390	-0.028499	-0.413674
ENSMUSG00000020472	-0.035458	-0.034237	0.287120	0.016365	0.448440	-0.699040
ENSMUSG00000020474	-0.301150	0.779750	-0.148473	-0.337309	0.035017	-0.295675
ENSMUSG00000020475	-0.448608	0.493628	0.519047	-0.057685	-0.034827	0.042428
ENSMUSG00000020477	0.469681	0.083419	-0.033021	0.283396	0.282896	-0.425333
ENSMUSG00000020483	-0.332646	0.118904	-0.225083	0.684417	0.622398	0.087108
ENSMUSG00000020484	-0.147859	0.164237	-0.166786	0.282449	-0.355413	-0.113262
ENSMUSG00000020485	0.031486	-0.605600	0.540564	-0.268947	-0.063993	0.218377
ENSMUSG00000020486	-0.199368	-0.082775	-0.056431	0.031843	-0.239805	-0.315186
ENSMUSG00000020492	0.010240	0.258328	-0.469125	0.083493	0.241212	0.263986
ENSMUSG00000020495	0.377602	-0.195281	-0.260773	-0.062233	-0.207376	-0.007623
ENSMUSG00000020514	-0.266306	0.496377	-0.469934	0.185233	0.830246	-0.678162
ENSMUSG00000020515	-0.446452	0.482772	-0.231799	0.515112	0.212203	-0.002842
ENSMUSG00000020516	-0.108784	-0.348187	-0.330584	0.163172	0.055538	0.128142
ENSMUSG00000020519	-0.165573	0.325310	0.151597	0.199893	-0.234149	-0.008113
ENSMUSG00000020520	0.171113	-0.147500	0.545808	0.011669	-0.304678	0.169907
ENSMUSG00000020524	-0.373066	-0.023329	-0.296449	0.093589	0.167687	-0.125465
ENSMUSG00000020525	-0.514679	-0.252189	0.249270	-0.544738	0.197148	0.100292
ENSMUSG00000020527	-0.213199	0.036450	0.408925	-0.398165	-0.521849	0.438554
ENSMUSG00000020532	0.283221	0.409055	0.224412	0.070720	0.264386	0.124965
ENSMUSG00000020534	-0.408846	0.084067	-0.220494	0.086941	-0.278793	0.193924
ENSMUSG00000020536	0.294520	0.302556	-0.163093	0.154320	-0.346694	0.025106
ENSMUSG00000020537	-0.000763	0.359058	-0.388839	-0.097442	0.310173	0.626181
ENSMUSG00000020538	-0.522743	-0.024268	-0.339959	0.140338	-0.062264	0.180899
ENSMUSG00000020544	-1.169610	-0.265679	0.581495	0.114292	-0.464939	-0.048777
ENSMUSG00000020561	-0.254082	-0.017833	-0.078782	-0.384985	-0.449032	-0.135436
ENSMUSG00000020566	-0.095157	-0.043454	0.093070	-0.548847	0.134335	0.206914
ENSMUSG00000020571	-0.160560	-0.334623	0.095239	-0.004158	-0.470264	-0.401171
ENSMUSG00000020572	-0.311618	0.797579	0.009666	0.306598	-0.111733	0.078153
ENSMUSG00000020573	-0.327563	-0.431258	0.030787	-0.148546	-0.212704	0.416452
ENSMUSG00000020580	-0.497872	-0.105964	-0.690927	0.139315	0.535903	-0.284637
ENSMUSG00000020583	0.182640	0.057780	0.328274	0.661951	0.351268	0.006665
ENSMUSG00000020589	0.802563	-0.189204	0.179862	-0.391915	-0.323504	0.468703
ENSMUSG00000020591	-0.420609	-0.331542	-0.379021	-0.164539	-0.512777	0.477875
ENSMUSG00000020592	0.451486	0.180697	-0.321689	-0.334037	0.154029	0.334985
ENSMUSG00000020593	-0.507259	0.064435	-0.152717	0.006200	0.456013	0.072440
ENSMUSG00000020594	-0.000535	-0.207111	-0.298441	0.526797	-0.178844	0.041119
ENSMUSG00000020598	0.071359	-0.355081	0.364712	0.484710	0.303919	-0.042449
ENSMUSG00000020599	-0.052834	-0.512108	-0.529112	-0.003734	-0.437076	0.064353
ENSMUSG00000020604	0.811572	1.000087	0.204407	0.292467	0.243819	0.215744
ENSMUSG00000020608	0.058690	0.333060	0.434241	0.330871	-0.577555	0.640601
ENSMUSG00000020609	0.105302	-0.013621	0.203429	-0.737513	0.159398	-0.229549
ENSMUSG00000020611	-0.622603	-0.424569	0.540811	-0.438600	0.413980	-0.382473
ENSMUSG00000020612	0.723841	-0.320408	0.207657	-0.247564	0.130487	0.114675
ENSMUSG00000020614	-0.077954	-0.110968	0.286495	-0.888126	-0.304008	-0.705316
ENSMUSG00000020620	0.179127	-0.639990	0.145428	0.206448	0.190718	0.376402
ENSMUSG00000020621	-0.137756	0.393432	0.349495	0.070292	-0.713823	0.347551
ENSMUSG00000020622	0.068327	-0.243394	-0.459111	0.643135	0.037548	0.406678
ENSMUSG00000020623	-0.449240	-0.063839	-0.735740	-0.617468	-0.752596	-0.881110
ENSMUSG00000020628	-0.072939	0.720483	-0.110857	0.460219	-0.417060	-0.805772
ENSMUSG00000020629	-0.239786	-0.261416	-0.428832	0.192673	0.353290	0.138026
ENSMUSG00000020634	0.107855	0.242293	-0.050531	0.629621	-0.213972	-0.445404
ENSMUSG00000020635	0.244336	-0.108234	0.205383	-0.337857	0.497414	-0.140994
ENSMUSG00000020636	-0.436257	-0.401073	-0.378532	0.610909	0.396957	-0.468297
ENSMUSG00000020638	-0.018349	-0.060794	0.658776	0.074177	0.062398	0.481904
ENSMUSG00000020639	0.133131	0.174238	-0.319157	0.027567	-0.257085	-0.203714
ENSMUSG00000020641	-0.293905	0.047647	-0.014166	-0.091502	0.407120	0.065087
ENSMUSG00000020642	-0.121178	0.051065	-0.860311	-0.913311	-1.448247	-0.563680
ENSMUSG00000020644	-0.404344	0.313806	0.129953	0.185807	-0.186110	-0.135597
ENSMUSG00000020646	-0.486031	-0.468630	-0.058276	-0.013432	0.017051	-0.279672
ENSMUSG00000020647	-0.242106	0.156703	0.271046	0.426108	-0.009806	-0.102880
ENSMUSG00000020649	-0.403090	0.406893	0.496753	-0.812031	0.169843	0.013004
ENSMUSG00000020651	0.118227	0.025873	0.237447	-0.073994	0.240122	0.139436
ENSMUSG00000020652	-0.564283	-0.526011	0.548401	-0.490566	0.066664	-0.615417
ENSMUSG00000020654	0.092940	0.387397	0.198975	0.245804	-0.491188	0.206619
ENSMUSG00000020659	-0.467122	-0.750784	-0.925668	-0.404506	-1.055561	-1.287581
ENSMUSG00000020660	0.750860	0.061487	-0.194833	-0.116338	-0.137671	0.122343
ENSMUSG00000020661	0.584573	0.138374	-0.323665	0.217681	-0.151883	-0.325988
ENSMUSG00000020664	-0.324809	0.120182	-0.468112	0.308732	0.245103	0.031191
ENSMUSG00000020668	-0.310279	-0.400886	0.095277	-0.096583	0.120906	0.056312
ENSMUSG00000020671	0.133034	-0.049011	0.078361	0.179174	0.031270	0.521936
ENSMUSG00000020672	-0.238675	0.474835	-0.193680	-0.792858	-0.011071	0.492635
ENSMUSG00000020673	-0.170600	-0.004136	0.186933	0.186254	-0.081893	0.207381
ENSMUSG00000020674	-0.237392	0.040540	-0.518265	0.013594	0.121114	-0.320941
ENSMUSG00000020676	0.955976	0.018975	-0.559641	0.633026	-0.122955	0.635354
ENSMUSG00000020677	0.054748	0.040347	0.188857	0.415318	0.154971	0.290733
ENSMUSG00000020679	-0.019503	0.096535	0.298075	-0.481362	0.325950	-0.206197
ENSMUSG00000020680	-0.119592	-0.005762	0.374260	0.225431	0.034374	0.183507
ENSMUSG00000020681	-0.068370	-0.041958	-0.116585	-0.179878	0.249851	0.227600
ENSMUSG00000020687	0.349754	-0.527241	-0.296665	-0.329917	-0.130717	0.219020
ENSMUSG00000020689	0.690147	0.183980	0.259405	-0.513768	-0.117407	0.378180
ENSMUSG00000020695	0.069297	-0.718999	0.317261	-0.093004	-0.497355	0.317395
ENSMUSG00000020696	0.106297	0.210272	0.156313	0.756129	0.390055	-0.517436
ENSMUSG00000020698	0.591683	0.427680	0.071758	-0.022379	0.233096	-0.003087
ENSMUSG00000020700	-0.005595	0.302117	-0.565069	0.093344	-0.132172	0.631209
ENSMUSG00000020702	-0.040030	0.033229	0.038364	-0.404877	0.010465	-0.099590
ENSMUSG00000020704	-0.364291	0.279524	0.358746	-0.208453	0.416927	-0.184989
ENSMUSG00000020705	-0.297124	0.071001	0.017175	-0.602000	0.311546	0.040557
ENSMUSG00000020706	-0.096566	0.232146	-0.302503	-0.097644	0.322077	0.485871
ENSMUSG00000020708	0.182886	0.257978	0.473182	-0.378662	-0.219348	0.297705
ENSMUSG00000020713	-0.362005	0.404600	0.597339	-0.078677	0.098980	0.000976
ENSMUSG00000020715	-0.605747	0.588298	-0.300832	-0.167003	0.220506	-0.358744
ENSMUSG00000020716	-0.009151	-0.442474	0.030644	0.535197	0.050499	0.168426
ENSMUSG00000020717	-0.039899	-0.034296	-0.267408	0.061084	-0.285674	0.218083
ENSMUSG00000020718	-0.138413	0.067825	-0.269494	-0.051487	0.132157	-0.080679
ENSMUSG00000020719	0.284378	-0.393900	-0.253769	0.352614	-0.432803	-0.118737
ENSMUSG00000020720	0.335595	-0.300236	0.520495	0.233519	0.528414	0.307240
ENSMUSG00000020722	-0.211476	0.004861	-0.209021	0.481027	0.253306	-0.418529
ENSMUSG00000020723	0.029710	-0.225720	-0.167985	-0.110052	0.834515	-0.485770
ENSMUSG00000020733	0.532793	0.016463	0.191771	0.107646	-0.082018	-0.260062
ENSMUSG00000020734	0.629251	0.187462	0.129895	0.130900	0.699691	-0.620041
ENSMUSG00000020736	-0.046864	-0.294415	-0.341958	-0.316976	0.191610	-0.455075
ENSMUSG00000020738	-0.087181	-0.118475	-0.515407	-0.216787	0.161670	0.113254
ENSMUSG00000020739	0.078660	0.250605	0.019508	-0.164730	-0.230905	0.057095
ENSMUSG00000020740	-0.342666	-0.289643	-0.721161	-0.955251	-0.289387	0.221840
ENSMUSG00000020744	0.363096	0.227682	0.318947	0.140260	0.598150	-0.637384
ENSMUSG00000020745	-0.371480	-0.371568	-0.000374	-0.075565	0.421899	-0.372360
ENSMUSG00000020758	0.331610	-0.295847	-0.518884	-0.299839	0.436672	0.290190
ENSMUSG00000020766	-0.424362	-0.180521	-0.162574	0.298356	0.394125	-0.223743
ENSMUSG00000020774	-0.021252	0.063207	0.047193	0.046635	-0.043411	0.441947
ENSMUSG00000020775	-0.194161	0.407902	-0.251656	-0.062679	-0.098322	-0.380091
ENSMUSG00000020776	-0.400270	0.075524	0.648893	-0.048989	0.009538	0.320023
ENSMUSG00000020777	0.049549	0.310719	-0.188786	0.138606	-0.669693	-0.096826
ENSMUSG00000020778	-0.345557	-0.309772	-0.069986	0.045231	0.430907	0.016884
ENSMUSG00000020780	-0.249724	-0.445585	-0.343995	-0.160447	0.297889	-0.624957
ENSMUSG00000020782	0.012864	-0.072217	-0.521243	-0.266781	-0.066716	0.256974
ENSMUSG00000020785	-0.594786	-0.210363	-0.371892	-0.045261	0.492762	-0.440028
ENSMUSG00000020787	-0.066604	-0.537988	-0.279018	-0.396080	0.057432	0.151882
ENSMUSG00000020788	0.102670	0.891796	0.350686	0.488399	0.021398	0.365280
ENSMUSG00000020790	-0.337621	-0.132348	0.708961	-0.504652	-0.342058	0.202909
ENSMUSG00000020792	-0.314875	-0.196428	0.488953	-0.070450	-0.167064	-0.140246
ENSMUSG00000020793	0.096982	0.055224	-0.025712	0.226091	-0.123829	0.452832
ENSMUSG00000020794	-0.246029	-0.754273	-0.138443	-0.474081	-0.179786	0.663980
ENSMUSG00000020802	0.259497	-0.538187	-0.061661	-0.565194	0.127367	-0.432296
ENSMUSG00000020804	-0.022670	0.287861	0.199718	-0.063656	-0.095657	0.023936
ENSMUSG00000020805	-0.384702	-0.126364	-0.017024	0.090853	-0.140969	0.424757
ENSMUSG00000020806	0.010689	-0.083213	0.298526	0.248338	0.204952	-0.592045
ENSMUSG00000020810	-0.069951	-0.293063	0.451589	-0.164133	0.264874	0.092046
ENSMUSG00000020821	-0.103823	0.002810	0.290822	-0.223141	-0.080815	-0.015508
ENSMUSG00000020826	-0.013940	0.333259	-0.369437	-0.198977	-0.093377	-0.198187
ENSMUSG00000020827	-0.343894	-0.047689	-0.447323	-0.345110	-0.181634	0.279456
ENSMUSG00000020828	-0.607566	-0.245853	-0.407137	-0.409371	-0.088615	-0.454268
ENSMUSG00000020829	-0.138081	-0.145494	-0.400390	-0.398680	0.008632	0.003635
ENSMUSG00000020832	-0.153807	-0.659616	0.445638	0.068661	-0.192768	-0.708478
ENSMUSG00000020838	-0.260621	0.235795	-0.449584	-0.250288	0.386923	0.051272
ENSMUSG00000020840	-0.017938	0.051943	0.060758	-0.344815	-0.491165	-0.249077
ENSMUSG00000020841	0.175639	0.022373	0.248623	-0.244378	1.046979	0.022939
ENSMUSG00000020849	0.123583	-0.288705	0.391143	0.215333	-0.017470	0.140524
ENSMUSG00000020850	-0.076124	-0.031303	0.086380	-0.440697	0.039526	0.375283
ENSMUSG00000020857	0.104653	0.036316	-0.026961	0.340521	-0.412280	0.280053
ENSMUSG00000020859	0.069252	-0.291198	0.072308	0.383852	-0.515786	0.058407
ENSMUSG00000020863	-0.125611	0.091427	-0.002475	-0.125675	-0.016970	-0.118528
ENSMUSG00000020865	0.133564	-0.214469	0.493479	0.362661	0.169242	0.206252
ENSMUSG00000020866	0.541741	-0.444624	-0.034580	0.041764	0.032393	0.372093
ENSMUSG00000020868	-0.510384	0.101989	-0.322448	0.121340	0.341241	0.327201
ENSMUSG00000020872	0.072139	-0.303315	-0.494041	0.314015	0.265622	-0.528187
ENSMUSG00000020882	0.153149	0.283227	0.974585	-0.128126	0.332746	-0.407142
ENSMUSG00000020883	0.296144	0.202673	-0.335518	-0.539719	-0.407889	-0.457471
ENSMUSG00000020884	0.254481	0.044835	0.059066	-0.143709	-0.601148	-0.313718
ENSMUSG00000020886	-0.459139	0.111871	0.733909	-0.181915	0.183761	0.013030
ENSMUSG00000020888	-0.154098	-0.242349	0.261006	0.107063	0.627108	-0.145513
ENSMUSG00000020889	-0.682017	-0.283473	-0.126078	-0.073315	-0.348074	0.219665
ENSMUSG00000020890	-0.377497	0.413096	-0.028666	0.160364	0.154863	0.256943
ENSMUSG00000020891	-0.472582	-0.256016	0.444071	0.022732	0.148685	-0.403089
ENSMUSG00000020892	-0.779854	0.395381	0.738865	-0.365616	-0.130017	-0.118663
ENSMUSG00000020893	-0.754338	0.282474	-0.032146	-0.439359	0.194037	-0.225981
ENSMUSG00000020894	-0.353049	-0.416788	-0.072447	-0.474197	-0.293231	0.206227
ENSMUSG00000020897	-0.126871	0.239104	-0.370982	-0.373477	-0.287066	0.353473
ENSMUSG00000020898	-0.129398	0.197029	0.576096	-0.106825	-0.011647	-0.035182
ENSMUSG00000020899	-0.154266	-0.300555	-0.812073	-0.037548	0.004681	0.198962
ENSMUSG00000020900	-0.114967	-0.415251	0.299911	0.189006	0.266337	-0.231341
ENSMUSG00000020901	0.306430	-0.272297	0.365464	-0.404485	0.033848	-0.278904
ENSMUSG00000020902	0.802777	-0.608135	0.553389	-0.346450	0.095950	-0.139647
ENSMUSG00000020903	-0.049466	-0.964638	-0.196667	-0.095774	-0.372102	0.411600
ENSMUSG00000020905	-0.171122	-0.121838	-0.131687	-0.033195	0.008570	-0.096667
ENSMUSG00000020907	0.133408	-0.259061	0.773703	-0.011234	0.468207	-0.014485
ENSMUSG00000020908	-0.569047	-0.154328	0.524832	0.334339	0.264137	-0.321809
ENSMUSG00000020910	-0.269472	0.232031	-0.043506	-0.424095	0.154894	0.641287
ENSMUSG00000020911	-0.052332	0.062764	-0.254369	-0.325757	-0.162062	-0.394463
ENSMUSG00000020912	-0.246047	-0.241641	0.249403	0.057772	-0.108854	0.410763
ENSMUSG00000020913	-0.351310	0.086080	0.272441	0.235187	-0.173218	0.644932
ENSMUSG00000020914	0.007586	-0.037515	0.207137	-0.574681	-0.358508	0.244949
ENSMUSG00000020916	-0.080868	-0.099839	0.179655	-0.734607	0.036066	-0.035482
ENSMUSG00000020917	-0.244354	0.075025	0.019419	-0.047056	0.214841	0.373081
ENSMUSG00000020918	0.001698	-0.477027	0.011856	0.239632	-0.137691	0.490047
ENSMUSG00000020919	-0.927100	0.167673	0.149272	0.387949	-0.539591	-0.184724
ENSMUSG00000020926	0.683905	-0.007940	-0.322004	0.087374	-0.197130	0.485495
ENSMUSG00000020929	0.250227	0.159747	0.196075	-0.189853	-0.325409	0.236195
ENSMUSG00000020932	0.163693	-0.446453	-0.295809	0.155740	-0.122762	-0.056165
ENSMUSG00000020935	0.088287	-0.623589	-0.137228	-0.113315	-0.038715	0.558553
ENSMUSG00000020936	-0.122478	0.774698	-0.379024	-0.615282	0.106498	0.078211
ENSMUSG00000020937	-0.575036	0.188740	0.116032	0.375869	-0.349181	0.499141
ENSMUSG00000020941	-0.804390	0.066268	0.010684	-0.075238	-0.094875	0.543487
ENSMUSG00000020946	0.079770	-0.058108	-0.347383	-0.034293	0.314170	0.037480
ENSMUSG00000020950	-0.203653	0.281414	0.060366	-0.273103	0.933271	-0.717622
ENSMUSG00000020952	-0.618123	0.033114	-0.196911	-0.103494	-0.024679	-0.022179
ENSMUSG00000020955	0.211027	-0.165997	0.595299	1.064701	0.066416	-0.450081
ENSMUSG00000020961	0.679241	-0.182253	0.033127	-0.209353	0.049605	-0.165678
ENSMUSG00000020962	-0.065935	0.269323	0.368673	-0.426073	0.047186	0.178849
ENSMUSG00000020963	-0.470597	-0.248472	0.155900	0.812090	-0.055785	0.658844
ENSMUSG00000020964	-0.288191	0.100057	0.584134	-0.734064	-0.438384	0.057333
ENSMUSG00000020974	-0.171855	0.453976	-0.004184	0.517672	0.365891	-0.231075
ENSMUSG00000020982	0.497591	-0.363417	0.663596	0.272194	-0.022422	-0.390611
ENSMUSG00000020986	-0.604275	0.079333	-0.159965	0.241186	-0.056099	-0.028676
ENSMUSG00000020988	-0.094757	0.054390	0.402370	0.463498	-0.168232	-0.166015
ENSMUSG00000020993	0.291922	-0.327645	-0.010409	0.401569	-0.283403	0.395307
ENSMUSG00000020994	0.513329	-0.007435	-0.385276	0.228329	-0.507686	-0.156870
ENSMUSG00000021000	-0.137783	-0.413389	-0.450533	0.089153	-0.016976	0.358537
ENSMUSG00000021003	0.276307	0.253772	-0.233678	-0.310491	-0.674187	-0.173330
ENSMUSG00000021013	-0.059008	-0.032593	0.065923	-0.290340	-0.685099	0.604916
ENSMUSG00000021018	0.170083	-0.250571	0.038777	0.351519	0.125532	0.571749
ENSMUSG00000021022	0.012184	0.005608	-0.025222	0.010242	-0.337024	-0.427142
ENSMUSG00000021024	0.749822	0.279722	-0.154302	1.059348	0.298411	-0.229352
ENSMUSG00000021025	-0.545767	-0.151315	-0.786140	-1.034078	-0.016346	-0.819688
ENSMUSG00000021027	-0.208073	0.120825	0.115715	-0.309565	0.179382	-0.778217
ENSMUSG00000021028	-0.380617	-0.175545	-0.011753	-0.110299	0.192558	-0.157104
ENSMUSG00000021032	0.076446	0.298778	-0.369121	-0.159403	0.244409	-0.493976
ENSMUSG00000021033	-0.265280	0.014898	0.237033	-0.178632	-0.484844	-0.239028
ENSMUSG00000021036	-0.566592	-0.115399	0.158100	0.104142	-0.010401	0.567202
ENSMUSG00000021039	-0.148003	0.026152	0.281667	0.599812	0.191928	-0.248228
ENSMUSG00000021048	0.091915	0.434004	-0.013509	0.343021	-0.566264	-0.079564
ENSMUSG00000021051	0.355766	-0.166727	0.089753	-0.017743	-0.155901	-0.267267
ENSMUSG00000021054	0.273086	0.335480	-0.225994	0.064638	-0.025786	-0.069348
ENSMUSG00000021055	0.562945	0.872873	0.335934	0.289192	-0.439497	0.426713
ENSMUSG00000021057	0.242942	0.053741	0.250121	0.102085	-0.068811	0.006634
ENSMUSG00000021065	-0.168291	-0.013922	-0.331739	-0.325834	0.142126	0.212834
ENSMUSG00000021067	0.842324	0.350503	0.095388	-0.042651	-0.213342	-0.298626
ENSMUSG00000021069	-0.461030	-0.501102	0.214586	0.521233	0.424647	-0.062863
ENSMUSG00000021070	-0.225279	-0.344381	0.390721	-0.124730	-0.442020	-0.073350
ENSMUSG00000021071	-0.202059	0.113503	-0.148285	0.580719	0.305326	0.165237
ENSMUSG00000021076	0.852354	0.099947	0.060622	0.020130	0.296294	-0.391046
ENSMUSG00000021078	-0.031243	0.105271	0.095715	0.553421	0.165415	-0.509537
ENSMUSG00000021096	0.588525	0.223995	0.135484	-0.265879	0.007861	0.567453
ENSMUSG00000021102	-0.449802	0.588895	-0.293061	-0.271007	-0.287492	-0.349391
ENSMUSG00000021103	0.206746	-0.326762	0.250864	-0.104245	0.683514	0.485048
ENSMUSG00000021108	-0.251927	0.340490	-0.086974	0.327939	-0.344110	-0.288464
ENSMUSG00000021109	-0.449420	-0.076710	-0.104558	-0.109419	0.130167	-0.210414
ENSMUSG00000021111	-0.364917	0.005255	0.246949	0.866641	-0.017459	0.104392
ENSMUSG00000021112	0.239916	0.226455	0.210606	0.364283	0.307522	-0.048964
ENSMUSG00000021113	0.089040	-0.005328	-0.571392	-0.081066	0.474860	-0.215215
ENSMUSG00000021114	0.132574	-0.108225	-0.557906	0.123869	-0.302283	-0.074877
ENSMUSG00000021115	0.301976	-0.361909	0.378584	0.083830	0.079241	-0.355957
ENSMUSG00000021116	0.203570	0.347824	-0.245453	-0.083644	-0.285126	-0.312580
ENSMUSG00000021120	0.323640	-0.097839	0.439124	-0.579917	0.127564	-0.530187
ENSMUSG00000021123	-0.125564	-0.036481	-0.185009	-0.044072	-0.170883	0.190729
ENSMUSG00000021124	-0.191159	0.005697	0.090915	-0.114789	0.097624	-0.119816
ENSMUSG00000021125	0.428343	-0.077872	0.137652	0.013359	0.119729	-0.001870
ENSMUSG00000021127	-0.061595	-0.073003	0.636202	-0.059011	-0.372259	0.227802
ENSMUSG00000021130	-0.042150	0.392882	-0.277965	-0.647516	0.497025	-0.141255
ENSMUSG00000021134	0.287558	0.765835	-0.011736	-0.550651	0.309951	0.399558
ENSMUSG00000021135	-0.069834	0.063783	0.336302	0.305001	-0.704246	-0.510179
ENSMUSG00000021144	0.172691	-0.126688	-0.086325	0.417587	0.009613	0.356684
ENSMUSG00000021171	0.249091	0.740975	-0.738525	0.163301	0.166030	0.294426
ENSMUSG00000021178	0.501271	-0.135222	-0.293782	-0.162220	0.344855	-0.321632
ENSMUSG00000021180	0.408092	0.293608	0.127174	-0.655499	-0.302745	1.016005
ENSMUSG00000021185	0.188417	0.216703	0.121037	0.111513	-0.458194	-0.034570
ENSMUSG00000021186	0.241043	0.475660	0.384728	-0.376345	0.159846	0.468876
ENSMUSG00000021188	0.346454	-0.089759	0.513551	-0.223156	-0.223537	0.063820
ENSMUSG00000021189	-0.147010	0.034954	0.267471	-0.313872	-0.594602	-0.283622
ENSMUSG00000021190	0.223279	0.349156	0.047305	-0.304535	0.531998	-0.262375
ENSMUSG00000021193	0.093238	-0.518125	-0.156511	-0.550250	-0.127470	-0.159778
ENSMUSG00000021194	-0.052109	-0.069355	0.493579	0.871125	0.012117	-0.085542
ENSMUSG00000021196	-0.357172	-0.032259	0.168876	0.305427	0.153018	-0.078577
ENSMUSG00000021198	0.499278	-0.101584	-0.041174	0.529176	0.739249	-0.199004
ENSMUSG00000021203	0.638477	-0.238892	0.319756	-0.259941	0.381953	-0.407804
ENSMUSG00000021207	0.103362	0.211605	-0.200695	0.704629	0.476560	-0.387666
ENSMUSG00000021210	0.081015	-0.005760	0.306382	0.131292	-0.539771	0.406330
ENSMUSG00000021214	0.282589	0.185906	0.264633	0.856339	-0.173048	0.178357
ENSMUSG00000021215	-0.136342	0.006355	-0.234005	0.238412	-0.391334	0.158801
ENSMUSG00000021216	0.093276	0.128631	-0.153557	-0.309756	-0.124354	0.303360
ENSMUSG00000021218	-0.253029	-0.011971	-0.117948	0.890645	-0.427356	0.476160
ENSMUSG00000021219	-0.112763	0.143853	0.210877	0.104042	0.364834	-0.023143
ENSMUSG00000021221	0.686229	-0.049345	-0.170819	-0.132599	0.306081	0.521667
ENSMUSG00000021222	0.017584	0.397765	-0.369770	0.250526	0.107141	0.558241
ENSMUSG00000021224	0.316786	-0.617119	-0.659417	-0.222521	-0.721425	-0.640367
ENSMUSG00000021226	-0.332042	0.294321	-0.176742	0.246594	0.190510	0.290871
ENSMUSG00000021228	-0.213283	-0.540850	0.487237	-0.076546	-0.090168	-0.060454
ENSMUSG00000021235	0.055369	-0.377591	0.096383	1.039734	0.396397	0.025237
ENSMUSG00000021236	0.225015	-0.113141	0.011802	0.184862	-0.169507	-0.488012
ENSMUSG00000021238	-0.283914	-0.470317	-0.035043	-0.106064	0.499138	-0.251863
ENSMUSG00000021240	-0.404787	-0.137513	0.165439	-0.348600	0.349741	-0.412257
ENSMUSG00000021241	-0.468963	0.294441	0.161966	-0.543626	-0.200440	-0.173326
ENSMUSG00000021242	0.236001	0.618811	0.142968	0.082801	0.218514	0.384474
ENSMUSG00000021243	-0.367311	-0.052055	0.007098	-0.551770	0.185552	0.230576
ENSMUSG00000021248	-0.077648	-0.482395	-0.063576	0.371525	0.645392	-0.145203
ENSMUSG00000021250	-0.568931	-0.432424	-0.207746	-0.392258	-0.305362	-0.011297
ENSMUSG00000021253	0.028786	-0.380435	-0.586484	-0.153873	0.629762	-0.137722
ENSMUSG00000021255	-0.439254	0.154691	0.380491	0.308009	0.350948	-0.840986
ENSMUSG00000021259	-0.153956	-0.172890	0.073561	0.253033	-0.214464	-0.449357
ENSMUSG00000021262	-0.364448	-0.133244	-0.414496	0.431432	-0.298482	-0.199172
ENSMUSG00000021263	0.341266	-0.047533	0.287233	0.703525	-0.130884	0.085785
ENSMUSG00000021264	0.164076	-0.210967	-0.382168	-0.461263	-0.053534	-0.230656
ENSMUSG00000021265	-0.296958	0.045356	-0.280846	0.402510	0.163078	0.226400
ENSMUSG00000021266	-0.211134	-0.069226	0.734787	-0.332723	0.116711	-0.017856
ENSMUSG00000021270	-0.306163	-0.645802	-0.179818	0.452018	-0.089222	-0.161059
ENSMUSG00000021273	0.160049	-0.314603	0.715445	0.341814	-0.188512	-0.212334
ENSMUSG00000021277	0.220659	-0.195353	0.259405	-0.405263	-0.164543	0.150623
ENSMUSG00000021278	-0.448386	0.084017	0.175706	0.110233	-0.187763	-0.045366
ENSMUSG00000021279	-0.033857	0.022365	-0.324416	-0.607831	0.131991	-0.287612
ENSMUSG00000021282	-0.170371	-0.252669	0.666928	0.435862	-0.019332	0.323857
ENSMUSG00000021285	0.376505	0.587187	-0.169560	-0.098042	0.278756	-0.535845
ENSMUSG00000021287	-0.337871	-0.397113	-0.170346	0.107343	-0.186037	-0.665922
ENSMUSG00000021288	-0.081551	0.138757	-0.494738	-0.451186	0.202668	-0.021479
ENSMUSG00000021290	0.018991	-0.119603	-0.036381	-0.004258	0.088852	0.087802
ENSMUSG00000021294	0.340083	-1.263082	-0.174845	-0.128203	-0.064459	0.217142
ENSMUSG00000021298	-0.238880	0.340933	-0.233902	-0.223399	-0.078273	0.128045
ENSMUSG00000021301	0.065595	-0.411752	-0.206008	-1.443889	-0.515561	-1.049955
ENSMUSG00000021302	-0.035154	0.379891	0.307426	0.239938	-0.046941	0.184084
ENSMUSG00000021303	-0.078218	0.125202	0.160733	-0.273464	0.211031	-0.005067
ENSMUSG00000021311	-0.096876	-0.043075	0.155809	-0.329183	0.279753	1.096698
ENSMUSG00000021313	-0.046148	0.652157	0.103395	0.375639	0.013537	-0.304404
ENSMUSG00000021314	-0.094681	0.054812	0.056163	0.391110	0.007984	0.510113
ENSMUSG00000021318	-0.506746	0.073412	-0.406424	-0.941492	-0.269487	-1.072291
ENSMUSG00000021319	-0.110669	0.321472	-0.066039	0.161148	0.114811	-0.584925
ENSMUSG00000021326	-0.006715	-0.754978	-1.446552	-1.238690	-1.903781	-2.138269
ENSMUSG00000021327	0.194225	-0.170780	-0.261764	0.479891	-0.315588	0.336040
ENSMUSG00000021335	-0.122743	-0.353742	-0.059422	-0.517117	-0.644143	0.183199
ENSMUSG00000021339	-0.157723	-0.206252	0.559413	-0.080045	0.035266	-0.334217
ENSMUSG00000021340	0.911090	-0.076377	-0.089288	0.507256	0.217128	0.476553
ENSMUSG00000021342	-0.408960	-0.195111	0.505292	0.449811	-0.044243	-0.433703
ENSMUSG00000021356	-0.527419	0.189691	0.413205	0.508658	-0.124404	-0.581457
ENSMUSG00000021357	-0.445708	-0.073983	-0.131782	0.117654	0.150702	-0.101693
ENSMUSG00000021359	-0.353356	0.058367	-0.042048	-0.098383	-0.091147	-1.009636
ENSMUSG00000021360	0.158317	0.328451	-0.450205	-0.030873	0.182613	0.306016
ENSMUSG00000021362	-0.031824	0.193792	0.095454	0.374239	-0.249252	0.004359
ENSMUSG00000021364	-0.025126	-0.237908	0.097552	0.021154	0.427297	0.136895
ENSMUSG00000021367	-0.297932	-0.664102	0.325559	-0.269858	-0.228635	-0.600483
ENSMUSG00000021368	-0.051824	0.251760	0.297017	0.205185	0.145032	-0.438060
ENSMUSG00000021374	-0.637734	0.165096	0.073359	0.097074	-0.021537	-0.561471
ENSMUSG00000021376	0.416002	-0.337438	0.431766	0.024912	0.310663	0.132099
ENSMUSG00000021377	-0.267156	-0.626092	-0.056842	0.206901	-0.157246	0.050718
ENSMUSG00000021379	0.176721	-0.052189	-0.386187	-0.133926	0.564488	-0.303090
ENSMUSG00000021385	-0.439454	0.622914	0.223191	0.105756	0.038361	-0.451694
ENSMUSG00000021390	-0.245162	0.239610	-0.136700	0.242527	-0.279454	0.222888
ENSMUSG00000021391	-0.224926	0.179856	-0.295292	-0.491959	0.317408	0.916040
ENSMUSG00000021403	0.033835	0.056774	0.243409	-0.240716	0.141011	0.198448
ENSMUSG00000021404	-0.345213	-0.075585	0.062605	0.154343	0.550191	-0.019900
ENSMUSG00000021408	-0.274954	-0.620055	-1.079061	-0.657610	-1.060120	-1.007171
ENSMUSG00000021413	0.373828	-0.286509	0.045545	0.391302	-0.998850	-0.316688
ENSMUSG00000021416	-0.183233	0.057741	-0.073699	0.329454	0.075286	-0.495060
ENSMUSG00000021417	-0.211744	0.038431	-0.445617	0.307627	-0.459013	-0.124508
ENSMUSG00000021418	0.071870	-0.145427	0.379537	-0.233564	-0.347585	-0.086142
ENSMUSG00000021420	-0.512635	-0.497774	0.387720	-0.131699	0.088809	0.327428
ENSMUSG00000021423	-0.619358	-0.530796	0.430590	-0.140050	0.665918	0.149253
ENSMUSG00000021428	0.380832	-0.012004	-0.144434	-0.448176	-0.432315	-0.442157
ENSMUSG00000021431	-0.243725	0.132320	-0.056902	0.202516	-0.163519	-0.573629
ENSMUSG00000021432	-0.059163	0.401872	-0.358693	-0.277817	-0.136905	0.000207
ENSMUSG00000021448	0.242701	1.003444	0.353950	0.938003	1.300209	1.166366
ENSMUSG00000021451	-0.188848	0.022408	-0.440669	-0.094664	-0.318482	0.010196
ENSMUSG00000021453	-0.156090	-0.185256	-0.189379	0.053331	0.778097	-0.106192
ENSMUSG00000021456	0.237220	0.015768	0.379838	0.464489	-0.116416	0.226246
ENSMUSG00000021457	0.138065	0.352978	-0.584267	0.097129	0.058480	0.803854
ENSMUSG00000021460	-0.240896	0.664047	0.525855	0.299139	0.201907	-0.248539
ENSMUSG00000021461	0.319597	-0.836569	0.188638	0.037225	0.002354	-0.342589
ENSMUSG00000021464	-0.701287	0.382683	-0.166407	-0.012623	0.233056	-0.367741
ENSMUSG00000021466	0.196051	0.173550	-0.503046	-0.519399	0.320407	0.890996
ENSMUSG00000021468	-0.164483	0.136255	-0.111042	0.526493	-0.237638	0.135464
ENSMUSG00000021476	-0.235662	-0.171527	0.147026	0.154636	-0.275515	0.241052
ENSMUSG00000021477	-0.511406	-0.287611	-0.358739	0.250694	0.024071	-0.076709
ENSMUSG00000021478	0.248736	0.553052	0.785160	0.073160	0.254468	-0.141107
ENSMUSG00000021484	-0.073746	0.002453	-0.290577	-0.001331	-0.443296	-0.129942
ENSMUSG00000021486	-0.072029	0.370477	0.351778	-0.430975	0.409596	0.033617
ENSMUSG00000021488	0.394374	-0.518424	0.290902	-0.135967	-0.191082	0.069003
ENSMUSG00000021490	0.175781	0.131463	0.413537	-0.264049	0.074256	0.087802
ENSMUSG00000021492	0.209940	-0.160043	0.111741	0.192602	0.108653	0.062225
ENSMUSG00000021493	-0.384343	-0.276430	0.075473	0.597754	0.100156	-0.805112
ENSMUSG00000021494	0.144632	-0.437284	-0.964428	-1.034060	-0.777160	-0.906614
ENSMUSG00000021496	0.493294	0.068487	0.325799	0.320438	0.194855	0.129207
ENSMUSG00000021499	0.205763	-0.410309	0.217239	-0.147199	-0.047930	0.299366
ENSMUSG00000021500	-0.050525	0.011241	-0.322132	-0.094003	0.147850	-0.424319
ENSMUSG00000021504	0.345837	0.108328	0.484649	-0.279876	-0.166574	-0.071240
ENSMUSG00000021508	0.407619	-0.267787	-0.046447	-0.612722	0.121571	-0.068619
ENSMUSG00000021514	0.009987	0.112304	-0.639460	-0.570727	-0.158932	0.372472
ENSMUSG00000021518	-0.100922	-0.149441	0.442356	-0.072822	-0.405660	-0.147290
ENSMUSG00000021519	0.274040	0.052318	0.567396	0.091762	-0.477593	0.588483
ENSMUSG00000021520	0.084312	0.086050	0.213192	0.049881	-0.427214	-0.171990
ENSMUSG00000021536	-0.112012	-0.370109	0.165811	0.381837	0.128988	0.436224
ENSMUSG00000021538	0.178775	0.701468	-0.559673	0.211254	0.223189	0.748161
ENSMUSG00000021540	0.523043	0.017001	0.563237	-0.269359	-0.056570	-0.058966
ENSMUSG00000021541	0.066531	-0.022136	-0.055977	-0.172545	-0.074299	-0.280280
ENSMUSG00000021546	-0.461569	0.533560	0.296519	0.111693	-0.440454	0.106787
ENSMUSG00000021548	0.255411	-0.035201	-0.048710	-0.309802	-0.026046	0.193409
ENSMUSG00000021549	0.051822	0.037122	0.542918	0.171363	0.220698	-0.089263
ENSMUSG00000021550	0.328851	0.344241	0.000874	-0.156674	0.609119	0.551918
ENSMUSG00000021553	-0.118139	0.149678	-0.044719	0.263927	-0.471463	-0.495888
ENSMUSG00000021556	-0.803706	0.753111	-0.197370	0.044798	0.188253	0.366757
ENSMUSG00000021559	-0.367189	-0.005756	0.049444	0.142453	-0.164359	-0.096319
ENSMUSG00000021565	-0.637681	-0.024925	0.620403	0.400586	0.298358	0.047364
ENSMUSG00000021567	0.043404	0.847413	0.320163	-0.421635	-0.032290	-0.741230
ENSMUSG00000021572	-0.298481	0.303013	0.036494	0.372856	-0.534497	0.025192
ENSMUSG00000021575	-0.463802	-0.231010	-0.106022	-0.130306	0.062820	0.021582
ENSMUSG00000021577	0.140823	0.650223	0.506566	0.176485	0.427602	0.135181
ENSMUSG00000021583	0.587886	-0.359266	-0.031146	0.672916	-0.123630	0.214801
ENSMUSG00000021587	0.452755	0.017609	-0.030919	0.689305	-0.179641	0.314416
ENSMUSG00000021589	-0.000710	0.089089	0.317420	0.035487	-0.156321	-0.159161
ENSMUSG00000021591	0.004977	0.126624	-0.019498	0.543371	0.312198	0.266291
ENSMUSG00000021592	-0.442211	-0.149193	-0.138586	-0.204121	-0.041607	-0.518572
ENSMUSG00000021594	0.015427	-0.518140	-0.290795	-0.392808	-0.035259	-0.203336
ENSMUSG00000021606	-0.494797	-0.394548	-0.456921	-0.607791	0.535877	-0.376998
ENSMUSG00000021607	-0.628649	-0.080178	0.689468	-0.124475	0.056415	0.450385
ENSMUSG00000021608	0.111083	0.386041	1.006658	-0.082750	-0.453927	-0.413160
ENSMUSG00000021609	-0.000543	0.463060	-0.497288	-0.082531	-0.581887	0.420630
ENSMUSG00000021611	0.195758	0.250384	0.004980	0.238932	0.360566	-0.103252
ENSMUSG00000021613	0.203000	-0.085095	0.101806	0.056214	0.139051	0.067949
ENSMUSG00000021615	0.445172	-0.013399	-0.051213	-0.152025	-0.396717	-0.148567
ENSMUSG00000021619	-0.241583	-0.275376	-0.278368	0.795402	0.032725	-0.095951
ENSMUSG00000021620	-0.141556	0.278062	-0.172111	0.310006	0.189414	0.105912
ENSMUSG00000021622	0.229382	0.381463	-0.040845	-0.085003	-0.344950	0.782196
ENSMUSG00000021624	-0.066233	-0.552225	-0.044153	-0.012823	-0.112799	-0.142994
ENSMUSG00000021629	-0.149864	-0.048617	-0.515449	0.037928	-0.131307	0.565445
ENSMUSG00000021635	0.327202	-0.101332	0.470163	0.077773	0.025589	0.278883
ENSMUSG00000021636	-0.264060	-0.047102	0.198324	-0.208314	0.379620	0.333208
ENSMUSG00000021638	0.419245	0.396471	-0.078280	-0.196868	-0.045987	0.301799
ENSMUSG00000021639	0.737054	-0.570423	0.025742	-0.261585	0.280772	-0.044053
ENSMUSG00000021640	0.139254	0.373636	0.721416	0.188179	0.208169	0.520256
ENSMUSG00000021645	0.224508	0.185584	0.447836	-0.015367	0.027499	-0.302789
ENSMUSG00000021646	0.337235	0.228702	-0.245365	-0.195001	0.033559	0.671373
ENSMUSG00000021662	0.214392	0.193411	0.275036	0.930899	0.940424	0.478140
ENSMUSG00000021665	-0.412274	-0.270632	0.008756	0.118791	-0.135186	-0.286210
ENSMUSG00000021666	0.303602	-0.758058	-0.255866	-0.643008	0.634858	0.223569
ENSMUSG00000021668	0.106822	-0.590391	-0.030406	0.054214	-0.432534	0.014464
ENSMUSG00000021670	0.303628	-0.208534	-0.292657	-0.007512	0.042832	-0.048332
ENSMUSG00000021675	-0.448887	-0.159672	1.024411	-0.755456	-0.011018	0.078416
ENSMUSG00000021676	0.062929	-0.082193	-0.353922	0.651740	-0.284972	-0.291728
ENSMUSG00000021678	-0.180614	-0.310735	-0.004822	0.083950	0.074822	-0.395952
ENSMUSG00000021680	-0.071561	0.366983	-0.357134	0.010854	-0.438184	-0.004990
ENSMUSG00000021684	-0.150309	0.367336	-0.482934	0.604583	0.232814	0.455818
ENSMUSG00000021686	-0.481891	0.669847	0.059784	0.054338	0.251591	0.352818
ENSMUSG00000021687	1.180203	-0.401602	-0.044054	-0.344110	-0.268104	-0.271670
ENSMUSG00000021690	0.184784	-0.381250	-0.319649	-0.559844	-0.336718	-0.816086
ENSMUSG00000021693	-0.293159	-0.060277	-0.096584	0.055348	-0.157261	-0.616959
ENSMUSG00000021694	-0.103523	0.590039	0.171872	-0.266116	-0.659018	-0.488345
ENSMUSG00000021696	0.180532	-0.174277	-0.050852	-0.024289	0.604431	-0.125378
ENSMUSG00000021697	-0.409095	-0.155993	-0.320787	-0.471159	-0.583507	-0.188646
ENSMUSG00000021699	-0.096034	-0.435077	-0.368122	-0.684861	0.105956	-0.220626
ENSMUSG00000021700	-0.526593	0.386823	0.106149	-0.538188	0.097059	0.714572
ENSMUSG00000021701	0.414401	-0.030210	0.039901	0.257781	0.280417	-0.489479
ENSMUSG00000021702	0.319106	0.305113	-0.347419	-0.237627	-0.480311	-0.109235
ENSMUSG00000021703	-0.288900	0.015756	-0.258557	-0.572157	-0.307316	0.438943
ENSMUSG00000021704	0.026968	-0.867008	-0.305178	0.073756	0.488403	-0.292319
ENSMUSG00000021706	0.178656	-0.079943	-0.245526	-0.168567	0.272329	0.502953
ENSMUSG00000021707	0.112859	0.347167	-0.286208	0.534087	0.279176	0.392230
ENSMUSG00000021708	0.471039	0.039395	0.041779	0.007665	-0.577330	-0.161764
ENSMUSG00000021709	0.048719	0.667186	0.069569	0.046249	0.171372	0.289073
ENSMUSG00000021710	-0.287408	-0.022247	-0.169673	-0.325569	0.618778	0.041363
ENSMUSG00000021711	0.258971	0.163237	0.338354	0.488933	0.268830	-0.569515
ENSMUSG00000021713	0.175121	-0.036483	0.468140	-0.261511	0.699873	0.660721
ENSMUSG00000021714	0.125072	0.107818	-0.122799	-0.229716	0.616594	0.520013
ENSMUSG00000021715	0.169624	-0.151882	-0.183694	0.449873	-0.650002	-0.279406
ENSMUSG00000021718	-0.428191	-0.227610	0.201095	-0.100925	0.312646	0.031150
ENSMUSG00000021721	0.463377	-0.232529	-0.125425	0.030434	-0.089048	0.024934
ENSMUSG00000021728	0.083002	0.226924	-0.600769	0.089069	0.413916	0.362793
ENSMUSG00000021730	-0.530741	-0.032184	0.831305	0.064330	0.293800	0.193068
ENSMUSG00000021731	0.335069	0.408913	-0.069394	0.253399	0.471970	0.440004
ENSMUSG00000021732	0.072896	0.261651	0.107029	-0.331515	-0.210584	-0.575348
ENSMUSG00000021737	0.305865	-0.306056	0.105822	0.637134	-0.377942	-0.238599
ENSMUSG00000021738	0.274605	0.404203	-0.268530	-0.191936	-0.020193	-0.383028
ENSMUSG00000021748	0.058877	0.527459	0.545782	-0.353824	-0.313386	0.511527
ENSMUSG00000021751	0.017883	-0.057178	0.198367	0.276950	-0.113115	-0.312165
ENSMUSG00000021752	-0.092864	0.430230	0.538540	0.420764	0.548815	-0.184430
ENSMUSG00000021754	-0.466262	-0.108646	-0.002026	-0.589300	-0.164402	0.092201
ENSMUSG00000021756	0.001843	0.071691	-0.592858	-0.118825	0.376561	0.410547
ENSMUSG00000021759	-0.385182	0.173273	-0.014790	0.108656	0.640532	-0.310079
ENSMUSG00000021760	-0.110681	0.017955	-0.325369	-0.141183	-0.359618	-0.084060
ENSMUSG00000021764	0.666442	0.232402	0.207859	0.109404	-0.027413	-0.454578
ENSMUSG00000021765	-0.101413	-0.263546	-0.491868	0.151769	-0.310794	-0.564105
ENSMUSG00000021767	0.580041	-0.529047	0.084050	-0.307104	-0.108716	0.732830
ENSMUSG00000021770	0.295581	0.191145	-0.397331	-0.018924	-0.718459	-0.342775
ENSMUSG00000021771	0.159410	0.080448	-0.075678	1.024339	-0.492674	-0.361791
ENSMUSG00000021772	0.074611	-0.439153	0.195122	-0.411342	-0.098062	-0.032430
ENSMUSG00000021774	-0.200285	0.371286	0.055027	0.108091	0.251193	-0.027175
ENSMUSG00000021775	-0.423509	-0.117151	0.337747	-1.020004	-0.160061	0.013708
ENSMUSG00000021779	0.190186	0.135752	0.149978	0.095084	0.778228	-0.606264
ENSMUSG00000021782	0.239853	0.313550	0.004426	-0.633315	0.320787	0.353134
ENSMUSG00000021785	-0.062841	0.965822	-0.086444	-0.210050	-0.006989	-0.101807
ENSMUSG00000021786	0.274961	0.067677	-0.162270	-1.134746	-0.469065	0.137582
ENSMUSG00000021794	0.267528	-0.504063	0.148971	0.647197	-0.109439	-0.080549
ENSMUSG00000021795	-0.218864	-0.129797	-0.212804	0.107169	0.167233	0.225121
ENSMUSG00000021796	0.152744	0.121474	0.684867	-0.123706	0.537522	-0.002198
ENSMUSG00000021799	-0.162687	-0.052098	0.062273	-0.229624	-0.146796	0.170421
ENSMUSG00000021804	-0.216883	0.160637	-0.145299	-0.135636	0.541414	-0.637520
ENSMUSG00000021806	-0.123286	-0.242124	-0.204654	0.426770	0.411976	-0.375253
ENSMUSG00000021809	-0.522786	-0.452485	0.142921	-0.524649	0.157120	0.380050
ENSMUSG00000021816	0.194546	-0.290676	0.138865	0.060471	-0.168122	-0.536314
ENSMUSG00000021820	0.024088	0.256998	0.306371	-0.542623	0.144163	0.362300
ENSMUSG00000021822	0.093152	0.234425	0.032804	-0.045045	0.204832	-0.043104
ENSMUSG00000021823	-0.346360	-0.133866	-0.551590	0.653823	-0.178893	-0.311707
ENSMUSG00000021831	0.121252	-0.284797	-0.354111	0.591031	-0.294020	0.150146
ENSMUSG00000021832	-0.290176	0.133410	0.268550	-0.318584	-0.467801	-0.125143
ENSMUSG00000021835	-0.352742	-0.096799	0.156095	0.088497	0.249394	0.129839
ENSMUSG00000021843	-0.182306	0.054007	0.440213	-0.112618	-0.295309	0.043796
ENSMUSG00000021868	-0.537288	-0.166807	0.427545	0.288048	0.228389	-0.016558
ENSMUSG00000021877	0.014378	0.308963	-0.341052	-0.384644	0.750970	-0.105129
ENSMUSG00000021879	-0.577995	-0.264085	-0.493050	-0.096608	-0.378055	-0.113659
ENSMUSG00000021884	0.449216	0.478545	0.279746	0.226824	0.484620	0.368988
ENSMUSG00000021886	0.240881	-0.195390	0.144540	-0.248883	0.452851	-0.288465
ENSMUSG00000021890	0.039992	-0.048974	-0.009869	-0.089302	-0.179237	0.189839
ENSMUSG00000021895	0.223603	0.323527	-0.028098	-0.599608	0.275615	-0.055882
ENSMUSG00000021898	0.074575	0.025673	-0.056456	0.182013	0.141129	-0.009043
ENSMUSG00000021900	-0.870758	0.402040	0.166910	-0.263919	0.081097	0.262409
ENSMUSG00000021901	-0.178528	-0.220557	0.000262	-0.498777	0.208971	0.415572
ENSMUSG00000021903	0.323926	0.557981	-0.030522	0.308829	-0.242870	0.175051
ENSMUSG00000021904	0.308696	0.243905	0.267228	0.289758	-0.703500	-0.149857
ENSMUSG00000021905	-0.080086	-0.101902	0.683408	0.275352	-0.204305	0.445439
ENSMUSG00000021910	0.218365	-0.044854	0.521659	-0.212298	-0.246542	0.464527
ENSMUSG00000021913	-0.306850	0.096246	-0.225147	0.865585	0.284014	-0.064702
ENSMUSG00000021917	0.246049	0.352449	-0.005702	-0.044997	0.205739	0.322669
ENSMUSG00000021919	0.230563	0.410600	-0.109310	-0.557370	0.769233	-0.421965
ENSMUSG00000021922	-0.257618	-0.245159	-0.704885	-0.307230	-0.501555	-0.622763
ENSMUSG00000021927	-0.181736	-0.560697	-0.653680	0.170689	0.221507	-0.684678
ENSMUSG00000021929	-0.052578	-0.114353	-0.282647	-0.138019	0.043080	0.168290
ENSMUSG00000021933	-0.000157	-0.015189	-0.135238	0.005566	-0.776126	0.376936
ENSMUSG00000021936	-0.309479	-0.285486	0.152083	0.291390	0.602162	-0.409792
ENSMUSG00000021939	-0.125443	-0.295613	0.573242	-0.452891	0.136681	-0.544946
ENSMUSG00000021943	-0.003925	-0.278025	0.120738	-0.166809	-0.106143	0.361647
ENSMUSG00000021944	0.803825	0.126958	-0.394313	0.252869	-0.588132	-0.560870
ENSMUSG00000021945	0.105688	0.554603	-0.836512	-0.042159	0.139594	0.067266
ENSMUSG00000021947	-0.404956	0.781985	-0.106420	0.154804	-0.031869	0.314739
ENSMUSG00000021948	-0.083974	0.169135	0.267087	0.143324	-0.188346	0.486429
ENSMUSG00000021951	-0.399133	-0.064176	-0.295175	0.354357	0.441348	-0.467611
ENSMUSG00000021953	-0.758625	0.556622	0.523223	-0.144737	0.595400	0.451471
ENSMUSG00000021957	-0.097046	-0.275349	0.008880	-0.065808	0.059959	-0.326982
ENSMUSG00000021959	-0.212748	0.393063	0.344423	-0.235240	0.057608	0.382727
ENSMUSG00000021962	-0.416776	0.454786	0.170782	0.027952	0.410231	-0.183067
ENSMUSG00000021963	0.491594	-0.013291	0.647660	0.417790	0.075912	0.560164
ENSMUSG00000021967	-0.557406	0.429073	0.230569	-0.397757	0.216419	-0.544866
ENSMUSG00000021973	-0.624814	-0.811893	-0.176598	-0.670394	0.132299	-0.644948
ENSMUSG00000021974	0.614610	-0.700508	-0.185847	-0.244570	0.259862	0.071706
ENSMUSG00000021975	0.179447	-0.574623	0.164286	0.223033	0.263220	0.343067
ENSMUSG00000021978	0.210714	0.065013	-0.171018	1.025383	0.411310	0.423037
ENSMUSG00000021981	0.018283	-0.053637	0.013481	-0.460834	0.394921	0.226268
ENSMUSG00000021983	-0.527189	-0.326621	-0.326858	-0.076392	0.558087	-0.054008
ENSMUSG00000021987	0.238124	0.609415	0.639364	-0.001055	-0.329185	0.078926
ENSMUSG00000021990	0.654412	-0.420969	0.381815	-0.354856	-0.366881	0.068378
ENSMUSG00000021991	0.231666	-0.335797	-0.600287	0.213697	0.158989	-0.318344
ENSMUSG00000021994	0.182542	-0.058488	-0.287976	0.234261	-0.072084	0.060303
ENSMUSG00000021996	0.034173	-0.632301	0.133623	0.451331	-0.261446	0.766384
ENSMUSG00000021999	-0.350966	0.558033	0.195743	-0.025275	0.443060	-0.083534
ENSMUSG00000022014	-0.114625	0.061555	0.151360	0.348387	-0.022980	-0.091530
ENSMUSG00000022015	0.052476	-0.008430	0.046399	0.018838	-0.182475	0.194354
ENSMUSG00000022018	0.518822	-0.331656	0.073970	-0.143802	0.283255	-0.124120
ENSMUSG00000022021	-0.184513	-0.328687	-0.093045	0.171711	0.467510	-0.009513
ENSMUSG00000022022	-0.203267	0.569112	0.034044	-0.275370	-0.043017	0.566002
ENSMUSG00000022023	-0.183895	0.342831	0.323347	0.207137	-0.724735	-0.258941
ENSMUSG00000022024	0.209056	0.793267	-0.057270	0.090238	0.391527	-0.250735
ENSMUSG00000022026	0.128545	0.026530	0.172191	-0.157489	0.046076	-0.176157
ENSMUSG00000022034	0.107934	0.059730	-0.355410	-0.175129	-0.353341	-0.085145
ENSMUSG00000022037	-0.368523	0.086396	-0.905574	0.667701	-0.190860	-0.453307
ENSMUSG00000022039	0.216533	-0.224716	-0.123011	0.356350	0.648088	0.230217
ENSMUSG00000022040	0.317506	-0.102102	-0.249049	0.038223	-0.183248	-0.158326
ENSMUSG00000022041	0.270870	-0.115778	0.594475	0.151967	-0.206942	0.350367
ENSMUSG00000022048	-0.207293	-0.026576	0.225322	-0.113894	-0.342429	-0.083302
ENSMUSG00000022051	0.270124	-0.038947	-0.137447	0.179079	-0.167910	-0.653647
ENSMUSG00000022052	0.398417	0.224799	0.270689	-0.512559	-0.138533	-0.122335
ENSMUSG00000022054	0.417678	0.448135	-0.285178	0.236818	0.771601	-0.175160
ENSMUSG00000022055	0.374211	0.149624	0.349983	0.397461	-0.999489	0.551999
ENSMUSG00000022061	-0.364521	-0.272557	0.238425	-0.198306	0.000897	0.594617
ENSMUSG00000022066	0.214422	-0.476599	0.695269	0.168129	-0.066564	-0.292580
ENSMUSG00000022070	0.142744	-0.062775	0.618423	0.086222	0.139784	-0.232611
ENSMUSG00000022074	0.324869	-0.274505	-0.130406	-0.232649	0.224881	0.109793
ENSMUSG00000022075	-0.046617	0.503554	0.426545	-0.030347	-0.332860	0.267903
ENSMUSG00000022091	0.443440	0.331712	-0.273793	-0.419474	-0.116320	-0.148034
ENSMUSG00000022092	0.326699	-0.190153	-0.173327	0.274475	-0.312286	0.671844
ENSMUSG00000022094	0.397551	0.208916	-0.008741	0.161624	-0.439482	-0.084432
ENSMUSG00000022098	-0.194667	0.269423	0.385523	-0.214834	0.173446	-0.510147
ENSMUSG00000022099	-0.414927	-0.710190	-0.012861	-0.385702	-0.604771	0.125278
ENSMUSG00000022101	0.353460	-0.512984	0.029602	-0.313152	-0.096682	-0.077551
ENSMUSG00000022102	0.077270	0.177172	0.121556	-0.021234	-0.245042	-0.611067
ENSMUSG00000022103	-0.207553	-0.129420	-0.346214	-0.475999	-0.101084	0.276305
ENSMUSG00000022105	0.352420	-0.201761	-0.043365	0.211224	0.219595	0.161192
ENSMUSG00000022109	0.263623	0.056738	-0.011608	-0.197865	0.078479	-0.032571
ENSMUSG00000022110	-0.097427	-0.990980	0.162669	0.036514	-0.096596	0.037437
ENSMUSG00000022111	-0.223783	-0.725849	-0.833373	-0.764371	-0.928114	-1.529252
ENSMUSG00000022112	-0.073310	0.444030	1.166372	0.586084	0.281914	-0.562589
ENSMUSG00000022114	-0.075635	-0.677001	-1.172097	-0.854026	-0.633147	-0.663240
ENSMUSG00000022119	-0.248837	0.492815	-0.489611	0.407901	-0.067254	-0.075070
ENSMUSG00000022122	-0.416139	0.078120	0.112890	0.046042	0.088839	-0.258244
ENSMUSG00000022124	0.146699	-0.248289	0.479635	-0.332152	0.131809	-0.761120
ENSMUSG00000022126	-0.592300	-0.093708	0.501557	0.070401	-0.356452	-0.344399
ENSMUSG00000022129	0.344992	0.067702	-0.197152	-0.056158	0.180229	0.719594
ENSMUSG00000022130	0.474963	0.276836	0.034869	0.331888	-0.177419	0.647265
ENSMUSG00000022132	0.331740	-0.246938	0.214888	0.047007	0.344773	-0.467761
ENSMUSG00000022136	-0.332093	-0.248257	-0.262375	0.317689	-0.412430	0.028938
ENSMUSG00000022141	0.474782	0.205577	-0.016727	0.203776	0.122079	0.227157
ENSMUSG00000022142	-0.850188	-0.790587	-0.147144	0.101253	-0.349934	0.357794
ENSMUSG00000022144	0.216331	0.415224	-0.207460	0.267072	-0.228636	-0.900787
ENSMUSG00000022146	0.056669	-0.219643	0.284905	-0.095185	0.089143	-0.200055
ENSMUSG00000022148	0.153258	-0.714934	0.238430	0.017137	0.125226	-0.072069
ENSMUSG00000022149	-0.848133	0.218176	-0.102307	-0.130665	-0.259300	-0.368616
ENSMUSG00000022150	-0.506981	0.247577	-0.129243	-0.190743	-0.085150	-0.436167
ENSMUSG00000022159	0.121147	0.467356	-0.326406	0.097641	-0.316723	0.407626
ENSMUSG00000022160	0.046289	-0.340803	0.386773	0.950116	0.212493	-0.217580
ENSMUSG00000022174	0.402019	0.292537	0.113344	-0.184513	-0.144844	-0.300584
ENSMUSG00000022175	0.509398	0.121478	-0.557052	0.275466	0.017706	0.218232
ENSMUSG00000022177	-0.336340	0.484087	0.331766	-0.314302	-0.167203	-0.142962
ENSMUSG00000022178	0.041368	0.066616	0.075556	0.602195	0.153167	-0.174970
ENSMUSG00000022180	0.233094	0.262264	0.167682	-0.429007	0.026803	-0.130989
ENSMUSG00000022181	-0.002864	0.077589	-0.952640	0.192582	-0.147239	0.052382
ENSMUSG00000022184	0.632140	0.293498	0.972394	0.523174	0.195487	0.159665
ENSMUSG00000022185	-0.129176	0.038617	0.040978	-0.580031	-0.036360	0.201500
ENSMUSG00000022186	0.504541	-0.182159	-0.027461	0.023182	0.089085	0.394535
ENSMUSG00000022191	-0.280430	-0.044896	0.214012	-0.088932	0.289724	0.400843
ENSMUSG00000022193	-0.292869	0.716384	0.232818	-0.314848	-0.294867	0.019784
ENSMUSG00000022194	-0.326217	-0.052150	0.429090	-0.045944	0.283067	0.264773
ENSMUSG00000022199	-0.360577	0.204715	-0.108893	0.411486	-0.383386	-0.526600
ENSMUSG00000022206	-0.186337	0.510099	-0.331875	0.527774	0.167076	0.424972
ENSMUSG00000022210	0.125144	0.775907	-0.393506	0.218024	0.512296	0.142270
ENSMUSG00000022212	-0.244696	-0.037638	-0.204269	0.111121	-0.335694	0.319321
ENSMUSG00000022214	0.292144	0.294748	0.085555	-0.219165	0.204568	-0.301478
ENSMUSG00000022215	-0.179374	-0.329050	0.481801	-0.348805	0.144043	-0.616043
ENSMUSG00000022216	-0.129443	0.282748	0.175479	-0.357383	-0.222370	0.179853
ENSMUSG00000022218	0.012944	0.515278	-0.146544	-0.453121	0.259298	0.397801
ENSMUSG00000022219	-0.565389	-0.475247	0.296478	0.642865	-0.200743	0.386362
ENSMUSG00000022220	-0.348500	0.310449	-0.078042	0.020547	0.536854	0.335766
ENSMUSG00000022221	-0.385814	-0.679470	-0.748220	-1.598925	-0.297417	-1.396342
ENSMUSG00000022225	-0.390938	-0.139343	-0.161230	0.537163	-0.433894	0.187103
ENSMUSG00000022229	-0.283755	-0.263575	0.084521	-0.044184	0.383985	0.371799
ENSMUSG00000022234	-0.182301	0.214285	-0.204870	-0.231412	-0.196694	0.043702
ENSMUSG00000022235	0.229875	-0.042528	-0.376244	-0.101023	0.055117	-0.259299
ENSMUSG00000022240	-0.361420	-0.087052	0.060159	0.381998	0.024051	0.316183
ENSMUSG00000022241	-0.070811	0.422276	-0.276392	-0.507172	0.014107	-0.221686
ENSMUSG00000022243	0.797111	-0.015641	0.306835	0.117007	0.006650	-0.357381
ENSMUSG00000022244	-0.111516	-0.260937	0.505689	-0.402618	-0.369205	0.069412
ENSMUSG00000022248	0.149953	-0.173059	-0.421686	-0.164014	-0.130341	-0.160838
ENSMUSG00000022253	0.069512	0.274330	-0.425969	0.177215	-0.582336	0.101083
ENSMUSG00000022261	0.516343	-0.081401	-0.337455	-0.118081	-0.262035	-0.232833
ENSMUSG00000022262	-0.055063	-0.268218	-0.255548	0.444652	-0.439060	-0.240817
ENSMUSG00000022263	0.512718	-0.471260	0.146062	-0.286366	-0.340742	-0.122264
ENSMUSG00000022265	-0.256408	-0.244096	0.071077	-0.542409	-0.202522	-0.775443
ENSMUSG00000022272	-0.056421	-0.423499	-0.048236	0.119323	-0.557535	0.016426
ENSMUSG00000022280	0.066065	-0.002143	-0.815566	-0.169671	0.278811	0.218901
ENSMUSG00000022283	-0.434806	-0.326437	-0.242827	0.258822	-0.103321	-0.005440
ENSMUSG00000022285	-0.145458	0.170882	-0.251532	-0.450860	-0.004353	0.034785
ENSMUSG00000022292	0.027010	-0.085473	0.029557	-0.004422	0.298807	-0.307620
ENSMUSG00000022295	0.084654	0.248516	0.161251	-0.055039	-0.289042	0.317544
ENSMUSG00000022297	-0.164857	0.235093	-0.286962	0.265817	-0.075719	0.166506
ENSMUSG00000022299	-0.162863	-0.699274	0.448011	-0.256494	-0.390443	-0.397803
ENSMUSG00000022300	0.297354	0.006125	-0.407480	-0.463467	0.070541	0.164340
ENSMUSG00000022304	-0.338394	-0.259747	-0.389394	-0.094334	0.087029	-0.146419
ENSMUSG00000022305	0.038392	0.465981	0.210050	-0.405424	-0.243238	0.213484
ENSMUSG00000022306	-0.144796	0.193616	0.557961	-0.234589	0.246621	-0.213404
ENSMUSG00000022309	-0.198819	0.136738	0.389838	0.053137	-0.565755	-0.647383
ENSMUSG00000022312	0.259682	-0.041704	0.027436	-0.213386	0.243919	0.382677
ENSMUSG00000022314	0.226881	-0.222087	-0.443444	-0.307327	-0.040334	0.099530
ENSMUSG00000022315	-0.433504	-0.236844	-0.498958	-0.250289	-0.198034	-0.014371
ENSMUSG00000022321	-0.220379	-0.080796	-0.180804	-0.445704	-0.608432	0.383743
ENSMUSG00000022323	-0.437940	1.033227	-0.645315	-0.400991	-0.452136	-0.138946
ENSMUSG00000022329	0.034360	-0.303530	0.928824	-0.422264	0.071494	0.138595
ENSMUSG00000022332	0.251457	-0.054788	0.478233	0.040340	-0.100909	-0.575268
ENSMUSG00000022336	0.027946	-0.134422	-0.298152	0.027963	0.330685	-0.384164
ENSMUSG00000022339	-0.352056	0.076696	-0.197551	0.251972	-0.300905	-0.303492
ENSMUSG00000022342	-0.379876	-0.014771	0.050048	0.014468	0.596160	-0.144726
ENSMUSG00000022346	0.072109	-0.110248	-0.028917	0.283151	-0.077170	0.399615
ENSMUSG00000022347	0.226135	-0.303781	0.161091	-0.424344	-0.124200	0.163215
ENSMUSG00000022351	0.369028	0.191205	0.047885	-0.698982	-0.498698	0.062024
ENSMUSG00000022353	0.011247	0.132295	-0.480328	0.611589	0.320650	-0.316287
ENSMUSG00000022354	-0.414323	-0.578711	-0.054001	-0.128993	0.457653	-0.138283
ENSMUSG00000022358	-0.043410	0.041041	-0.244996	0.482745	0.528063	0.211394
ENSMUSG00000022360	0.292431	0.195133	-0.103424	-0.012211	0.605231	0.327774
ENSMUSG00000022365	0.200668	-0.048675	0.199551	-0.435189	0.846081	-0.397950
ENSMUSG00000022367	-0.733773	-0.124473	0.254427	0.437133	0.219091	-0.102513
ENSMUSG00000022369	0.519523	-0.040607	0.158510	0.283731	0.559920	0.152659
ENSMUSG00000022370	-0.574838	0.408871	-0.059355	-0.148294	-0.326403	0.324802
ENSMUSG00000022371	0.075247	-0.149439	-0.424268	-0.073770	-0.052723	-0.133124
ENSMUSG00000022372	0.070606	0.566067	-0.075032	-0.413209	0.064879	0.019366
ENSMUSG00000022376	-0.176591	0.168078	-0.308738	-0.686713	-0.345308	-0.349742
ENSMUSG00000022377	-0.132161	0.267183	0.042549	-0.046378	0.053434	0.417573
ENSMUSG00000022378	0.124369	-0.010159	0.220645	0.176678	-0.072825	0.015408
ENSMUSG00000022382	-0.015932	0.467813	-0.319329	-0.004214	-0.138110	-0.125581
ENSMUSG00000022383	0.165603	0.230033	0.348219	-0.111562	-0.232680	0.527650
ENSMUSG00000022385	0.110610	-0.168442	0.542067	-0.345264	-0.159714	0.168201
ENSMUSG00000022387	-0.666398	0.027351	0.054851	0.205962	0.137733	-0.454865
ENSMUSG00000022391	-0.055222	-0.404821	-0.331087	0.835820	0.035227	0.517686
ENSMUSG00000022394	-0.024351	0.051866	-0.548275	-0.077763	0.185586	-0.377154
ENSMUSG00000022400	0.085838	-0.429740	-1.085415	-1.120726	-0.111963	-1.298461
ENSMUSG00000022403	-0.048342	-0.205343	-0.009171	-0.180342	-0.068973	0.118242
ENSMUSG00000022404	0.160330	-0.389555	-0.019378	-0.093424	0.105953	0.211647
ENSMUSG00000022407	-0.205487	0.010576	0.363669	0.264560	0.691291	0.561496
ENSMUSG00000022412	0.185906	-1.080599	0.028992	-0.293176	0.088975	-0.216934
ENSMUSG00000022414	0.218739	0.213658	-0.053104	-0.167952	0.101185	-0.083142
ENSMUSG00000022415	0.083970	-0.528939	-0.591734	-0.051245	-0.514452	-0.159440
ENSMUSG00000022416	0.172248	0.236261	-0.478105	-0.129328	-0.481774	-0.299340
ENSMUSG00000022419	-0.105690	-0.288428	0.804527	-0.294079	-0.111750	0.371627
ENSMUSG00000022420	-0.110675	0.095096	-0.611394	-0.195163	0.040768	0.428556
ENSMUSG00000022422	-0.137645	-0.101250	-0.142623	0.080555	-0.286401	0.384968
ENSMUSG00000022425	-0.612000	-0.916730	-0.245279	-0.710667	-0.139833	-0.670374
ENSMUSG00000022426	-0.230569	0.070064	-0.635391	0.023527	-0.091301	0.020757
ENSMUSG00000022427	0.067227	-0.008339	-0.079081	0.411245	-0.271943	-0.246685
ENSMUSG00000022428	0.812341	-0.181990	-0.070548	0.238043	-0.217807	0.242898
ENSMUSG00000022429	-0.257774	0.057937	0.137193	0.256910	-0.193487	0.053404
ENSMUSG00000022432	-0.225245	-0.547270	-0.033849	0.198432	-0.251924	-0.126996
ENSMUSG00000022433	-0.205930	0.323303	-0.632434	0.201995	0.251670	0.191881
ENSMUSG00000022436	1.017820	0.053114	0.386693	-0.089311	0.334505	0.116142
ENSMUSG00000022437	0.115795	0.010570	0.239858	0.158309	0.291218	0.094957
ENSMUSG00000022438	0.513143	-0.650362	0.522444	0.185996	0.022839	0.346776
ENSMUSG00000022439	0.294486	-0.150991	-0.508666	-0.169642	0.077052	-0.424282
ENSMUSG00000022443	0.261472	0.090932	-0.161161	-0.284741	-0.540299	-0.090422
ENSMUSG00000022445	-0.246819	0.068781	-0.029852	-0.364442	-0.023028	-0.352917
ENSMUSG00000022449	-0.118477	0.665614	0.142253	-0.359669	-0.265218	0.276301
ENSMUSG00000022450	-0.211947	-0.145382	-0.265982	-0.264399	-0.341428	0.095585
ENSMUSG00000022451	0.002203	0.044750	-0.345346	0.812164	-0.121647	-0.161321
ENSMUSG00000022452	-0.206606	-0.300920	0.142260	0.351096	0.584997	-0.679521
ENSMUSG00000022453	-0.539281	0.074090	0.018405	-0.509285	0.024576	0.091052
ENSMUSG00000022462	0.151841	-0.254293	0.357056	0.372238	-0.437017	-0.079251
ENSMUSG00000022463	-0.244078	-0.016474	-0.064758	-0.042959	-0.018275	0.002416
ENSMUSG00000022464	-0.239050	-0.091775	0.305996	-0.688037	0.500816	0.116592
ENSMUSG00000022469	0.458456	-0.266168	0.460537	0.198870	0.184787	0.080225
ENSMUSG00000022474	-0.307943	-0.430778	0.451639	0.093386	0.355275	-0.342907
ENSMUSG00000022475	-0.152658	-0.192795	-0.124105	-0.155646	0.131418	-0.222863
ENSMUSG00000022476	0.032120	-0.070444	-0.260440	-0.177131	-0.153703	0.454717
ENSMUSG00000022477	0.035450	0.970389	0.197340	0.393657	-0.130907	-0.270910
ENSMUSG00000022479	0.530305	-0.299526	0.077130	0.369062	-0.072914	-0.028786
ENSMUSG00000022483	0.079995	-0.568427	-0.209432	0.582075	-0.324350	0.186278
ENSMUSG00000022488	0.198200	-0.224177	0.108405	-0.555071	0.087380	0.278113
ENSMUSG00000022489	0.262936	0.404014	-0.007209	0.791584	0.076302	0.251375
ENSMUSG00000022490	0.020766	-0.478588	-0.018173	0.008556	0.089055	-0.302591
ENSMUSG00000022491	-0.300225	-0.063641	0.270865	0.690623	-0.555545	0.009809
ENSMUSG00000022496	0.162410	-0.316009	-0.095174	-0.119811	0.454054	0.146323
ENSMUSG00000022498	0.828379	-0.101146	0.449178	-0.111701	-0.528164	0.173010
ENSMUSG00000022504	-0.522120	-0.463010	0.438987	-0.278462	-0.145752	0.383121
ENSMUSG00000022505	-0.038458	-0.562678	0.092570	0.052284	0.056401	0.224678
ENSMUSG00000022508	-0.096858	0.052946	-0.108337	-0.277865	0.368820	0.400298
ENSMUSG00000022510	0.131173	-0.475619	0.565452	-0.202128	-0.267896	0.498209
ENSMUSG00000022512	-0.536716	0.787005	0.391016	0.202355	-0.306946	-0.433411
ENSMUSG00000022514	0.010866	0.373938	0.048155	0.011140	0.148735	-0.001661
ENSMUSG00000022516	-0.482782	0.257796	-0.357933	-0.007488	0.393190	-0.554590
ENSMUSG00000022517	0.298264	0.653341	0.157562	0.042500	0.256080	0.190023
ENSMUSG00000022521	-0.014385	0.026538	0.103758	0.424668	-0.470118	0.539843
ENSMUSG00000022528	-0.010323	0.169112	0.384336	0.027252	0.026325	-0.272907
ENSMUSG00000022529	0.253571	0.133930	0.546015	0.543626	0.140039	0.010740
ENSMUSG00000022534	0.121642	-0.174757	-0.112844	-0.293475	-0.987234	0.139692
ENSMUSG00000022544	-0.136935	-0.227860	-0.459506	-0.218672	0.065117	-0.068952
ENSMUSG00000022545	0.605168	0.668794	-0.359404	0.487593	-0.189164	0.464597
ENSMUSG00000022546	0.436067	0.349623	0.080836	-0.192387	0.240758	0.329347
ENSMUSG00000022548	-0.479628	-0.315127	-0.025129	0.285657	-0.543855	-0.381620
ENSMUSG00000022551	-0.192201	0.103810	0.019185	-0.469650	0.303749	-0.745626
ENSMUSG00000022552	0.526550	0.332475	-0.457528	-0.450924	0.637354	0.117946
ENSMUSG00000022553	0.241637	-0.086577	-0.245623	0.505419	0.315119	0.030973
ENSMUSG00000022555	0.439993	0.050404	-0.377966	0.237525	0.424232	0.042139
ENSMUSG00000022556	0.361861	-0.659022	0.027296	0.122023	0.144099	-0.369713
ENSMUSG00000022557	-0.024763	0.110702	0.157615	-0.066366	-0.566539	-0.275344
ENSMUSG00000022560	0.095733	-0.026263	0.305874	0.299548	0.381034	-0.076896
ENSMUSG00000022561	-0.037396	0.092378	-0.237619	0.222075	-0.250020	0.232794
ENSMUSG00000022562	0.008782	0.394006	-0.236765	-0.162486	-0.030147	-0.531065
ENSMUSG00000022565	-0.182392	0.113028	0.358931	0.342677	0.858263	0.296099
ENSMUSG00000022568	-0.193957	-0.449156	-0.154617	0.439326	0.038449	0.462674
ENSMUSG00000022570	-0.592082	0.467909	0.581560	-0.133649	0.260734	-0.557933
ENSMUSG00000022571	0.166865	-0.021635	0.189565	-0.738470	-0.709025	-0.036318
ENSMUSG00000022574	0.026124	-0.079323	0.132840	-0.378505	-0.244015	-0.199017
ENSMUSG00000022575	-0.386360	-0.263943	0.247004	0.330182	0.214168	0.470258
ENSMUSG00000022577	0.312119	0.104155	-0.738388	-0.483970	0.165165	0.117645
ENSMUSG00000022579	-0.240196	0.184848	-0.159137	-0.634782	0.359486	0.378911
ENSMUSG00000022580	0.222985	-0.741967	-0.152990	0.231193	-0.007723	-0.352827
ENSMUSG00000022587	-0.495781	-0.215675	-0.194313	0.549042	0.520895	-0.231119
ENSMUSG00000022589	-0.179677	0.353131	0.420030	-0.174276	0.318233	0.263995
ENSMUSG00000022594	-0.490310	0.583542	-0.213289	-0.071370	0.782059	0.183920
ENSMUSG00000022595	0.286754	0.423079	-0.280786	0.179817	-0.071710	-0.364297
ENSMUSG00000022596	0.112972	0.265049	-0.356553	0.294729	0.159410	-0.349772
ENSMUSG00000022598	0.297873	-0.108336	-0.462140	0.424657	-0.898721	0.968637
ENSMUSG00000022602	-0.463363	-0.203115	-0.310520	-0.068809	-0.121542	-0.300485
ENSMUSG00000022604	0.163073	0.100337	-0.301110	0.403100	-0.054327	0.315011
ENSMUSG00000022607	0.734770	1.154513	2.273637	1.800228	1.374222	2.184688
ENSMUSG00000022610	0.057075	-0.003017	0.239558	0.844332	0.988917	0.713461
ENSMUSG00000022613	0.001142	0.155272	-0.101333	-0.204578	-0.022781	-0.646867
ENSMUSG00000022614	-0.409130	0.403050	0.656419	0.123341	0.082895	-0.053625
ENSMUSG00000022615	-0.411761	0.124896	-0.114198	0.087635	-0.325803	-0.456459
ENSMUSG00000022617	0.184814	-0.078463	0.561880	-0.320280	0.430861	0.182040
ENSMUSG00000022619	0.511147	-0.054149	0.615760	0.037755	0.072572	0.496535
ENSMUSG00000022620	-0.097443	0.857411	-0.182954	0.108942	-0.120147	0.645104
ENSMUSG00000022622	-0.018964	0.903987	-0.469678	-0.297334	0.620018	0.438080
ENSMUSG00000022623	0.676599	-0.621090	0.577841	-0.148665	-0.230859	0.344588
ENSMUSG00000022629	0.095631	-0.016988	0.065236	-0.469117	-0.349028	-0.564930
ENSMUSG00000022634	0.094900	0.770614	-0.057652	0.000558	0.088673	-0.237775
ENSMUSG00000022635	0.124101	-0.208885	0.298938	0.335384	0.226357	0.034985
ENSMUSG00000022636	0.087454	-0.452261	0.663475	-0.266181	-0.420949	0.958808
ENSMUSG00000022637	-0.196172	0.669484	-0.010337	-0.040643	-0.112641	-0.354672
ENSMUSG00000022656	0.733333	0.310320	-0.641441	-0.332377	0.517866	-0.486729
ENSMUSG00000022657	0.058083	-0.087927	0.009967	0.280146	-0.259299	0.021727
ENSMUSG00000022663	0.063277	-0.214463	-0.468668	0.212714	-0.683449	0.129110
ENSMUSG00000022671	-0.255544	-0.137282	0.496606	0.178459	-0.099562	0.447200
ENSMUSG00000022672	-0.492399	-0.600177	-0.697836	-0.722108	-0.760996	-1.155241
ENSMUSG00000022673	0.709354	-0.067640	0.246989	0.083281	-0.252860	-0.226715
ENSMUSG00000022674	0.094560	-0.567799	0.326233	-0.061816	-0.025155	-0.068953
ENSMUSG00000022676	0.551780	0.268434	0.318954	0.117383	0.020112	-0.127289
ENSMUSG00000022678	0.158671	-0.276107	0.076344	-1.073513	-0.156964	-0.318773
ENSMUSG00000022682	0.226276	-0.172113	0.062020	0.390543	-0.393553	0.646841
ENSMUSG00000022683	-0.573557	0.592038	-0.110905	-0.056000	-0.138614	0.080380
ENSMUSG00000022686	-0.300412	-0.301301	-0.432954	-0.194334	0.208921	0.313046
ENSMUSG00000022687	-0.136760	-0.016587	0.246994	-0.205670	1.143655	-0.751010
ENSMUSG00000022702	-0.510016	-0.108475	-0.187620	0.351459	0.087149	-0.818129
ENSMUSG00000022705	-0.191964	-0.269734	-0.267590	-0.332673	-0.401291	0.161489
ENSMUSG00000022706	-0.081137	-0.183381	-0.331177	0.249322	0.061622	0.425755
ENSMUSG00000022707	-0.449619	-0.056615	-0.223112	-0.206326	-0.016024	-0.241585
ENSMUSG00000022710	-0.729694	0.049199	-0.016800	0.289196	0.668701	-0.139256
ENSMUSG00000022711	0.294937	0.113783	-0.258166	-0.035414	-0.139805	-0.312974
ENSMUSG00000022722	-0.243249	-0.384188	0.727947	0.255770	-0.014796	0.020117
ENSMUSG00000022724	0.682640	-0.396084	0.845549	0.168378	0.002888	0.083804
ENSMUSG00000022742	0.048271	0.168102	-0.197705	0.425745	0.323776	-0.126064
ENSMUSG00000022747	0.549888	0.075483	-0.254447	0.167360	0.670008	-0.214701
ENSMUSG00000022750	0.064176	0.234116	0.457757	0.446878	-0.402026	-0.335376
ENSMUSG00000022751	0.047515	-0.289947	-0.126241	0.022526	-0.115334	0.234826
ENSMUSG00000022752	-0.166986	0.181290	0.004909	0.080743	0.213979	0.434529
ENSMUSG00000022753	0.133150	0.173612	0.153512	-0.138365	0.327022	-0.275239
ENSMUSG00000022757	-0.325323	0.424044	-0.779626	-0.669666	-0.576415	0.667146
ENSMUSG00000022758	-0.590705	-0.246484	-0.238533	-0.031080	-0.119634	0.194635
ENSMUSG00000022762	0.342796	-0.129327	-0.007396	-0.043611	0.340354	-0.125433
ENSMUSG00000022765	0.222112	0.090088	0.370880	0.079662	0.428973	0.173150
ENSMUSG00000022766	-0.064155	0.082934	-0.503930	-0.284112	-0.275551	-0.011309
ENSMUSG00000022770	-0.911135	0.119359	0.044576	0.802929	-0.052010	0.066794
ENSMUSG00000022771	-0.013574	-0.026695	0.007627	-0.237342	0.222365	0.028791
ENSMUSG00000022772	-0.069646	0.194682	0.186854	0.435270	0.352749	-0.023075
ENSMUSG00000022774	0.194893	-0.093046	-0.570425	0.181157	-0.431396	0.961817
ENSMUSG00000022779	-0.041522	-0.257856	-0.673593	0.593833	-0.088390	-0.326358
ENSMUSG00000022780	0.091057	-0.145970	-0.184517	-0.232754	0.159408	-0.416039
ENSMUSG00000022781	-0.415899	-0.557433	-0.306558	0.072043	-0.328841	-0.621727
ENSMUSG00000022788	-0.018008	0.241587	0.126204	-0.386160	-1.201790	0.250472
ENSMUSG00000022789	-0.238859	-0.004581	-0.186432	0.366055	-0.360894	-0.196595
ENSMUSG00000022790	0.014069	-0.794543	0.246663	0.034057	0.249121	-0.436750
ENSMUSG00000022791	-0.139343	0.100348	0.138601	-0.279696	0.111717	0.077443
ENSMUSG00000022792	0.367888	0.023668	-0.167926	-0.055252	-0.422961	0.468686
ENSMUSG00000022793	0.058733	0.002505	0.189728	0.677764	-0.357959	-0.327977
ENSMUSG00000022797	0.245778	-0.836014	0.238109	-0.021959	0.176291	-0.402936
ENSMUSG00000022799	0.208065	0.067467	-0.015102	0.091352	0.592954	0.066242
ENSMUSG00000022800	0.507546	-0.667476	0.123455	-0.390899	-0.286883	-0.038236
ENSMUSG00000022803	1.194560	0.379729	0.516053	-0.287838	-0.042265	0.329119
ENSMUSG00000022809	-0.098493	-0.849384	-0.652674	0.194676	-0.537515	0.039205
ENSMUSG00000022812	0.474490	-0.326980	-0.240059	-0.545793	0.085590	-0.115570
ENSMUSG00000022814	-0.362259	-0.199383	-0.122462	-0.180248	-0.210543	0.421863
ENSMUSG00000022816	0.032011	-0.256097	0.304410	0.179898	-0.369587	-0.057297
ENSMUSG00000022817	-0.011901	0.053518	-0.208950	-0.511792	0.511932	0.154407
ENSMUSG00000022820	0.011343	0.163349	0.172955	-0.554096	-0.381984	-0.110065
ENSMUSG00000022821	-0.150160	0.125424	-0.044146	0.140896	0.154577	0.090410
ENSMUSG00000022822	0.065004	0.146031	0.400555	-0.204553	-0.643816	0.946028
ENSMUSG00000022824	-0.254844	-0.014468	-0.615743	-0.119566	0.465928	-0.448239
ENSMUSG00000022828	-0.112004	0.170279	-0.124517	-0.557365	-0.427560	-0.294850
ENSMUSG00000022831	-0.290380	-0.292102	0.520766	0.809948	-0.102328	0.214827
ENSMUSG00000022836	-0.061678	-0.119629	0.273673	0.156332	0.332167	-0.099182
ENSMUSG00000022837	0.017438	0.264721	-0.110618	0.046844	-0.024383	-0.021608
ENSMUSG00000022838	0.388476	0.249789	0.367795	-0.007741	-0.824324	0.254089
ENSMUSG00000022840	-0.394009	-0.760862	0.214170	0.307987	-0.258568	-0.113472
ENSMUSG00000022841	0.470614	0.384648	-0.490821	0.063812	0.066266	0.049424
ENSMUSG00000022843	0.733357	-0.509155	0.507251	-0.371569	-0.424560	0.343430
ENSMUSG00000022847	-0.091085	-0.231191	-0.292353	-0.195868	-0.314693	-0.672464
ENSMUSG00000022853	0.331595	0.348122	-0.221372	-0.042020	-0.117828	-0.045514
ENSMUSG00000022855	0.031400	-0.209670	-0.508653	0.423963	-0.179050	0.500300
ENSMUSG00000022858	0.247682	0.251462	-0.600807	-0.236997	-0.117806	0.116785
ENSMUSG00000022861	0.037347	-0.076659	-0.410077	-0.175039	-0.197507	0.316689
ENSMUSG00000022863	-0.472540	-0.344873	-0.234649	-0.011622	0.085915	0.003624
ENSMUSG00000022865	-0.783367	-0.681643	-0.430151	0.220443	-0.208879	-0.107300
ENSMUSG00000022867	0.184929	0.031285	0.190725	0.177886	0.295585	-0.312183
ENSMUSG00000022868	-0.038195	-0.124490	0.080150	-0.026573	0.056633	-0.046124
ENSMUSG00000022875	-0.419284	-0.107999	0.290356	0.017389	0.184054	-0.220891
ENSMUSG00000022877	0.012262	0.423221	0.196150	0.737080	0.111934	0.661275
ENSMUSG00000022878	-0.163651	0.457423	0.251358	0.238586	-0.102578	-0.127352
ENSMUSG00000022881	-0.043548	-0.234355	-0.165668	-0.153999	0.423127	-0.382831
ENSMUSG00000022883	-0.120184	0.604564	0.469571	-0.332482	-0.497833	-0.411419
ENSMUSG00000022884	-1.053627	-0.660029	-0.080625	0.027932	0.174897	-0.351566
ENSMUSG00000022885	0.171792	-0.109438	0.316421	-0.117544	-0.012160	-0.390591
ENSMUSG00000022887	0.722281	0.189700	-0.100176	-0.473509	-0.975597	-0.201046
ENSMUSG00000022889	-0.048434	0.299575	0.294313	-0.436765	0.063648	-0.403289
ENSMUSG00000022890	0.189782	0.154297	-0.104275	0.282996	0.139825	0.355356
ENSMUSG00000022892	0.315528	0.073309	0.263837	-0.224141	1.279578	-0.084115
ENSMUSG00000022893	0.045848	-0.065174	-0.448679	-0.322924	0.222165	0.348101
ENSMUSG00000022894	0.395793	0.177783	0.576592	0.363635	0.790642	0.471000
ENSMUSG00000022895	0.292765	0.316317	0.256193	0.100144	0.110705	-0.172908
ENSMUSG00000022897	0.073877	0.793540	0.109176	-0.240405	0.510911	0.591711
ENSMUSG00000022901	-0.180563	0.256574	-0.033325	-0.401665	0.055790	-0.250481
ENSMUSG00000022902	0.336347	-0.248204	0.114739	0.209465	0.518249	0.038614
ENSMUSG00000022905	0.060970	-0.107437	0.456966	-0.397701	-0.008068	-0.227662
ENSMUSG00000022911	-0.040441	-0.333279	-0.273884	0.685937	0.027719	-0.047862
ENSMUSG00000022912	0.344469	-0.239816	0.042886	0.351156	0.167531	-0.712357
ENSMUSG00000022913	0.461517	0.008965	0.151194	-0.151011	-0.204270	-0.052594
ENSMUSG00000022914	0.368551	-0.434204	0.780352	0.396110	-0.364167	-0.517851
ENSMUSG00000022935	0.153888	-0.305087	0.399750	0.601077	0.122744	0.733689
ENSMUSG00000022940	0.446708	0.643189	-0.273644	0.286779	-0.005676	-0.116737
ENSMUSG00000022947	0.433159	0.112993	0.467453	0.223825	0.167518	0.022053
ENSMUSG00000022951	-0.510210	0.230226	-0.304117	-0.203488	0.263873	-0.481176
ENSMUSG00000022952	0.074123	0.129787	0.351105	0.163532	0.548476	-0.405523
ENSMUSG00000022956	-0.268294	0.206056	0.253937	0.078606	0.195387	-0.163595
ENSMUSG00000022957	0.121005	-0.403177	-0.849818	-0.384594	0.071936	0.025201
ENSMUSG00000022962	-0.755457	0.343590	0.349495	-0.002146	0.092537	-0.296770
ENSMUSG00000022965	-0.148638	0.978513	-0.109323	0.407926	-0.175772	0.612695
ENSMUSG00000022967	-0.275137	0.000343	0.434586	0.388570	0.014983	0.090353
ENSMUSG00000022969	0.142357	-0.268300	-0.230976	0.189153	-0.243933	0.081236
ENSMUSG00000022971	0.227177	-0.027672	0.004985	-0.012901	-0.360375	0.182567
ENSMUSG00000022973	-0.339008	-0.044321	-0.052250	0.049543	0.561552	-0.739931
ENSMUSG00000022978	0.049986	-0.094413	0.315968	-0.184774	0.217876	0.940313
ENSMUSG00000022982	-0.106533	-0.311349	-0.255955	-0.108295	0.025518	0.214600
ENSMUSG00000022986	-0.112303	0.304702	0.408823	0.082017	0.387107	0.029651
ENSMUSG00000022987	0.123367	0.134260	0.300841	-0.201800	0.490830	-0.054414
ENSMUSG00000022991	0.084424	0.163817	-0.735390	0.403496	0.022125	-0.237985
ENSMUSG00000022992	0.096254	0.148027	0.185311	0.314085	-0.230154	0.515026
ENSMUSG00000022994	0.058520	-0.396699	0.099896	0.590731	-0.095268	0.185220
ENSMUSG00000022995	-0.486017	0.427833	-0.228011	0.411877	0.172831	0.742534
ENSMUSG00000022996	-0.103337	-0.053570	0.161857	-0.305456	0.538960	-0.244015
ENSMUSG00000022997	0.074048	-0.302521	-0.204726	-0.274350	-0.677537	-0.016412
ENSMUSG00000023000	0.196052	0.004105	0.331628	0.170848	-0.306104	-0.509041
ENSMUSG00000023004	-0.178891	-0.037053	0.179563	0.518939	0.382340	-0.046253
ENSMUSG00000023008	-0.276341	0.027005	0.218250	-0.227992	-0.104944	-0.109188
ENSMUSG00000023013	0.146485	-0.157620	-0.165757	0.148475	0.173031	-0.113482
ENSMUSG00000023015	-0.033589	0.333233	-0.164734	-0.583299	0.167506	-0.178073
ENSMUSG00000023017	0.303635	0.120371	-0.118992	0.539146	0.371475	0.263480
ENSMUSG00000023018	0.061642	0.274457	-0.739083	0.142403	-0.100950	-0.010280
ENSMUSG00000023019	-0.000928	0.165337	0.312585	-0.075550	0.297204	-0.407722
ENSMUSG00000023020	0.285948	-0.197712	0.176507	-0.176559	-0.703401	-0.686511
ENSMUSG00000023021	0.155345	0.023831	-0.168902	0.185242	0.399848	-0.201283
ENSMUSG00000023027	0.058468	0.184074	0.448179	0.235866	0.064901	-0.077586
ENSMUSG00000023030	0.063745	-0.358468	0.218464	0.045865	0.155893	-0.542924
ENSMUSG00000023032	-0.435365	0.310558	-0.001597	-0.309765	-0.855584	0.003689
ENSMUSG00000023033	0.333480	-0.451040	-0.318664	-0.232434	0.026927	-0.227785
ENSMUSG00000023034	-0.141190	0.519438	0.120626	0.018511	0.056486	-0.250278
ENSMUSG00000023039	-0.117353	-0.508800	0.694014	0.020134	0.002834	-0.035456
ENSMUSG00000023041	0.689678	0.094698	0.308075	-0.230100	0.122298	0.177050
ENSMUSG00000023043	-0.488885	0.214911	-0.545538	-0.207075	0.547903	0.232951
ENSMUSG00000023044	-0.092846	0.629522	0.123434	-0.254953	0.019973	-0.038773
ENSMUSG00000023045	0.592492	-0.162745	-0.655902	-0.059696	0.056045	-0.346733
ENSMUSG00000023046	-0.480421	-0.107786	0.458033	0.507220	0.108394	0.041289
ENSMUSG00000023047	0.931703	-0.459527	-0.204963	-0.195209	1.387808	0.045846
ENSMUSG00000023050	0.213625	0.451705	-0.188161	-0.020430	0.278680	-0.079079
ENSMUSG00000023051	-0.574439	-0.080251	0.573172	-0.233976	-0.435627	0.057262
ENSMUSG00000023052	-0.385019	0.106730	-0.029415	0.322829	-0.018798	0.328234
ENSMUSG00000023057	0.122706	-0.276640	-0.044438	0.253393	0.130890	-0.028050
ENSMUSG00000023067	-0.178365	-0.015022	-0.241257	0.034059	-0.071409	0.469900
ENSMUSG00000023068	-0.113175	0.097241	-0.482149	0.683280	-0.657186	0.102879
ENSMUSG00000023070	-0.182604	1.208036	0.973137	-0.176092	0.411479	-0.083364
ENSMUSG00000023072	0.424932	0.945384	0.609204	0.234906	0.007743	-0.122050
ENSMUSG00000023073	0.359805	-0.988517	0.551709	-0.088430	-0.494155	0.107351
ENSMUSG00000023078	0.871981	-0.005883	0.506907	-0.187824	-0.082776	-0.207673
ENSMUSG00000023083	0.055377	-0.279841	0.136727	0.133909	-0.222231	0.638298
ENSMUSG00000023088	0.298552	0.182268	0.183412	0.113177	-0.466335	0.018682
ENSMUSG00000023089	0.311987	0.105578	0.070489	-0.422543	-0.276716	0.332202
ENSMUSG00000023092	-0.421758	-0.660128	0.310123	0.322338	-0.379500	-0.381319
ENSMUSG00000023094	-0.269901	-0.006155	0.433787	0.776289	-0.053041	-0.268653
ENSMUSG00000023104	-0.385828	0.102089	0.145104	-0.012151	0.199530	-0.133500
ENSMUSG00000023110	0.020691	-0.546310	0.003619	-0.171132	0.647651	0.066553
ENSMUSG00000023118	-0.142244	-0.440325	0.308382	-0.775982	-0.928043	-0.300206
ENSMUSG00000023120	0.892074	-0.296093	-0.099901	-0.053413	0.293331	0.397150
ENSMUSG00000023122	0.160851	0.319914	0.641694	-0.256372	0.457782	0.387823
ENSMUSG00000023132	0.532326	-0.362176	0.798343	-0.276587	-0.035176	-0.293647
ENSMUSG00000023156	-0.303202	0.221119	-0.040570	-0.141777	-0.058477	0.811390
ENSMUSG00000023159	0.271342	-0.110060	0.150124	0.407775	0.041780	0.248812
ENSMUSG00000023169	-0.394194	0.526382	0.117153	0.035274	-0.475393	-0.186633
ENSMUSG00000023170	0.042638	-0.864350	-0.449471	-0.283133	-0.171288	0.277659
ENSMUSG00000023175	0.942570	0.116587	-0.157000	-0.008863	0.151705	0.119175
ENSMUSG00000023176	-0.475579	-0.295635	0.202605	0.272558	-0.169119	-0.192839
ENSMUSG00000023192	-0.255868	-0.183815	-0.292042	-0.356395	-0.169647	-0.052442
ENSMUSG00000023206	0.210507	-0.247690	0.315902	0.497993	0.139547	-0.202379
ENSMUSG00000023210	-0.441803	0.138954	-0.192447	0.293908	-0.463046	-0.674533
ENSMUSG00000023224	-0.506703	-0.509644	0.431446	0.060527	-0.703793	-0.070756
ENSMUSG00000023232	-0.551478	0.193787	-0.026039	-0.398481	-0.130075	0.137424
ENSMUSG00000023235	-0.343217	0.235222	0.405944	-0.404692	-0.029800	0.124682
ENSMUSG00000023243	0.231731	0.541309	0.336758	0.552707	0.038375	-0.215741
ENSMUSG00000023247	-0.186981	0.337383	-0.594825	-0.041649	0.148580	0.093517
ENSMUSG00000023249	0.430640	0.337712	-0.138430	0.095699	0.064393	-0.165879
ENSMUSG00000023259	0.289873	-0.577510	0.121642	0.462373	-0.202118	0.233850
ENSMUSG00000023262	0.077950	-0.283334	-0.078021	0.448029	-0.311446	0.332963
ENSMUSG00000023266	-0.027547	-0.529348	0.101860	-0.048309	-0.859734	-0.029109
ENSMUSG00000023267	0.353385	-0.229412	0.123065	0.288241	-0.543151	-0.177478
ENSMUSG00000023274	-0.267971	0.594939	0.443051	-0.821866	-0.296159	-0.321812
ENSMUSG00000023279	0.707387	-0.190746	0.191691	0.295282	0.154298	-0.023891
ENSMUSG00000023284	-0.017602	0.431904	-0.157077	-0.395176	-0.398064	0.630624
ENSMUSG00000023286	0.093632	0.248351	0.751925	0.245465	0.046404	-0.266429
ENSMUSG00000023307	-0.229507	0.384800	0.011637	0.656060	-0.103755	-0.198212
ENSMUSG00000023328	-0.097800	0.185979	0.000659	0.145694	0.315248	-0.200043
ENSMUSG00000023333	0.308434	-0.562213	0.441082	0.504080	0.768597	0.296071
ENSMUSG00000023341	0.033370	-0.886820	-0.097629	-0.230932	0.241446	0.578593
ENSMUSG00000023348	0.057706	-0.440736	0.171391	0.174336	-0.234447	0.057619
ENSMUSG00000023349	0.381680	-0.597396	-0.234812	0.469875	0.127859	0.503625
ENSMUSG00000023387	0.003923	-0.209989	0.005316	0.134462	0.847735	-0.338888
ENSMUSG00000023393	-0.499159	0.167013	-0.046492	-0.151117	0.245570	-0.078567
ENSMUSG00000023411	0.256641	0.112450	0.893379	-0.358980	-0.312729	0.057246
ENSMUSG00000023439	-0.188468	-0.541783	0.036931	0.785888	-0.174042	0.126692
ENSMUSG00000023452	0.111609	0.664106	0.407299	-0.274973	0.114216	0.205501
ENSMUSG00000023456	0.272587	-0.501024	0.386529	-0.146484	0.087946	0.177198
ENSMUSG00000023460	-0.411875	0.157983	0.488963	-0.030860	0.830744	-0.152982
ENSMUSG00000023484	-0.214330	0.242088	-0.497942	-0.055643	-0.021212	0.362041
ENSMUSG00000023723	0.187124	-0.215663	0.143994	-0.003134	-0.153889	0.642245
ENSMUSG00000023764	0.128759	-0.100405	0.384047	-0.293735	0.725394	-0.350456
ENSMUSG00000023781	-0.339691	-0.760105	0.112355	0.020937	0.687969	0.245701
ENSMUSG00000023791	-0.176380	-0.059307	0.030552	0.114730	-0.207773	0.113980
ENSMUSG00000023800	-0.280042	-0.092364	0.084883	-0.448926	-0.422766	-0.108767
ENSMUSG00000023802	-0.242598	0.048310	0.345965	0.113308	0.037479	0.035038
ENSMUSG00000023805	0.335434	0.855771	0.220864	0.349844	-0.118491	-0.213599
ENSMUSG00000023809	0.095317	0.558497	-0.407762	1.001018	-0.074736	-0.057990
ENSMUSG00000023826	0.241608	-0.307217	-0.809956	-0.826226	-0.157567	-1.430444
ENSMUSG00000023827	0.548033	-0.284732	-0.003055	0.066316	-0.106072	0.051110
ENSMUSG00000023828	-0.315576	-0.239473	0.742051	-0.645764	0.259273	0.265379
ENSMUSG00000023829	0.440998	0.283144	-0.885095	-0.292093	0.404406	0.566444
ENSMUSG00000023830	-0.330774	0.034749	0.062514	-0.374075	-0.702961	-0.560918
ENSMUSG00000023832	0.382033	-0.081667	0.115346	0.327044	-0.224068	-0.121671
ENSMUSG00000023845	0.163503	0.041447	-0.126499	0.802101	1.001647	-0.033901
ENSMUSG00000023868	-0.270351	-0.295543	0.171476	-0.445872	-0.274479	-0.110516
ENSMUSG00000023882	0.981230	-0.294120	0.610913	-0.017941	0.436808	-0.028855
ENSMUSG00000023883	-0.467013	0.338649	0.347867	0.088845	-0.050961	-0.425243
ENSMUSG00000023885	0.408184	0.077716	0.126517	-0.126934	0.047541	0.328468
ENSMUSG00000023903	-0.486604	-0.354259	-0.128775	-0.089691	0.551079	0.016251
ENSMUSG00000023905	0.184353	0.296436	-0.212552	-0.022433	-0.139640	-0.426050
ENSMUSG00000023906	-0.138450	0.029293	-0.402696	0.050169	0.011605	-0.011490
ENSMUSG00000023908	-0.020041	-0.266712	0.131640	0.137883	0.063268	0.123686
ENSMUSG00000023912	-0.282910	0.056907	-0.184965	0.456584	-0.066339	-0.448315
ENSMUSG00000023913	0.046729	0.152712	0.476519	-0.999458	0.037158	0.468300
ENSMUSG00000023919	0.135359	0.059382	0.457175	0.353574	-0.028378	-0.342784
ENSMUSG00000023921	0.207281	-0.016406	0.044728	-0.347944	-0.002901	-0.062405
ENSMUSG00000023926	0.088576	0.434282	0.301131	0.061504	0.044112	0.167755
ENSMUSG00000023927	0.090921	-0.213139	0.678501	-0.201176	0.566330	0.475762
ENSMUSG00000023932	0.194528	0.099034	0.069665	0.224583	0.132587	-0.104681
ENSMUSG00000023938	0.252327	0.155265	-0.273473	-0.750911	-0.269629	-0.544246
ENSMUSG00000023939	-0.305036	0.401318	-0.321395	0.447808	-0.098760	0.082096
ENSMUSG00000023940	0.153461	-0.308678	0.463280	0.905026	0.251559	0.178822
ENSMUSG00000023942	0.370283	0.355274	0.167957	0.489976	-0.065015	0.286523
ENSMUSG00000023944	0.026910	0.152656	-0.419559	-0.346464	0.493407	0.052892
ENSMUSG00000023945	-0.448054	0.604183	0.366103	0.014118	-0.408872	-0.273573
ENSMUSG00000023947	0.319300	-0.036818	-0.368737	0.073607	0.061985	-0.254809
ENSMUSG00000023951	0.134034	0.061990	-0.142473	-0.739812	0.471602	-0.468918
ENSMUSG00000023952	-0.230473	0.450979	-0.113031	0.235091	-0.271014	0.061310
ENSMUSG00000023953	-0.509100	-0.557095	-0.946022	-1.291880	-1.164668	-0.989619
ENSMUSG00000023961	0.093314	-0.288781	-0.521611	-0.484485	0.135637	-0.192038
ENSMUSG00000023963	0.312089	0.009993	-0.017501	-0.112251	0.308713	0.008176
ENSMUSG00000023964	-0.501029	0.035760	0.134610	-0.014245	-0.257236	-0.102375
ENSMUSG00000023965	0.153111	0.180134	0.331448	0.515045	0.242379	-0.130895
ENSMUSG00000023967	0.251610	0.256440	0.082076	0.052632	0.226964	-0.349791
ENSMUSG00000023971	-0.332078	0.129624	-0.164881	-0.425208	-0.246780	-0.009947
ENSMUSG00000023973	-0.546481	-0.015555	-0.029816	0.051214	0.512519	-0.099842
ENSMUSG00000023977	0.189728	-0.090088	0.207569	-0.183928	0.012446	-0.741219
ENSMUSG00000023979	0.505068	-0.402404	0.747375	0.421832	-0.258575	-0.106198
ENSMUSG00000023980	-0.702010	0.095307	-0.006795	-0.451258	0.165988	-0.780782
ENSMUSG00000023982	-0.110880	0.053268	0.067631	-0.244136	-0.312110	-0.622027
ENSMUSG00000023988	0.088799	-0.063962	-0.022502	-0.539486	-0.319295	0.353881
ENSMUSG00000023990	0.114124	0.204753	0.199183	-0.183489	-0.047031	-0.531293
ENSMUSG00000023992	-0.047838	-0.279549	-0.117251	-0.030279	-0.142033	-0.097500
ENSMUSG00000023993	0.527834	-0.167431	0.138429	0.388099	-0.124536	0.036011
ENSMUSG00000023994	-0.185472	-0.140840	-0.081805	0.122740	0.334034	0.387054
ENSMUSG00000023999	-0.056609	0.015483	-0.224141	-0.527514	0.128023	0.571442
ENSMUSG00000024006	-0.244957	-0.003506	0.442131	0.341355	0.224961	0.495781
ENSMUSG00000024007	0.325678	-0.352265	0.226258	-0.223571	0.285741	-0.386936
ENSMUSG00000024013	0.390343	-0.026761	-0.258002	-0.259227	-0.067719	-0.220012
ENSMUSG00000024014	0.528406	0.431601	0.320712	0.045445	0.397271	-0.222025
ENSMUSG00000024026	0.193833	0.327524	0.287115	-0.255066	-0.267230	-0.239660
ENSMUSG00000024027	0.210677	-0.494181	-0.051683	0.288972	-0.277885	-0.143722
ENSMUSG00000024030	-0.530992	-0.264870	0.702224	-0.104298	-0.322342	-0.017616
ENSMUSG00000024032	0.136750	0.345429	-0.170611	0.226444	-0.233322	-0.609300
ENSMUSG00000024036	0.674088	-0.672320	0.189882	-0.141690	-0.930369	0.306652
ENSMUSG00000024038	-0.455691	-0.086382	0.123787	0.440619	-0.048437	0.109978
ENSMUSG00000024039	-0.314725	0.814860	0.333187	-0.397838	-0.595849	-0.000031
ENSMUSG00000024042	-0.170976	0.208442	-0.391521	0.082731	-0.275209	0.128421
ENSMUSG00000024043	-0.156950	-0.613075	0.198415	-0.091890	0.177677	0.205643
ENSMUSG00000024044	0.057280	0.129571	-0.072750	0.891771	0.326613	-0.089390
ENSMUSG00000024048	0.017043	0.253333	0.738824	0.427860	0.608399	0.164187
ENSMUSG00000024052	-0.184641	0.262048	-0.147498	-0.080377	-0.168334	-0.546354
ENSMUSG00000024053	0.389679	0.052364	0.410493	-0.426441	-0.072470	-0.467586
ENSMUSG00000024056	0.042266	-0.365933	-0.395913	0.535605	0.146391	0.153243
ENSMUSG00000024064	-0.458965	0.242117	0.026926	-0.084664	0.020903	0.053152
ENSMUSG00000024065	-0.094481	-0.747516	0.648413	0.530829	0.427843	-0.114613
ENSMUSG00000024066	0.027852	-0.237545	-0.365070	-0.328594	0.194510	-0.150668
ENSMUSG00000024068	0.510251	0.341446	0.304541	-0.469857	0.130752	0.029820
ENSMUSG00000024070	0.107397	0.245999	-0.359066	-0.256732	0.449371	0.365162
ENSMUSG00000024073	0.497171	-0.150230	-0.263937	-0.521841	0.539493	0.391857
ENSMUSG00000024077	0.125966	-0.113872	0.324153	-0.218461	-0.154266	0.627459
ENSMUSG00000024079	-0.309088	-0.598832	-0.587353	-0.500038	-0.246403	-0.010403
ENSMUSG00000024082	0.336849	0.225418	0.096219	-0.494155	-0.297097	0.448939
ENSMUSG00000024083	-0.339927	0.254146	0.053810	0.384068	-0.203092	0.200848
ENSMUSG00000024084	-0.186779	-0.487968	-0.138644	0.142955	-0.522625	0.487031
ENSMUSG00000024085	0.206845	0.072819	-0.116674	-0.223122	0.115613	-0.159119
ENSMUSG00000024087	-0.296488	0.514025	-0.214300	-0.077716	-0.813395	0.975401
ENSMUSG00000024091	-0.002057	0.122474	0.259778	0.540410	0.180076	-0.283513
ENSMUSG00000024096	-0.221459	0.307964	0.266198	0.366140	-0.238039	0.377667
ENSMUSG00000024097	0.021109	0.374368	-0.328705	0.025893	-0.256221	0.470434
ENSMUSG00000024099	-0.175938	-0.019254	-0.346464	0.422781	0.061303	0.169090
ENSMUSG00000024107	0.133365	0.501615	0.265749	0.036260	0.338621	-0.423535
ENSMUSG00000024109	0.357568	-0.099554	0.421510	0.402281	0.262082	-0.693693
ENSMUSG00000024112	-0.065176	-0.148276	0.393584	0.007624	0.042301	-0.203561
ENSMUSG00000024114	0.580194	0.566366	-0.023538	-0.368357	-0.711142	0.265047
ENSMUSG00000024116	-0.003189	-0.088614	-0.442660	-0.182460	-0.182868	0.511526
ENSMUSG00000024121	-0.399591	-0.210522	-0.146082	-0.313564	-0.025549	0.069076
ENSMUSG00000024122	-0.129587	-0.678934	0.089299	-0.257150	-0.040444	-0.779154
ENSMUSG00000024130	-0.155938	0.481336	-0.001596	-0.204627	-0.114318	0.579332
ENSMUSG00000024131	-0.147611	-0.166032	0.198663	0.060707	0.191713	0.546153
ENSMUSG00000024132	-0.275856	0.579055	-0.013775	0.266463	0.040480	-0.046551
ENSMUSG00000024140	-0.219704	0.748340	-0.522950	0.048166	-0.716368	-0.557721
ENSMUSG00000024142	-0.071243	-0.494018	-0.017404	0.052069	-0.238073	-0.177325
ENSMUSG00000024143	0.038393	-0.664432	0.008574	-0.587048	0.485587	-0.147399
ENSMUSG00000024145	-0.771693	0.165466	-0.282947	-0.028032	0.127505	0.149578
ENSMUSG00000024150	0.176497	0.130058	0.225807	0.406702	0.923306	0.104010
ENSMUSG00000024151	-0.043364	0.490239	0.390501	-0.156434	0.463752	-0.210623
ENSMUSG00000024158	-0.444012	-0.916420	0.077970	0.256817	-0.406723	-0.198411
ENSMUSG00000024160	0.191034	0.134013	-0.284492	0.315046	1.044363	0.767108
ENSMUSG00000024163	0.584483	-0.212930	0.296895	0.515211	0.335843	-0.495419
ENSMUSG00000024164	-0.041187	-0.263287	-0.435373	-0.367644	-0.216234	0.257328
ENSMUSG00000024169	0.794115	0.460591	-0.088571	-0.008829	-0.636554	-0.474074
ENSMUSG00000024170	0.255727	-0.300504	0.341632	0.086471	0.231256	-0.162853
ENSMUSG00000024172	0.042417	0.346197	-0.071655	-0.439329	-0.127189	-0.162404
ENSMUSG00000024177	-0.125215	-0.532532	0.225209	-0.250513	0.903905	-0.026976
ENSMUSG00000024181	0.617071	0.052602	-0.058288	-0.134405	0.126153	-0.022333
ENSMUSG00000024182	-0.311509	-0.578683	-0.365700	-0.641825	-1.301158	-0.665022
ENSMUSG00000024190	0.149042	-0.273840	-0.310535	-0.158825	0.226132	0.453399
ENSMUSG00000024191	-0.335081	-0.754144	0.021620	0.774189	0.392039	0.293927
ENSMUSG00000024193	0.364095	-0.195413	0.525026	0.087756	0.606195	-0.008926
ENSMUSG00000024197	-0.329594	-0.613666	0.029071	-0.052841	0.040083	-0.361945
ENSMUSG00000024201	-0.055111	-0.639766	0.233906	-0.666450	-0.413938	-0.099743
ENSMUSG00000024207	0.066130	-0.216599	-0.277689	0.171264	-0.334459	-0.082338
ENSMUSG00000024209	0.119766	0.815197	-0.110803	-0.352252	0.706336	-0.547245
ENSMUSG00000024210	-0.269084	-0.115586	-0.225729	-0.311610	0.740803	-0.111820
ENSMUSG00000024211	0.036948	0.006189	0.138233	0.272071	-0.211394	-0.112418
ENSMUSG00000024212	0.073830	0.070791	0.063927	0.182739	0.439125	-0.106063
ENSMUSG00000024213	0.748336	0.794192	-0.229310	-0.397521	-0.007613	-0.602902
ENSMUSG00000024217	-0.315729	0.727392	0.290783	0.353456	-0.128093	1.365432
ENSMUSG00000024218	-0.111749	0.765094	-0.017704	0.062388	-0.069681	-0.286992
ENSMUSG00000024220	0.194265	0.387706	-0.120167	0.481958	-0.167283	0.310930
ENSMUSG00000024222	0.247896	-0.303880	-0.019476	-0.005083	-0.044174	-0.474108
ENSMUSG00000024225	-0.394785	-0.355585	0.217882	-0.678032	0.515645	-0.003031
ENSMUSG00000024228	-0.176320	-0.072383	0.215370	0.972662	-0.569397	-0.361954
ENSMUSG00000024231	0.350763	-0.202638	-0.301154	0.054101	-0.374664	-0.744883
ENSMUSG00000024232	0.079336	-0.148793	-0.213634	-0.268643	-0.150885	0.057811
ENSMUSG00000024235	0.380738	-0.050700	-0.456814	0.391792	0.250211	-0.448091
ENSMUSG00000024238	-0.229708	0.130524	-0.201468	-0.252897	-0.073941	-0.157227
ENSMUSG00000024240	0.526509	-0.493963	-0.034093	-0.309907	-0.198681	0.422381
ENSMUSG00000024241	-0.150731	0.514153	-0.268221	0.097020	0.687443	0.064667
ENSMUSG00000024242	-0.049483	0.001288	-0.576492	0.097895	-0.333539	-0.086499
ENSMUSG00000024248	-0.288833	0.234618	-0.587872	-0.785222	0.062853	-0.164568
ENSMUSG00000024253	0.264681	-0.123686	-0.755849	0.579490	-0.093697	-0.053316
ENSMUSG00000024254	0.558063	-0.540529	0.109868	0.239710	0.822599	-0.814202
ENSMUSG00000024256	-0.083001	0.266943	0.808405	-0.633490	-0.015519	-0.195169
ENSMUSG00000024258	-0.584944	0.731653	0.027897	-0.304759	-0.372415	-0.021798
ENSMUSG00000024270	0.020948	0.499680	0.348025	0.053174	0.783630	0.301255
ENSMUSG00000024283	0.421411	-0.831203	0.189746	-0.453700	-0.358987	0.128059
ENSMUSG00000024287	0.164703	0.112428	-0.018896	0.338229	0.240816	-0.046824
ENSMUSG00000024290	0.193344	0.281719	-0.135458	0.338148	-0.119129	0.101235
ENSMUSG00000024292	-0.101527	0.259316	0.652390	0.434086	-0.089356	0.312598
ENSMUSG00000024293	0.535982	-0.140025	0.621778	0.122906	0.029733	0.310275
ENSMUSG00000024294	0.564795	-0.437125	-0.355150	0.375291	0.375613	-0.013316
ENSMUSG00000024299	-0.580441	-0.772802	0.538813	-0.371692	0.148980	0.270711
ENSMUSG00000024301	-0.270727	-0.136635	-0.229660	0.116784	0.521696	0.105251
ENSMUSG00000024302	0.597303	-0.094797	0.067879	-0.241142	0.270362	-0.319334
ENSMUSG00000024304	0.400725	0.046319	-0.185482	-0.142687	-0.880408	0.318407
ENSMUSG00000024308	-0.143472	0.508914	-1.023941	0.093572	0.152979	-0.139210
ENSMUSG00000024312	-0.155166	0.212554	0.281490	-0.275889	-0.611349	-0.096831
ENSMUSG00000024317	0.419264	-0.253344	-0.416056	0.247329	-0.316389	0.704853
ENSMUSG00000024319	0.002343	-0.559589	-0.060196	0.465846	-0.261078	-0.001459
ENSMUSG00000024325	0.280199	0.382819	0.658038	-0.896408	-0.168868	-0.093217
ENSMUSG00000024327	0.089309	-0.321703	0.332387	0.320044	-0.582170	-0.128700
ENSMUSG00000024330	-0.105547	0.180205	-0.058268	0.206995	0.255357	-0.212068
ENSMUSG00000024331	-0.654274	-0.098436	-0.009291	0.071420	0.355490	0.065358
ENSMUSG00000024334	-0.074963	-0.234144	-0.461825	-0.161444	0.309080	0.039594
ENSMUSG00000024338	-0.462452	-0.402738	0.385540	-0.520306	0.103379	0.520906
ENSMUSG00000024339	-0.335534	-0.176503	0.121137	-0.142096	-0.209310	-0.039510
ENSMUSG00000024340	0.764539	-0.047781	0.060436	0.245283	0.467594	0.279222
ENSMUSG00000024349	-0.313774	-0.887431	-0.930766	-0.808628	-1.140496	-0.772504
ENSMUSG00000024354	-0.136817	0.517442	0.363582	0.629176	-0.403244	0.744361
ENSMUSG00000024359	0.166085	-0.699352	0.277703	-0.265301	0.026143	0.814416
ENSMUSG00000024360	-0.837756	0.133335	0.117234	-0.339607	0.175209	0.950207
ENSMUSG00000024365	-0.082966	0.132106	0.289923	-0.011696	-0.645706	0.185630
ENSMUSG00000024366	0.437059	0.735616	-0.034250	-0.210855	0.515693	-0.013922
ENSMUSG00000024369	0.131432	0.482339	0.344034	0.051968	0.340551	0.646237
ENSMUSG00000024370	-0.275506	0.314090	0.546391	-0.225241	0.156972	0.404735
ENSMUSG00000024371	-0.417096	0.252825	0.705812	-0.326725	-0.018215	-0.054627
ENSMUSG00000024379	-0.453802	-0.256464	0.006011	-0.022958	-0.237186	0.223664
ENSMUSG00000024381	-0.169407	-0.206643	0.330076	0.370607	-0.182925	0.199960
ENSMUSG00000024382	0.895887	0.398183	-0.167453	-0.208066	-0.021366	0.067197
ENSMUSG00000024383	0.079706	-0.332171	0.402176	0.612282	0.049730	0.162031
ENSMUSG00000024384	0.117738	-0.584086	0.220046	0.054731	-0.044685	-0.158348
ENSMUSG00000024386	-0.053156	-0.513149	-0.337278	0.609596	0.135808	-0.077628
ENSMUSG00000024387	0.056431	-0.095427	-0.204137	-0.397530	0.177301	0.178156
ENSMUSG00000024391	0.197330	0.084111	0.020392	0.210834	-0.260167	-0.085281
ENSMUSG00000024395	-0.706547	-0.230489	-0.089611	-0.214651	0.379855	0.413183
ENSMUSG00000024399	0.072837	0.656554	0.404055	-0.268496	-0.055925	0.263762
ENSMUSG00000024400	-0.140829	-0.078080	-0.570527	0.336790	-0.471792	-0.226323
ENSMUSG00000024401	-0.185622	-0.037957	-0.348435	-0.270735	0.417347	-0.039451
ENSMUSG00000024402	0.939931	-0.208778	0.044755	0.435754	0.313772	-0.524393
ENSMUSG00000024403	-0.901732	0.400491	0.314612	0.313349	0.362703	0.159345
ENSMUSG00000024404	0.154317	0.042082	-0.629643	0.479092	-0.158741	0.069704
ENSMUSG00000024406	0.681087	-0.494191	-0.348967	-0.218087	-0.330064	-0.179428
ENSMUSG00000024411	0.038640	0.494009	0.164526	0.166495	0.017207	0.506448
ENSMUSG00000024413	0.307456	-0.700740	-0.069378	0.016879	0.599991	0.464575
ENSMUSG00000024414	0.096849	0.011095	-0.209130	0.300105	-0.204875	-0.127283
ENSMUSG00000024421	-0.299293	0.347337	-0.128288	-0.192032	0.207732	0.031805
ENSMUSG00000024422	0.121560	0.239823	-0.242623	0.029246	0.003445	-0.807896
ENSMUSG00000024426	0.241878	-0.408358	-0.002061	0.043857	0.351105	-0.205211
ENSMUSG00000024431	-0.160451	-0.116464	-0.055908	-0.350213	0.063623	0.557244
ENSMUSG00000024436	0.282042	0.158008	0.159983	-0.087415	-0.029996	0.019845
ENSMUSG00000024442	0.055981	-0.103851	0.217221	0.028866	-0.073124	0.455517
ENSMUSG00000024446	-0.283664	-0.073549	-0.506879	-0.535451	-0.026619	-0.071540
ENSMUSG00000024448	0.432017	0.318024	0.101887	-0.348519	0.070131	0.312212
ENSMUSG00000024451	0.291463	-0.364616	0.150743	-0.240494	-0.214783	-0.415898
ENSMUSG00000024454	0.356122	0.257397	-0.303298	0.203822	-0.031247	0.043479
ENSMUSG00000024456	0.240903	0.159271	0.053386	-0.178450	-0.023159	-0.024401
ENSMUSG00000024459	-0.142329	-0.493153	-0.324115	0.029717	-0.146774	0.167597
ENSMUSG00000024462	-0.266605	-0.565418	-0.290498	0.612370	0.519989	0.110430
ENSMUSG00000024472	-0.492154	0.484581	-0.326811	0.237075	-0.217773	-0.007344
ENSMUSG00000024474	-0.358064	-0.055078	-0.372606	-0.008337	-0.535312	0.013040
ENSMUSG00000024480	0.147517	0.006461	0.073988	0.290848	0.213265	0.071470
ENSMUSG00000024485	0.081922	0.173268	-0.103550	0.226806	0.861566	-0.160518
ENSMUSG00000024486	0.530596	-0.126468	0.233627	0.116037	-0.072529	0.144893
ENSMUSG00000024491	-0.114599	-0.478049	-0.190425	0.377310	-0.006399	0.082853
ENSMUSG00000024493	-0.395780	-0.221682	-0.071778	0.382446	-0.715378	0.255175
ENSMUSG00000024498	-0.358218	0.640102	0.156099	-0.083822	0.418656	-0.210032
ENSMUSG00000024500	-0.457283	0.012731	-0.049612	0.072441	-0.170925	0.434921
ENSMUSG00000024501	0.583568	0.303720	0.262199	-0.270083	-0.027284	0.555100
ENSMUSG00000024507	0.252102	-0.450189	-0.275968	0.550469	0.230751	0.218462
ENSMUSG00000024510	-0.089478	0.054031	-0.428821	-0.435455	-0.417410	0.258198
ENSMUSG00000024511	0.064323	-0.588890	0.259163	-0.066140	0.403264	-0.168675
ENSMUSG00000024515	-0.181353	-0.777110	-0.373069	-1.068205	-0.869762	-0.982725
ENSMUSG00000024516	0.300777	-0.136810	0.162639	-0.311223	-0.240979	0.022848
ENSMUSG00000024517	0.800324	0.067275	0.200759	-0.177702	-0.672740	-0.400016
ENSMUSG00000024521	-0.301354	0.364414	-0.376067	-0.193324	-0.126406	-0.117282
ENSMUSG00000024524	0.223113	0.190515	-0.068100	-0.340835	0.624488	0.004873
ENSMUSG00000024525	-0.341065	0.056827	-0.224338	-0.573687	0.241676	0.056008
ENSMUSG00000024526	0.281985	0.488261	-0.215031	-0.041401	-0.298654	-0.115321
ENSMUSG00000024527	0.820636	0.072977	0.738148	-0.347966	-0.206760	-0.594959
ENSMUSG00000024529	0.285521	0.448264	0.291016	0.123894	-0.044571	-0.414731
ENSMUSG00000024530	0.281647	-0.073712	-0.169261	-0.302338	0.373859	-0.195758
ENSMUSG00000024534	-0.168852	0.295109	-0.831677	-0.183414	-0.369433	0.277798
ENSMUSG00000024537	-0.419263	0.171594	0.345133	-0.131048	-0.013410	-0.533139
ENSMUSG00000024539	0.188449	0.382823	0.442836	0.070671	-0.320747	-0.333199
ENSMUSG00000024542	0.323658	0.312193	0.102690	-0.010165	0.284408	0.216066
ENSMUSG00000024553	-0.205011	-0.041976	0.015130	0.038442	-0.074650	-0.124079
ENSMUSG00000024556	0.093224	0.330177	0.447166	-0.555501	-0.288473	-0.178831
ENSMUSG00000024558	-0.002732	0.529506	0.123532	0.378802	0.058098	-0.439091
ENSMUSG00000024560	0.542876	-0.182406	-0.386204	-0.222361	0.429337	-0.031915
ENSMUSG00000024563	-0.568670	-0.365755	-0.447554	-1.330582	-0.895264	-1.189206
ENSMUSG00000024566	-0.453873	-0.422139	-0.259568	-0.723260	-0.365929	0.615392
ENSMUSG00000024571	-0.091204	0.056577	-0.164345	0.023613	-0.809007	0.038709
ENSMUSG00000024575	-0.261037	-0.383258	-0.145224	0.475356	-0.448461	-0.056835
ENSMUSG00000024576	0.160196	-0.206172	-0.339677	0.192078	0.283068	-0.144905
ENSMUSG00000024578	-0.063859	-0.219102	0.048923	-0.621258	0.119151	-0.170540
ENSMUSG00000024579	-0.184807	0.031716	0.499429	0.264326	-0.231937	0.339322
ENSMUSG00000024581	0.045958	-0.048303	-0.303675	0.472395	-0.838791	0.444430
ENSMUSG00000024583	-0.140245	0.345150	0.238798	-0.023180	-0.079671	0.051902
ENSMUSG00000024587	0.085346	0.451806	-0.249399	-0.396503	-0.082184	-0.441287
ENSMUSG00000024588	0.133687	-0.097905	0.761863	-0.196648	0.264091	-0.194218
ENSMUSG00000024589	0.224563	-0.051670	0.168524	-0.247438	-0.341686	-0.034739
ENSMUSG00000024590	-0.574977	0.336391	-0.113420	0.269146	-0.069066	0.243281
ENSMUSG00000024593	-0.073201	0.539090	0.308088	0.047255	-0.381657	0.102196
ENSMUSG00000024597	0.152509	0.071895	-0.006531	-0.113782	0.177564	0.138669
ENSMUSG00000024598	0.177406	0.417576	0.046209	-0.271551	0.065329	-0.173815
ENSMUSG00000024600	-0.399233	-0.291391	0.038201	0.325665	0.164726	-0.315387
ENSMUSG00000024603	-0.088346	-0.164547	0.475045	-0.070545	0.320130	0.186831
ENSMUSG00000024604	0.198380	-0.159123	-0.053080	0.206945	0.033329	0.321951
ENSMUSG00000024608	0.077660	-0.273000	-0.378907	0.241824	-0.513244	0.512725
ENSMUSG00000024610	-0.705786	-0.365581	0.451380	0.004101	0.157377	0.394846
ENSMUSG00000024614	0.186303	0.571967	0.166103	0.179109	-0.474921	-0.052428
ENSMUSG00000024617	-0.023499	-0.088288	-0.021464	-0.080127	0.065481	0.191599
ENSMUSG00000024620	0.343227	0.002980	-0.043743	0.062453	0.452266	0.214281
ENSMUSG00000024621	0.654647	0.178364	0.210827	-0.025231	0.175223	0.211081
ENSMUSG00000024639	-0.057395	-0.332316	-0.232664	0.103434	-0.044514	0.092455
ENSMUSG00000024640	-0.064150	-0.272595	-0.251159	-0.189817	-0.510780	-0.251245
ENSMUSG00000024642	-0.286422	-0.278336	-0.824747	-2.044485	-0.899180	-0.788793
ENSMUSG00000024644	-0.096093	-0.321309	0.162267	-0.096922	0.252059	0.334382
ENSMUSG00000024645	0.390851	-0.050952	-0.183989	0.120809	0.975596	-0.741869
ENSMUSG00000024646	0.266641	0.316564	0.158159	-0.456166	0.105681	0.631357
ENSMUSG00000024650	-0.191226	-0.035663	0.040766	-0.255788	-0.159352	0.699045
ENSMUSG00000024654	-0.472220	-0.247920	0.437954	-0.314340	0.160468	-0.363300
ENSMUSG00000024659	-0.148831	-0.431819	-0.005379	-0.192016	-0.044765	0.304701
ENSMUSG00000024660	0.048111	-0.234576	0.294158	0.035202	-0.466617	-0.069301
ENSMUSG00000024661	0.435717	-0.514070	-0.239885	-0.052777	-0.130388	0.195710
ENSMUSG00000024663	-0.105273	-0.234908	0.524214	-0.488730	-0.071223	0.358970
ENSMUSG00000024665	0.714692	0.620124	-0.277015	0.184067	-0.373431	-0.311983
ENSMUSG00000024667	0.554662	-0.014927	-0.198067	-0.567270	0.302204	-0.107000
ENSMUSG00000024668	0.086069	0.138146	0.343527	-0.160680	-0.703136	0.173307
ENSMUSG00000024670	-0.010098	0.371304	-0.068576	0.227408	0.256763	-0.600733
ENSMUSG00000024680	0.056668	-0.154252	-0.127864	-0.172968	0.305991	-0.148080
ENSMUSG00000024681	0.110901	-0.185671	-0.241596	0.028456	-0.176196	0.175176
ENSMUSG00000024682	-0.103532	0.516784	0.020972	0.413398	0.483277	0.550027
ENSMUSG00000024683	-0.476558	-0.529312	-0.007929	-0.447742	-0.293339	0.181669
ENSMUSG00000024687	0.217473	-0.273249	-0.404841	-0.014438	-0.296817	-0.226417
ENSMUSG00000024697	0.023177	-0.380672	0.220055	-0.274588	-0.150508	0.001195
ENSMUSG00000024712	-0.187073	-0.502878	-0.228612	-0.227766	0.374196	-0.065408
ENSMUSG00000024713	-0.441527	-0.174374	0.421163	-0.250737	0.259817	0.201587
ENSMUSG00000024725	-0.418344	0.186891	0.574465	-0.235144	-0.276306	-0.000854
ENSMUSG00000024726	0.485188	0.167832	-0.438334	-0.029396	-0.689365	-0.431834
ENSMUSG00000024727	-0.226176	0.115959	-0.076004	-0.041883	0.125529	0.132682
ENSMUSG00000024734	-0.032399	-0.658480	0.256840	-0.462133	0.313782	-0.070883
ENSMUSG00000024735	0.527721	-0.426182	0.778987	-0.695719	0.400503	-0.370184
ENSMUSG00000024736	-0.029850	0.303604	-0.414837	-0.106955	-0.126283	-0.199950
ENSMUSG00000024737	0.242533	0.300585	-0.298642	0.283581	-0.064584	0.325879
ENSMUSG00000024738	-0.372247	0.200947	0.439791	-0.061556	-0.007722	-0.216355
ENSMUSG00000024740	0.188233	0.065952	0.243526	0.274144	-0.022226	-0.315496
ENSMUSG00000024747	-0.048672	0.443345	0.261195	0.739732	0.157824	0.318754
ENSMUSG00000024758	0.005394	-0.140711	-0.174105	0.370639	-0.191460	0.417186
ENSMUSG00000024767	-0.092731	0.210236	0.068456	-0.027039	0.100344	0.747801
ENSMUSG00000024768	-0.299955	0.275263	0.685393	-0.240708	0.471651	0.777950
ENSMUSG00000024770	-0.029566	-1.240745	0.808307	0.349336	0.460150	-0.154805
ENSMUSG00000024771	0.140311	0.026793	-0.348156	0.246571	0.129581	-0.096516
ENSMUSG00000024772	0.296274	-0.108334	0.239299	0.355041	-0.391380	-0.335958
ENSMUSG00000024773	-0.456576	-0.402418	0.007309	-0.555639	0.264455	-0.071410
ENSMUSG00000024776	-0.161405	0.093487	-0.105723	0.224798	-0.042641	0.157488
ENSMUSG00000024777	-0.256640	-0.185706	-0.253926	-0.015097	-0.209429	-0.476080
ENSMUSG00000024778	0.366713	-0.067430	-0.063545	0.064293	-0.507087	0.073368
ENSMUSG00000024780	0.480713	-0.583640	-0.491393	0.310589	0.049019	0.955392
ENSMUSG00000024781	0.017368	0.627328	-0.120437	0.242312	-0.070885	0.211928
ENSMUSG00000024782	-0.241043	0.161811	0.239978	0.267125	0.704234	0.228963
ENSMUSG00000024784	-0.111238	-0.148271	-0.179674	-0.163787	-0.056760	0.070065
ENSMUSG00000024785	0.007331	0.017335	0.600804	-0.109347	0.408776	0.196993
ENSMUSG00000024789	0.092224	-0.263801	0.169596	-0.404091	-0.186130	0.158354
ENSMUSG00000024791	-0.484272	-0.186840	-0.049596	0.248107	-0.034869	-0.297945
ENSMUSG00000024793	-0.048117	-0.007999	0.030074	0.256575	0.156739	-0.143590
ENSMUSG00000024795	0.233157	-0.050890	0.195461	0.158659	0.186552	-0.308412
ENSMUSG00000024797	0.299846	0.441987	-0.151059	-0.175540	-0.108323	-0.520717
ENSMUSG00000024798	-0.230535	0.158778	0.233028	-0.097610	0.244814	-0.079264
ENSMUSG00000024799	-0.144232	0.343272	0.292412	0.342098	-0.044305	0.104260
ENSMUSG00000024800	0.757953	0.313101	-0.412422	0.350342	0.233409	0.397413
ENSMUSG00000024805	-0.458653	-0.180035	-0.404525	-0.023042	-0.219046	-0.108208
ENSMUSG00000024807	0.254480	0.275427	0.457961	-0.261896	0.140826	-0.260098
ENSMUSG00000024810	-0.221579	-0.381529	-0.370588	-0.115228	0.426791	0.326521
ENSMUSG00000024811	0.373033	-0.318758	-0.361629	0.644811	-0.380788	0.673973
ENSMUSG00000024812	-0.043436	-0.377449	0.200035	-0.243641	-0.150019	-0.178413
ENSMUSG00000024816	-0.014620	0.441866	0.163453	-0.039171	-0.192014	-0.194079
ENSMUSG00000024817	-0.255208	0.323999	-0.356327	0.354301	-0.170672	0.501943
ENSMUSG00000024824	-0.467488	0.240853	0.227430	0.125989	-0.182866	-0.790866
ENSMUSG00000024827	-0.007038	-0.036783	-0.059748	-0.025528	0.245122	-0.121011
ENSMUSG00000024829	-0.212260	-0.331650	-0.198783	0.188255	-0.324388	-0.157688
ENSMUSG00000024830	-0.687589	-0.083825	0.193452	-0.338197	0.101099	0.474433
ENSMUSG00000024833	-0.032824	-0.140849	0.217749	-0.176331	0.066139	-0.160276
ENSMUSG00000024843	-0.099110	0.360655	0.226139	0.240200	0.160947	0.110224
ENSMUSG00000024844	0.280437	-0.530376	0.006672	-0.211428	-0.507114	0.293468
ENSMUSG00000024847	0.544798	-0.018314	-0.001378	0.831506	-0.035936	0.268643
ENSMUSG00000024851	-0.177064	0.086014	0.154605	0.018699	0.235040	-0.514157
ENSMUSG00000024853	-0.196928	-0.300493	0.230088	0.045463	0.448901	-0.104950
ENSMUSG00000024854	0.419323	0.009439	0.116062	0.911054	-0.029127	0.601466
ENSMUSG00000024858	-0.210461	-0.451166	0.478164	-0.045025	0.153180	-0.007412
ENSMUSG00000024862	0.378068	-0.007145	0.172009	-0.331723	-0.475835	0.003284
ENSMUSG00000024863	-0.045882	0.350535	-0.072771	-0.257466	-0.059097	0.321486
ENSMUSG00000024866	-0.244329	0.062135	0.168939	-0.003187	-0.607924	-0.404347
ENSMUSG00000024867	0.372002	-0.054932	0.099241	0.427249	0.144620	-0.161786
ENSMUSG00000024868	-0.236498	-0.113977	-0.310127	0.402954	0.043575	-0.011745
ENSMUSG00000024870	0.666304	0.249981	-0.223304	-0.323283	0.006496	0.141408
ENSMUSG00000024873	-0.610626	0.341348	0.210671	-0.254196	-0.242649	-0.260494
ENSMUSG00000024883	0.233447	0.103158	-0.131325	0.004400	0.661224	0.340618
ENSMUSG00000024885	-0.282784	-0.172255	0.235488	-0.083006	0.583894	0.336023
ENSMUSG00000024887	0.113235	-0.792857	0.623069	0.320588	0.664382	-0.266505
ENSMUSG00000024889	-0.312777	0.024688	0.111944	-0.265087	0.130636	-0.272912
ENSMUSG00000024891	0.265546	0.652350	0.290660	-0.466340	0.323081	-0.227250
ENSMUSG00000024892	0.268157	-0.400923	0.367555	0.081217	0.393554	-0.473795
ENSMUSG00000024896	0.167257	-0.262806	0.223717	-0.147807	0.055717	0.143674
ENSMUSG00000024897	0.603094	0.209543	-0.166007	-0.329014	-0.322916	-0.167535
ENSMUSG00000024899	0.410659	-0.299212	0.048883	0.339239	-0.170270	-0.425646
ENSMUSG00000024900	-0.055802	-0.263989	0.234199	0.067700	0.275917	-0.009554
ENSMUSG00000024902	0.411558	-0.303600	-0.186091	-0.022522	-0.427443	-0.204868
ENSMUSG00000024903	-0.078807	-0.197058	-0.672612	0.041973	0.269534	-0.375015
ENSMUSG00000024906	-0.343459	0.363471	0.452479	-0.306447	-0.176977	-0.034745
ENSMUSG00000024907	-0.056831	0.095943	-0.578866	-0.558628	-0.078265	0.416525
ENSMUSG00000024908	-0.213739	-0.184508	0.194792	0.026834	0.172340	0.052414
ENSMUSG00000024909	0.037563	0.522787	0.790230	-0.175478	-0.033095	-0.202237
ENSMUSG00000024910	-0.098834	0.474340	-0.375451	1.035305	0.133772	-0.171536
ENSMUSG00000024912	1.238667	-0.161143	0.305481	0.370115	-0.135999	0.384064
ENSMUSG00000024913	-0.131353	-0.119621	-0.460446	0.314999	0.086527	0.117298
ENSMUSG00000024921	0.031337	0.392478	-0.215604	-0.154411	0.198677	-0.179022
ENSMUSG00000024924	-0.391743	-0.526898	-0.615569	-1.161695	-1.091317	-0.555353
ENSMUSG00000024926	0.354863	0.064866	-0.005676	-0.336905	-0.334308	-0.516816
ENSMUSG00000024927	-0.179996	-0.453045	-0.191146	-0.234095	0.144789	-0.147540
ENSMUSG00000024935	-0.144916	0.710084	0.317058	-0.770936	-0.194867	0.050247
ENSMUSG00000024936	-0.014327	-0.154884	0.199740	0.566675	-0.275285	0.178697
ENSMUSG00000024940	0.127484	0.371521	0.234949	-0.715917	0.447580	0.952597
ENSMUSG00000024942	0.245481	-0.605123	-0.441530	-0.389705	0.542836	0.652990
ENSMUSG00000024943	-0.663676	-0.568180	0.034035	0.151630	0.134460	-0.575283
ENSMUSG00000024944	0.483248	0.387037	-0.565227	-0.311675	-0.765178	0.002565
ENSMUSG00000024947	0.098358	-0.623118	0.273289	0.261777	0.351468	0.238007
ENSMUSG00000024948	0.202370	-0.435886	0.767829	0.376879	0.475561	0.313913
ENSMUSG00000024949	0.101084	-0.186298	-0.063420	0.183868	0.059875	-0.249351
ENSMUSG00000024953	0.175055	-0.039428	0.373802	0.388195	-0.282024	-0.100344
ENSMUSG00000024955	-0.011025	-0.077789	-0.287289	-0.644413	0.035599	0.419679
ENSMUSG00000024957	0.536063	-0.027907	-0.206865	-0.384505	0.077510	-0.397184
ENSMUSG00000024959	-0.132002	0.402067	0.406464	0.026027	-0.304305	0.329791
ENSMUSG00000024960	0.535193	-0.073887	-0.202273	0.095628	0.102803	-0.037638
ENSMUSG00000024962	0.362050	0.459735	0.792014	-0.236971	0.175118	0.754475
ENSMUSG00000024965	-0.282167	0.569172	0.145980	0.566605	-0.277478	0.025818
ENSMUSG00000024966	-0.110381	-0.127735	0.186879	-0.409587	0.796590	-0.096000
ENSMUSG00000024973	0.043939	-0.190214	-0.161473	-0.141863	-0.342977	-0.782621
ENSMUSG00000024974	0.114249	0.142287	-0.287343	-0.105445	-0.149482	-0.243388
ENSMUSG00000024975	-0.078824	-0.194676	0.392279	-0.027974	0.937264	-0.122558
ENSMUSG00000024976	0.245201	-0.261777	-0.366696	-0.050343	-0.122664	-0.272650
ENSMUSG00000024978	-0.639673	0.374910	0.108044	0.350390	0.052787	0.414232
ENSMUSG00000024979	0.348819	-0.350300	-0.025342	-0.089782	-0.186417	0.178289
ENSMUSG00000024981	-0.156368	0.206776	0.373847	0.003459	-0.133774	-0.243849
ENSMUSG00000024983	-0.290297	-0.211252	0.416340	-0.338625	-0.558997	0.152844
ENSMUSG00000024985	-0.445605	-0.006413	-0.003268	-0.488118	-0.605652	0.099282
ENSMUSG00000024986	-0.118742	-0.530085	0.032287	0.030180	0.417278	0.388136
ENSMUSG00000024987	-0.325221	0.094055	0.259328	0.342949	-0.301787	0.257747
ENSMUSG00000024990	-0.310853	0.276380	0.016773	0.074137	0.631345	0.153045
ENSMUSG00000024991	-0.834265	0.010153	-0.131837	-0.449086	0.253798	0.035446
ENSMUSG00000024992	0.359096	-0.747620	0.077578	-0.467106	-0.160278	-0.751294
ENSMUSG00000024997	-0.248136	-0.078760	0.211236	-0.495210	-0.446213	0.513188
ENSMUSG00000024998	-0.208706	0.241683	-0.327901	0.137231	0.020462	-0.060155
ENSMUSG00000025002	0.366597	-0.016678	-0.632019	-0.345279	0.077327	-0.140783
ENSMUSG00000025003	-0.160362	0.286823	0.285597	0.353350	0.590663	-0.354507
ENSMUSG00000025004	0.341640	-0.195876	-0.085807	0.310548	-0.182898	-0.451120
ENSMUSG00000025006	-0.018701	0.056630	0.258465	-0.376928	0.410855	-0.000460
ENSMUSG00000025007	-0.461544	0.512884	0.363175	0.278638	0.013429	0.028225
ENSMUSG00000025008	0.407759	0.015691	-0.125654	-0.030933	0.186659	0.052779
ENSMUSG00000025013	0.204662	0.305631	-0.118439	0.287161	-0.244319	-0.019562
ENSMUSG00000025017	-0.797396	-0.004718	0.021441	-0.104042	0.163091	0.705959
ENSMUSG00000025020	-0.118721	0.159435	0.324804	-0.652019	0.067399	-0.017324
ENSMUSG00000025024	-0.195155	-0.543297	0.348665	-0.371713	-0.222775	-0.251351
ENSMUSG00000025026	0.131981	0.322097	0.319357	0.188022	-0.533290	0.531956
ENSMUSG00000025035	-0.513882	-0.168134	0.224011	0.297071	-0.349678	0.361789
ENSMUSG00000025037	-0.398387	0.518174	-0.247117	-0.320877	0.033001	0.212451
ENSMUSG00000025040	-0.187455	-0.027528	-0.174518	0.284317	-0.259781	-0.069704
ENSMUSG00000025041	-0.055307	0.192906	-0.660296	-0.129499	-0.243093	-0.037736
ENSMUSG00000025044	-0.008720	-0.258142	0.143627	0.500049	0.884474	-0.318381
ENSMUSG00000025047	0.485786	0.116289	-0.065415	0.402959	0.053509	0.359838
ENSMUSG00000025049	0.467495	-0.125648	0.050652	-0.167529	0.243419	0.385529
ENSMUSG00000025050	0.587069	-0.094599	-0.139029	0.200210	-0.461997	-0.667355
ENSMUSG00000025056	0.324173	0.334229	-0.087771	-0.875861	0.330721	-0.297898
ENSMUSG00000025058	0.008675	-0.488811	0.610581	-0.290297	0.755537	-0.482300
ENSMUSG00000025059	-0.457666	-0.114922	-0.318917	-0.137990	0.099579	0.467139
ENSMUSG00000025060	-0.025402	0.693808	0.057019	-0.036084	0.112673	0.150235
ENSMUSG00000025064	0.105344	0.094415	0.178969	-0.138604	0.021060	0.303802
ENSMUSG00000025068	0.431120	-0.372117	0.448843	-0.207438	-0.019497	-0.378474
ENSMUSG00000025069	0.028275	0.096338	0.579998	-0.218718	0.285025	-0.467856
ENSMUSG00000025076	0.347696	0.106321	-0.861956	-0.422333	-0.015091	-0.582976
ENSMUSG00000025078	0.589598	-0.367396	0.200323	-0.326179	0.227726	0.296861
ENSMUSG00000025085	0.307109	0.219200	-0.476912	0.044742	0.757684	-0.256971
ENSMUSG00000025089	0.299424	-0.330160	0.107043	-0.604881	0.375536	0.484154
ENSMUSG00000025091	-0.343298	0.260697	0.480942	0.315956	-0.195149	0.255333
ENSMUSG00000025092	0.499087	0.010839	-0.473469	-0.335606	-0.581016	-0.274182
ENSMUSG00000025094	0.350641	-0.240983	0.210265	-0.545410	-0.232814	0.133602
ENSMUSG00000025103	-0.087090	0.214264	0.778754	-0.114948	0.573095	0.451734
ENSMUSG00000025127	-0.066951	-0.402210	0.146861	0.122634	0.411899	-0.101865
ENSMUSG00000025130	0.270550	0.039518	0.330141	0.116027	0.360389	-0.448008
ENSMUSG00000025132	-0.311922	0.281767	-0.153544	0.259685	-0.086791	0.416341
ENSMUSG00000025133	0.142344	-0.536785	0.275219	0.405117	0.196738	0.331426
ENSMUSG00000025134	0.223347	-0.511409	0.257206	0.252547	0.283353	-0.331529
ENSMUSG00000025135	-0.196046	0.260626	-0.169021	0.077161	-0.124438	-0.617001
ENSMUSG00000025137	-0.154713	-0.104082	0.260107	-0.209579	0.919709	-0.141606
ENSMUSG00000025138	-0.341548	0.411830	0.468062	-0.447015	0.179575	0.418438
ENSMUSG00000025139	0.176424	-0.634418	0.322488	0.112620	-0.292437	-0.382020
ENSMUSG00000025140	0.127865	0.099510	0.601592	-0.329584	-0.019089	0.551966
ENSMUSG00000025144	-0.179424	0.037811	0.344530	-0.174127	0.254637	0.193845
ENSMUSG00000025150	0.072439	-0.013765	-0.470389	-0.192508	-0.192088	-0.107828
ENSMUSG00000025151	0.527753	-0.200979	0.260139	0.266266	-0.105794	-0.467027
ENSMUSG00000025153	-0.009718	0.251230	0.082072	0.789842	0.194708	-0.281779
ENSMUSG00000025154	0.651635	-0.242458	-0.085339	0.558551	-0.180464	0.384252
ENSMUSG00000025158	-0.567690	-0.020398	-0.231149	0.104449	-0.061713	-0.334383
ENSMUSG00000025161	0.172443	0.167820	0.085821	0.016343	0.035958	-0.062967
ENSMUSG00000025162	0.163575	0.080663	0.494760	-0.517000	0.179569	0.233902
ENSMUSG00000025170	0.412070	-0.039435	-0.366389	0.276103	-0.214171	-0.219559
ENSMUSG00000025173	-0.426186	-0.461202	0.157359	-0.100988	0.653761	-0.241465
ENSMUSG00000025175	0.221911	-0.297305	0.234483	-0.252912	-0.036876	-0.119115
ENSMUSG00000025176	-0.075417	-0.454531	-0.079013	0.601028	-0.205326	0.030865
ENSMUSG00000025178	-0.208697	-0.134852	-0.257897	-0.308217	0.464051	-0.082152
ENSMUSG00000025185	0.097453	0.460007	0.284329	-0.256729	-0.191207	0.098088
ENSMUSG00000025190	0.435241	-0.368636	-0.092092	-0.402942	-0.376921	-0.712722
ENSMUSG00000025192	-0.924287	-0.474895	-0.374683	-0.353211	0.387229	0.509455
ENSMUSG00000025194	-0.548627	0.280150	-0.445735	0.184563	-0.037096	0.159902
ENSMUSG00000025195	-0.232203	0.386028	-0.231373	0.235791	-0.185138	0.294321
ENSMUSG00000025196	-0.078046	0.068085	0.032223	0.674369	-0.418726	0.023435
ENSMUSG00000025197	0.030601	0.037938	0.322865	-0.234189	-0.182507	0.807594
ENSMUSG00000025198	-0.324519	0.086653	-0.173339	-0.007177	-0.763197	-0.071444
ENSMUSG00000025199	-0.117038	0.298038	-0.095737	0.321525	0.525227	-0.140034
ENSMUSG00000025202	0.232820	-0.254553	-0.308480	-0.507021	-0.599464	0.053653
ENSMUSG00000025203	0.472952	0.028589	0.233363	-0.160673	-0.596570	0.024142
ENSMUSG00000025204	-0.483134	-0.021692	0.627849	-0.219469	-0.011732	0.105768
ENSMUSG00000025207	-0.009563	-0.148433	-0.295585	0.165925	0.339404	-0.142350
ENSMUSG00000025209	-0.085859	0.489253	0.034200	-0.046558	0.959602	0.140009
ENSMUSG00000025217	-0.060087	-0.213137	-0.193038	0.241963	0.513191	-0.226007
ENSMUSG00000025218	-0.315408	-0.006798	0.036562	0.486108	-0.190738	0.532578
ENSMUSG00000025219	-0.610931	-0.563250	0.185065	0.008052	0.269858	-0.190137
ENSMUSG00000025220	-0.025659	-0.347827	-0.158255	-0.228758	0.654141	0.241097
ENSMUSG00000025221	-0.460916	-0.305340	-0.207437	0.560272	0.938228	0.422995
ENSMUSG00000025223	0.590381	-0.014418	0.068578	0.015785	0.282208	0.206998
ENSMUSG00000025224	-0.286220	-0.293266	-0.101559	0.004282	-0.050394	-0.507558
ENSMUSG00000025225	-0.455231	0.093718	-0.542546	-0.094193	-0.018628	-0.533121
ENSMUSG00000025226	-0.080525	0.075743	-0.286823	-0.118998	0.368911	0.044989
ENSMUSG00000025228	0.321209	0.335851	-0.613607	0.166880	0.362565	-0.034706
ENSMUSG00000025231	0.614420	-0.973942	-1.007566	-0.923900	-1.814660	-1.134043
ENSMUSG00000025232	0.066914	0.311947	0.738524	0.116726	-0.197835	0.015902
ENSMUSG00000025234	0.219206	-0.342064	0.269685	-0.011259	0.581084	0.666167
ENSMUSG00000025235	-0.557196	-0.260663	-0.118497	0.239520	0.442064	-0.054688
ENSMUSG00000025236	0.401391	0.328978	-0.066516	-0.415664	-0.323633	0.251508
ENSMUSG00000025239	0.383532	0.475476	0.191202	-0.466387	0.116651	0.034022
ENSMUSG00000025240	0.450515	-0.635095	0.003061	-0.170560	0.023853	-0.253751
ENSMUSG00000025241	-0.441896	-0.052859	-0.247544	0.204272	0.623100	0.077829
ENSMUSG00000025245	-0.264715	0.162720	-0.485902	-0.584260	-0.463217	0.541428
ENSMUSG00000025246	0.040182	0.255953	0.733343	-0.123651	-0.443464	0.098653
ENSMUSG00000025260	0.124712	0.583241	-0.302807	-0.103299	0.067733	-0.000639
ENSMUSG00000025261	0.448461	-0.353713	0.180602	0.024752	0.666583	-0.396892
ENSMUSG00000025265	0.305153	-0.815287	-0.519645	0.448469	0.472021	-0.122463
ENSMUSG00000025268	-1.022011	0.713529	0.022814	-0.275222	0.362462	-0.797506
ENSMUSG00000025270	0.030144	-0.241564	-0.085611	-0.355686	0.068851	0.159461
ENSMUSG00000025271	0.399097	-0.104362	-0.336029	0.407890	0.193402	-0.134079
ENSMUSG00000025277	0.331646	-0.107281	0.473370	-0.098956	0.375994	-0.123797
ENSMUSG00000025278	-0.194711	-0.556689	0.621869	0.442360	0.022457	-0.206257
ENSMUSG00000025280	-0.336255	-0.497853	0.113508	0.048906	-0.336233	0.076805
ENSMUSG00000025283	-0.014422	0.539859	-0.263600	0.066212	0.258424	0.248109
ENSMUSG00000025287	-0.073885	0.178354	-0.315500	0.335036	0.519371	-0.086182
ENSMUSG00000025289	0.211140	0.182671	-0.193357	0.451316	0.511212	-0.107996
ENSMUSG00000025290	0.309753	0.446933	-0.511908	0.258374	0.316134	0.097198
ENSMUSG00000025314	0.476615	-0.108497	-0.103396	0.246629	-0.572215	0.273363
ENSMUSG00000025316	0.005402	-0.275556	-0.484641	-0.267640	0.444250	0.259431
ENSMUSG00000025317	1.053939	0.434051	-0.300845	-0.566230	-0.576051	-0.339249
ENSMUSG00000025321	0.126409	-0.425445	0.194392	-0.490755	0.016544	0.192698
ENSMUSG00000025324	-0.305842	-0.648924	0.539588	0.676911	0.456636	-0.597170
ENSMUSG00000025326	-0.243118	0.029594	0.227690	0.243067	0.161226	-0.429173
ENSMUSG00000025328	0.196345	0.647938	-0.131720	0.668532	0.153004	0.249250
ENSMUSG00000025329	0.142753	0.220805	-0.339068	0.015260	-0.146570	-0.159818
ENSMUSG00000025330	0.142227	0.026376	-0.076449	-0.826756	0.276293	0.419757
ENSMUSG00000025332	0.467068	0.614059	-0.110524	0.094122	0.419796	-0.077184
ENSMUSG00000025333	-0.329673	-0.072574	-0.146578	-0.588350	0.499615	-0.114645
ENSMUSG00000025340	0.103552	0.304366	0.339563	0.536386	-0.305848	-0.380376
ENSMUSG00000025348	0.170875	-0.415709	0.339321	0.156708	-0.242534	-0.079631
ENSMUSG00000025350	-0.207420	0.150127	0.052257	-0.275940	-0.221905	0.021207
ENSMUSG00000025351	-0.534820	-0.211036	-0.388797	0.493220	-0.202073	0.204953
ENSMUSG00000025352	0.095523	0.373555	-0.079346	-0.056945	0.439797	0.294913
ENSMUSG00000025353	0.228478	0.216604	-0.079452	-0.294999	-0.250422	0.543968
ENSMUSG00000025357	-0.457369	-0.095302	0.716182	-0.335171	-0.379861	0.437627
ENSMUSG00000025358	0.009515	-0.219233	0.514499	0.022660	0.519287	-0.349369
ENSMUSG00000025362	0.233410	-0.616979	-0.518870	-0.444854	0.197767	-0.349696
ENSMUSG00000025364	0.665603	0.718728	-0.125868	-0.146442	0.412840	-0.105398
ENSMUSG00000025366	0.213415	-0.410440	-0.162104	-0.568539	0.353279	-0.008998
ENSMUSG00000025369	-0.107996	-0.002661	0.438272	-0.266014	-0.603657	-0.390630
ENSMUSG00000025371	0.220242	0.101004	0.799131	-0.063613	-0.139786	0.647906
ENSMUSG00000025372	0.076761	0.336548	-0.044846	-0.482532	-0.110129	-0.185013
ENSMUSG00000025373	-0.159543	-0.156352	-0.931132	-0.797936	-1.301648	-0.239236
ENSMUSG00000025374	-0.737524	-0.871499	0.077863	-0.929941	-0.019306	-0.486024
ENSMUSG00000025383	0.086813	0.306899	0.045217	-0.047748	0.633335	-0.105942
ENSMUSG00000025384	0.050281	0.675668	0.298416	0.200761	0.218867	-0.650740
ENSMUSG00000025386	0.340455	0.141069	0.117450	-0.339829	-0.597132	0.607972
ENSMUSG00000025389	0.161262	0.201998	-0.306589	-0.297774	-0.135317	0.186274
ENSMUSG00000025393	-0.519021	-0.303367	0.210509	0.061074	-0.498471	0.071555
ENSMUSG00000025395	-0.214449	0.563941	0.118038	0.169132	-0.235258	0.326259
ENSMUSG00000025396	0.429097	-0.221155	0.096870	-0.568631	-0.337735	-0.226663
ENSMUSG00000025400	-0.179438	0.043382	-0.223240	-0.464613	0.302906	-0.410184
ENSMUSG00000025402	0.194995	0.061725	-0.227153	0.229558	0.432560	0.550922
ENSMUSG00000025403	0.036253	-0.814577	0.624260	-0.511621	-0.355415	0.549439
ENSMUSG00000025405	-0.726277	0.115870	0.062930	-0.168290	-0.410301	0.164776
ENSMUSG00000025407	-0.786844	-0.497940	-1.138410	-1.037584	-0.873432	-1.246032
ENSMUSG00000025408	-0.021658	0.059902	0.002937	-0.437828	0.075730	-0.359937
ENSMUSG00000025409	-0.533022	0.075451	0.252912	-0.218190	0.111323	-0.496759
ENSMUSG00000025410	0.400456	0.381216	0.223136	-0.465875	0.352362	0.589453
ENSMUSG00000025417	-0.583515	-0.178493	-0.805314	-0.469918	0.304542	0.776364
ENSMUSG00000025418	0.150263	-0.434636	0.078215	-0.016940	0.125670	0.025251
ENSMUSG00000025422	0.305468	0.086689	-0.056631	0.096951	-0.164738	-0.237046
ENSMUSG00000025423	0.216812	-0.146414	-0.337359	-0.255074	0.367013	-0.158163
ENSMUSG00000025425	0.649366	-0.256993	-0.001695	0.146250	-0.126715	-0.212778
ENSMUSG00000025428	0.378935	0.406751	0.114512	0.075517	-0.462772	0.552266
ENSMUSG00000025437	-0.221551	-0.002757	-0.319202	0.226952	-0.201516	0.150762
ENSMUSG00000025451	0.285246	-0.063302	0.871426	-0.239290	-0.152326	-0.633535
ENSMUSG00000025453	0.441333	-0.038475	0.351497	-0.030073	-0.166942	0.250527
ENSMUSG00000025464	-0.094847	-0.010090	0.079492	-0.411060	0.087701	0.163576
ENSMUSG00000025465	0.001489	-0.323846	-0.400940	-0.465545	-0.674106	0.326560
ENSMUSG00000025466	-0.263670	0.356883	-0.011244	-0.113806	-0.416891	-0.708376
ENSMUSG00000025467	0.030686	0.011782	0.155430	0.057000	0.486690	0.499028
ENSMUSG00000025468	0.082231	-0.220242	-0.474082	0.266100	0.382554	0.074596
ENSMUSG00000025473	-0.190152	-0.180941	-0.222026	-0.653414	-0.036765	0.315005
ENSMUSG00000025474	-0.648382	-0.028831	-0.210434	0.797309	-0.983831	-0.539431
ENSMUSG00000025477	-0.407996	0.127436	-0.206602	-0.532786	-0.440461	-0.098799
ENSMUSG00000025479	0.447129	-0.051366	0.264635	-0.158360	0.025470	-0.469180
ENSMUSG00000025481	-0.064788	0.040643	0.315924	-0.255940	0.438477	-0.473838
ENSMUSG00000025484	-0.115589	0.461627	0.276111	-0.446081	0.190128	-0.334254
ENSMUSG00000025486	0.070245	0.129003	0.138741	-0.147020	-0.198585	-0.243104
ENSMUSG00000025487	-0.316824	-0.217193	-0.020523	0.238926	0.346431	0.262157
ENSMUSG00000025488	-0.166838	0.582050	0.123817	-0.317095	0.033950	-0.581320
ENSMUSG00000025491	0.428840	-0.348356	0.167815	-0.150283	0.287113	-0.025203
ENSMUSG00000025492	0.117497	-0.610244	-0.769471	0.049335	0.289863	0.075376
ENSMUSG00000025495	0.019273	0.092691	-0.224665	-0.059642	-0.071319	0.449645
ENSMUSG00000025496	0.043182	-0.164764	0.529050	0.485200	0.415082	0.081717
ENSMUSG00000025498	-0.100895	-0.092039	-0.606960	0.407658	-0.021330	-0.576027
ENSMUSG00000025499	-0.644435	-0.797095	-0.910893	-0.941365	-0.345639	-1.111971
ENSMUSG00000025503	-0.011649	-0.126591	0.079655	0.477852	-0.135482	-0.356208
ENSMUSG00000025507	-0.151981	-0.070597	0.269966	-0.194931	-0.120726	-0.018105
ENSMUSG00000025508	-0.353069	0.289639	0.285742	0.548954	0.137424	-0.902483
ENSMUSG00000025509	-0.198746	-0.107235	-0.456671	0.384104	-0.314738	0.209309
ENSMUSG00000025510	-0.233296	-0.290465	-0.373737	0.282489	-0.239347	-0.054043
ENSMUSG00000025512	0.157155	-0.030299	0.657163	-0.303554	-0.425881	0.265911
ENSMUSG00000025515	0.449537	0.091621	0.184202	0.539363	-0.386012	-0.048903
ENSMUSG00000025519	-0.551335	0.444062	0.164361	-0.556246	-0.185943	-0.379719
ENSMUSG00000025525	-0.269428	-0.089089	0.166454	0.375210	0.115593	-0.495300
ENSMUSG00000025532	0.109560	0.446480	0.621091	0.016884	0.089422	0.392465
ENSMUSG00000025533	-0.604401	-0.114399	0.186534	0.055631	-0.123014	-0.204622
ENSMUSG00000025534	0.449394	-0.420064	0.655768	-0.327534	-0.837118	0.036587
ENSMUSG00000025537	-0.296430	0.548978	-0.048121	-0.286220	0.190913	-0.029481
ENSMUSG00000025538	-0.081009	-0.254961	0.277411	0.453258	0.205558	-0.410522
ENSMUSG00000025555	-0.593988	0.212300	0.621602	-0.048398	-0.406171	-0.215531
ENSMUSG00000025557	0.194376	0.280145	-0.270181	0.724251	-0.255604	-0.102186
ENSMUSG00000025572	0.115535	-0.504275	-0.043174	0.194387	-0.128719	-0.083229
ENSMUSG00000025574	-0.214660	0.221538	-0.148546	0.535704	0.114398	0.368376
ENSMUSG00000025575	0.083923	0.015198	0.036219	-0.118702	-0.930934	0.234347
ENSMUSG00000025577	1.237674	-0.273149	0.242315	0.408841	-0.178592	-0.406345
ENSMUSG00000025578	0.416048	0.220087	-1.055010	0.189105	-0.380495	-0.820195
ENSMUSG00000025579	-0.161304	-0.391310	0.417227	-0.410752	0.413146	-0.051411
ENSMUSG00000025580	-0.280116	-0.690904	0.154101	-0.283658	0.107792	-0.124340
ENSMUSG00000025583	0.045199	0.002147	0.688703	-0.428057	-0.376778	-0.439734
ENSMUSG00000025584	-0.403020	-0.066916	-0.074236	-0.329235	0.616459	0.091618
ENSMUSG00000025586	-0.108925	-0.523037	-0.227423	0.940540	0.427480	-0.373930
ENSMUSG00000025588	0.753907	0.089715	-0.531666	-0.017692	0.344808	-0.261753
ENSMUSG00000025607	0.243479	0.109132	-0.399045	0.387969	0.126399	0.186066
ENSMUSG00000025609	-0.583502	-0.269328	-0.214732	-0.036515	0.092345	-0.321549
ENSMUSG00000025612	-0.276647	-0.315177	-0.124487	0.257822	-0.108951	-0.336643
ENSMUSG00000025613	-0.190520	-0.189012	0.796783	-0.495579	0.010781	-0.426936
ENSMUSG00000025616	-0.080853	0.261177	0.789570	-0.169682	-0.242686	-0.651122
ENSMUSG00000025630	-0.289753	0.360305	-0.567670	0.084207	0.408417	-0.092907
ENSMUSG00000025646	-0.504056	-0.371328	-0.338874	-0.067044	0.080081	-0.573024
ENSMUSG00000025647	0.236706	0.276557	-0.027075	-0.562811	0.107610	-0.002843
ENSMUSG00000025648	-0.028203	-0.224758	0.273408	0.092937	-0.043665	-0.757651
ENSMUSG00000025650	-0.060617	0.017549	0.744140	0.372221	0.248082	-0.348060
ENSMUSG00000025651	0.240613	0.724808	-0.031820	0.456863	-0.093907	-0.618262
ENSMUSG00000025656	0.447575	0.033071	-0.096197	0.454328	-0.102538	0.007798
ENSMUSG00000025658	0.602637	-0.011672	-0.333954	-0.718313	-0.181701	-0.119232
ENSMUSG00000025665	0.112715	-0.021476	0.470849	0.171060	-0.217505	0.385329
ENSMUSG00000025701	-0.171096	0.304369	-0.133279	-0.468732	0.292919	-0.121078
ENSMUSG00000025723	-0.757556	0.425260	0.141988	-0.094835	0.164514	-0.594494
ENSMUSG00000025724	-0.024566	0.549586	0.240386	-0.004151	0.104003	-0.888427
ENSMUSG00000025726	0.114583	0.404374	0.410274	-0.041340	-0.382731	-0.368236
ENSMUSG00000025728	-0.556721	0.289989	0.052500	0.164438	-0.051032	-0.434566
ENSMUSG00000025730	-0.271248	0.226648	-0.286184	0.164066	0.415384	-0.106222
ENSMUSG00000025733	-0.060877	-0.284477	0.212518	0.278791	-0.070005	-0.547398
ENSMUSG00000025737	-0.193033	-0.162821	-0.014603	-0.115325	-0.023745	0.290866
ENSMUSG00000025738	0.439737	0.237634	-0.255923	-0.168206	0.512397	-0.609260
ENSMUSG00000025739	0.029886	0.438607	0.202517	-0.138210	0.421587	0.301594
ENSMUSG00000025742	0.058595	-0.152178	-0.221752	-0.516920	0.036472	0.289879
ENSMUSG00000025743	-0.153673	-0.270215	0.174371	0.034382	0.485322	0.372929
ENSMUSG00000025745	-0.220576	-0.069017	-0.123009	0.446239	0.203524	0.357413
ENSMUSG00000025746	-0.216924	-0.428355	-0.211125	-0.130356	0.109186	-0.255055
ENSMUSG00000025747	0.140289	-0.197939	-0.013298	-0.251209	0.575969	-0.444790
ENSMUSG00000025757	0.095426	-0.508799	-0.029645	-0.154215	-0.208368	0.537780
ENSMUSG00000025758	-0.473253	-0.007743	0.050071	0.101842	-0.058233	-0.474977
ENSMUSG00000025764	0.172944	0.012886	-0.518989	-0.023347	0.085372	-0.205195
ENSMUSG00000025777	0.763734	-0.129009	0.350793	0.020682	0.054654	-0.067312
ENSMUSG00000025779	0.094908	-0.464161	0.328220	-0.626657	-0.398085	-0.524979
ENSMUSG00000025781	-0.099346	-0.066050	-0.529726	-0.058904	0.123616	-0.185935
ENSMUSG00000025782	-0.049920	-0.082333	0.182164	-0.215412	-0.558754	-0.254263
ENSMUSG00000025785	0.026507	-0.182653	0.002940	-0.207242	0.379347	-0.210761
ENSMUSG00000025789	-0.291963	0.184152	-0.029203	0.159812	0.376596	0.533769
ENSMUSG00000025790	-0.402477	-0.117969	0.372771	0.588262	0.466145	-0.197116
ENSMUSG00000025791	0.166744	0.483424	0.489825	-0.038972	-0.339777	-0.248289
ENSMUSG00000025792	-0.586484	0.785853	0.075104	-0.027029	-0.230681	0.070787
ENSMUSG00000025793	-0.050761	-0.184514	-0.512126	-0.165328	-0.256747	-0.149071
ENSMUSG00000025794	-0.515869	-0.072107	0.105950	-0.300444	-0.308294	-0.127153
ENSMUSG00000025804	0.356428	0.274750	0.068643	0.297104	-0.772138	0.016614
ENSMUSG00000025809	0.830745	-0.248620	-0.062761	0.382952	0.176099	0.115854
ENSMUSG00000025810	0.408769	-0.020184	-0.331940	0.329559	0.008882	-0.792051
ENSMUSG00000025812	-0.030339	-0.212532	-0.546208	0.223630	0.103307	0.057737
ENSMUSG00000025813	0.117178	-0.311788	0.077490	-0.088260	0.443832	-0.180343
ENSMUSG00000025815	0.064180	0.977700	-0.180953	0.330880	-0.405013	0.345537
ENSMUSG00000025817	-0.068310	-0.538353	-0.056434	0.122649	0.691981	0.230397
ENSMUSG00000025821	0.339288	0.011553	0.062185	-0.255137	0.240579	0.062208
ENSMUSG00000025823	0.274946	0.064919	-0.063158	0.404042	-0.025716	0.254661
ENSMUSG00000025825	0.494038	-0.108091	0.056994	0.411903	-0.351263	-0.594055
ENSMUSG00000025854	0.489981	0.027593	0.075032	0.250746	-0.054956	-0.173433
ENSMUSG00000025855	0.497827	-0.247662	-0.044685	0.237751	-0.138253	-0.429297
ENSMUSG00000025856	0.053854	0.165281	0.124841	-0.310439	0.080658	-0.403116
ENSMUSG00000025860	-0.003573	-0.564944	-0.861369	-1.282323	-0.638704	-0.145801
ENSMUSG00000025862	0.410762	0.738407	0.116427	-0.018941	0.069724	-0.431762
ENSMUSG00000025868	0.112536	0.552663	-0.286676	-0.176256	-0.677182	-0.522512
ENSMUSG00000025872	0.020060	-0.367054	-0.431562	-0.204384	0.140134	-0.654619
ENSMUSG00000025873	-0.052440	0.545166	-0.535097	0.129713	0.090387	-0.068323
ENSMUSG00000025876	0.619414	0.451636	0.966861	1.076358	0.712286	1.066758
ENSMUSG00000025877	0.156792	0.029952	-0.298570	0.114557	0.470619	0.014590
ENSMUSG00000025878	0.166761	-0.346576	0.554525	-0.009506	-0.663124	-0.060162
ENSMUSG00000025880	-0.277831	-0.147701	-0.285553	-0.329483	-0.252316	-0.065206
ENSMUSG00000025887	0.018234	-0.572943	-0.194480	0.250234	0.140535	-0.186155
ENSMUSG00000025888	-0.273886	0.211866	-0.150449	-0.070689	0.297658	-0.184901
ENSMUSG00000025889	-0.383516	-0.605862	0.079526	-0.113690	-0.187717	-0.650866
ENSMUSG00000025892	-0.126840	0.199568	0.288354	-0.061362	0.408927	-0.078049
ENSMUSG00000025894	-0.167956	0.347028	-0.188514	-0.256513	0.888998	0.058633
ENSMUSG00000025902	-0.279525	0.216052	-0.346707	0.010771	0.077764	-0.386601
ENSMUSG00000025903	-0.410198	-0.271930	0.352375	0.500840	0.114888	-0.176801
ENSMUSG00000025905	-0.502132	0.223086	0.496589	-0.000832	0.469850	-0.351735
ENSMUSG00000025907	-0.148303	0.249727	-0.043156	0.617758	-0.032926	0.007837
ENSMUSG00000025911	0.005442	-0.038712	-0.447962	-0.135552	-0.106001	-0.147554
ENSMUSG00000025915	0.122039	0.205690	0.473323	0.300092	0.008170	-0.387962
ENSMUSG00000025917	0.205508	0.152613	-0.437988	0.472403	-0.062985	0.054569
ENSMUSG00000025921	-0.094837	-0.173610	0.574319	0.200343	0.618447	0.060971
ENSMUSG00000025925	0.185437	-0.272073	0.239348	0.031601	0.187085	-0.301427
ENSMUSG00000025927	-0.085575	0.137697	-0.214316	-0.143373	-0.242834	-0.119425
ENSMUSG00000025929	0.526639	0.035797	-0.440528	0.575192	0.489248	-0.222503
ENSMUSG00000025931	-0.036586	0.677241	-0.307690	0.222727	-0.748829	0.214973
ENSMUSG00000025932	-0.091484	0.043162	0.246780	-0.212139	-0.099725	0.355992
ENSMUSG00000025934	-0.097344	-0.030841	0.250947	0.206626	0.167103	-0.281444
ENSMUSG00000025939	-0.037360	-0.341272	-0.255281	0.234089	-0.473433	-0.560063
ENSMUSG00000025946	0.382188	-0.072495	-0.158548	-0.808952	0.255691	-0.010363
ENSMUSG00000025949	-0.586930	0.112295	-0.480961	0.241567	-0.324880	0.608641
ENSMUSG00000025950	-0.052317	-0.178856	-0.177139	-0.220296	-0.266715	0.526874
ENSMUSG00000025956	0.461795	0.088746	-0.653173	0.528685	-0.648489	0.271608
ENSMUSG00000025958	-0.093547	0.399713	-0.197048	-0.029008	0.508732	-0.330658
ENSMUSG00000025964	0.363253	0.251491	-0.295847	-0.510782	0.138412	0.826993
ENSMUSG00000025967	-0.236081	-0.208799	-0.595794	0.018398	0.046252	-0.335674
ENSMUSG00000025968	0.054476	0.098501	0.052585	-0.591034	-0.530421	-0.552001
ENSMUSG00000025969	-0.254969	0.328251	-0.068802	-0.240365	0.194285	-0.032599
ENSMUSG00000025971	-0.655238	-0.477635	0.016182	0.407789	-0.009397	-0.552898
ENSMUSG00000025980	0.300659	0.142184	-0.447502	-0.114219	0.119518	-0.463788
ENSMUSG00000025981	-0.040260	-0.504876	-0.012058	0.119716	-0.462250	-0.108696
ENSMUSG00000025991	-0.072502	-0.358366	0.145558	0.406254	-0.026926	-0.405707
ENSMUSG00000025993	0.134614	-0.096674	-0.004459	0.056541	0.122981	-0.377575
ENSMUSG00000025995	-0.220770	0.688194	0.312493	-0.386792	0.323130	-0.171591
ENSMUSG00000026000	-0.313771	-0.181169	0.498024	-0.270565	-0.151841	-0.036323
ENSMUSG00000026003	0.333180	-0.253826	-0.281180	0.467944	-0.384933	-0.023119
ENSMUSG00000026005	-0.019891	-0.090003	-0.179100	-0.378648	-0.007045	-0.829219
ENSMUSG00000026009	0.027649	-0.049419	-0.311003	0.098410	-0.325379	0.754403
ENSMUSG00000026011	-0.006969	-0.465332	0.168190	0.041518	-0.679139	0.317855
ENSMUSG00000026012	0.292938	-0.264061	0.212197	0.348095	-0.003870	-0.100517
ENSMUSG00000026019	-0.561752	0.224910	-0.480848	-0.701389	-0.482451	0.270567
ENSMUSG00000026020	-0.029063	-0.196512	-0.316517	0.312530	-0.012263	-0.007345
ENSMUSG00000026021	-0.248143	-0.357719	0.307943	-0.046873	-0.152501	0.398182
ENSMUSG00000026024	-0.204217	0.033439	-0.164234	0.013395	-0.456398	-0.073942
ENSMUSG00000026027	0.058418	-0.358680	0.189441	-0.126520	-0.018896	-0.452800
ENSMUSG00000026028	-0.000135	0.065432	0.069950	0.118511	-0.524807	0.034691
ENSMUSG00000026029	-0.507078	0.021897	-0.143305	-0.513834	0.595833	0.104604
ENSMUSG00000026031	-0.122831	-0.602190	-0.447580	-0.444297	-0.835331	-0.822151
ENSMUSG00000026032	0.444955	-0.223158	-0.056702	0.503073	-0.277026	0.206411
ENSMUSG00000026035	0.635052	0.516861	-0.504668	0.204020	0.443903	-0.241542
ENSMUSG00000026037	-0.138363	-0.487153	0.260477	0.171140	0.232856	-0.198292
ENSMUSG00000026039	-0.005899	0.337893	0.304208	0.199177	0.280155	-0.385132
ENSMUSG00000026042	-0.406272	-0.063081	-0.239356	-0.181047	0.166255	-0.444673
ENSMUSG00000026043	-0.232749	-0.063678	0.046854	-0.784145	-0.209992	0.187407
ENSMUSG00000026058	-0.002731	-0.192356	0.531772	0.574442	0.106985	0.079501
ENSMUSG00000026062	0.894563	-0.452601	-0.319705	0.441769	-0.222594	-0.092503
ENSMUSG00000026065	-0.343042	-0.106151	0.308439	0.066507	0.271186	-0.017299
ENSMUSG00000026068	0.024432	0.137989	0.168765	-0.380610	0.157426	-0.490863
ENSMUSG00000026069	0.327854	0.268728	0.187825	0.112395	0.596975	-0.506046
ENSMUSG00000026070	-0.304358	-0.190601	-0.695173	0.204073	0.490946	0.941033
ENSMUSG00000026072	-0.358805	0.172765	-0.014449	0.105653	-0.415906	-0.425370
ENSMUSG00000026073	0.240859	0.184393	-0.006422	0.191755	-0.059787	-0.486222
ENSMUSG00000026074	0.167904	0.073944	-0.372122	0.296101	-0.362083	-0.380060
ENSMUSG00000026077	0.495523	-0.461274	0.455074	-0.228260	0.214577	-0.330406
ENSMUSG00000026080	-0.129558	0.356581	0.195965	0.091571	-0.103343	0.047995
ENSMUSG00000026082	-0.095189	0.500882	0.401335	-0.338833	-0.013408	0.357230
ENSMUSG00000026083	-0.023311	-0.203606	0.273176	-0.010438	0.748962	-0.570690
ENSMUSG00000026087	-0.581015	-0.124257	0.165953	0.410641	-0.577281	0.146990
ENSMUSG00000026097	-0.403629	-0.424413	-0.144642	0.318231	-0.261684	0.479262
ENSMUSG00000026100	0.107646	1.001638	0.058108	-0.584445	0.332117	0.325775
ENSMUSG00000026102	-0.310206	-0.020319	-0.418116	-0.536351	-0.078674	-0.151857
ENSMUSG00000026103	0.434392	-0.718524	0.261830	-0.604569	0.087359	-0.602979
ENSMUSG00000026104	0.314650	-0.068528	-0.460843	-0.107346	-0.154990	0.218285
ENSMUSG00000026107	-0.155776	0.280122	0.775772	0.224630	-0.082302	0.020627
ENSMUSG00000026110	-0.566785	-0.345725	0.104685	-0.011238	-0.583117	-0.298490
ENSMUSG00000026112	0.382354	0.719775	0.062670	-0.399583	-0.175158	0.178777
ENSMUSG00000026113	-0.083033	-0.258033	0.019941	-0.197782	-0.627482	-0.010039
ENSMUSG00000026114	0.297443	0.009031	-0.237419	-0.123965	-0.022469	0.312913
ENSMUSG00000026117	-0.521519	-0.569157	-0.369387	0.309709	-0.099567	0.781705
ENSMUSG00000026121	-0.313478	0.144903	0.129802	0.038610	0.264277	0.143972
ENSMUSG00000026126	0.023328	0.269317	0.321102	0.142006	0.137595	-0.005401
ENSMUSG00000026127	0.073965	0.187928	-0.469365	-0.222667	0.251192	-0.127106
ENSMUSG00000026131	0.020187	-0.261189	-0.006525	0.111132	0.142830	-0.240358
ENSMUSG00000026134	-0.138286	-0.076635	-0.775682	-0.137190	-0.057504	0.470441
ENSMUSG00000026141	0.122597	0.288507	-0.140469	0.242253	-0.312171	0.216812
ENSMUSG00000026147	0.343206	0.233601	0.195659	0.411943	-0.084119	-0.319300
ENSMUSG00000026153	0.263592	-0.729361	0.342850	0.157555	0.151576	-0.240335
ENSMUSG00000026154	0.376714	0.079384	0.152508	-0.063605	0.266281	-0.315198
ENSMUSG00000026156	-0.224002	-0.014999	0.353059	-0.488455	0.209113	-0.405311
ENSMUSG00000026158	0.503196	-0.127751	0.143908	0.318525	0.343991	-0.426128
ENSMUSG00000026162	-0.250230	-0.171862	0.545906	0.571789	-0.085152	0.758015
ENSMUSG00000026166	-0.515949	0.171226	0.140233	0.120942	-0.290967	-0.291237
ENSMUSG00000026167	-0.378555	-0.345695	-0.165055	0.390782	0.694396	0.164168
ENSMUSG00000026170	0.135229	0.177373	0.036567	0.042549	0.355792	-0.478874
ENSMUSG00000026171	-0.032499	0.299087	-0.315724	-0.441246	0.355471	0.556660
ENSMUSG00000026173	0.198480	-0.481125	0.110249	0.022397	0.440776	0.316187
ENSMUSG00000026174	-0.196019	-0.197080	-0.193038	0.133238	-0.033041	0.541555
ENSMUSG00000026177	-0.118233	-0.170543	0.387803	0.625893	0.297043	-0.091305
ENSMUSG00000026180	0.291953	0.126110	0.140753	0.272217	-0.924155	0.245017
ENSMUSG00000026185	0.090611	0.049351	0.062840	0.404863	0.246636	-0.053420
ENSMUSG00000026187	0.094520	-0.280190	0.377985	-0.171278	-0.444378	-0.188006
ENSMUSG00000026189	0.203401	0.433566	0.021130	0.296767	-0.114623	0.305445
ENSMUSG00000026192	-0.249477	-0.049627	0.182533	0.014585	0.493196	0.192742
ENSMUSG00000026193	-0.265659	0.324956	-0.327786	0.397770	0.508462	-0.303528
ENSMUSG00000026196	-0.166012	-0.121627	-0.193407	-0.270003	-1.203464	-0.566478
ENSMUSG00000026198	0.520080	0.042751	0.121577	-0.390606	-0.198584	-0.059598
ENSMUSG00000026200	0.226034	-0.214013	-0.034870	-0.123141	0.109336	0.072479
ENSMUSG00000026202	-0.805052	-0.418647	-0.081962	-0.275993	0.154686	0.242671
ENSMUSG00000026208	0.482367	0.183525	0.338743	0.339978	0.672651	0.615737
ENSMUSG00000026213	0.397294	0.355140	-0.238171	-0.467127	-0.310578	0.393973
ENSMUSG00000026219	0.135087	0.336782	-0.482142	-0.439952	0.095703	-0.551423
ENSMUSG00000026222	0.038501	-0.114549	-0.081993	-0.359370	0.137595	-0.254732
ENSMUSG00000026228	-0.203288	0.036770	-0.676583	0.408495	0.060008	0.216849
ENSMUSG00000026229	-0.491100	0.297943	0.362476	0.635433	0.381535	0.102812
ENSMUSG00000026234	0.193318	0.116709	-0.631429	-0.505221	0.468454	0.086227
ENSMUSG00000026235	0.202726	0.330698	0.094335	-0.142267	-0.598023	-0.350363
ENSMUSG00000026237	-0.270902	-0.176997	-0.413251	0.217072	-0.186816	0.717092
ENSMUSG00000026239	-0.151412	-0.205958	0.168621	-0.773488	-0.245344	0.282674
ENSMUSG00000026240	-0.517116	-0.075989	-0.139437	-0.177838	0.209503	0.124926
ENSMUSG00000026241	0.290396	0.275876	0.524702	0.644842	-0.200728	0.464436
ENSMUSG00000026245	-0.365381	-0.218544	-0.063760	-0.103775	-0.856045	-0.034070
ENSMUSG00000026246	0.281067	-0.075609	0.149751	0.388135	-0.502580	0.114548
ENSMUSG00000026248	0.432106	0.438692	-0.269614	-0.375863	-0.441233	-0.273431
ENSMUSG00000026249	0.388975	-0.338724	-0.024286	-0.784553	0.169729	0.045962
ENSMUSG00000026251	-0.165679	0.197739	0.157135	-0.291758	-0.307486	-0.400511
ENSMUSG00000026253	0.542348	0.308162	-0.272474	-0.390655	0.033070	-0.106506
ENSMUSG00000026254	-0.126356	-0.416797	0.694353	-0.154403	-0.100297	0.093791
ENSMUSG00000026259	0.470521	-0.450202	-0.143656	0.077922	0.313846	0.157459
ENSMUSG00000026260	-0.211513	0.544923	-0.109464	0.331300	-0.108793	-0.389424
ENSMUSG00000026271	0.245235	-0.025499	-0.046907	-0.275254	0.066751	0.072829
ENSMUSG00000026272	-0.140517	0.126055	0.687370	-0.450674	-0.310523	-0.193503
ENSMUSG00000026276	-0.319370	-0.045965	-0.456160	-0.003639	0.109955	-0.190884
ENSMUSG00000026280	0.266900	-0.240581	0.226307	-0.164739	-0.083651	-0.194941
ENSMUSG00000026281	0.018969	-0.182361	-0.201695	0.122487	0.429937	-0.063655
ENSMUSG00000026283	0.168745	0.320314	0.229138	0.154227	0.519495	0.500161
ENSMUSG00000026285	0.251503	-0.329454	-0.080877	-0.213150	0.233627	0.017940
ENSMUSG00000026288	-0.429349	0.244544	-0.019375	0.202643	-0.142712	-0.290155
ENSMUSG00000026289	-0.367859	-0.510370	-0.034381	0.311936	0.069927	-0.240720
ENSMUSG00000026295	0.002247	0.185003	0.253136	-0.328859	0.055167	-0.650956
ENSMUSG00000026303	0.044282	0.268506	-0.258670	0.397128	-0.428042	0.763422
ENSMUSG00000026304	-0.080579	0.071352	0.316341	-0.010556	-0.090328	-0.097741
ENSMUSG00000026307	-0.109472	0.387504	0.000145	-0.325479	0.541683	-0.574075
ENSMUSG00000026311	0.308848	-0.342914	-0.264764	-0.134554	0.063440	0.056316
ENSMUSG00000026312	-0.301013	0.462087	-0.390243	-0.066131	0.313290	-0.151843
ENSMUSG00000026313	-0.259668	-0.066759	-0.185161	0.155163	-0.156318	-0.517077
ENSMUSG00000026315	-0.238428	0.122802	-0.190011	0.731113	-0.210944	0.372887
ENSMUSG00000026321	-0.412512	-0.118381	-0.198591	0.336985	-0.121401	0.196510
ENSMUSG00000026322	0.001013	-0.045760	0.101569	-0.337129	-0.049545	0.152521
ENSMUSG00000026341	0.270543	-0.029400	-0.070017	0.089005	0.294388	-0.044656
ENSMUSG00000026344	0.107976	0.012990	-0.244716	0.256022	-0.205769	0.024185
ENSMUSG00000026348	-0.070922	-0.118283	-0.065007	0.197705	-0.327982	0.108724
ENSMUSG00000026349	-0.326411	0.073270	-0.103508	-0.319326	0.263944	0.216751
ENSMUSG00000026353	-0.266184	-0.121365	-0.518155	0.169099	-0.286075	0.019145
ENSMUSG00000026354	0.246881	0.305281	-0.110204	-0.279755	0.341784	0.123890
ENSMUSG00000026355	0.347366	-0.383388	-0.004280	-0.438725	0.465021	0.111281
ENSMUSG00000026356	-0.001885	0.000208	-0.336929	-0.356625	-0.115628	-0.036553
ENSMUSG00000026360	0.085007	-0.560727	-0.322308	0.393247	0.579435	-0.222468
ENSMUSG00000026361	-0.256533	-0.022139	0.749159	-0.292186	0.190683	-0.990469
ENSMUSG00000026365	0.141349	0.029777	-0.064095	0.139419	0.653654	0.164785
ENSMUSG00000026368	0.196492	-0.302656	-0.189767	-0.022365	0.222417	-0.101496
ENSMUSG00000026374	-0.019020	-0.235759	-0.350446	0.177736	-0.581613	-0.134683
ENSMUSG00000026383	0.188925	-0.015374	-0.338561	-0.394521	-0.313848	-0.150324
ENSMUSG00000026384	-0.280590	-0.210861	0.053169	0.149353	0.165039	0.201566
ENSMUSG00000026385	0.262382	-0.052421	-0.151346	0.452051	-0.427059	-0.051890
ENSMUSG00000026387	-0.066564	-0.048557	0.110524	0.749442	0.081626	0.806494
ENSMUSG00000026389	-0.299199	-0.575315	-0.247248	0.107761	0.290374	0.431699
ENSMUSG00000026390	-0.889854	-0.492233	-0.011589	-0.105083	-0.611316	-0.429527
ENSMUSG00000026393	0.455529	0.465861	0.017290	-0.157222	0.453144	-0.009403
ENSMUSG00000026394	-0.427487	0.160893	0.243079	0.493350	0.418559	-0.337465
ENSMUSG00000026395	-0.075779	0.770766	0.011943	0.158457	-0.122972	-0.500945
ENSMUSG00000026398	0.143240	0.569361	-0.537386	-0.629137	0.398835	-0.302488
ENSMUSG00000026399	0.292802	0.954191	-0.082900	0.360658	0.522618	0.710701
ENSMUSG00000026401	-0.432324	0.161796	0.185338	-0.129361	-0.051127	-0.201501
ENSMUSG00000026405	0.474087	0.633675	-0.263919	0.176946	0.060613	0.185503
ENSMUSG00000026407	-0.473388	-0.012829	0.339350	0.019468	0.041620	0.204654
ENSMUSG00000026409	0.250009	-0.482233	-0.358744	0.266801	-0.267560	-0.227175
ENSMUSG00000026413	-0.230677	-0.145457	-0.523396	-0.168492	0.360735	0.286854
ENSMUSG00000026414	-0.102349	0.027220	0.155217	0.636813	-0.334581	-0.376500
ENSMUSG00000026415	0.112533	-0.290023	0.101008	0.541666	-0.188830	0.102093
ENSMUSG00000026416	0.076735	0.259225	0.065097	0.161164	0.557356	0.392915
ENSMUSG00000026417	-0.289518	0.079743	0.200373	-0.264188	0.667011	0.500508
ENSMUSG00000026418	-0.303962	0.020576	0.562030	0.266529	0.355990	-0.932724
ENSMUSG00000026420	0.368553	-0.135077	-0.167649	0.279625	-0.024953	-0.223886
ENSMUSG00000026424	-0.127768	0.126393	0.096447	0.628787	0.179228	0.321102
ENSMUSG00000026425	-0.474759	0.066647	0.285958	0.431174	0.541073	-0.067718
ENSMUSG00000026426	-0.383698	-0.173962	0.723799	0.312081	0.048609	-0.064188
ENSMUSG00000026429	0.281683	0.569106	-0.567220	-0.637358	-0.506146	0.037775
ENSMUSG00000026430	0.222276	-0.411483	0.014933	0.226456	-0.472827	-0.413138
ENSMUSG00000026432	-0.106911	-0.249929	-0.302995	0.303590	-0.028741	-0.030033
ENSMUSG00000026435	0.070559	0.506013	0.071981	-0.847700	0.283315	-0.821684
ENSMUSG00000026436	0.055505	0.461793	0.351764	0.322726	0.013490	0.535249
ENSMUSG00000026439	-0.037953	-0.403294	0.357111	0.106845	0.366688	0.246537
ENSMUSG00000026442	0.409262	-0.671566	0.299142	0.349685	0.237591	0.672265
ENSMUSG00000026447	-0.115080	-0.091207	0.043128	-0.269854	-0.297435	-0.126526
ENSMUSG00000026450	0.378105	-0.399709	0.126165	0.201124	0.182406	0.599350
ENSMUSG00000026455	-0.064521	0.347101	0.853004	0.077464	0.337656	0.188275
ENSMUSG00000026456	0.450088	0.282948	-0.297341	-0.313486	-0.360287	-0.356837
ENSMUSG00000026457	-0.217820	0.165281	0.218160	-0.106416	-0.587765	0.056132
ENSMUSG00000026458	-0.120383	0.489202	0.659491	0.082426	0.379278	-0.455042
ENSMUSG00000026459	0.334680	-0.563153	0.430927	-0.356129	0.632463	0.403601
ENSMUSG00000026463	0.229662	0.451835	0.349540	-0.021001	0.483119	1.108970
ENSMUSG00000026466	-0.225532	-0.101822	0.094644	0.451738	-0.080382	-0.012591
ENSMUSG00000026470	-0.256490	0.688824	0.527359	0.307493	-0.055123	-0.117504
ENSMUSG00000026473	-0.338750	0.196758	0.370302	-0.228026	-0.335719	-0.096772
ENSMUSG00000026475	0.156416	-0.161446	-0.204581	-0.826847	0.148862	-0.327018
ENSMUSG00000026478	-0.479116	0.070825	0.186628	-0.073862	0.778347	0.290358
ENSMUSG00000026479	0.193364	0.042902	-0.793985	-0.033221	0.112048	-0.591585
ENSMUSG00000026480	0.088414	0.509091	0.131184	0.146487	0.274458	0.290826
ENSMUSG00000026482	-0.572903	0.141076	0.034487	-0.129941	-0.387565	0.069315
ENSMUSG00000026484	0.154082	-0.142493	0.252287	0.664661	-0.478845	-0.159301
ENSMUSG00000026489	-0.118561	-0.132264	-0.007347	-0.261697	0.240322	-0.296399
ENSMUSG00000026490	-0.523206	0.542951	-0.124587	-0.350018	-0.810970	0.046938
ENSMUSG00000026491	0.195903	-0.239337	0.116349	-0.135034	-0.123080	-0.622469
ENSMUSG00000026492	-0.231988	0.513135	-0.160187	-0.108259	0.183608	-0.267191
ENSMUSG00000026494	-1.106837	-0.104141	-0.276160	0.057647	0.367839	0.200507
ENSMUSG00000026496	0.052596	-0.136623	-0.616604	0.340764	0.137485	-0.265817
ENSMUSG00000026499	-0.496077	-0.186343	-0.154101	-0.578170	-0.070654	0.106149
ENSMUSG00000026500	0.308647	-0.025412	0.381547	0.375205	0.079101	0.198627
ENSMUSG00000026504	0.321972	0.117493	-0.404426	0.267623	0.493655	0.302996
ENSMUSG00000026509	-0.412244	0.114887	-0.268734	-0.397462	-0.573611	0.137763
ENSMUSG00000026510	-0.629893	0.687732	-0.268588	0.100401	-0.418350	-0.523477
ENSMUSG00000026511	0.080813	-0.086829	-0.526225	0.239899	0.779674	-0.160331
ENSMUSG00000026514	0.469685	0.059643	-0.024240	-0.491153	-0.089511	-0.078501
ENSMUSG00000026519	-0.245414	-0.514769	-0.099312	0.596459	-0.283808	0.277010
ENSMUSG00000026520	0.055336	0.488505	0.366080	0.279455	-0.128623	0.220886
ENSMUSG00000026525	-0.390284	-0.198392	0.044695	0.399137	-0.145372	-0.670204
ENSMUSG00000026526	0.019249	0.009498	-0.279474	0.120946	0.262748	-0.193657
ENSMUSG00000026527	0.510571	-0.692385	0.231520	-0.183278	0.070213	0.142479
ENSMUSG00000026532	-0.427779	0.626275	-0.255015	-0.075658	-0.004040	-0.103882
ENSMUSG00000026535	-0.386634	0.676587	-0.057451	0.587624	-0.314983	-0.337414
ENSMUSG00000026536	0.097619	-0.454416	-0.130410	0.293557	0.433641	0.407356
ENSMUSG00000026547	0.238982	0.043643	-0.018676	0.491291	0.404395	-0.225390
ENSMUSG00000026553	0.746986	0.158583	0.155961	-0.337367	0.838699	0.287777
ENSMUSG00000026554	-0.464181	0.008642	-0.331365	-0.614248	0.179188	0.036667
ENSMUSG00000026556	0.235494	-0.494103	-0.356213	-0.332692	0.160740	0.168761
ENSMUSG00000026558	0.688798	0.897920	-0.339454	0.800462	0.284391	0.061166
ENSMUSG00000026560	-0.342828	0.068220	-0.166637	0.310850	-0.419321	0.493919
ENSMUSG00000026565	0.018852	0.595237	0.087971	-0.107212	-0.014683	0.142943
ENSMUSG00000026567	-0.060738	-0.059668	-0.403288	0.235836	0.697646	0.064352
ENSMUSG00000026571	-0.091370	-0.246272	-0.061580	0.152946	-0.506995	0.650199
ENSMUSG00000026573	0.035871	-0.253744	-0.362811	-0.863002	0.165231	0.070416
ENSMUSG00000026575	-0.568511	-0.142365	0.592884	0.616830	-0.077299	0.452868
ENSMUSG00000026576	-0.303370	0.632447	-0.475005	-0.089124	0.504729	0.895358
ENSMUSG00000026577	0.427428	0.358934	0.287195	-0.549757	0.348747	0.136676
ENSMUSG00000026579	0.377396	-0.072793	-0.137468	0.427408	-0.345671	0.196998
ENSMUSG00000026580	0.012813	-0.103833	0.600434	-0.345982	0.264325	-0.550905
ENSMUSG00000026581	-0.442570	0.114484	0.148523	-0.227156	0.408611	0.035053
ENSMUSG00000026582	-0.493335	-0.595995	0.007043	-0.196697	0.624445	-0.240543
ENSMUSG00000026585	0.281363	0.250947	-0.602394	-0.357784	0.045683	0.084069
ENSMUSG00000026589	-0.156304	0.407907	-0.352231	-0.460288	0.654001	0.132965
ENSMUSG00000026596	0.403250	-0.128732	-0.016536	0.750368	-0.624928	0.023626
ENSMUSG00000026600	-0.637314	-0.472185	0.288139	-0.201011	-0.002647	0.153647
ENSMUSG00000026602	-0.001711	-0.443142	0.427636	-0.182475	-0.432621	0.195318
ENSMUSG00000026603	0.570276	0.792725	0.373366	-0.435189	-0.497201	-0.467193
ENSMUSG00000026605	-0.376449	-0.372813	0.149360	0.141577	-0.317595	-0.116739
ENSMUSG00000026610	0.308945	0.325116	-0.059599	0.159920	-0.779967	-0.088864
ENSMUSG00000026614	0.743528	0.087219	0.122329	-0.317041	0.355293	-0.262477
ENSMUSG00000026615	-0.370849	0.284117	0.124503	0.243302	-0.033957	-0.009084
ENSMUSG00000026616	-0.080309	-0.245812	-0.240684	-0.091705	-0.506621	-0.015937
ENSMUSG00000026617	-0.304392	-0.298974	0.499584	-0.367828	-0.053892	0.288931
ENSMUSG00000026618	-0.451595	-0.117696	0.280355	0.387962	-0.785703	0.718377
ENSMUSG00000026621	0.263670	-0.192080	0.205515	0.010766	-0.195716	0.047585
ENSMUSG00000026622	-0.273048	0.065317	0.016508	0.205599	0.001306	0.505762
ENSMUSG00000026623	-0.236749	0.091852	-0.599770	-0.502188	0.492962	0.267071
ENSMUSG00000026626	-0.461629	-0.056178	0.593406	-0.548420	-0.178389	-0.027382
ENSMUSG00000026630	0.112068	-0.188432	-0.032108	-0.251570	0.529154	0.372033
ENSMUSG00000026637	0.360959	0.197990	-0.089225	-0.064252	0.258517	0.123594
ENSMUSG00000026639	-0.643853	-0.304051	0.056469	0.071202	0.965912	0.007880
ENSMUSG00000026640	0.208936	0.391154	-0.143750	0.179659	-0.011841	-0.197511
ENSMUSG00000026641	-0.818970	0.191362	0.184893	0.303210	-0.059724	0.529065
ENSMUSG00000026643	-0.077298	-0.671862	-0.639145	-0.039846	-0.682789	0.619135
ENSMUSG00000026644	-0.067292	0.108304	0.450907	0.033619	-0.185624	0.284434
ENSMUSG00000026645	-0.431702	0.158323	-0.256557	0.305607	-0.005366	0.647804
ENSMUSG00000026646	0.672813	0.256663	-0.218169	0.001559	-0.112486	0.494838
ENSMUSG00000026648	0.535948	0.748437	-0.507454	-0.480431	0.567834	-0.445822
ENSMUSG00000026656	0.355387	0.338752	0.355901	-0.425913	-0.209982	0.429673
ENSMUSG00000026662	0.474625	0.023308	0.308200	-0.165065	0.021265	-0.122570
ENSMUSG00000026663	-0.077459	-0.004001	0.193600	0.139964	0.062050	0.067535
ENSMUSG00000026664	0.527525	0.168101	0.426860	0.262149	0.070093	0.390498
ENSMUSG00000026667	0.307112	0.461915	-0.105765	0.359620	0.041009	0.061046
ENSMUSG00000026669	-0.015628	-0.004492	0.257461	0.086101	0.442192	-0.005542
ENSMUSG00000026670	-0.203310	0.039225	-0.310833	-0.227645	-0.164951	-0.442413
ENSMUSG00000026672	0.200955	0.336559	0.490080	0.096252	0.449735	0.385977
ENSMUSG00000026675	-0.215486	-0.197095	0.551588	-0.188832	0.106901	0.263153
ENSMUSG00000026683	0.085351	-0.259240	0.123991	0.243407	0.074880	0.236494
ENSMUSG00000026687	0.096145	0.203719	0.369472	-0.113911	-0.224442	0.384008
ENSMUSG00000026688	0.091151	-0.238489	-0.559161	-0.362344	-0.386936	0.165085
ENSMUSG00000026691	-0.220560	-0.158699	-0.338692	0.531328	-0.382592	-0.360057
ENSMUSG00000026692	0.010268	0.299168	-0.169434	-0.152180	0.643883	-0.509951
ENSMUSG00000026696	0.056093	0.052002	-0.227748	0.196446	0.492570	0.357704
ENSMUSG00000026698	0.376930	-0.173536	0.803132	-0.437560	-0.040350	0.629974
ENSMUSG00000026700	-0.172669	-0.252620	0.143542	-0.170379	-0.380875	-0.109953
ENSMUSG00000026701	0.223070	0.213292	-0.265864	0.431610	-0.914622	0.067751
ENSMUSG00000026705	0.334338	0.226950	0.486404	0.360910	0.278423	-0.081508
ENSMUSG00000026709	0.389839	0.299789	0.125301	0.116473	0.181551	0.263370
ENSMUSG00000026712	-0.212699	0.022336	-0.439312	0.264836	0.284705	0.038193
ENSMUSG00000026715	-0.131966	-0.192736	0.387963	0.215422	-0.042116	0.101277
ENSMUSG00000026718	-0.106817	-0.534241	0.051053	0.085854	0.653095	0.721357
ENSMUSG00000026725	0.090915	-0.330680	-0.171022	0.318907	-0.258618	0.549988
ENSMUSG00000026726	-0.484017	0.507412	0.069962	0.346579	0.124997	-0.593241
ENSMUSG00000026728	-0.704718	-0.272925	-0.224129	0.284521	0.673291	0.719818
ENSMUSG00000026737	-0.593198	-0.144116	0.223612	-0.034141	0.370965	0.241008
ENSMUSG00000026739	-0.071047	0.207199	0.432458	0.354937	0.535402	0.066069
ENSMUSG00000026750	-0.535345	-0.031891	-0.423262	-0.236020	0.185980	-0.487029
ENSMUSG00000026751	-0.038818	0.024385	0.624688	-0.281028	0.626381	0.259383
ENSMUSG00000026753	-0.146815	-0.211764	0.002965	0.311423	0.190950	-0.369714
ENSMUSG00000026754	0.029200	0.554919	-0.531068	0.420890	-0.124131	-0.662963
ENSMUSG00000026755	-0.068261	-0.204649	0.360108	0.300677	-0.281685	0.493530
ENSMUSG00000026761	-0.097883	0.014543	0.157422	0.635348	-0.231900	-0.329409
ENSMUSG00000026764	-0.766290	0.221540	0.024023	-0.275807	0.030669	0.249841
ENSMUSG00000026765	-0.504368	0.383165	-0.472008	-0.246609	-0.062805	-0.291713
ENSMUSG00000026766	-0.289505	0.148864	-0.313777	-0.372096	0.079915	-0.052607
ENSMUSG00000026768	0.139937	-0.611647	0.418034	-0.086872	0.052290	0.142292
ENSMUSG00000026770	0.100807	0.049101	0.044427	0.174367	0.071254	0.184595
ENSMUSG00000026771	0.014863	-0.100237	0.481393	-0.256999	-0.252928	-0.350655
ENSMUSG00000026773	-0.109619	0.566448	-0.449981	0.289452	-0.195867	0.814237
ENSMUSG00000026775	-0.241538	-0.091668	0.706684	0.095349	0.196645	0.369530
ENSMUSG00000026778	0.147350	-0.527734	-0.768167	-0.011272	-0.064875	-0.412447
ENSMUSG00000026779	-0.134560	0.262293	0.447627	0.312563	0.321506	-0.066513
ENSMUSG00000026781	0.381695	-0.324209	-0.461487	0.169003	-0.388415	-0.477538
ENSMUSG00000026782	0.220414	0.429583	0.210052	-0.193595	-0.296863	0.392183
ENSMUSG00000026784	-0.036999	-0.002385	0.294282	0.143694	0.378745	-0.508829
ENSMUSG00000026785	-0.195718	0.145927	0.159222	0.163145	0.273971	-0.554725
ENSMUSG00000026786	-0.115665	-0.084917	-0.031636	0.670657	0.098375	0.123795
ENSMUSG00000026787	-0.190907	0.083228	-0.560408	0.677875	-0.359795	-0.409442
ENSMUSG00000026790	-0.284486	-0.306167	-0.067507	0.457493	0.927097	0.568630
ENSMUSG00000026791	-0.398629	-0.106734	-0.225552	-0.142068	0.184882	0.287185
ENSMUSG00000026792	-0.217096	-0.202141	-0.643332	-0.001660	-0.111466	0.095515
ENSMUSG00000026797	-0.483995	0.544992	-0.093540	0.301279	0.253196	0.127670
ENSMUSG00000026798	-0.352784	0.111418	-0.227747	-0.479398	-0.203524	0.069937
ENSMUSG00000026799	-0.503034	0.395222	-0.210461	0.586078	0.205837	0.406661
ENSMUSG00000026803	-0.117766	-0.074627	-0.001194	-0.040779	0.221503	-0.151265
ENSMUSG00000026807	0.049701	0.239529	0.098420	0.481807	0.431504	0.100550
ENSMUSG00000026810	-0.088353	0.248170	-0.130891	-0.164571	-0.057369	0.335708
ENSMUSG00000026811	-0.080005	-0.902994	-0.077457	0.308338	-0.118788	0.629766
ENSMUSG00000026812	0.264340	0.379856	-0.822483	0.390632	-0.431799	0.444841
ENSMUSG00000026816	-0.060652	-0.204649	0.516841	0.053973	0.364957	-0.282796
ENSMUSG00000026817	0.346646	-0.367332	-0.396480	0.578238	-0.134745	-0.008624
ENSMUSG00000026818	0.288504	-0.043930	-0.260945	0.506892	-0.370437	-0.337184
ENSMUSG00000026820	-0.395503	-0.116135	-0.192386	0.010372	-0.146393	-0.038428
ENSMUSG00000026821	-0.166473	0.185339	0.539556	0.230296	-0.252140	0.159603
ENSMUSG00000026822	-0.306069	0.117378	0.470700	0.326702	0.043673	0.298959
ENSMUSG00000026824	0.174193	-0.482941	-0.168971	1.124126	-0.473579	0.465151
ENSMUSG00000026825	0.093874	-0.205861	0.186655	-0.130172	-0.321229	-0.091921
ENSMUSG00000026826	0.243769	-0.388238	0.319861	-0.057163	-0.387838	-0.177460
ENSMUSG00000026827	-0.219921	-0.184244	-0.177961	0.138599	-0.007420	0.264395
ENSMUSG00000026828	0.275999	-0.155171	0.196604	-0.014978	0.169880	0.232698
ENSMUSG00000026829	-0.045043	0.430210	0.059161	0.322781	-0.671178	-0.148562
ENSMUSG00000026834	0.250018	0.209385	-0.296611	0.397306	0.048479	-0.524279
ENSMUSG00000026835	-0.079390	-0.056442	0.113757	0.476206	-0.739954	0.257122
ENSMUSG00000026836	-0.041873	0.148748	0.496152	0.008840	0.098482	0.060563
ENSMUSG00000026837	-0.233794	0.201580	0.129851	0.134389	0.367276	0.091467
ENSMUSG00000026839	-0.098478	-0.066195	0.390624	-0.265095	-0.367374	0.106775
ENSMUSG00000026840	0.166292	0.244763	0.297140	0.257965	-0.004010	-0.125504
ENSMUSG00000026842	-0.251482	0.292689	0.174794	0.133092	0.156785	-0.237619
ENSMUSG00000026848	-0.191654	-0.296434	-0.058311	0.349957	-0.350580	-0.195456
ENSMUSG00000026849	0.020811	0.131430	-0.587060	-0.217960	0.072369	0.202529
ENSMUSG00000026851	0.029577	0.044653	-0.170464	0.136228	0.069212	-0.495540
ENSMUSG00000026853	0.027127	-0.178321	0.054922	-0.136393	0.130233	0.331731
ENSMUSG00000026854	-0.076322	0.145614	-0.088930	-0.265644	0.023635	0.235431
ENSMUSG00000026856	0.014606	-0.542626	-0.246261	0.168393	0.061390	0.160961
ENSMUSG00000026858	-0.244545	-0.211920	0.217129	-0.135618	-0.010416	-0.553472
ENSMUSG00000026860	0.010510	-0.034280	0.523726	0.265951	-0.261941	-0.091744
ENSMUSG00000026864	0.155863	-0.006809	0.474623	0.151376	0.029113	-0.292712
ENSMUSG00000026866	0.124116	0.084091	0.036329	-0.090691	0.064483	0.265375
ENSMUSG00000026867	0.070970	-0.260996	0.300905	-0.592294	0.402513	0.339455
ENSMUSG00000026869	0.081746	0.060370	-0.398168	-0.057998	-0.236115	0.284769
ENSMUSG00000026872	-0.212023	0.016750	0.916616	0.169068	0.230679	0.529421
ENSMUSG00000026873	-0.150786	0.439685	-0.218622	-0.503648	0.433646	0.296278
ENSMUSG00000026874	-0.230351	0.063117	0.382788	-0.375519	0.246846	0.287951
ENSMUSG00000026875	-0.214609	-0.009462	-0.063970	-0.188984	-0.597128	-0.184858
ENSMUSG00000026878	0.280504	-0.035998	0.140962	-0.303554	-0.105813	-0.761755
ENSMUSG00000026879	-0.011784	-0.250433	0.450570	0.133805	-0.081842	0.383120
ENSMUSG00000026880	-0.341396	0.027814	0.291325	-0.452743	-0.018563	-0.082956
ENSMUSG00000026883	0.083915	-0.363359	0.272351	-0.719828	-0.095069	0.318963
ENSMUSG00000026885	-0.091569	0.608673	-0.344398	-0.001129	0.050143	-0.183743
ENSMUSG00000026887	-0.284978	0.191862	0.229567	-0.262520	0.117577	0.097148
ENSMUSG00000026888	0.031982	0.241158	-0.228536	0.722149	-0.238548	-0.213307
ENSMUSG00000026893	0.354030	-0.390795	0.274604	-0.432703	-0.144499	0.315084
ENSMUSG00000026895	0.060007	0.183641	-0.445267	-0.084071	-0.223845	0.220067
ENSMUSG00000026896	0.219996	0.325080	-0.354105	0.415358	-0.271254	-0.056627
ENSMUSG00000026904	-0.694119	-0.049943	0.081168	-0.216299	-0.219112	-0.028543
ENSMUSG00000026914	-0.314018	0.251433	-0.402295	0.348084	0.684417	0.238752
ENSMUSG00000026917	0.479618	0.037421	0.235826	0.297588	-0.268753	-0.377551
ENSMUSG00000026922	0.200078	-0.351724	0.237002	0.234305	-0.030352	-0.734680
ENSMUSG00000026923	0.578463	-0.191448	-0.133150	-0.129526	-0.030060	-0.097793
ENSMUSG00000026924	0.502581	0.477783	0.339884	-0.274299	-0.419268	0.106734
ENSMUSG00000026925	0.055435	-0.065247	0.233187	0.062291	0.110403	-0.609484
ENSMUSG00000026926	-0.005356	-0.242809	0.050466	0.054365	0.165510	-0.174523
ENSMUSG00000026928	0.070946	-0.672190	0.240900	0.030875	-0.201598	0.024029
ENSMUSG00000026930	-0.200332	0.224278	0.077160	-0.525217	-0.137986	0.177953
ENSMUSG00000026938	0.035461	0.468499	0.235355	-0.244390	0.099451	-0.129873
ENSMUSG00000026942	-0.039553	0.182948	0.240726	0.387690	-0.093160	-0.562109
ENSMUSG00000026943	-0.101722	0.837728	-0.276400	-0.270418	0.179248	-0.528392
ENSMUSG00000026956	0.281710	-0.212264	0.420573	-0.304561	0.037960	0.111375
ENSMUSG00000026958	0.219019	-0.627355	0.557200	0.694314	-0.341281	-0.316589
ENSMUSG00000026959	-0.370503	-0.207545	0.207358	0.506087	0.152339	0.104523
ENSMUSG00000026965	0.418108	-0.569910	0.297931	0.218932	0.194567	0.501620
ENSMUSG00000026966	0.577963	0.549616	0.196076	-0.239497	0.468608	-0.026244
ENSMUSG00000026971	0.655740	-0.742551	0.004581	-0.396192	0.288442	0.280394
ENSMUSG00000026976	-0.049175	-0.879042	-0.322190	-0.048009	-0.197726	0.442648
ENSMUSG00000026981	0.300355	-0.207973	0.113492	-0.426285	-0.743261	-0.157125
ENSMUSG00000026983	-0.217676	-0.582384	0.001755	-0.067760	0.160473	0.320753
ENSMUSG00000026984	0.143339	-0.030502	-0.648778	-0.327765	-0.073445	-0.130725
ENSMUSG00000026985	0.370303	0.374464	-0.188210	0.382208	-0.106095	0.278393
ENSMUSG00000026986	-0.461351	-0.400785	-0.319195	0.446794	-0.292255	0.599926
ENSMUSG00000026991	0.011087	-0.288875	0.382829	0.122015	-0.765415	-0.332593
ENSMUSG00000026994	-0.070918	0.500125	0.562342	-0.035879	0.042145	-0.049074
ENSMUSG00000026999	0.311906	0.696489	-0.306447	-0.090595	0.203050	-0.118983
ENSMUSG00000027002	0.292805	0.129510	-0.144825	-0.351156	-0.575537	-0.507799
ENSMUSG00000027004	-0.277667	0.399612	-0.572435	0.005942	0.158800	-0.172015
ENSMUSG00000027009	-0.362356	-0.173827	0.235988	0.147165	0.083358	-0.021376
ENSMUSG00000027010	-0.740509	0.168848	-0.026801	-0.350723	0.229405	0.310734
ENSMUSG00000027011	0.063229	0.668115	-0.063140	-0.009102	0.243621	0.405971
ENSMUSG00000027012	-0.116548	0.586837	-0.109013	-0.284337	0.056578	0.531988
ENSMUSG00000027014	-0.519898	-0.356171	-0.447358	0.122018	-0.150157	-0.058139
ENSMUSG00000027015	-0.196124	0.270025	0.336653	-0.488341	-0.437267	0.236510
ENSMUSG00000027018	0.566136	0.330030	0.045057	-0.165444	0.008206	0.092437
ENSMUSG00000027030	0.283158	0.146312	0.352652	0.299929	0.168630	0.755565
ENSMUSG00000027035	-0.546902	0.470637	-0.150239	-0.626863	-0.186505	0.616172
ENSMUSG00000027048	-0.584980	-0.853808	-0.088042	-0.244857	0.290432	-0.307150
ENSMUSG00000027067	-0.334675	-0.387371	0.566369	-0.570275	0.044534	0.470608
ENSMUSG00000027068	-0.049695	0.216996	-0.088970	-0.156750	0.129105	0.060561
ENSMUSG00000027070	0.002412	0.275883	-0.345199	0.066228	0.090063	-0.046547
ENSMUSG00000027071	0.215815	-0.573114	0.247708	-0.701945	-0.043586	0.326754
ENSMUSG00000027072	-0.660782	0.336318	-0.542579	0.261575	0.397050	-0.369035
ENSMUSG00000027073	-0.395562	-0.127309	0.002948	0.163759	0.432020	-0.434491
ENSMUSG00000027075	-0.250780	-0.105185	-0.002152	0.343866	-0.227972	0.614821
ENSMUSG00000027078	-0.410582	-0.332440	-0.017800	0.870117	-0.061399	0.247053
ENSMUSG00000027079	0.229548	0.145054	0.560242	0.244602	0.432929	-0.533901
ENSMUSG00000027082	-0.037261	-0.367559	-0.464501	0.156923	0.065607	0.007045
ENSMUSG00000027087	-0.020722	-0.367624	-0.311260	0.193011	0.252351	-0.689095
ENSMUSG00000027088	0.142836	-0.364579	0.159952	0.080665	0.485570	-0.368980
ENSMUSG00000027091	0.370569	-0.308423	-0.322676	0.289224	-0.626473	-0.130827
ENSMUSG00000027099	-0.006426	-0.076102	-0.058674	-0.284475	0.313495	-0.227837
ENSMUSG00000027104	-0.600823	-0.559361	-0.405883	0.570578	0.488081	-0.101781
ENSMUSG00000027107	0.329993	-0.141712	-0.324276	-0.491390	-0.221637	-0.177527
ENSMUSG00000027108	-0.222024	0.238646	-0.691363	-0.175480	-0.318354	0.199412
ENSMUSG00000027109	-0.498498	0.097176	0.059888	0.430310	-0.216836	0.268738
ENSMUSG00000027111	0.072830	-0.052738	-0.345931	-0.014044	-0.621857	-0.089775
ENSMUSG00000027115	-0.082281	-0.257449	0.046785	-0.216381	-0.429482	-0.121069
ENSMUSG00000027120	-0.375802	-0.136876	-0.310724	-0.029497	-0.376067	0.320579
ENSMUSG00000027130	-0.358757	0.705174	0.111766	-0.014891	-0.512839	-0.625416
ENSMUSG00000027133	-0.396896	0.387930	-0.060334	-0.811962	-0.244391	-0.037036
ENSMUSG00000027134	-0.465873	0.028492	0.186070	0.262190	0.180503	0.408132
ENSMUSG00000027162	0.520138	-0.884192	-0.649769	0.380319	0.058743	0.391251
ENSMUSG00000027163	-0.170713	-0.186634	0.086304	0.046717	-0.528313	0.295355
ENSMUSG00000027164	0.049109	-0.310050	-0.886641	-0.961043	-1.391947	-0.952977
ENSMUSG00000027166	-0.240790	-0.624898	0.051285	0.708978	0.608326	-0.360905
ENSMUSG00000027168	0.554981	0.518065	0.182149	0.250112	0.389951	0.003796
ENSMUSG00000027170	-0.212519	-0.092596	0.141227	0.445781	-0.100479	0.191605
ENSMUSG00000027176	0.369298	-0.275648	-0.269466	-0.394739	-0.199886	0.569848
ENSMUSG00000027177	0.766573	-0.434215	-0.687042	-0.369931	0.447591	0.048090
ENSMUSG00000027186	0.062146	0.788924	-0.044776	0.705002	-0.463377	0.471044
ENSMUSG00000027187	0.267185	-0.235235	-0.222762	0.155489	-0.027711	-0.178122
ENSMUSG00000027195	0.007845	-0.012297	0.422853	-0.296335	0.201255	0.074422
ENSMUSG00000027198	-0.090441	0.073195	-0.032184	-0.410624	0.328923	-0.798822
ENSMUSG00000027199	-0.683644	0.502206	-0.129443	0.169959	0.508659	-0.302332
ENSMUSG00000027200	0.728494	-0.230003	0.175041	-0.628982	0.359060	0.046628
ENSMUSG00000027202	-0.357922	-0.287710	0.606291	-0.168912	-0.701170	-0.556479
ENSMUSG00000027203	0.093540	-0.131550	-0.284123	-0.009288	-0.275483	-0.493464
ENSMUSG00000027204	0.049862	0.311705	-0.228530	0.272996	-0.332183	0.329773
ENSMUSG00000027206	0.361867	0.283443	0.414072	-0.195646	0.471103	0.326178
ENSMUSG00000027207	0.387352	0.091307	-0.324334	-0.034984	-0.536543	-0.554104
ENSMUSG00000027208	-0.098378	0.058752	0.295582	-0.016128	0.519485	0.090205
ENSMUSG00000027215	-0.495964	0.204032	-0.132676	-0.346232	0.445306	0.217487
ENSMUSG00000027219	-0.243647	-0.473520	-0.205123	-0.053588	-0.662180	0.174463
ENSMUSG00000027221	0.519470	-0.155653	0.171341	0.308096	0.146696	-0.688727
ENSMUSG00000027222	0.207786	0.222348	0.790209	0.056878	0.436858	0.380555
ENSMUSG00000027223	-0.006898	-0.256006	0.039372	-0.167163	0.193000	-0.172773
ENSMUSG00000027224	0.069139	0.294619	0.077470	-0.469330	-0.219660	-0.492584
ENSMUSG00000027225	-0.356603	0.258542	-0.338875	0.008658	-0.119474	-0.964193
ENSMUSG00000027227	0.463073	-0.081970	0.152592	-0.374275	0.388757	0.065451
ENSMUSG00000027230	-0.446812	-0.479000	0.386770	0.282836	-0.037066	-0.177893
ENSMUSG00000027236	-0.216374	0.391917	-0.162235	0.379356	-0.557175	-0.327898
ENSMUSG00000027239	-0.470050	-0.115722	-0.280612	0.316739	0.577057	-0.406034
ENSMUSG00000027244	-0.346330	-0.797494	-0.118901	-0.369503	0.358011	-0.338784
ENSMUSG00000027246	-0.243982	-0.052227	0.067812	0.584434	-0.325048	0.412905
ENSMUSG00000027247	-0.463168	-0.059384	-0.298682	-0.102700	0.439876	0.705988
ENSMUSG00000027248	-0.194532	0.165699	-0.367682	0.163314	0.272133	-0.488482
ENSMUSG00000027249	0.262373	0.206484	0.043967	0.045266	-0.016775	-0.127796
ENSMUSG00000027255	0.248026	-0.193820	-0.194959	0.064148	-0.060583	0.090917
ENSMUSG00000027259	-0.218755	0.099071	-0.440670	-0.359577	-0.527580	-0.320080
ENSMUSG00000027261	0.131579	-0.271124	0.201839	-0.206067	-0.269365	0.109385
ENSMUSG00000027263	0.771955	-0.107066	-0.027214	-0.355332	-0.552373	0.194517
ENSMUSG00000027272	-0.100180	0.431828	0.765281	-0.115035	-0.485915	0.445896
ENSMUSG00000027273	-0.315505	-0.282097	0.355393	-0.351323	0.498496	-0.040130
ENSMUSG00000027276	-0.294558	-0.269523	-0.477221	-0.364212	-0.132863	1.371003
ENSMUSG00000027285	0.251350	-0.217114	0.189132	-0.125055	-0.421760	-0.219612
ENSMUSG00000027287	-0.004094	0.221295	0.420473	-0.166986	-0.452176	0.563457
ENSMUSG00000027291	-0.235513	-0.084358	-0.035400	-0.400340	-0.568098	0.102248
ENSMUSG00000027296	-0.045424	-0.301475	0.002354	-0.387359	-0.312349	-0.449601
ENSMUSG00000027297	0.554411	-0.513062	-1.046840	0.112377	-0.124938	-0.458960
ENSMUSG00000027298	-0.119067	-0.313946	0.361268	-0.244345	0.365743	-0.025848
ENSMUSG00000027300	-0.108657	-0.025507	-0.365551	0.241494	-0.269778	-0.269965
ENSMUSG00000027301	-0.339164	-0.163487	0.355316	0.393310	-0.205153	0.429546
ENSMUSG00000027303	0.055684	-0.230513	-0.220249	-0.091016	-0.207221	0.266404
ENSMUSG00000027305	-1.275563	-0.743111	0.558252	0.026521	-0.139239	0.477655
ENSMUSG00000027313	-0.382431	-0.311919	0.910221	0.450719	0.082098	0.437947
ENSMUSG00000027314	-0.650909	-0.131129	0.096882	0.121694	-0.044691	-0.101937
ENSMUSG00000027315	0.095139	-0.466684	0.031018	0.286393	0.427006	0.499653
ENSMUSG00000027316	-0.734557	-0.517662	-0.448366	0.142406	-0.272581	-0.624338
ENSMUSG00000027318	-0.015655	0.009893	-0.098015	-0.316135	-0.307346	0.649181
ENSMUSG00000027322	-0.354663	0.615841	0.395402	-0.378467	-0.261521	0.626331
ENSMUSG00000027323	0.177891	0.331886	0.225287	0.094106	-0.586413	0.139051
ENSMUSG00000027330	0.241412	-0.601907	-0.026964	0.356710	0.168114	0.140499
ENSMUSG00000027332	-0.311257	-0.006498	-0.625977	0.193346	0.434282	-0.003946
ENSMUSG00000027333	0.428460	-0.111945	-0.269537	0.364557	-0.082379	0.038409
ENSMUSG00000027335	-0.331754	-0.423828	0.023989	-0.258964	-0.327047	-0.106780
ENSMUSG00000027338	0.216204	0.111871	0.248766	0.340922	0.128531	0.267204
ENSMUSG00000027339	-0.576450	0.282350	0.619173	0.289795	0.054971	0.134590
ENSMUSG00000027340	-0.276830	0.077342	-0.061338	0.263834	-0.029541	0.398998
ENSMUSG00000027342	0.517237	-0.218522	-0.318501	-0.634490	-0.011532	0.006426
ENSMUSG00000027346	0.256288	-0.003834	0.411195	0.028099	0.128074	0.155026
ENSMUSG00000027347	-0.468287	-0.166948	-0.009237	0.295686	0.308018	-0.271508
ENSMUSG00000027350	-0.648360	-0.117632	0.482918	-0.526888	0.362099	0.171817
ENSMUSG00000027351	-0.051938	0.124981	-1.151419	-0.855547	-0.169401	0.308212
ENSMUSG00000027353	-0.244080	0.113473	-0.173843	-0.010960	0.013799	-0.042502
ENSMUSG00000027357	-0.147209	-0.187955	-0.105647	-0.013461	0.255717	0.247093
ENSMUSG00000027358	0.754401	0.276628	-0.452175	-0.801981	-0.810835	-0.084726
ENSMUSG00000027359	0.232707	0.019790	0.704424	0.390243	0.097743	0.462643
ENSMUSG00000027360	0.185916	0.573378	-0.129245	0.231372	-0.163907	0.265836
ENSMUSG00000027361	0.612876	0.379645	0.043081	0.095429	0.705579	-0.107607
ENSMUSG00000027363	-0.125786	-0.469271	-1.232755	-1.355004	-1.025436	-1.102272
ENSMUSG00000027365	0.128777	-0.210534	-0.018899	-0.251713	0.233363	-0.391554
ENSMUSG00000027366	0.419662	0.046094	0.101006	0.096626	-0.709256	0.193968
ENSMUSG00000027367	0.123701	-0.241636	0.055110	-0.291973	-0.043775	0.199250
ENSMUSG00000027368	0.209577	0.089540	0.547056	-0.156313	-0.054978	-0.276558
ENSMUSG00000027374	-0.378590	0.604479	0.264571	0.510850	-0.000935	0.510850
ENSMUSG00000027379	0.113067	0.179502	-0.061124	0.444135	0.341207	-0.023790
ENSMUSG00000027380	0.035473	0.417062	0.128492	-0.362835	-0.122577	-0.418431
ENSMUSG00000027381	0.267502	0.509459	-0.279322	-0.063794	-0.070940	0.095729
ENSMUSG00000027384	0.075467	-0.629475	-0.142605	0.247718	0.599165	0.087040
ENSMUSG00000027387	0.238466	0.210943	0.181656	0.006499	-0.584210	-0.255627
ENSMUSG00000027395	-0.271707	-0.362951	0.300448	0.140012	0.791404	-0.075501
ENSMUSG00000027397	0.262114	-0.673136	-0.083837	-0.032436	0.361197	0.174627
ENSMUSG00000027398	0.108082	0.235001	-0.189282	-0.422299	-0.223974	0.002687
ENSMUSG00000027399	-0.066463	0.083162	-0.053991	-0.113095	0.371736	0.017650
ENSMUSG00000027400	-0.047413	-0.034468	-0.729880	-0.193251	0.232849	-0.221349
ENSMUSG00000027404	-0.110073	0.181146	0.081206	0.122364	0.260385	-0.290715
ENSMUSG00000027405	0.006771	0.630697	-0.264617	-0.351180	0.157830	-0.190923
ENSMUSG00000027406	-0.282984	-0.147836	0.631307	-0.037425	0.524008	-0.209750
ENSMUSG00000027411	0.277501	0.028254	0.356854	-0.458121	0.031890	0.000401
ENSMUSG00000027412	-0.182993	0.203298	-0.443977	0.339560	-0.648924	0.533992
ENSMUSG00000027423	0.154230	0.303677	-0.044547	-0.351111	0.025270	0.431355
ENSMUSG00000027425	0.633513	-0.098530	0.859157	0.146034	-0.003596	0.204486
ENSMUSG00000027427	0.075067	0.222217	0.130573	-0.146399	0.052689	0.744727
ENSMUSG00000027429	0.502671	-0.292214	-0.641462	-0.527672	0.132834	-0.250770
ENSMUSG00000027433	0.374604	-0.335414	0.286424	0.211913	-0.009078	-0.116991
ENSMUSG00000027434	0.486789	0.362329	-0.424986	-0.636223	-0.350598	0.039063
ENSMUSG00000027435	-0.102341	0.242417	-0.947791	-0.020263	-0.119084	-0.410667
ENSMUSG00000027438	0.099718	-0.023523	-0.306635	-0.363378	-0.253033	0.433867
ENSMUSG00000027447	0.486569	-0.369850	0.613152	0.403921	-0.109721	0.127358
ENSMUSG00000027452	-0.563723	0.755268	-0.443338	-0.143034	0.029231	-0.820834
ENSMUSG00000027454	0.145362	0.162826	0.018936	0.034539	0.000127	-0.130805
ENSMUSG00000027455	-0.127083	-0.484436	0.036586	-0.681751	-0.010343	0.285822
ENSMUSG00000027460	-0.394035	-0.032443	-0.113638	0.152874	0.624289	0.138769
ENSMUSG00000027463	0.134809	0.385943	-0.703073	0.233090	0.062134	-0.367603
ENSMUSG00000027465	0.227730	0.075055	0.139396	0.397960	-0.415138	0.504034
ENSMUSG00000027466	0.065737	-0.432773	0.393365	-0.702327	-0.066212	0.239912
ENSMUSG00000027469	-0.294535	0.054593	-0.252256	-0.376774	-0.297305	0.352533
ENSMUSG00000027470	-0.071181	-0.351178	0.621975	0.313813	-0.072689	-0.053239
ENSMUSG00000027475	-0.050007	-0.101084	-0.056238	-0.376202	-0.317499	0.496462
ENSMUSG00000027478	-0.132375	0.162928	-0.540338	-0.208889	0.178419	-0.296962
ENSMUSG00000027479	-0.212473	0.635858	0.099624	0.063672	0.643475	-0.269066
ENSMUSG00000027481	-0.278433	-0.313360	0.085776	-0.167014	-0.326155	0.387048
ENSMUSG00000027483	-0.124375	0.212468	-0.213681	0.262671	-0.263186	-0.325773
ENSMUSG00000027485	0.644316	0.459816	-0.206098	0.437129	-0.200096	-0.030504
ENSMUSG00000027488	-0.031992	0.135037	0.591242	-0.095233	0.131152	0.297849
ENSMUSG00000027490	-0.162948	0.147106	-0.232727	-0.126317	-0.264882	0.283496
ENSMUSG00000027496	-0.308599	0.247591	0.158273	-0.710685	0.024002	-0.247834
ENSMUSG00000027498	-0.236521	-0.115710	0.215963	-0.191151	0.417985	0.185795
ENSMUSG00000027499	-0.026809	-0.301099	-0.276938	0.308027	0.088670	-0.438658
ENSMUSG00000027500	0.377097	-0.312921	0.124063	0.002177	0.033347	0.016186
ENSMUSG00000027506	-0.048877	0.663358	-0.201868	0.064112	0.384374	0.034756
ENSMUSG00000027508	0.299567	-0.297174	0.164045	0.055898	0.013843	-0.047880
ENSMUSG00000027509	-0.146740	0.131748	0.072705	-0.160395	0.278437	0.035278
ENSMUSG00000027513	-0.061595	-0.226670	-0.747946	0.235546	-0.359503	0.261942
ENSMUSG00000027514	-0.466977	0.157473	-0.404116	0.570177	-0.457128	-0.108079
ENSMUSG00000027519	-0.270904	0.175609	0.157090	-0.902241	0.212952	-0.700968
ENSMUSG00000027522	-0.644545	-0.213785	0.337478	0.488189	0.108109	-0.319864
ENSMUSG00000027523	0.192256	-0.761087	0.462767	0.557340	0.409508	-0.416035
ENSMUSG00000027524	-0.285127	0.019576	-0.394504	0.265520	-0.448574	0.336856
ENSMUSG00000027528	0.023971	0.291805	-0.140025	0.506781	0.064030	0.313008
ENSMUSG00000027530	-0.252168	-0.433824	-0.028093	-0.289526	0.420105	-0.049723
ENSMUSG00000027531	-0.312838	0.212746	0.324052	-0.345948	-0.005130	0.457407
ENSMUSG00000027533	-0.218189	0.047093	0.278586	0.324113	-0.299088	0.129666
ENSMUSG00000027536	-0.256746	0.178346	0.260611	-0.179288	-0.173757	-0.379422
ENSMUSG00000027540	-0.124479	-0.486203	0.619248	0.143338	-0.252485	0.614031
ENSMUSG00000027544	-0.104081	0.885729	-0.190007	0.527809	-0.055761	0.973957
ENSMUSG00000027546	0.093484	0.010058	0.283490	0.066775	0.161787	0.421333
ENSMUSG00000027547	0.175384	-0.344803	0.114617	0.334235	0.555520	0.421305
ENSMUSG00000027552	-0.989255	-0.031488	-0.185150	0.173604	-0.122796	-0.423719
ENSMUSG00000027555	-0.742494	0.230603	0.063622	-0.140062	-0.245989	0.276622
ENSMUSG00000027556	0.142098	0.516850	0.182365	-0.263191	0.326951	-0.064096
ENSMUSG00000027559	0.138487	-0.186831	0.058518	-0.148223	-0.242851	0.026155
ENSMUSG00000027560	-0.634108	-0.427882	0.728727	-0.013463	-0.604402	0.322250
ENSMUSG00000027562	-0.301458	-0.111240	0.310050	0.144398	0.522959	0.376449
ENSMUSG00000027566	0.156435	-0.514603	-0.106516	0.093452	0.254886	-0.310579
ENSMUSG00000027568	-0.628026	0.053098	0.161789	-0.317069	0.375240	0.231659
ENSMUSG00000027570	0.211569	0.376189	-0.109188	0.775996	-0.406942	-0.214088
ENSMUSG00000027573	-0.227726	-0.076677	0.483234	0.346576	-0.070385	0.360865
ENSMUSG00000027575	-0.646963	0.016285	0.054451	0.384071	0.440706	-0.184870
ENSMUSG00000027577	0.084508	-0.256750	0.076629	-0.204312	0.193513	0.355621
ENSMUSG00000027580	0.080689	-0.110531	-0.101892	-0.198595	-0.615028	0.584697
ENSMUSG00000027584	0.481823	-0.405178	-0.633307	-0.023692	0.599597	-0.321577
ENSMUSG00000027596	-0.069670	-0.277954	0.427068	-0.111103	-0.143276	0.332111
ENSMUSG00000027597	0.614606	-0.716977	0.364689	0.191819	0.270247	-0.252289
ENSMUSG00000027598	-0.094982	-0.570279	-1.071950	-1.018850	-0.527112	-1.170880
ENSMUSG00000027602	-0.110755	-0.156299	0.297213	0.200397	-0.079440	-0.586947
ENSMUSG00000027603	-0.224194	0.566816	-0.343669	0.125133	0.212099	0.240427
ENSMUSG00000027605	0.606140	0.766122	0.554050	0.172810	-0.266339	-0.609306
ENSMUSG00000027610	-0.288995	0.068705	-0.023602	-0.387653	0.109395	-0.362266
ENSMUSG00000027611	-0.076235	0.181716	0.388974	0.169499	-0.094220	0.128454
ENSMUSG00000027612	-0.637426	-0.601059	0.465256	0.073759	0.310411	0.077281
ENSMUSG00000027618	0.074285	0.087539	-0.005791	-0.038919	-0.691340	0.009871
ENSMUSG00000027620	-0.200617	0.014253	0.274849	0.319830	-0.926626	0.087315
ENSMUSG00000027624	0.562860	-0.415946	0.036402	-0.527424	0.063303	0.618128
ENSMUSG00000027630	-0.484905	-0.240817	0.155826	0.305644	-0.541264	-0.051030
ENSMUSG00000027635	0.081983	-0.137124	-0.140589	0.287160	-0.341626	-0.514801
ENSMUSG00000027636	0.452831	0.570350	0.088411	0.046696	0.207484	-0.199497
ENSMUSG00000027637	0.483058	-0.304362	-0.399448	-0.203947	0.223222	0.172083
ENSMUSG00000027639	0.183101	-0.553543	-0.207566	-0.042058	0.372049	0.043123
ENSMUSG00000027641	-0.213308	-0.527116	0.083929	0.008852	0.070110	0.378813
ENSMUSG00000027642	-0.238341	0.284594	0.159838	0.182671	0.033528	-0.106179
ENSMUSG00000027643	-0.256253	-0.117015	-0.733384	0.188177	-0.743582	-0.063926
ENSMUSG00000027646	0.194844	0.007052	-0.125180	-0.326036	-0.269947	-0.071115
ENSMUSG00000027649	-0.086801	-0.114862	-0.232395	0.317519	0.329591	-0.216990
ENSMUSG00000027650	0.029490	-0.218825	-0.269224	-0.162990	0.370944	-0.491764
ENSMUSG00000027651	-0.035600	-0.183506	0.459849	-0.269362	0.446200	-0.347889
ENSMUSG00000027652	0.171294	0.150873	0.087595	0.369285	0.155998	0.007556
ENSMUSG00000027654	0.169050	-0.488886	0.112887	0.108613	0.318221	0.118638
ENSMUSG00000027660	-0.354844	0.231532	0.608608	0.038436	-0.754881	-0.181595
ENSMUSG00000027661	0.304593	-0.017944	-0.242119	-0.353956	0.053597	0.257162
ENSMUSG00000027663	-0.169672	-0.134482	0.240884	-0.228831	0.622070	-0.206419
ENSMUSG00000027665	0.139664	0.094677	0.543133	0.164874	1.178196	0.871842
ENSMUSG00000027668	0.343804	-0.637395	0.096225	-0.496719	-0.510202	0.637107
ENSMUSG00000027669	-0.498711	-0.043859	0.315069	-0.012778	0.847712	0.022627
ENSMUSG00000027671	0.380741	0.324146	0.122180	-0.662873	0.460872	-0.134557
ENSMUSG00000027673	0.081188	-0.565602	-0.539186	-0.466926	0.318073	-0.011937
ENSMUSG00000027674	0.014201	0.140978	-0.004087	0.514331	-0.003899	0.010846
ENSMUSG00000027678	-0.513025	-0.123131	0.074946	0.382689	-0.256663	-0.619504
ENSMUSG00000027684	-0.597267	0.142276	-0.045549	0.161815	-0.296136	0.065793
ENSMUSG00000027690	0.266091	0.956767	0.325184	0.023639	-0.154693	0.293324
ENSMUSG00000027692	0.083078	-0.472383	0.119664	0.175911	-0.075415	-0.302120
ENSMUSG00000027695	0.340800	-0.100306	0.035092	-0.417470	0.175405	0.242588
ENSMUSG00000027698	-0.392882	-0.493028	-0.125571	0.289873	-0.546310	0.389672
ENSMUSG00000027699	0.884038	0.245385	0.173049	-0.292912	-0.675408	0.262334
ENSMUSG00000027708	-0.106707	0.043728	-0.481391	0.249236	-0.194208	0.234485
ENSMUSG00000027709	0.127247	-0.345343	0.515249	-0.217765	-0.288856	0.432801
ENSMUSG00000027710	-0.401781	0.198081	-0.762880	-0.188727	0.476117	-0.078918
ENSMUSG00000027712	0.203295	-0.668800	0.390524	-0.343067	0.235479	0.514105
ENSMUSG00000027714	0.429260	0.021470	-0.183842	-0.174817	-0.094430	-0.359702
ENSMUSG00000027715	0.147915	0.742399	-0.299717	-0.528060	0.094148	-1.066379
ENSMUSG00000027716	-0.106763	-0.167237	0.169510	0.568137	0.113050	-0.314766
ENSMUSG00000027718	-0.099608	-0.011487	0.719730	0.057571	-0.419339	0.044437
ENSMUSG00000027720	0.746850	0.098222	0.050432	-0.138010	0.048805	0.089707
ENSMUSG00000027737	0.039063	-0.354776	0.273960	-0.388266	0.353922	-0.341996
ENSMUSG00000027739	-0.476350	-0.330990	-0.129341	0.112640	-0.052035	-0.409010
ENSMUSG00000027742	0.171837	0.399085	0.041742	-0.035048	-0.061092	-0.974396
ENSMUSG00000027744	0.498017	0.191600	0.187555	-0.895154	-0.053938	-0.024517
ENSMUSG00000027748	0.141989	-0.237570	0.062044	-0.018957	-0.519609	0.278059
ENSMUSG00000027751	0.009882	-0.282870	0.157039	0.136550	-0.572991	0.034449
ENSMUSG00000027752	-0.053938	-0.985790	-0.349001	-0.310019	0.666063	-0.175907
ENSMUSG00000027761	0.078704	0.823234	0.254856	-0.204980	-0.400274	0.181680
ENSMUSG00000027762	0.607946	-0.368552	-0.454100	0.276648	0.083981	0.310865
ENSMUSG00000027765	0.233855	0.304071	-0.085014	0.200681	-0.082810	-0.022082
ENSMUSG00000027770	-0.174834	0.085717	-0.444928	0.354669	0.137306	-0.368002
ENSMUSG00000027774	0.566296	-0.408165	-0.524098	-0.086487	-0.297851	0.455008
ENSMUSG00000027776	-0.034230	-0.479308	-0.195346	0.170360	-0.459841	0.190634
ENSMUSG00000027778	-0.001702	-0.420792	0.405722	-0.353518	0.032968	-0.257313
ENSMUSG00000027782	0.549245	-0.317243	0.190602	-0.213083	-0.297816	-0.126405
ENSMUSG00000027790	0.277030	-0.114774	-0.263014	-0.257484	0.345205	0.005443
ENSMUSG00000027792	0.569593	-0.098132	-0.056753	0.105848	-0.140350	0.440344
ENSMUSG00000027793	-0.304146	0.092508	0.104860	-0.134414	-0.244512	-0.150530
ENSMUSG00000027796	0.031429	0.297696	-0.093120	0.288081	0.441151	-0.341142
ENSMUSG00000027803	-0.178799	-0.592728	-0.157373	0.129007	0.734302	0.239167
ENSMUSG00000027804	-0.383301	-0.454056	-0.491952	0.002628	-0.305703	-0.083803
ENSMUSG00000027805	-0.530196	-0.153194	0.221996	0.157221	0.198678	-0.000549
ENSMUSG00000027808	-0.407395	0.316342	-0.033863	-0.273258	0.027424	-0.387367
ENSMUSG00000027820	0.166702	0.549557	0.088271	0.070671	-0.484528	0.048407
ENSMUSG00000027822	-0.170262	0.004740	0.447008	0.224608	0.027697	-0.037653
ENSMUSG00000027823	0.364496	-0.056407	-0.353423	0.017019	0.489505	0.492644
ENSMUSG00000027827	-0.398514	-0.091496	-0.117442	-0.127325	0.544199	0.287103
ENSMUSG00000027832	-0.043948	0.238688	1.288509	-0.364084	-0.283730	-0.095444
ENSMUSG00000027835	-0.092904	-0.282859	-0.374050	0.523014	1.032519	-0.222115
ENSMUSG00000027840	-0.808210	0.004154	0.446850	-0.228203	-0.423717	0.418830
ENSMUSG00000027843	0.117172	0.135268	-0.674411	0.283399	0.466088	0.264609
ENSMUSG00000027845	0.369572	0.057379	-0.415236	0.864313	0.873604	-0.254234
ENSMUSG00000027852	0.379786	-0.341317	-0.177298	-0.810938	0.410990	0.251699
ENSMUSG00000027854	0.308056	0.013200	0.130204	0.146257	-0.476420	0.059587
ENSMUSG00000027857	-0.078233	-0.272864	0.307506	0.193436	0.359885	0.420642
ENSMUSG00000027859	0.160981	0.057928	0.726293	0.110456	0.362396	-0.552584
ENSMUSG00000027860	0.210949	0.123371	0.702022	0.644211	-0.102756	0.460751
ENSMUSG00000027861	0.112463	0.180594	-0.255877	-0.027268	0.290273	0.772388
ENSMUSG00000027863	0.432774	-0.553189	0.077998	-0.208279	-0.022012	-0.174125
ENSMUSG00000027869	-0.005326	0.246822	0.687092	-0.627061	0.430219	-0.130637
ENSMUSG00000027870	0.099508	0.008269	0.065575	-0.825368	-0.321273	-0.325885
ENSMUSG00000027871	0.012916	0.257945	-0.475854	0.049640	0.178926	0.221035
ENSMUSG00000027875	0.197084	-0.215399	0.324682	-0.132288	0.257099	0.411525
ENSMUSG00000027876	-0.279124	0.400914	0.252099	0.090632	-0.052672	-0.223916
ENSMUSG00000027878	-0.432254	0.092834	0.152481	-0.028455	-0.251783	-0.526208
ENSMUSG00000027879	-0.463307	0.249252	0.130556	-0.295837	-0.242275	-0.491681
ENSMUSG00000027882	0.029509	-0.039610	0.363725	0.290226	0.220630	-0.504813
ENSMUSG00000027889	-0.391058	-0.045195	-0.319891	0.225630	0.164538	0.263179
ENSMUSG00000027890	-0.089136	-0.295201	0.102421	-0.116109	-0.398392	0.076918
ENSMUSG00000027893	-0.549403	-0.002328	0.201974	0.214308	0.479907	0.984709
ENSMUSG00000027895	0.222481	-0.027696	0.041259	-0.246217	0.207960	0.178671
ENSMUSG00000027901	0.321034	-0.372090	-0.039777	0.173215	0.413789	0.181864
ENSMUSG00000027902	0.235938	-0.126402	-0.462033	-0.051765	-0.017778	0.131400
ENSMUSG00000027905	-0.132206	-0.338996	0.529952	0.198378	-0.111986	-0.214213
ENSMUSG00000027907	-0.531218	0.432805	0.084007	-0.560550	0.087323	0.038822
ENSMUSG00000027931	0.450902	-0.150370	-0.349887	-0.011802	-0.035178	0.047378
ENSMUSG00000027933	0.236927	0.627329	0.439111	-0.198319	-0.016381	-0.222128
ENSMUSG00000027935	0.454949	0.099179	0.039716	0.155533	-0.191295	-0.440576
ENSMUSG00000027936	0.073344	0.779307	-0.058811	-0.443601	-0.664022	-0.279452
ENSMUSG00000027938	0.253352	-0.116211	-0.211445	0.258164	0.511080	0.098975
ENSMUSG00000027940	0.381162	-0.422441	-0.000320	-0.033495	0.212223	0.031751
ENSMUSG00000027947	-0.182827	0.555897	0.123262	0.472321	-0.076699	0.218869
ENSMUSG00000027950	0.115549	-0.676006	0.181768	0.074726	0.109327	0.135952
ENSMUSG00000027951	0.326517	-0.000757	-0.025826	0.548444	-0.147821	0.404664
ENSMUSG00000027952	0.149919	0.557571	0.147910	-0.409482	0.003114	0.385442
ENSMUSG00000027953	-0.674729	-0.137476	0.294500	0.349955	0.011894	0.908738
ENSMUSG00000027954	0.407762	-0.520824	-0.130444	-0.543780	-0.779727	-0.170550
ENSMUSG00000027957	0.444664	0.046475	0.779032	0.581107	-0.475253	0.002984
ENSMUSG00000027962	0.371112	0.903238	-0.183793	0.206683	-0.314669	0.030556
ENSMUSG00000027963	-0.089138	0.009342	-0.076701	-0.580204	0.369290	-0.640080
ENSMUSG00000027966	-0.551218	0.439236	-0.136021	0.280790	-0.105150	1.101810
ENSMUSG00000027971	0.514646	0.366911	-0.257393	0.248896	-0.148867	-0.560258
ENSMUSG00000027977	0.320163	-0.370015	-0.272261	0.345719	0.026460	0.079671
ENSMUSG00000027981	-0.057140	0.236579	-0.232464	-0.023863	-0.262499	0.443414
ENSMUSG00000027983	0.500907	0.020125	-0.426012	-0.521864	-0.118382	0.123780
ENSMUSG00000027984	0.349187	-0.010854	0.923685	-0.638925	-0.750382	0.122296
ENSMUSG00000027985	0.089424	0.168627	-0.501644	-0.178858	0.318669	0.108596
ENSMUSG00000027994	-0.047018	0.162555	-1.007270	-0.459161	0.361968	-0.222144
ENSMUSG00000027995	-0.327612	0.136811	-0.113046	-0.103603	-0.309380	-0.553029
ENSMUSG00000027996	0.252619	0.216921	-0.011753	-0.240415	-0.296270	0.196711
ENSMUSG00000027997	-0.272006	-0.603208	-0.137033	0.500310	0.085370	-0.064999
ENSMUSG00000027998	-0.098405	0.068455	-0.399180	0.383891	-0.186724	0.167229
ENSMUSG00000027999	1.015337	0.684029	0.478726	-0.261885	-0.672483	0.060266
ENSMUSG00000028001	0.337328	-0.324366	-0.101047	-0.001041	-0.046531	-0.091315
ENSMUSG00000028003	-0.230148	0.580222	0.612168	-0.625758	0.025062	0.231229
ENSMUSG00000028004	0.486406	0.294179	0.774574	-0.344213	-0.076076	0.513634
ENSMUSG00000028005	-0.048768	-0.609045	0.201826	-0.071044	-0.103406	0.088371
ENSMUSG00000028008	-0.250683	-0.237327	0.230877	0.068559	0.305494	0.682663
ENSMUSG00000028010	-0.546392	0.385521	0.584602	0.285525	-0.028941	-0.059567
ENSMUSG00000028011	-0.141066	-0.324148	0.258779	-0.062222	-0.370227	0.155235
ENSMUSG00000028012	0.883777	0.045710	0.659600	0.305104	0.715412	-0.527436
ENSMUSG00000028013	-0.093690	0.108337	0.096288	0.119446	0.235285	-0.220575
ENSMUSG00000028015	0.217032	-0.550035	-0.055384	-0.049933	0.257028	0.073270
ENSMUSG00000028016	0.467972	0.335100	-0.704651	-0.290693	0.095694	-0.218133
ENSMUSG00000028017	0.355805	-0.214182	-0.223497	-0.262468	-0.403676	0.174606
ENSMUSG00000028019	0.733439	0.088028	0.130951	0.157026	0.160058	-0.101147
ENSMUSG00000028020	0.180098	0.139609	0.192366	-0.079045	0.069991	0.313150
ENSMUSG00000028023	-0.451241	0.279665	-0.630039	-0.058447	0.456466	0.688906
ENSMUSG00000028024	-0.279679	-0.114584	0.069891	-0.556351	-0.547262	0.531861
ENSMUSG00000028029	-0.106878	0.709036	0.652760	0.047518	-0.054847	0.319461
ENSMUSG00000028031	-0.355413	0.068084	0.244185	0.365029	0.020000	0.404849
ENSMUSG00000028032	0.434467	-0.208588	0.078208	0.175547	-0.063274	-0.088059
ENSMUSG00000028033	0.209210	-0.146954	0.689562	-0.055534	0.558777	0.145094
ENSMUSG00000028036	-0.356245	0.340429	-0.722345	-0.086857	-0.118205	-0.168678
ENSMUSG00000028037	0.123134	0.300355	0.251859	0.105448	0.427961	-0.134314
ENSMUSG00000028039	0.125029	0.284007	-0.108630	-0.022294	0.468537	-0.040295
ENSMUSG00000028040	0.189665	-0.244530	0.480002	0.174793	0.057258	0.608410
ENSMUSG00000028041	0.195184	-0.270660	0.232232	0.005268	-0.114500	0.156268
ENSMUSG00000028044	-0.398904	0.484871	-0.122965	0.160526	-0.283797	0.505603
ENSMUSG00000028047	-0.296158	-0.410021	0.335963	-0.459974	-0.808799	-0.123731
ENSMUSG00000028048	0.514709	-0.154101	-0.185496	-0.384835	0.006509	0.053498
ENSMUSG00000028051	0.656195	-0.295818	0.127558	-0.669400	-0.087410	-0.232608
ENSMUSG00000028053	-0.023852	0.008800	-0.309036	0.441759	-0.556684	0.769200
ENSMUSG00000028059	0.588803	0.301133	0.626556	0.880112	0.437006	0.741323
ENSMUSG00000028062	0.289826	-0.338119	0.124202	-0.052652	0.229366	-0.011698
ENSMUSG00000028063	-0.159600	-0.606431	0.275790	-0.121673	0.418004	-0.502739
ENSMUSG00000028064	0.284650	-0.169305	-0.196028	0.287269	0.209438	0.241791
ENSMUSG00000028066	0.259631	0.152133	0.266910	0.690268	0.035067	0.289687
ENSMUSG00000028068	-0.063602	-0.089265	0.246779	-0.045905	0.017656	-0.007148
ENSMUSG00000028070	-0.440447	0.092689	0.087285	0.525932	0.686225	0.324593
ENSMUSG00000028071	0.580218	0.073884	-0.087220	-0.213352	-0.597186	-0.057919
ENSMUSG00000028072	0.060315	0.172249	-0.101251	-0.217219	-0.422676	-0.173361
ENSMUSG00000028076	0.080010	-0.047877	0.261927	0.344424	0.155897	-0.245902
ENSMUSG00000028081	-0.050992	-0.424452	-0.282487	0.027224	-0.436461	0.671319
ENSMUSG00000028082	0.420181	0.099183	0.078030	-0.216745	0.658879	-0.080614
ENSMUSG00000028085	0.445586	-0.145379	0.116401	-0.150816	0.190065	0.040398
ENSMUSG00000028086	0.694873	0.279797	-0.289982	-0.134373	0.073650	-0.245139
ENSMUSG00000028088	0.241563	0.007278	0.153372	-0.266547	-0.293776	0.059403
ENSMUSG00000028089	-0.163398	0.551222	0.409564	0.671658	-0.381217	-0.210757
ENSMUSG00000028093	0.294912	-0.767879	0.112162	0.329572	-0.455095	-0.295924
ENSMUSG00000028098	0.512002	-0.388045	0.549188	0.715999	-0.062387	-0.172219
ENSMUSG00000028099	0.135713	0.425410	-0.703947	-0.900134	-0.192229	-0.575975
ENSMUSG00000028101	-0.441828	0.487494	0.374013	0.054628	0.548954	-0.224867
ENSMUSG00000028102	0.502255	0.304303	-0.244629	-0.062004	-0.615473	-0.598414
ENSMUSG00000028104	-0.036292	0.147620	0.217021	0.152808	-0.085358	0.120751
ENSMUSG00000028106	-0.807467	0.591622	-0.385900	0.079985	0.190730	0.062799
ENSMUSG00000028107	0.166879	-0.009909	-0.003152	-0.469836	0.052377	0.412727
ENSMUSG00000028108	0.239620	-0.455684	0.216653	0.097669	0.267941	0.097149
ENSMUSG00000028111	-0.283541	-0.212693	-0.156187	-0.062098	-1.054032	0.029105
ENSMUSG00000028114	0.120973	0.346474	0.110382	-0.037207	-0.151363	0.769451
ENSMUSG00000028124	-0.275244	-0.680900	0.042331	-0.221051	-0.047843	0.030931
ENSMUSG00000028125	-0.335455	-0.759922	-0.031442	-0.140635	0.094723	-0.880211
ENSMUSG00000028126	-0.213863	0.177284	0.270766	-0.185026	0.582832	-0.249208
ENSMUSG00000028127	-0.197292	0.259376	0.450142	-0.040581	0.567011	0.393757
ENSMUSG00000028128	0.192812	-0.169795	0.477384	0.021261	0.264043	-0.302732
ENSMUSG00000028138	0.293212	-0.223072	0.567115	-0.341135	-0.516492	0.416095
ENSMUSG00000028140	0.044286	-0.094459	-0.170608	0.207071	0.193275	0.585829
ENSMUSG00000028141	-0.120660	0.846147	0.120668	-0.145971	-0.868946	-0.068382
ENSMUSG00000028145	0.296004	-0.046649	-0.119106	-0.314175	0.499319	0.176724
ENSMUSG00000028148	0.169010	0.070763	-0.327180	-0.517080	0.281114	0.419127
ENSMUSG00000028150	0.169371	0.196395	-0.036466	0.090020	-0.006614	-0.152607
ENSMUSG00000028156	-0.752737	0.116425	-0.424961	-0.656481	0.165756	0.343793
ENSMUSG00000028158	0.553244	0.194258	0.138128	-0.479638	0.113538	0.431920
ENSMUSG00000028159	-0.444482	0.048850	0.501810	-0.465728	0.354704	-0.065500
ENSMUSG00000028161	-0.188179	-0.413812	0.578416	0.179019	-0.188192	0.393221
ENSMUSG00000028163	-0.394517	0.237404	-0.135878	0.616246	0.115693	-0.388713
ENSMUSG00000028164	-0.073829	0.198375	0.662340	0.074839	0.084298	0.033066
ENSMUSG00000028167	0.078240	-0.075138	-0.363766	0.126102	0.374375	0.414790
ENSMUSG00000028172	0.386503	0.437164	-0.362779	0.151314	-0.216514	0.009703
ENSMUSG00000028173	0.683432	0.239137	-0.955203	-0.178845	-0.007207	-0.130238
ENSMUSG00000028174	-0.402867	0.315134	0.214996	-0.498498	0.694138	-0.002726
ENSMUSG00000028179	0.186599	-0.029752	-0.262047	0.429598	0.444045	-0.325565
ENSMUSG00000028185	0.360724	-0.010539	0.179778	-0.051836	-0.046813	-0.195328
ENSMUSG00000028186	0.012019	0.504432	0.013001	-0.170913	0.240927	-0.391790
ENSMUSG00000028191	0.193674	-0.472592	0.809179	-0.173899	0.227538	0.285823
ENSMUSG00000028194	-0.455940	0.226490	-0.191433	0.287178	-0.146321	-0.528350
ENSMUSG00000028195	0.481640	-0.085288	-0.341099	0.343405	0.266523	-0.025743
ENSMUSG00000028207	-0.040465	0.410723	0.270334	0.403885	-0.445241	0.132713
ENSMUSG00000028211	-0.218470	0.279219	-0.142458	0.201043	0.101385	-0.017881
ENSMUSG00000028212	0.116140	0.713454	0.225238	0.265341	0.254172	-0.059071
ENSMUSG00000028217	0.890869	0.342433	-0.226338	-0.058160	-0.441510	-0.617277
ENSMUSG00000028221	0.337728	-0.144742	-0.473097	0.701988	-0.115962	0.283812
ENSMUSG00000028222	0.123662	0.081993	0.420560	-0.066502	0.297176	-0.132756
ENSMUSG00000028223	0.388151	0.166907	-0.031302	0.225126	-0.459315	-0.532635
ENSMUSG00000028224	-0.186031	0.129272	0.289050	-0.153264	-0.095324	-0.033113
ENSMUSG00000028226	0.470539	-0.306954	0.640815	0.393273	-0.079338	0.210992
ENSMUSG00000028228	-0.120676	0.047521	0.472431	-0.479897	-0.067818	-0.230461
ENSMUSG00000028233	0.337799	-0.464841	-0.186090	0.109275	0.045063	-0.057283
ENSMUSG00000028234	-0.454015	-0.513245	0.585731	-0.092424	-0.524345	-0.199421
ENSMUSG00000028236	-0.284625	0.321294	-0.585908	-0.267343	0.056460	-0.381135
ENSMUSG00000028238	0.074881	-0.298211	0.311534	0.320623	0.097819	-0.114155
ENSMUSG00000028240	0.445817	0.228834	0.828367	-0.137738	-0.078299	-0.363298
ENSMUSG00000028245	-0.209268	-0.696756	-0.018941	0.468390	0.113076	0.356393
ENSMUSG00000028247	-0.225676	-0.020650	0.103541	0.044663	0.307074	0.453676
ENSMUSG00000028249	0.006885	0.138842	0.259227	0.333363	-0.597914	-0.564296
ENSMUSG00000028252	-0.252950	0.432934	-0.615244	0.616500	0.261217	-0.189489
ENSMUSG00000028255	-0.378525	0.211762	0.718737	0.514600	-0.051311	0.600323
ENSMUSG00000028261	-0.650135	0.426253	-0.113334	0.067647	0.059601	0.101067
ENSMUSG00000028262	0.258440	0.169354	0.126497	0.176280	0.153309	0.048219
ENSMUSG00000028271	-0.239104	-0.145651	-0.348700	0.034574	0.104158	-0.230232
ENSMUSG00000028274	0.589147	0.343093	0.430738	-0.309496	0.289227	1.161655
ENSMUSG00000028277	0.053309	0.722271	0.212099	-0.524307	0.297999	0.268675
ENSMUSG00000028278	0.408785	0.594567	-0.277959	0.144226	0.306063	0.187028
ENSMUSG00000028280	0.315818	0.227725	0.408658	0.411270	0.155133	0.140348
ENSMUSG00000028282	0.199671	0.201179	-0.057355	0.242727	-0.064666	0.693638
ENSMUSG00000028284	-0.180333	-0.277810	-0.090043	0.453846	0.119309	0.163860
ENSMUSG00000028287	0.462432	-0.588253	-0.055621	0.342047	0.268069	-0.280869
ENSMUSG00000028289	-0.233844	-0.293314	-0.054584	-0.143683	-0.210872	0.127124
ENSMUSG00000028292	0.072389	0.403488	-0.149460	0.028932	0.176468	-0.205780
ENSMUSG00000028293	0.075697	-0.353231	-0.599604	-0.182293	0.091638	0.464984
ENSMUSG00000028298	-0.514722	-0.511401	0.380471	-0.755548	0.224191	0.553438
ENSMUSG00000028300	-0.241405	0.089415	0.363525	0.579601	0.034296	0.133118
ENSMUSG00000028307	0.237423	-0.030652	-0.450006	-0.182612	-0.197927	0.106055
ENSMUSG00000028309	0.119395	0.102790	0.223301	0.113821	0.345522	0.342388
ENSMUSG00000028310	0.045637	0.225718	0.289743	-0.343204	-0.506130	-0.536472
ENSMUSG00000028312	-0.158372	0.356420	0.008367	0.270839	-0.345758	-0.030122
ENSMUSG00000028318	0.238790	0.308490	-0.181925	0.301344	0.875047	-0.058811
ENSMUSG00000028322	0.334078	-0.230933	0.076244	0.258185	-0.102296	-0.951770
ENSMUSG00000028328	0.379862	-0.160044	-0.169292	0.862013	0.139583	-0.208355
ENSMUSG00000028329	-0.243460	0.043134	-0.018063	-0.475976	-0.066841	-0.037828
ENSMUSG00000028330	-0.113335	0.251382	-0.202240	0.443617	0.142749	0.110390
ENSMUSG00000028334	-0.148585	-0.289510	0.246099	-0.864823	0.748611	-0.078536
ENSMUSG00000028339	0.224270	-0.371357	0.152130	-0.100087	-0.031238	0.349757
ENSMUSG00000028341	0.704317	0.260643	-0.639174	0.525437	0.292655	-0.067687
ENSMUSG00000028343	0.480600	-0.251249	0.109060	0.038172	-0.175734	0.048096
ENSMUSG00000028344	0.343790	0.347008	-0.255473	-0.109919	-0.053597	-0.537008
ENSMUSG00000028345	0.519397	-0.224598	0.551339	0.217449	0.013329	-0.519525
ENSMUSG00000028356	-0.285655	-0.419241	0.308593	-0.071163	-0.303044	0.503361
ENSMUSG00000028357	-0.282056	-0.939157	-0.502170	-0.229448	-0.548958	0.476569
ENSMUSG00000028360	0.278694	0.169536	-0.294732	-0.755420	-0.169256	-0.142412
ENSMUSG00000028362	-0.207705	0.119083	-0.007507	0.266674	-0.224177	0.329326
ENSMUSG00000028364	-0.082826	-0.322875	-0.119599	0.094099	0.378934	0.190778
ENSMUSG00000028367	-0.992519	-0.044082	0.221108	-0.071995	-0.218334	-0.375651
ENSMUSG00000028370	-0.006773	0.167689	0.466089	0.083391	-0.278131	0.032785
ENSMUSG00000028378	0.028587	-0.381913	0.508679	-0.295050	-0.133566	-0.088052
ENSMUSG00000028381	0.645087	0.016697	0.105718	-0.214209	-0.103343	0.454346
ENSMUSG00000028389	-0.324558	0.434064	0.261704	0.266177	-0.444443	0.060765
ENSMUSG00000028393	-0.371324	0.799075	-0.111822	-0.039051	0.689170	-0.150912
ENSMUSG00000028394	0.186770	-0.059097	-0.278944	-0.217468	0.122698	0.065569
ENSMUSG00000028397	0.371155	-0.241599	-0.543912	-0.304998	0.375831	-0.247985
ENSMUSG00000028398	-0.400807	0.060595	0.262919	0.380500	-0.005619	-0.386512
ENSMUSG00000028399	0.176071	0.012701	-0.001798	-0.277082	0.026760	0.796505
ENSMUSG00000028402	-0.073137	0.121672	-0.748389	-0.343890	0.000087	0.032311
ENSMUSG00000028403	0.038475	-0.000623	-0.022078	0.270783	0.498472	-0.233220
ENSMUSG00000028405	-0.013198	-0.015180	0.603416	-0.063812	-0.084639	-0.208956
ENSMUSG00000028409	-0.317215	0.550469	0.107922	-1.142828	0.027202	-0.181747
ENSMUSG00000028410	-0.216829	-0.396506	-0.970041	0.258342	0.196956	0.223578
ENSMUSG00000028412	-0.272729	1.124459	0.292418	-0.072369	-0.008328	0.434528
ENSMUSG00000028413	-0.096012	0.332230	0.152869	0.132283	0.012130	0.356033
ENSMUSG00000028414	0.182042	0.200998	-0.275645	0.048623	0.290511	-0.187222
ENSMUSG00000028416	0.069063	0.553734	-0.149561	0.034483	-0.216762	-0.144198
ENSMUSG00000028419	0.256038	-0.170233	-0.532488	0.709185	-0.186031	-0.166589
ENSMUSG00000028423	0.402840	0.083507	0.082075	-0.015797	-0.285471	-0.072109
ENSMUSG00000028426	-0.032499	-0.507610	0.317336	-0.231618	-0.228712	0.257873
ENSMUSG00000028427	0.453733	-0.516577	0.613183	0.023189	-0.098314	0.205522
ENSMUSG00000028430	0.346185	-0.186540	-0.306048	-0.012358	0.275555	-0.282548
ENSMUSG00000028434	-0.014338	-0.515862	0.014959	-0.323714	0.185009	-0.106466
ENSMUSG00000028435	-0.284195	-0.200272	-0.436185	0.292954	-0.271330	0.423882
ENSMUSG00000028437	0.327773	-0.391910	-0.022759	-0.560337	0.441399	0.110650
ENSMUSG00000028438	0.537713	-0.247603	-0.144546	-0.275885	-0.028920	0.036475
ENSMUSG00000028443	-0.499294	-0.361084	0.694164	-0.290094	-0.436836	-0.207463
ENSMUSG00000028444	0.135790	0.077204	-0.051129	0.364852	-0.230295	0.223523
ENSMUSG00000028447	-0.405361	0.089703	-0.306423	-0.280602	-0.382881	0.090895
ENSMUSG00000028452	0.475831	0.235780	-0.288884	-0.458315	0.105026	-0.454569
ENSMUSG00000028453	-0.125754	-0.407970	0.080235	-0.523193	-0.382221	-0.330992
ENSMUSG00000028454	-0.287952	-0.074844	-0.358029	-0.160520	-0.065283	-0.088869
ENSMUSG00000028455	-0.182118	-0.107212	-0.130298	0.311122	0.389590	0.170083
ENSMUSG00000028456	-0.345665	0.641106	-0.160399	-0.015680	0.211317	0.383946
ENSMUSG00000028458	0.086329	-0.398690	0.460019	-0.211168	0.220288	0.863036
ENSMUSG00000028459	0.558199	0.712933	0.266227	-0.256907	-0.100591	-0.027065
ENSMUSG00000028463	0.608276	0.976586	0.497169	0.076282	-0.271363	0.135406
ENSMUSG00000028464	-0.395136	0.857030	0.204753	-0.479382	-0.053599	-0.623154
ENSMUSG00000028465	-0.002098	0.071828	-0.011146	0.391220	0.109770	-0.036592
ENSMUSG00000028466	-0.055317	-0.179324	0.572123	0.493337	0.388998	-0.103098
ENSMUSG00000028467	-0.352518	0.001400	-0.501214	-0.147893	0.276094	-0.228036
ENSMUSG00000028468	0.479926	0.204601	0.291563	-0.454608	-0.218423	0.237200
ENSMUSG00000028469	0.203063	-0.548451	0.187019	0.334190	-0.191329	0.013737
ENSMUSG00000028470	0.016623	-0.409185	0.453618	-0.231402	0.043417	0.419477
ENSMUSG00000028476	-0.122670	-0.482532	-0.018750	-0.020246	-0.097213	-0.044102
ENSMUSG00000028478	0.153291	0.732120	-0.267193	0.098138	-0.084882	-0.128793
ENSMUSG00000028479	-0.450268	-0.104116	-0.200933	0.308655	-0.038928	-0.638980
ENSMUSG00000028483	-0.148420	-0.245232	-0.010860	-0.228051	-0.194420	-0.347947
ENSMUSG00000028484	-0.511123	-0.035540	-0.038535	-0.421465	-0.375370	-0.102105
ENSMUSG00000028488	-0.805302	-0.039235	0.326650	-0.176984	0.578156	-0.174932
ENSMUSG00000028494	-0.168179	0.276918	-0.509622	0.347770	-0.167569	0.321186
ENSMUSG00000028495	0.024402	-0.292498	0.577107	-0.042451	-0.064104	-0.001610
ENSMUSG00000028496	-0.161116	-0.500141	0.724077	-0.629250	0.033779	-0.932818
ENSMUSG00000028497	0.571652	-0.443042	0.441296	-0.042570	0.675869	0.372999
ENSMUSG00000028514	0.067880	0.509837	-0.104325	-0.204174	0.042175	-0.436087
ENSMUSG00000028517	-0.101894	-0.033166	0.619113	-0.748130	0.647040	0.121375
ENSMUSG00000028518	-0.508766	-0.355722	-0.532648	-0.256970	-0.031512	0.407450
ENSMUSG00000028519	-0.086034	-0.315444	-0.200194	-0.215411	0.037677	-0.196494
ENSMUSG00000028521	-0.270641	0.134414	-0.579780	0.023962	-0.104090	0.005372
ENSMUSG00000028523	0.204053	-0.035328	0.304757	-0.067618	-0.180934	0.490390
ENSMUSG00000028525	-0.150334	-0.246016	-0.252226	-0.478391	0.121298	-0.764181
ENSMUSG00000028527	0.458788	0.268120	-0.261063	0.152452	0.754648	0.452445
ENSMUSG00000028528	-0.074251	-0.099935	0.406141	-0.468553	-0.353639	-0.145690
ENSMUSG00000028530	0.100723	-0.201651	0.062269	0.353915	-0.164571	0.231757
ENSMUSG00000028533	-0.116219	-0.467304	-0.173324	-0.145313	-0.002795	-0.162955
ENSMUSG00000028538	-0.129586	-0.133163	0.088503	-0.527248	0.329848	0.081928
ENSMUSG00000028539	0.117160	0.104429	-0.260297	0.074213	-0.016756	0.686730
ENSMUSG00000028540	0.057382	-0.489115	0.147120	0.213994	0.163265	-0.039957
ENSMUSG00000028541	0.436797	-0.604248	0.063879	-0.117552	0.008192	-0.111886
ENSMUSG00000028542	0.179734	-0.416102	0.452256	0.228925	-0.268350	0.504064
ENSMUSG00000028544	0.100206	0.055935	0.106961	0.112804	0.024579	0.290713
ENSMUSG00000028549	-0.087300	-0.433449	-0.987158	-0.963959	-0.388950	-1.309756
ENSMUSG00000028550	0.184549	-0.299696	0.501687	0.468866	-0.011859	0.254581
ENSMUSG00000028551	0.004035	0.050143	0.219790	-0.117075	-0.490800	-0.388107
ENSMUSG00000028552	-0.333377	-0.427499	0.004330	0.021197	0.009065	0.614534
ENSMUSG00000028553	-0.008237	0.284661	0.541246	-0.170185	0.084753	0.023344
ENSMUSG00000028558	-0.117648	0.498442	0.061201	-0.433636	-0.165320	0.061554
ENSMUSG00000028559	-0.290777	0.159691	-0.043070	0.126087	0.179425	0.286163
ENSMUSG00000028560	-0.430623	0.339990	-0.384770	-0.115431	-0.066174	-0.010515
ENSMUSG00000028567	0.352985	0.005228	-0.394545	-0.710895	-0.104496	0.025929
ENSMUSG00000028571	-0.212858	0.134878	-0.145986	0.157800	0.310219	0.357113
ENSMUSG00000028573	-0.051248	0.685593	-0.200045	0.211497	0.238316	0.398730
ENSMUSG00000028576	0.354500	0.412700	0.180513	0.247266	0.144015	-0.021071
ENSMUSG00000028580	-0.238378	-0.202980	-0.683898	0.435794	-0.210680	-0.113057
ENSMUSG00000028582	-0.335719	0.134831	-0.317441	-0.961586	-0.122367	0.709671
ENSMUSG00000028583	0.526967	0.064350	-0.508469	0.188640	-0.623803	-0.190598
ENSMUSG00000028587	-0.581332	-1.021158	-1.007293	-1.426163	-1.222993	-0.682941
ENSMUSG00000028597	-0.435533	0.459295	0.101888	-0.411282	-0.292176	-0.155769
ENSMUSG00000028599	-0.079052	0.153275	-0.014182	0.202341	0.188786	0.230501
ENSMUSG00000028602	0.361194	-0.307069	-0.492923	0.719839	0.173416	-0.061349
ENSMUSG00000028603	-0.008534	0.011277	-0.089738	-1.132338	-0.692052	-0.338684
ENSMUSG00000028607	-0.014609	0.058738	0.217909	0.327145	0.237517	-0.471202
ENSMUSG00000028609	0.170215	-0.125633	-0.002789	-0.522018	-0.660505	-0.233371
ENSMUSG00000028613	0.226845	-0.006916	-0.427360	-0.094558	-0.091001	0.255688
ENSMUSG00000028614	-0.194765	-0.158349	-0.112971	-0.140012	-0.551131	0.749817
ENSMUSG00000028618	-0.219674	0.081095	-0.317656	-0.797952	0.287084	-0.300041
ENSMUSG00000028621	-0.093894	-0.016638	-0.650269	-0.246093	0.019866	0.155171
ENSMUSG00000028622	0.352239	-0.082734	-0.129994	-0.075833	0.154870	-0.109717
ENSMUSG00000028626	0.195296	-0.031728	0.738214	-0.118238	-0.316899	-0.453209
ENSMUSG00000028630	-0.562457	-0.759898	-1.279628	-0.898419	-0.682851	-0.516324
ENSMUSG00000028631	0.217038	-0.257899	-0.230182	0.340068	-0.363300	-0.269330
ENSMUSG00000028633	-0.293738	-0.056868	-0.014872	0.548943	0.031863	0.002458
ENSMUSG00000028635	0.097234	-0.226136	-0.153629	0.215996	-0.326553	-0.019866
ENSMUSG00000028636	-0.517849	-0.149570	0.387839	-0.153529	-0.037056	-0.269445
ENSMUSG00000028639	0.383646	-0.425324	0.031531	0.422781	-0.441050	0.376941
ENSMUSG00000028640	-0.372239	-0.751402	0.083843	0.231980	-0.197165	-0.152152
ENSMUSG00000028645	0.117837	-0.026468	-0.322354	0.250103	-0.015199	-0.939491
ENSMUSG00000028646	-0.296171	-0.300598	1.053833	0.154299	0.248805	-0.115109
ENSMUSG00000028648	-0.064775	-0.231608	-0.490861	-0.019889	0.182838	-0.102058
ENSMUSG00000028653	-0.072020	-0.131230	0.310540	0.241474	0.175461	0.128004
ENSMUSG00000028655	0.186742	-0.193134	-0.150837	-0.039343	0.644868	0.304291
ENSMUSG00000028656	0.564883	0.115681	0.586753	0.056175	-0.027632	-0.413336
ENSMUSG00000028657	-0.154121	0.255708	-0.104430	-0.109350	0.382423	0.021626
ENSMUSG00000028661	-0.179170	-0.158653	-0.355261	-0.193144	0.269328	-0.188342
ENSMUSG00000028664	0.091988	0.179431	0.214711	-0.167295	-0.071546	-0.404490
ENSMUSG00000028668	0.021612	-0.017870	0.036672	-0.573692	0.202944	-0.892291
ENSMUSG00000028670	-0.518958	0.087876	-0.014516	-0.363076	0.513075	0.218519
ENSMUSG00000028671	0.219862	0.200208	-0.094319	-0.077056	-0.715198	-0.275463
ENSMUSG00000028672	0.123783	0.222232	-0.128642	0.849205	-0.093233	0.349802
ENSMUSG00000028673	0.128754	-0.178540	0.053590	-0.307043	0.149610	0.349342
ENSMUSG00000028675	-0.071939	0.088626	-0.321962	-0.373587	-0.780817	-0.461881
ENSMUSG00000028676	-0.124291	0.155427	-0.454907	-0.107951	-0.013476	-0.319801
ENSMUSG00000028677	-0.012537	0.033921	0.156976	0.491861	0.407012	0.412312
ENSMUSG00000028678	-0.164904	0.382270	-0.369305	0.056762	-0.440184	0.212962
ENSMUSG00000028680	0.671653	-0.880357	-0.348294	0.255076	-0.600055	0.459854
ENSMUSG00000028681	-0.581591	-0.198302	-0.393748	-0.162128	-0.397714	0.058963
ENSMUSG00000028683	-0.255176	-0.055311	0.508710	0.499974	-0.304787	-0.046178
ENSMUSG00000028684	0.226971	0.720448	-0.402640	0.454547	0.030375	0.432797
ENSMUSG00000028687	0.342061	-0.101010	0.035992	0.523332	0.080706	0.014151
ENSMUSG00000028690	0.225659	-0.183761	-0.070325	0.495921	0.209021	0.314572
ENSMUSG00000028691	-0.624289	0.604735	-0.489450	-0.055785	0.924431	0.258643
ENSMUSG00000028692	0.090960	-0.232485	0.086661	-0.411651	-0.528459	0.183692
ENSMUSG00000028698	0.325166	0.074935	0.785676	1.313319	0.828016	1.123465
ENSMUSG00000028700	0.081725	0.095515	-0.026089	-0.385994	-0.146002	-0.145187
ENSMUSG00000028703	0.322238	0.217599	0.005726	0.207131	0.097883	-0.268358
ENSMUSG00000028708	-0.069985	-0.972179	0.187630	0.117374	0.502050	-0.006606
ENSMUSG00000028712	0.014517	0.339778	-0.372982	-0.257893	0.032324	0.403035
ENSMUSG00000028713	-0.235031	-0.394098	0.697733	0.402047	-0.484328	0.193545
ENSMUSG00000028715	0.364907	0.142141	-0.140560	-0.316447	-0.397839	0.110725
ENSMUSG00000028717	0.154962	-0.164365	0.226812	0.035070	0.517182	0.044450
ENSMUSG00000028719	-0.451135	0.169721	0.078480	0.379669	0.294645	-0.067694
ENSMUSG00000028729	-0.135647	-0.064567	0.094178	-0.209030	-0.325912	-0.444654
ENSMUSG00000028737	0.040921	-0.465817	0.008796	0.019447	-0.108750	-0.282462
ENSMUSG00000028738	-0.164487	0.185424	-0.547448	-0.041119	-0.430075	-0.217054
ENSMUSG00000028743	0.164811	0.433182	0.472776	0.209527	-0.119464	0.183304
ENSMUSG00000028744	-0.550581	0.023991	0.516158	0.278047	-0.224243	-0.106135
ENSMUSG00000028745	-0.723601	0.433382	-0.231641	0.632318	-0.046117	0.002766
ENSMUSG00000028747	-0.531303	-0.025812	-0.313267	-0.084968	-0.283234	-0.256576
ENSMUSG00000028749	-0.724808	0.015769	0.010488	0.010189	0.556431	-0.244706
ENSMUSG00000028750	0.168498	0.052409	-0.424281	-0.119938	-0.115237	0.335803
ENSMUSG00000028751	-0.307664	-0.204619	-0.315234	-0.148641	-0.047312	0.107779
ENSMUSG00000028755	0.232591	-0.279234	0.459192	-0.117281	-0.713246	0.361956
ENSMUSG00000028756	0.065938	-0.284273	-0.422171	-0.115007	-0.000536	-0.142407
ENSMUSG00000028757	0.255545	0.105682	0.591644	0.253757	0.038358	-0.738978
ENSMUSG00000028758	0.365559	-0.437945	-0.096263	0.265254	-0.726862	-0.458173
ENSMUSG00000028763	-0.710519	0.019566	0.114321	-0.221914	0.048550	0.173367
ENSMUSG00000028766	0.165202	-0.135490	-0.144866	0.106351	0.005097	0.006372
ENSMUSG00000028771	0.285964	0.328206	0.379812	0.212756	0.091917	0.023663
ENSMUSG00000028773	-0.278397	0.307201	-0.460884	0.307163	0.220898	0.075423
ENSMUSG00000028777	-0.609537	-0.814271	-0.629516	-0.115944	-0.455183	0.272040
ENSMUSG00000028778	1.040644	-0.124779	-0.676537	0.093137	-0.090825	0.109916
ENSMUSG00000028780	-0.025102	0.377310	0.329650	-0.092286	0.354803	0.311080
ENSMUSG00000028788	0.213370	0.161611	0.254056	-0.639044	-0.096613	0.214193
ENSMUSG00000028789	0.094268	0.022268	-0.261250	-0.255335	0.699951	-0.661371
ENSMUSG00000028790	0.179580	0.257799	-0.226001	-0.329856	-0.431981	0.098619
ENSMUSG00000028792	0.209787	-0.725499	0.057564	-0.053069	0.405626	-0.164456
ENSMUSG00000028793	0.077194	0.106947	-0.067623	-0.182248	0.146015	0.081400
ENSMUSG00000028794	0.417063	-0.691099	-0.076707	-0.393613	0.129566	0.292358
ENSMUSG00000028796	0.185629	0.211591	-0.606977	-0.609139	0.068160	-0.127703
ENSMUSG00000028798	0.256701	0.376122	0.136959	-0.022860	0.377861	-0.189013
ENSMUSG00000028800	-0.046677	-0.077941	0.575510	-0.082702	0.255856	-0.482244
ENSMUSG00000028803	0.375894	-0.629105	0.265348	0.248455	0.157856	-0.193000
ENSMUSG00000028811	0.596153	-0.508402	-0.608540	0.195142	-0.194970	0.025648
ENSMUSG00000028820	0.364648	0.110225	0.334396	-0.249277	-0.090223	-0.471405
ENSMUSG00000028821	-0.117364	-0.274223	-0.044649	-0.413063	0.129972	0.408394
ENSMUSG00000028826	-0.229178	0.080635	0.328926	-0.001089	0.368715	-0.214588
ENSMUSG00000028832	0.008642	0.443820	-0.056313	0.112817	0.092894	-0.058917
ENSMUSG00000028833	0.211004	-0.118717	0.017089	-0.216310	-0.334880	-0.098245
ENSMUSG00000028837	0.274157	-0.280944	0.499739	0.093622	0.659075	-0.285412
ENSMUSG00000028838	0.482543	0.180416	-0.218285	0.249848	0.048572	0.767061
ENSMUSG00000028841	0.754571	-0.518384	0.353302	0.386490	-0.143165	0.231583
ENSMUSG00000028842	-0.070499	0.487095	0.034502	0.133018	-0.275745	-0.757190
ENSMUSG00000028847	-0.287555	0.099659	0.311696	0.240135	-0.403748	0.365765
ENSMUSG00000028851	-0.139110	0.016139	0.280948	-0.441014	-0.200853	-0.271048
ENSMUSG00000028854	0.140453	-0.147835	-0.155350	-0.128515	0.721783	0.231293
ENSMUSG00000028859	-0.111824	0.264865	-0.206914	0.052204	0.593061	0.614484
ENSMUSG00000028861	0.909428	-0.192870	0.421770	-0.417668	-0.012184	-0.271471
ENSMUSG00000028862	-0.381379	-0.313609	-0.624468	-0.211083	-0.117451	-0.184031
ENSMUSG00000028863	-0.188693	-0.308967	0.208377	0.435652	0.373487	0.202502
ENSMUSG00000028864	-0.231517	-0.837512	-0.906801	-1.692249	-1.069155	-1.359671
ENSMUSG00000028868	-0.223898	-0.330150	0.168584	-0.086299	0.152059	-0.118515
ENSMUSG00000028871	-0.311806	-0.531154	1.077719	0.484575	0.055379	0.383754
ENSMUSG00000028873	0.157878	-0.219241	0.199840	0.664601	-0.048423	0.104494
ENSMUSG00000028874	-0.072770	0.370419	0.050737	0.434457	0.190274	0.063712
ENSMUSG00000028876	0.169909	-0.302193	-0.614925	0.093080	-0.208548	-0.027941
ENSMUSG00000028883	-0.451875	0.127261	0.597169	0.465237	-0.325702	0.069175
ENSMUSG00000028884	0.094665	0.154621	-0.330749	0.090701	-0.100195	-0.036508
ENSMUSG00000028886	-0.483043	0.216991	-0.375243	0.005297	0.041547	0.094046
ENSMUSG00000028889	-0.287523	-0.455449	0.395910	-0.221538	0.466276	-0.308784
ENSMUSG00000028893	0.090716	0.602849	-0.751738	-0.364197	-0.421968	-0.501888
ENSMUSG00000028894	-0.013000	0.594187	0.132925	-0.067557	0.417830	-0.306959
ENSMUSG00000028896	0.245058	-0.364197	0.609419	0.199762	0.116133	0.037079
ENSMUSG00000028899	0.073280	-0.572057	-0.233618	0.333666	0.056273	-0.305058
ENSMUSG00000028902	0.355952	0.646173	0.120045	0.582054	-0.266039	0.261212
ENSMUSG00000028906	0.883742	-0.288334	0.342495	0.335357	0.205989	0.919294
ENSMUSG00000028907	0.373228	-0.927237	-0.615146	0.258959	-0.150900	1.091310
ENSMUSG00000028909	-0.102831	0.234970	0.236249	0.299305	0.125619	0.069900
ENSMUSG00000028910	-0.167624	0.596596	0.831329	0.459593	-0.375046	-0.106674
ENSMUSG00000028911	-0.202278	-0.672228	-0.324136	0.208514	-0.497238	0.616745
ENSMUSG00000028914	-0.704880	0.439103	0.216203	0.172240	-0.447010	0.645439
ENSMUSG00000028917	0.118959	0.098017	-0.219962	0.108604	0.413397	-0.165451
ENSMUSG00000028919	-0.303261	0.193718	-0.110491	0.379826	0.080303	0.524140
ENSMUSG00000028923	-0.052358	0.223184	-0.074131	-0.018763	0.040422	0.388160
ENSMUSG00000028927	-0.232965	-0.609666	0.388777	0.339347	0.178740	0.349499
ENSMUSG00000028931	0.142125	0.175429	0.163228	-0.258084	-0.119363	-0.167475
ENSMUSG00000028932	-0.172821	0.082549	-0.515006	-0.009294	0.121676	0.164369
ENSMUSG00000028933	0.156420	0.256527	0.587774	-0.038992	0.114575	-0.133926
ENSMUSG00000028936	-0.148985	0.570093	-0.469100	-0.181991	0.146051	0.140976
ENSMUSG00000028937	-0.689465	0.409751	0.181549	0.185529	0.247050	0.088267
ENSMUSG00000028938	0.126170	-0.383108	0.084679	-0.136070	-0.144505	0.220251
ENSMUSG00000028940	0.388449	0.194143	0.554761	0.061515	0.237931	-0.170919
ENSMUSG00000028944	0.054479	-0.275803	0.038507	-0.151737	-0.006391	-0.311939
ENSMUSG00000028945	-0.691160	0.251282	0.247235	0.387925	0.382893	-0.628308
ENSMUSG00000028946	-0.199367	0.320966	0.166164	-0.206099	-0.397438	0.063019
ENSMUSG00000028948	-0.175117	-0.607182	0.120287	-0.132744	0.535102	-0.049927
ENSMUSG00000028949	0.000817	-0.048974	0.081131	0.187105	-0.020037	-0.020124
ENSMUSG00000028950	0.052862	0.250669	-0.096924	0.249232	-0.532152	-0.549384
ENSMUSG00000028954	-0.157576	0.066143	-0.213505	0.600672	0.612318	0.049513
ENSMUSG00000028955	0.375913	0.163979	-0.203683	-0.340316	-0.615060	0.244506
ENSMUSG00000028957	-0.677315	-0.485684	-0.368101	0.403191	0.152997	0.345258
ENSMUSG00000028961	-0.219107	-0.377974	-0.163813	0.011904	0.133339	0.192103
ENSMUSG00000028962	0.222302	0.708889	0.258642	0.093763	0.661536	0.298443
ENSMUSG00000028963	-0.265353	0.135116	-0.126524	0.857292	-0.080376	-0.155871
ENSMUSG00000028964	-0.648946	-0.101987	-0.150865	0.252963	0.496092	0.086642
ENSMUSG00000028965	0.369661	0.045334	0.208929	0.030358	-0.695026	-0.468790
ENSMUSG00000028969	-0.545729	0.190130	0.315985	-0.163355	-0.582764	0.018201
ENSMUSG00000028970	0.075840	0.102698	-0.193393	0.473125	-0.055256	-0.731428
ENSMUSG00000028971	-0.109807	-0.410204	-0.029377	0.234348	-0.727282	0.181530
ENSMUSG00000028972	-0.084900	0.286731	-0.553018	0.494233	-0.604546	-0.040156
ENSMUSG00000028973	0.643474	0.483329	-0.168363	-0.282666	0.083910	-0.337294
ENSMUSG00000028974	-0.147570	-0.031592	0.186340	-0.157476	0.179951	-0.574099
ENSMUSG00000028975	-0.245081	1.071589	-0.596153	0.350181	0.342798	-0.053819
ENSMUSG00000028976	0.110009	0.573358	-0.094815	0.006829	0.628600	0.361126
ENSMUSG00000028978	-0.363511	-0.504429	-0.551081	0.142686	0.676731	0.321436
ENSMUSG00000028979	0.091027	-0.244393	0.095525	-0.927251	0.481073	-0.080274
ENSMUSG00000028980	-0.255670	-0.502388	-0.186734	-0.302785	-0.196897	0.672721
ENSMUSG00000028988	-0.455134	-0.202085	0.028818	0.005795	-0.412748	-0.234323
ENSMUSG00000028991	0.366339	-0.424274	0.790130	-0.616265	-0.168331	-0.022588
ENSMUSG00000028992	-0.235647	-0.104793	0.075671	-0.090783	0.329829	-0.460615
ENSMUSG00000028998	0.660937	-0.764282	0.348109	-0.033653	0.289927	0.034655
ENSMUSG00000028999	-0.431579	0.046018	-0.097042	0.517277	0.517156	0.154285
ENSMUSG00000029001	0.014037	-0.148648	-0.252717	-0.246816	-0.004502	0.398899
ENSMUSG00000029003	-0.182078	0.439644	-0.098274	-0.002751	0.600203	0.530480
ENSMUSG00000029004	0.451256	-0.532891	0.522947	-0.158093	-0.030911	0.077562
ENSMUSG00000029009	-0.120777	-0.524361	-0.094302	0.476292	0.064556	0.158627
ENSMUSG00000029012	0.604497	-0.155224	0.184684	-0.031749	-0.357158	-0.933148
ENSMUSG00000029014	0.296995	-0.174790	0.292627	-0.034952	-0.061366	0.263239
ENSMUSG00000029016	-0.022049	0.117744	-0.027374	-0.581545	0.394080	0.082129
ENSMUSG00000029017	0.226992	-0.005129	0.175652	-0.074304	-0.682922	0.324196
ENSMUSG00000029019	-0.126935	0.109634	-0.680950	0.244693	0.025475	-0.253122
ENSMUSG00000029020	0.247207	0.031373	0.266781	-0.271274	0.429470	0.290432
ENSMUSG00000029026	0.167591	-0.563549	-1.076336	-1.173466	-1.323874	-1.031793
ENSMUSG00000029027	-0.350668	0.752119	-0.650858	-0.315908	-0.478237	0.213951
ENSMUSG00000029032	-0.279353	0.185428	-0.644055	-0.044913	-0.204646	0.312233
ENSMUSG00000029034	-0.101189	-0.160556	-0.469937	0.423219	-0.444769	-0.269070
ENSMUSG00000029036	0.453268	-0.246220	0.146414	-0.294983	0.307419	0.326578
ENSMUSG00000029038	-0.049864	-0.098486	-0.180721	-0.346084	-0.834515	-0.117822
ENSMUSG00000029047	-0.311264	0.554742	-0.290673	0.267435	-0.300387	-0.192878
ENSMUSG00000029050	-0.445207	-0.518003	0.307234	0.566458	0.932208	1.040070
ENSMUSG00000029053	0.530793	0.228110	-0.518853	0.247504	0.182994	0.206987
ENSMUSG00000029054	0.210129	-0.624821	0.233784	0.245173	-0.091943	-0.363557
ENSMUSG00000029055	-0.529065	-0.354132	-0.188183	0.066863	-0.172965	0.135300
ENSMUSG00000029056	-0.329819	0.698114	-0.101302	-0.442754	-0.243752	0.056565
ENSMUSG00000029059	0.314656	-0.074855	-0.293741	0.428342	-0.376341	0.335566
ENSMUSG00000029060	-0.340499	0.185416	-0.400887	-0.138914	0.053978	-0.076595
ENSMUSG00000029062	0.104176	-0.115951	-0.271353	-0.479337	-0.191687	0.775175
ENSMUSG00000029063	-0.257014	-0.237156	0.137740	0.150193	-0.126709	0.694256
ENSMUSG00000029064	-0.085230	0.317092	-0.515040	-0.288751	-0.023627	-0.097361
ENSMUSG00000029066	0.304467	0.321120	-0.105133	-0.313644	-0.191692	-0.359114
ENSMUSG00000029070	-0.455816	0.412696	0.211981	-0.131824	-0.744815	0.506808
ENSMUSG00000029071	0.186034	-0.527724	-1.013818	-0.598155	-0.819199	-1.078823
ENSMUSG00000029072	-0.385346	-0.037149	0.439214	-0.036606	0.082058	0.098948
ENSMUSG00000029073	0.549079	-0.199499	0.202622	-0.184812	-0.012932	-0.273963
ENSMUSG00000029075	0.745694	0.108929	-0.146670	-0.350425	-0.245915	0.008610
ENSMUSG00000029082	0.060624	-0.820024	0.060589	-0.148789	0.420322	-0.101652
ENSMUSG00000029084	0.406305	0.385744	-0.256647	-0.082491	-0.287607	-0.495380
ENSMUSG00000029088	-0.752144	0.297719	-0.303990	-0.105126	0.435884	-0.089012
ENSMUSG00000029095	-0.278462	0.499887	-0.450175	0.136083	0.411452	-0.424392
ENSMUSG00000029098	-0.320756	-0.330043	0.148796	0.020910	0.197681	0.169936
ENSMUSG00000029102	-0.445577	-0.079297	-0.083821	0.044121	0.057000	-0.573950
ENSMUSG00000029103	-0.396678	-0.031950	0.217736	0.256696	-0.482735	0.271680
ENSMUSG00000029104	-0.435688	0.054261	-0.450218	0.559917	-0.191537	0.196037
ENSMUSG00000029106	-0.316940	-0.135120	-0.300944	-0.167114	0.288893	0.208846
ENSMUSG00000029108	0.456283	0.358117	-0.191252	0.158352	-0.035932	-0.291979
ENSMUSG00000029110	-0.305622	0.100783	-0.143020	0.499698	-0.786410	0.422458
ENSMUSG00000029111	0.097807	0.766512	-0.197830	0.868472	0.040319	-0.442695
ENSMUSG00000029119	-0.308040	-0.297798	0.141093	0.113216	0.122190	0.084907
ENSMUSG00000029120	-0.031682	0.405798	0.045307	-0.174329	0.155396	0.072418
ENSMUSG00000029121	-0.124822	0.392026	-0.214046	-0.196411	-0.136446	-0.302197
ENSMUSG00000029122	0.302767	-0.109806	-0.596138	0.110076	-0.160854	-0.091808
ENSMUSG00000029125	0.133689	-0.589277	-0.200935	-0.092563	0.003343	-0.192937
ENSMUSG00000029131	0.178055	-0.437005	0.226498	-0.902746	-0.178211	-0.017295
ENSMUSG00000029134	0.648493	0.174318	-0.500962	-0.593047	0.407526	0.180795
ENSMUSG00000029135	0.409540	0.457700	-0.090387	-0.486165	-0.025627	0.016835
ENSMUSG00000029136	0.376465	0.361155	-0.107983	0.133897	-0.268246	0.246689
ENSMUSG00000029145	0.486912	0.318153	0.322671	-0.473486	0.553075	0.880179
ENSMUSG00000029156	0.104219	0.413460	0.199283	0.268747	0.331610	0.316295
ENSMUSG00000029162	-0.232086	0.091363	-0.176976	0.042105	-0.354492	-0.184911
ENSMUSG00000029163	0.414166	-0.384754	0.803349	-0.465423	-0.076988	-0.383425
ENSMUSG00000029167	-0.782058	0.130957	-0.230787	0.370504	-0.249560	-0.327655
ENSMUSG00000029168	0.535438	-0.165738	0.341490	0.517233	-0.001332	-0.176762
ENSMUSG00000029169	0.446099	0.027921	-0.587692	-0.481488	0.026272	-0.226410
ENSMUSG00000029171	-0.121118	0.272220	0.325279	-0.537566	0.270202	0.249274
ENSMUSG00000029173	-0.254667	-0.787171	0.102567	-0.143013	0.033429	0.201960
ENSMUSG00000029174	-0.299193	-0.551591	0.640776	0.157047	-0.000026	0.344050
ENSMUSG00000029176	0.006038	0.475149	-0.356018	0.283466	0.364357	0.984202
ENSMUSG00000029177	-0.149194	0.207822	0.025243	0.678229	-0.174883	0.313410
ENSMUSG00000029184	-0.227772	0.071613	-0.191382	-0.353558	0.376751	0.599076
ENSMUSG00000029186	-0.226569	-0.139429	-0.075876	-0.169511	-0.778123	0.069770
ENSMUSG00000029188	-0.169446	-0.096558	0.355438	-0.200059	-0.718370	-0.569964
ENSMUSG00000029192	-0.115639	0.145842	0.345891	-0.247979	-0.671213	0.503825
ENSMUSG00000029193	0.007467	0.058969	-0.728089	0.350673	-0.599708	0.078162
ENSMUSG00000029195	-0.055305	-0.327914	0.014378	0.055077	-0.298759	-0.108736
ENSMUSG00000029196	0.034664	0.320632	-0.274279	-0.468607	-0.589304	-0.411117
ENSMUSG00000029199	0.387772	0.538313	-0.532986	-0.658390	0.245666	-0.271244
ENSMUSG00000029201	-0.349398	0.083572	-0.428830	0.225996	0.510770	-0.011942
ENSMUSG00000029203	-0.054258	0.010212	0.108015	0.118594	0.329153	-0.498851
ENSMUSG00000029204	-0.170923	-0.317521	-0.418067	0.016229	-0.701982	0.572002
ENSMUSG00000029205	-0.094410	-0.149467	-0.092279	-0.232791	-0.361595	-0.019013
ENSMUSG00000029209	0.221054	0.176512	-0.315147	0.222871	0.068626	-0.345154
ENSMUSG00000029211	0.080763	0.193592	-0.495335	0.217847	-0.257578	0.570471
ENSMUSG00000029212	-0.163812	-0.011476	-0.317437	-0.338022	0.269394	0.193542
ENSMUSG00000029213	0.370975	0.226808	-0.194129	0.429779	-0.121699	0.191074
ENSMUSG00000029217	0.048643	0.455309	0.655262	-0.318164	0.338616	0.064715
ENSMUSG00000029223	-0.416231	-0.324852	-0.506243	-1.217698	-0.481218	-1.186422
ENSMUSG00000029227	0.141696	-0.028720	-0.242844	0.301179	-0.323691	0.692102
ENSMUSG00000029228	0.051997	-0.463649	0.392980	-0.217646	-0.254282	-0.087849
ENSMUSG00000029231	-0.444687	-0.180605	0.099637	0.362050	0.209824	-0.587578
ENSMUSG00000029233	0.772255	-0.182366	0.004971	0.350772	0.081817	0.308353
ENSMUSG00000029236	-0.563341	0.537433	0.151946	0.162661	-0.099197	-0.163367
ENSMUSG00000029238	0.295663	0.382759	-0.499667	0.612944	-0.101914	-0.123785
ENSMUSG00000029245	-0.408683	-0.030757	0.643732	-0.592205	-0.345025	0.448247
ENSMUSG00000029246	-0.335502	0.461420	-0.325102	-0.267007	0.731381	-0.100897
ENSMUSG00000029247	-0.465697	-0.379648	0.134982	0.212681	0.420636	-0.551089
ENSMUSG00000029249	-0.164437	0.081937	0.407124	0.382106	0.261792	0.107828
ENSMUSG00000029250	-0.078063	0.523638	-0.460381	-0.106381	-0.039969	-0.161897
ENSMUSG00000029253	0.357244	0.374625	0.074616	-0.145435	0.003400	0.202496
ENSMUSG00000029255	0.006786	0.095348	-0.178050	-0.052678	-0.533357	0.295854
ENSMUSG00000029260	0.086240	-0.111822	0.099852	-0.014641	-0.226432	0.556172
ENSMUSG00000029263	-0.273668	0.364142	0.182926	-0.274784	-0.331019	-0.015532
ENSMUSG00000029265	0.229947	0.009386	0.083824	0.284530	0.591938	-0.118378
ENSMUSG00000029267	-0.258452	0.034622	0.082211	-0.250117	-0.124574	-0.241847
ENSMUSG00000029268	0.196246	-0.955986	-0.081858	0.539365	0.605524	-0.129357
ENSMUSG00000029269	-0.471241	0.586923	-0.065427	0.255620	-0.216915	-0.014407
ENSMUSG00000029272	0.018979	0.036990	-0.642094	-0.430028	0.201951	-0.142174
ENSMUSG00000029276	0.135327	-0.225407	-0.216857	0.601699	0.514047	-0.322907
ENSMUSG00000029282	-0.282844	0.289604	0.250352	-0.241515	0.092161	-0.704496
ENSMUSG00000029283	0.678149	0.158693	-0.342820	-0.000432	-0.834284	0.351207
ENSMUSG00000029286	-0.066432	-0.299253	0.233095	-0.312878	0.223566	-0.103362
ENSMUSG00000029287	0.883119	0.576229	0.267033	-0.057752	-0.498710	-0.293592
ENSMUSG00000029288	0.099188	-0.735905	-0.103213	0.269745	-0.161963	-0.361847
ENSMUSG00000029304	-0.297248	-0.354949	0.099497	0.074815	0.129074	0.082599
ENSMUSG00000029306	-0.038176	0.368154	0.104040	0.042668	0.098826	0.116760
ENSMUSG00000029307	-0.395992	-0.498452	-0.001463	0.065771	0.015281	-0.036057
ENSMUSG00000029309	-0.473482	-0.478998	-0.039636	0.059598	0.222285	0.228546
ENSMUSG00000029310	0.393415	0.545464	0.831003	0.094054	-0.158857	-0.306219
ENSMUSG00000029311	-0.098548	-0.301826	0.252857	0.497430	0.553454	0.200002
ENSMUSG00000029314	-0.692755	0.104649	-0.687100	0.207538	0.438269	0.095335
ENSMUSG00000029319	0.362145	-0.251799	-0.730258	0.166265	-0.045503	0.291882
ENSMUSG00000029321	-0.360884	-0.281547	-0.285599	-0.095598	-0.031575	0.290494
ENSMUSG00000029322	-0.393142	0.291922	-0.195707	0.012590	-0.192866	0.109884
ENSMUSG00000029326	0.490769	-0.285098	0.502559	0.223860	-0.552415	0.693625
ENSMUSG00000029330	-0.031481	-0.008191	0.288105	0.163919	-0.179026	0.091659
ENSMUSG00000029334	-0.675570	-0.076951	0.923272	-0.312464	-0.022577	0.110682
ENSMUSG00000029335	0.000954	0.188104	0.077712	0.538462	0.263306	-0.213025
ENSMUSG00000029337	-0.071864	0.158645	0.737991	0.658202	-0.306297	0.511204
ENSMUSG00000029344	-0.383059	0.361807	-0.166975	-0.548246	-0.129165	-0.514216
ENSMUSG00000029361	0.713547	-0.951408	0.750704	-0.113043	-0.165131	0.217500
ENSMUSG00000029363	0.170159	-0.396982	-0.199070	0.147867	0.038640	0.306398
ENSMUSG00000029364	0.763151	-0.298016	-0.340527	0.660877	0.473983	0.182571
ENSMUSG00000029366	0.156297	0.330957	0.374742	0.212690	0.415325	0.122161
ENSMUSG00000029368	0.371570	0.525933	-0.111480	-0.305309	-0.317465	-0.456545
ENSMUSG00000029370	0.200810	-0.255190	-0.204556	-0.027497	-0.207862	-0.005880
ENSMUSG00000029371	-0.103506	0.043794	0.751436	-0.215989	-0.510682	-0.346097
ENSMUSG00000029372	0.348401	-0.403810	0.647752	-0.601045	0.423684	-0.568470
ENSMUSG00000029373	0.168482	-0.880571	-0.259132	-0.300237	0.114324	-0.424640
ENSMUSG00000029375	-0.036207	-0.161400	-0.323105	0.563480	-0.405920	0.039513
ENSMUSG00000029376	0.219085	0.136160	-0.019799	-0.214396	0.158928	-0.017031
ENSMUSG00000029377	-0.255124	-0.612647	0.352227	0.341476	-0.187003	0.186652
ENSMUSG00000029378	-0.564634	0.144815	-0.075469	-0.136721	-0.487709	0.207359
ENSMUSG00000029379	0.271516	0.223669	-0.367957	-0.019494	-0.067984	-0.043152
ENSMUSG00000029380	-0.078021	-0.391526	0.052063	-0.667785	-0.266456	-0.021898
ENSMUSG00000029385	-0.392325	0.315417	0.553037	0.045832	0.304268	-0.101532
ENSMUSG00000029387	-0.000887	-0.107913	0.169034	0.061341	0.181324	-0.251171
ENSMUSG00000029388	-0.658898	0.061849	0.381330	-0.406477	-0.452229	0.082877
ENSMUSG00000029390	0.004131	-0.451945	0.286888	-0.514827	0.565073	-0.125392
ENSMUSG00000029397	-0.239473	-0.478400	-0.612026	-1.685450	-1.234793	-0.667791
ENSMUSG00000029402	0.192038	-0.204312	-0.317996	0.007191	-0.128055	0.366893
ENSMUSG00000029406	0.339121	-0.520052	0.425529	-0.058836	0.272196	-0.174683
ENSMUSG00000029407	0.390583	0.043938	-0.052283	-0.502265	0.095925	-0.360751
ENSMUSG00000029408	0.017177	0.236955	0.101962	-0.232924	-0.401910	-0.131561
ENSMUSG00000029413	0.566303	-0.588733	-0.034098	-0.157519	0.177542	-0.455642
ENSMUSG00000029414	0.481141	0.130101	0.209900	0.372616	-0.168689	0.463581
ENSMUSG00000029416	0.055674	0.097001	-0.089142	0.028826	-0.480773	0.382283
ENSMUSG00000029417	-0.106765	0.502542	-0.079019	-0.075503	-0.572139	0.168926
ENSMUSG00000029426	-0.152998	0.153313	0.291739	0.121207	-0.201719	0.137356
ENSMUSG00000029427	0.286104	0.194132	-0.467429	0.077727	0.664935	-0.198649
ENSMUSG00000029428	0.479349	0.278011	0.375070	-0.011213	-0.107216	0.156461
ENSMUSG00000029430	-0.015217	0.605840	-0.356963	-0.243683	0.181735	0.027102
ENSMUSG00000029431	-0.103921	0.381477	-0.019009	0.305552	-0.560662	0.441096
ENSMUSG00000029433	-0.306213	0.316728	0.081213	0.233117	0.233878	0.254365
ENSMUSG00000029434	-0.349125	0.281897	0.078520	0.016690	-0.385448	0.271650
ENSMUSG00000029436	-0.284747	-0.111109	-0.365152	-0.573250	-0.471225	-0.143603
ENSMUSG00000029437	0.023791	0.079315	-0.487249	-0.056994	0.143794	-0.462344
ENSMUSG00000029438	-0.034003	-0.618838	0.657562	-0.315581	-0.203282	-0.254038
ENSMUSG00000029440	-0.250233	-0.059207	0.216919	-0.095066	-0.421527	-0.009026
ENSMUSG00000029445	-0.049626	-0.889084	-0.357849	0.176246	0.442641	0.203682
ENSMUSG00000029446	0.225774	-0.190152	-0.537965	-0.085205	-0.182532	-0.128842
ENSMUSG00000029447	0.143484	-0.280561	0.305626	-0.360602	0.127400	-0.130224
ENSMUSG00000029449	-0.023673	0.510320	-0.202063	0.015278	0.185197	0.371672
ENSMUSG00000029454	-0.181311	0.351522	-0.121896	0.448324	-0.461899	-0.103556
ENSMUSG00000029455	0.641445	-0.076707	0.418239	0.100259	-0.342866	-0.674261
ENSMUSG00000029456	-0.151007	-0.196504	-0.153736	-0.318242	-0.448611	-0.461590
ENSMUSG00000029458	-0.435745	-0.096274	-0.993660	-1.550375	-1.147944	-0.937979
ENSMUSG00000029462	-0.576736	-0.392009	0.596637	-0.007488	0.270728	-0.678420
ENSMUSG00000029465	-0.359079	-1.031922	0.082257	0.245096	0.106649	0.042994
ENSMUSG00000029466	0.575936	0.265233	-0.263906	0.212323	-0.101635	0.324913
ENSMUSG00000029467	-0.447003	-0.384641	-0.063078	-0.221028	-0.643441	0.441417
ENSMUSG00000029468	-0.141035	0.169827	-0.000482	0.399045	-0.322875	-0.183564
ENSMUSG00000029469	0.096606	-0.302476	-0.135028	-0.108818	-0.746211	0.068036
ENSMUSG00000029470	-0.189533	0.424112	-0.405131	0.284890	0.348237	0.094996
ENSMUSG00000029471	-0.016356	0.186680	0.015004	-0.207073	0.547161	0.410340
ENSMUSG00000029472	0.117822	0.317435	-0.607485	-0.167287	-0.441599	0.110131
ENSMUSG00000029474	-0.345380	0.027008	0.030764	0.582707	-0.102112	-0.175076
ENSMUSG00000029475	0.207306	-0.058106	-0.299640	-0.015545	0.467038	0.018661
ENSMUSG00000029478	0.147927	-0.043697	0.064674	0.601793	-0.231128	-0.156272
ENSMUSG00000029480	0.045835	0.229974	-0.275777	-0.184017	0.329625	-0.013005
ENSMUSG00000029482	0.024554	0.049209	-0.047779	0.706574	-0.004545	0.132686
ENSMUSG00000029486	-0.133146	0.812914	-0.078978	0.351114	0.369647	0.130046
ENSMUSG00000029491	-0.236447	-0.468716	0.138645	0.522525	-0.426927	0.050483
ENSMUSG00000029500	0.420403	0.238702	-0.195808	-0.155364	-0.014401	-0.294699
ENSMUSG00000029501	-0.331589	0.153315	0.496347	-0.624919	-0.729424	0.590579
ENSMUSG00000029503	-0.313776	-0.053440	-0.456062	0.318371	0.279136	-0.233512
ENSMUSG00000029505	0.752022	-0.513711	-0.023688	-0.671082	-0.216586	-0.837075
ENSMUSG00000029510	-0.476568	-0.671472	-0.195377	-0.041407	-0.320860	-0.220743
ENSMUSG00000029512	0.338664	0.317113	0.062353	0.216029	-0.191891	0.537818
ENSMUSG00000029513	0.090378	0.049823	0.398983	0.372315	0.342884	-0.148518
ENSMUSG00000029518	0.037023	-0.303752	-0.264952	0.217773	0.092939	-0.503273
ENSMUSG00000029521	0.139668	-0.061296	-0.512830	-0.643916	-0.005066	0.132987
ENSMUSG00000029522	0.498951	0.230048	0.228608	0.202015	-0.043031	-0.186488
ENSMUSG00000029524	-0.189742	-0.037078	0.087836	0.320121	-0.030746	-0.482123
ENSMUSG00000029528	0.919306	0.883550	0.461314	0.262087	0.538898	0.431721
ENSMUSG00000029530	0.046226	-0.037384	0.299734	0.350408	-0.346884	0.358421
ENSMUSG00000029535	-0.208556	-0.064710	0.673378	-0.291595	0.034827	0.212978
ENSMUSG00000029536	0.320971	0.389811	0.700066	-0.162599	-0.093350	0.095280
ENSMUSG00000029538	0.411559	-0.820399	0.127216	0.140471	-0.466069	0.662089
ENSMUSG00000029541	-0.727300	-0.194856	0.010307	0.653259	-0.240430	-0.220230
ENSMUSG00000029545	0.656446	-0.714722	0.622397	-0.186991	0.171525	0.109699
ENSMUSG00000029547	-0.791990	-0.172508	0.245938	0.551601	0.060791	0.198503
ENSMUSG00000029551	-0.324109	-0.107180	-0.087430	0.396548	0.235035	0.385285
ENSMUSG00000029554	-0.027035	0.310439	-0.143572	0.357206	-0.222628	0.364789
ENSMUSG00000029556	0.184795	-0.038480	0.226310	-0.245894	-0.775412	0.164341
ENSMUSG00000029561	-0.624977	-0.244819	0.590273	0.019097	0.146683	-0.182501
ENSMUSG00000029570	0.077893	0.465526	-0.389047	-0.097285	0.404320	1.247023
ENSMUSG00000029575	-0.127792	0.267664	-0.273898	0.340707	0.334375	-0.258896
ENSMUSG00000029576	-0.281229	-0.700613	-0.444195	0.424755	-0.128108	-0.230042
ENSMUSG00000029577	0.287288	-0.083234	0.067548	-0.373166	0.024268	0.352542
ENSMUSG00000029578	-0.381147	0.819224	-0.400718	0.596142	0.117532	-0.612636
ENSMUSG00000029580	0.161768	-0.104704	0.114804	-0.536551	0.007553	0.799404
ENSMUSG00000029586	-0.078389	-0.064555	-0.472736	-0.290275	0.538491	-0.526483
ENSMUSG00000029587	0.336732	-0.034937	0.084909	0.376896	0.259055	0.400982
ENSMUSG00000029591	-0.167587	-0.260235	0.689798	0.106721	-0.449706	0.481999
ENSMUSG00000029592	0.020859	-0.543371	-0.280192	-0.087106	-0.134886	-0.569603
ENSMUSG00000029596	0.033122	-0.112320	-0.047061	0.439040	0.080070	0.202580
ENSMUSG00000029597	-0.051626	0.372012	0.391619	0.382077	0.363456	0.707908
ENSMUSG00000029602	-0.486603	0.015864	0.521859	-0.168988	0.044128	0.556587
ENSMUSG00000029603	-0.018257	0.117792	0.938873	-0.946946	-0.064727	0.219130
ENSMUSG00000029605	-0.004893	-0.166018	0.123861	-0.155037	0.557900	-0.187043
ENSMUSG00000029610	-0.298610	0.425001	-0.395846	-0.069777	0.391958	0.293202
ENSMUSG00000029613	-0.157662	-0.257698	0.182081	0.299696	0.149491	-0.133813
ENSMUSG00000029614	-0.413077	-0.123730	-0.578247	0.079017	-0.125718	-0.089510
ENSMUSG00000029616	0.391585	0.875058	-0.600294	0.044903	0.568268	-0.517186
ENSMUSG00000029617	-0.787932	-0.531456	-0.353856	0.517263	-0.346790	-0.242155
ENSMUSG00000029621	-0.445190	-0.309741	-0.636180	-0.210396	0.267722	0.502415
ENSMUSG00000029622	-0.018621	-0.011747	0.354120	-0.179005	0.242640	-0.395401
ENSMUSG00000029623	0.569688	-0.310212	0.365402	0.423334	0.377560	0.343029
ENSMUSG00000029625	0.159228	0.426449	-0.210313	-0.313456	1.007000	0.254096
ENSMUSG00000029627	-0.816735	0.035048	0.362778	0.105383	0.716897	-0.009789
ENSMUSG00000029630	-0.377519	0.327032	-0.455111	-0.050153	-0.154856	0.717486
ENSMUSG00000029632	-0.350538	-0.323060	-0.390874	-0.467239	-0.486381	-0.004311
ENSMUSG00000029634	0.268078	-0.608729	0.210725	0.824817	0.311116	0.075146
ENSMUSG00000029635	-0.414883	0.428517	-0.038439	-0.280979	-0.792064	-0.476059
ENSMUSG00000029636	-0.133944	0.003906	-0.230270	0.236937	-0.646899	-0.205278
ENSMUSG00000029640	0.057339	-0.007465	0.057953	-0.407528	-0.103759	0.510050
ENSMUSG00000029644	-0.223180	-0.630635	0.224838	0.260613	-0.640141	-0.075759
ENSMUSG00000029646	0.221715	0.333040	-0.003458	-0.019594	0.288754	0.082190
ENSMUSG00000029647	0.038134	-0.312292	-0.485154	-0.352906	0.242097	0.273418
ENSMUSG00000029648	0.170273	0.557898	0.598908	-0.328806	-0.190987	0.046369
ENSMUSG00000029649	0.482431	-0.327733	0.414698	0.098300	-0.117420	0.232897
ENSMUSG00000029656	-0.506785	-0.121882	-0.000704	-0.485880	-0.445645	-0.456786
ENSMUSG00000029657	0.625173	-0.305634	-0.082507	-0.220891	0.345050	-0.249270
ENSMUSG00000029661	-0.607912	-0.190622	0.110715	-0.481416	-0.100373	0.070173
ENSMUSG00000029663	-0.405743	0.533409	-0.571751	0.259353	0.243872	-0.103509
ENSMUSG00000029671	0.355094	-0.408514	-0.763351	0.110207	0.578627	0.168448
ENSMUSG00000029672	-0.124394	-0.098359	-0.678584	0.631222	-0.298625	-0.175902
ENSMUSG00000029673	0.168138	0.073482	0.195816	-0.194666	-0.128668	-0.344203
ENSMUSG00000029674	-0.375550	0.288175	0.539537	-0.330139	-0.274253	0.569201
ENSMUSG00000029675	0.183922	0.259454	0.229327	-0.280653	0.563237	0.090288
ENSMUSG00000029676	-0.460472	-0.205846	-0.001211	-0.169970	0.119824	-0.094811
ENSMUSG00000029678	0.115942	-0.687226	0.105278	0.211678	0.060543	-0.064301
ENSMUSG00000029679	-0.107982	-0.175503	-0.295207	0.155816	-0.320926	0.165518
ENSMUSG00000029680	0.290433	0.116711	0.406866	0.403004	-0.105822	-0.521180
ENSMUSG00000029681	-0.097315	0.361033	0.567158	0.053012	0.473320	-0.104787
ENSMUSG00000029682	-0.380539	-0.243961	-0.260699	-0.107909	0.244919	-0.400320
ENSMUSG00000029684	-0.340710	0.372669	0.322705	0.381111	-0.419128	-0.149207
ENSMUSG00000029686	0.196318	0.000550	-1.033921	-1.153907	-0.969200	-0.768252
ENSMUSG00000029687	0.650208	0.267567	-0.460766	0.177127	-0.138207	-0.116533
ENSMUSG00000029695	0.254374	-0.161084	0.155972	0.164442	-0.380041	-0.256602
ENSMUSG00000029700	-0.043153	-0.412396	-0.207641	-0.029198	-0.185162	0.846171
ENSMUSG00000029706	-0.577859	0.158453	0.238650	-0.056007	-0.206371	0.037560
ENSMUSG00000029708	-0.669380	0.205761	-0.217234	-0.080119	0.281646	0.105237
ENSMUSG00000029710	-0.237512	-0.023620	-0.360562	0.209926	-0.183708	-0.428383
ENSMUSG00000029711	-0.243684	-0.156746	-0.060030	-0.534238	-0.208703	-0.119060
ENSMUSG00000029712	-0.528814	-0.301162	-0.322469	-0.117978	-0.237033	-0.299789
ENSMUSG00000029713	0.289788	-0.165417	-0.082260	-0.050850	-0.341623	0.089600
ENSMUSG00000029716	-0.064546	0.105814	-0.044431	-0.193580	0.011493	-0.109649
ENSMUSG00000029718	-0.211525	0.062389	0.179360	0.307513	-0.013682	-0.285528
ENSMUSG00000029727	-0.772730	0.097508	0.464526	0.385168	-0.144631	0.611640
ENSMUSG00000029729	0.419521	0.068911	0.223821	0.022583	-0.018720	-0.316334
ENSMUSG00000029730	0.398037	0.485428	-0.422658	0.195138	0.173872	-0.257809
ENSMUSG00000029735	-0.155301	0.282444	0.468288	-0.536134	-0.076400	0.031819
ENSMUSG00000029752	0.750861	-0.084656	-0.361989	-0.402707	-0.253010	-0.513735
ENSMUSG00000029757	0.390398	-0.122758	-0.065582	0.791216	0.563690	0.194629
ENSMUSG00000029759	-0.117918	-0.023381	0.337639	0.551442	0.170157	-0.463843
ENSMUSG00000029761	0.079017	-0.120747	-0.095019	0.380216	-0.296346	-0.001465
ENSMUSG00000029762	-0.326592	-0.323242	-0.416872	-0.273247	0.150457	0.698298
ENSMUSG00000029763	0.255318	0.068080	0.156223	0.193220	-0.142763	-0.152999
ENSMUSG00000029765	0.272197	0.208233	-0.043281	-0.446579	-0.380469	0.509796
ENSMUSG00000029767	0.218347	0.293127	-0.083434	-0.444177	-0.124929	0.409366
ENSMUSG00000029771	-0.290027	0.337916	0.075690	-0.137943	-0.767950	0.708384
ENSMUSG00000029772	-0.176421	-0.459048	0.673050	0.184795	0.093818	-0.115751
ENSMUSG00000029775	-0.485534	0.014841	-0.189535	-0.315021	-0.102139	-0.188485
ENSMUSG00000029776	0.155729	0.251637	0.875508	-0.153945	-0.279944	-0.080134
ENSMUSG00000029777	0.487124	-0.147154	0.176954	-0.108558	0.187826	0.444560
ENSMUSG00000029778	0.157386	-0.776704	-0.006310	0.140956	0.837072	0.235577
ENSMUSG00000029780	0.055483	0.001559	0.160353	-0.212812	0.295035	0.020068
ENSMUSG00000029790	0.405583	-0.176212	0.176098	-0.750168	0.425907	-0.020655
ENSMUSG00000029798	-0.279312	0.467554	0.346904	-0.311255	0.290019	0.326122
ENSMUSG00000029804	0.147065	0.397766	0.237586	-0.208735	-0.042863	0.254541
ENSMUSG00000029811	-0.626109	0.256529	-0.213259	-0.224698	0.271431	-0.321225
ENSMUSG00000029813	0.091752	0.082947	-0.089849	-0.086974	0.314269	-0.214993
ENSMUSG00000029815	-0.035856	-0.067206	-0.303536	-0.500852	-0.675284	-0.853555
ENSMUSG00000029816	-0.201205	-0.881739	0.279540	-0.363509	-0.634732	0.632901
ENSMUSG00000029817	0.390561	-0.159090	-0.283282	0.256360	-0.102258	0.248458
ENSMUSG00000029819	0.216005	-0.513103	0.271028	-0.143272	-0.110357	-0.454819
ENSMUSG00000029821	-0.071989	0.385091	-0.137970	-0.090515	0.699224	-0.418586
ENSMUSG00000029822	-0.348686	-0.056099	0.497044	-0.135917	-0.308322	-0.152825
ENSMUSG00000029826	0.235225	-0.237083	0.539105	0.111112	-0.086747	0.476121
ENSMUSG00000029831	-0.963512	-0.311539	0.089236	0.764854	-0.281931	-0.712543
ENSMUSG00000029838	-0.065057	-0.247286	-0.647955	-0.078699	-0.147548	0.119034
ENSMUSG00000029843	0.130032	-1.272977	-0.665814	0.323068	-0.140232	-0.407013
ENSMUSG00000029859	-0.032573	-0.638401	0.379116	-0.264982	0.111853	0.571441
ENSMUSG00000029860	-0.436990	0.014678	-0.121451	0.435133	0.352414	-0.423980
ENSMUSG00000029862	-0.294194	-0.250388	-0.124905	0.208054	-0.135797	0.385811
ENSMUSG00000029863	0.225047	-0.460824	0.087981	0.163969	0.038116	-0.351218
ENSMUSG00000029864	0.009569	0.057441	0.223289	-0.079411	-0.176083	-0.372673
ENSMUSG00000029866	0.148158	0.482043	-0.111470	0.118491	0.170005	0.252792
ENSMUSG00000029868	0.199526	-0.112986	0.558612	-0.293181	-0.607896	0.492152
ENSMUSG00000029869	-0.294248	-0.451451	0.367429	-0.015284	0.526435	-0.533434
ENSMUSG00000029882	0.180501	-0.217499	-0.039724	-0.363451	-0.473533	0.692828
ENSMUSG00000029910	-0.478410	0.320714	-0.052063	-0.181013	-0.148431	-0.045063
ENSMUSG00000029911	-0.200715	0.467893	-0.032258	0.120383	-0.147604	0.145257
ENSMUSG00000029915	-0.199912	0.449779	0.745496	-0.663170	-0.029467	0.132206
ENSMUSG00000029916	-0.181921	-0.067102	0.294348	-0.213400	0.739105	0.294433
ENSMUSG00000029917	-0.604982	0.107442	0.829470	0.152254	0.278565	-0.067289
ENSMUSG00000029918	0.298612	0.773727	0.373137	-0.116189	-0.063938	0.292332
ENSMUSG00000029919	-0.170152	-0.305772	-0.312197	0.021452	0.169305	-0.043288
ENSMUSG00000029923	0.192439	0.489339	0.299681	-0.054851	-0.564190	-0.187774
ENSMUSG00000029925	0.113200	-0.698806	0.046387	-0.049600	0.369041	-0.051168
ENSMUSG00000029992	-0.009520	0.023287	-0.327799	-0.008364	-0.179602	-0.643932
ENSMUSG00000029993	-0.340551	-0.278311	0.532244	0.122773	0.127786	-0.079347
ENSMUSG00000029998	-0.298295	0.388056	-0.488202	-0.336235	-0.162490	-0.394776
ENSMUSG00000029999	-0.071178	-0.116891	-0.016377	-0.036823	-0.173114	0.907618
ENSMUSG00000030000	-0.197517	-0.469689	-0.025871	0.119641	0.275008	-0.145839
ENSMUSG00000030004	0.003449	-0.406481	-0.156988	0.021001	-0.232819	-0.244002
ENSMUSG00000030007	-0.188194	0.032677	-1.001645	0.347471	-0.857874	0.871708
ENSMUSG00000030017	0.724509	-0.120383	0.203051	-0.064738	0.187387	-0.011736
ENSMUSG00000030019	0.123804	-0.382146	0.440516	0.312837	-0.434542	-0.034250
ENSMUSG00000030020	0.271866	0.431550	-0.047833	-0.353049	0.332103	-0.063862
ENSMUSG00000030029	0.028393	0.042083	0.178336	0.200977	0.270005	0.090395
ENSMUSG00000030031	0.205854	-0.098207	-0.418127	-0.053095	0.327021	-0.501835
ENSMUSG00000030034	-0.019144	0.400066	0.027257	-0.235328	0.293665	0.320513
ENSMUSG00000030036	0.207314	-0.410665	-0.153623	0.011068	0.096435	-0.558319
ENSMUSG00000030037	0.253736	-0.431139	-0.063933	-0.197450	0.187949	-0.430040
ENSMUSG00000030042	-0.475300	-0.232476	-0.700318	0.409496	0.339065	-0.148955
ENSMUSG00000030043	0.559025	0.380222	-0.001864	0.544583	0.089971	0.610936
ENSMUSG00000030045	-0.647049	-0.255959	0.200426	0.091076	0.340727	0.079737
ENSMUSG00000030046	0.179912	0.402242	0.375073	-0.574514	-0.536252	-0.489357
ENSMUSG00000030047	-0.351125	0.200055	0.404235	0.318964	-0.339810	-0.168366
ENSMUSG00000030054	-0.062260	0.182248	0.135581	-0.197280	-0.476379	0.242211
ENSMUSG00000030055	-0.367180	-0.215127	0.462603	0.395252	-0.082204	-1.019647
ENSMUSG00000030056	-0.008522	-0.390606	0.216444	-0.397004	0.112150	0.038456
ENSMUSG00000030058	0.248042	-0.133069	0.204367	0.117937	-0.073474	-0.002639
ENSMUSG00000030059	-0.068375	0.331176	-0.416645	-0.009782	0.303154	-0.050800
ENSMUSG00000030061	-0.091131	0.381563	-0.068476	-0.509392	-0.381006	0.008992
ENSMUSG00000030062	-0.236370	0.006171	-0.099377	0.691352	-0.234740	-0.304018
ENSMUSG00000030067	-0.034197	-0.372914	0.291493	-0.045505	0.108578	0.180358
ENSMUSG00000030069	0.732579	-0.358301	-0.139525	-0.731408	-0.144509	-0.401108
ENSMUSG00000030075	-0.186625	0.243454	0.297135	-0.586688	-0.572370	0.044423
ENSMUSG00000030079	0.106867	0.375146	0.113945	-0.393803	0.407927	0.198450
ENSMUSG00000030084	-0.218490	-0.052300	-0.161409	-0.121897	-0.532854	-0.058573
ENSMUSG00000030088	0.358142	0.262117	-0.393562	0.387017	0.075233	0.214812
ENSMUSG00000030091	0.285752	-0.207364	-0.832729	-0.015307	0.024158	0.880825
ENSMUSG00000030093	0.188900	0.169722	-0.231645	0.384236	-0.172937	0.315508
ENSMUSG00000030094	-0.099093	0.223010	-0.223282	-0.117207	-0.682225	0.127899
ENSMUSG00000030096	-0.442283	-0.029753	0.053417	-0.164117	-0.849767	0.033279
ENSMUSG00000030098	-0.246269	-0.172047	0.060801	-0.429508	0.070440	0.585575
ENSMUSG00000030101	-0.334426	-0.426928	-0.146228	-0.068252	-0.181421	0.039677
ENSMUSG00000030102	-0.249163	0.195438	-0.393627	0.722715	0.677936	0.490753
ENSMUSG00000030103	0.221415	0.255114	0.346087	-0.035844	0.432192	-0.213418
ENSMUSG00000030105	0.443276	0.010814	-0.182292	0.097504	-0.533627	-0.838137
ENSMUSG00000030107	-0.273712	-0.256918	-0.249783	-0.396725	-0.116871	-0.071773
ENSMUSG00000030108	-0.326894	-0.285465	0.366444	-0.323216	-0.516830	-0.013541
ENSMUSG00000030109	-0.289974	0.297218	-0.591928	0.067649	-0.451338	-0.707081
ENSMUSG00000030110	-0.541173	-0.003865	0.437473	-0.123076	-0.016460	0.078339
ENSMUSG00000030111	-0.146768	0.809744	-0.254989	0.167940	0.126189	-0.243108
ENSMUSG00000030116	0.031279	0.465733	-0.189699	-0.284703	-0.158060	0.203601
ENSMUSG00000030117	-0.580919	0.241610	0.519515	0.384175	0.649036	-0.358669
ENSMUSG00000030123	0.319353	0.616600	-0.080500	0.461199	0.182884	-0.264135
ENSMUSG00000030124	-0.196566	0.224032	0.212620	-0.231699	0.771342	-0.052975
ENSMUSG00000030127	-0.395313	0.017566	-0.566336	-0.089191	-0.474412	0.273472
ENSMUSG00000030137	0.037152	0.564397	-0.128794	0.744190	-0.308223	-0.019510
ENSMUSG00000030138	-0.127451	0.347417	-0.083208	0.250481	-0.197361	0.066529
ENSMUSG00000030142	-0.498226	0.139488	-0.079716	-0.324909	-0.108016	-0.370596
ENSMUSG00000030144	0.190629	-0.154623	0.812022	0.159166	0.193545	-0.156281
ENSMUSG00000030147	-0.074387	0.415218	0.199287	-0.277527	-0.058356	-0.099896
ENSMUSG00000030149	-0.344258	0.293230	0.303694	-0.099135	0.197778	-0.310215
ENSMUSG00000030159	0.224176	0.037334	-0.204056	0.359374	0.512802	-0.095569
ENSMUSG00000030161	-0.355664	-0.121094	-0.415988	0.370810	0.105784	-0.124038
ENSMUSG00000030162	-0.635003	-0.404596	0.195106	0.354559	0.037059	-0.184646
ENSMUSG00000030165	-0.262548	-0.122358	-0.024573	0.027032	-0.013094	-0.295850
ENSMUSG00000030166	-0.282481	0.446924	-0.115677	0.201244	0.203208	-0.071762
ENSMUSG00000030167	0.317394	-0.293336	0.118004	-0.709806	-0.300656	-0.313579
ENSMUSG00000030168	-0.115688	0.130624	-0.034897	-0.345281	0.296951	0.331649
ENSMUSG00000030170	0.132774	0.037762	0.127440	-0.041674	0.298805	-0.120505
ENSMUSG00000030172	-0.550648	-0.109653	-0.597337	0.151557	0.162290	-0.657347
ENSMUSG00000030180	0.572250	0.085051	-0.349259	0.177360	-0.263757	-0.087868
ENSMUSG00000030189	0.263809	-0.984449	0.273678	0.852429	-0.040157	-0.328581
ENSMUSG00000030201	-0.151394	-0.024039	-0.818225	0.539142	-0.290296	-0.050318
ENSMUSG00000030203	-0.543270	0.830469	0.071706	-0.021476	-0.101419	-0.190789
ENSMUSG00000030204	0.366744	0.397163	-0.258371	-0.093605	-0.421646	-0.254041
ENSMUSG00000030208	0.011237	0.305757	-0.161550	-0.235254	0.339523	-0.101689
ENSMUSG00000030209	-0.268537	-0.612647	-0.317651	0.085195	0.079065	-0.123703
ENSMUSG00000030213	0.118347	-0.505393	0.152282	0.420692	-0.111248	-0.675508
ENSMUSG00000030214	-0.331579	-0.364993	0.161410	-0.048719	0.375656	0.139282
ENSMUSG00000030216	-0.176644	0.021876	-0.328125	-0.126213	-0.136714	0.979189
ENSMUSG00000030217	0.322037	0.173711	-0.569318	-0.242313	0.081987	-0.126698
ENSMUSG00000030220	0.140054	0.438036	-0.338593	-0.134926	0.374317	0.232609
ENSMUSG00000030224	0.021660	-0.081594	0.212545	0.166619	0.787602	-0.565532
ENSMUSG00000030225	0.587757	1.002676	0.040294	0.055574	0.139817	-0.002440
ENSMUSG00000030228	-0.397771	0.328800	-0.045992	-0.587014	0.064116	0.449772
ENSMUSG00000030230	0.078344	-0.778378	0.015467	-0.282907	-0.394437	0.561057
ENSMUSG00000030231	-0.202273	-0.136227	-0.544768	0.174438	0.185804	0.186313
ENSMUSG00000030232	-0.212186	0.369373	-0.100562	-0.210753	-0.045937	0.118640
ENSMUSG00000030235	-0.621256	-0.158253	0.307535	-0.315998	0.209710	0.485524
ENSMUSG00000030236	0.145930	-0.352316	-0.367058	-0.479934	0.696631	-0.433154
ENSMUSG00000030237	-0.109457	0.111124	0.828933	0.194508	0.875093	0.648801
ENSMUSG00000030244	0.607221	0.113041	0.394564	0.631826	0.195069	-0.734656
ENSMUSG00000030246	-0.452143	-0.303853	-0.692149	0.463603	-0.479296	0.352245
ENSMUSG00000030247	0.526363	0.239108	0.371274	-0.421431	0.291623	-0.176018
ENSMUSG00000030249	-0.535518	-0.603842	0.040619	0.010816	0.425693	0.538061
ENSMUSG00000030254	-0.452868	-0.490703	-0.002605	-0.057236	-0.222379	0.332397
ENSMUSG00000030255	-0.539612	-0.321104	-0.049184	-0.878066	-0.093204	0.367764
ENSMUSG00000030256	0.319660	0.149191	0.574333	-0.504720	-0.195602	0.197500
ENSMUSG00000030257	0.837551	0.283792	-0.577694	-0.137027	0.366530	0.671659
ENSMUSG00000030265	0.265957	-0.612912	-0.033444	-0.928372	-0.891463	-0.976557
ENSMUSG00000030268	0.117846	0.320378	0.489307	-0.486321	0.004649	0.216001
ENSMUSG00000030269	0.561460	-0.486922	-0.428465	-0.047615	0.006102	0.132812
ENSMUSG00000030271	-0.277058	-0.478027	-0.031625	0.153520	-0.127099	-0.418772
ENSMUSG00000030272	0.231295	-0.049313	-0.006580	-0.239380	-0.056773	-0.174225
ENSMUSG00000030275	-0.105743	0.101603	-0.326124	0.015983	-0.823888	-0.067817
ENSMUSG00000030276	-0.352219	0.188732	0.595232	0.392771	-0.827211	-0.103035
ENSMUSG00000030278	-0.114534	0.179174	0.091436	0.066536	-0.186959	-0.136614
ENSMUSG00000030281	0.068016	0.494200	-0.059620	-0.276624	-0.331577	0.373617
ENSMUSG00000030282	0.003046	-0.196271	0.294943	-0.288460	-0.001748	-0.134568
ENSMUSG00000030283	0.287701	0.259361	-0.416347	0.630189	-0.445594	0.321418
ENSMUSG00000030286	-0.339583	0.581375	0.340786	-0.009408	0.212090	-0.397632
ENSMUSG00000030287	0.044841	-0.063877	0.015503	0.151496	-0.010702	-0.065732
ENSMUSG00000030298	-0.036078	0.247023	0.133730	-0.797453	0.119367	-0.625421
ENSMUSG00000030302	-0.101023	-0.229977	-0.445820	-0.038733	-0.072492	-0.067974
ENSMUSG00000030303	0.015207	-0.740242	0.183481	0.527308	-0.168772	-0.121267
ENSMUSG00000030307	-0.098430	-0.122465	-0.380329	0.191641	-0.108632	-0.049476
ENSMUSG00000030310	-0.287900	-0.506426	0.624295	-0.286387	0.270544	0.152730
ENSMUSG00000030313	-0.036004	-0.631659	0.348769	0.202135	-0.209162	-0.812974
ENSMUSG00000030314	-0.177716	0.067818	0.306645	-0.178782	0.396314	0.812569
ENSMUSG00000030323	0.062358	0.307596	-0.553066	-0.195120	-0.525388	0.089415
ENSMUSG00000030324	0.200279	0.840882	-0.168324	-0.169854	-0.710758	0.023351
ENSMUSG00000030327	0.352708	0.227614	-0.755741	-0.186862	0.397102	0.111906
ENSMUSG00000030329	-0.067389	-0.222930	-0.292578	-0.158846	0.349812	0.157561
ENSMUSG00000030330	-0.143130	0.018254	0.231654	0.059819	0.047362	-0.214862
ENSMUSG00000030335	0.214960	0.208342	-0.385599	-0.135195	0.223344	0.332676
ENSMUSG00000030336	0.368326	-0.528311	0.384846	-0.099185	0.023645	-0.244972
ENSMUSG00000030337	-0.203604	0.175952	0.623166	-0.317701	-0.015699	-0.958681
ENSMUSG00000030339	0.300681	0.270585	0.286189	-0.781229	-0.437886	-0.120065
ENSMUSG00000030340	0.088986	-0.604661	-1.255964	-0.608683	-0.951450	-0.959596
ENSMUSG00000030341	0.379533	0.153978	0.384093	-0.259233	-0.399280	-0.277253
ENSMUSG00000030342	-0.064283	0.106336	0.298494	0.738159	-0.398902	-0.400963
ENSMUSG00000030346	0.362053	0.415705	-0.181702	-0.124554	0.159447	0.227332
ENSMUSG00000030353	0.195332	0.114426	-0.347033	0.421481	-0.319871	-0.357428
ENSMUSG00000030357	0.225808	-0.294772	0.073004	-0.345572	0.459541	0.320004
ENSMUSG00000030376	-0.066840	0.287048	0.361844	-0.289680	0.412946	-0.533031
ENSMUSG00000030378	-0.111503	-0.179622	-0.114308	0.242365	0.229317	-0.028015
ENSMUSG00000030382	-0.025766	-0.371343	0.137619	0.078676	-0.690455	0.326755
ENSMUSG00000030393	0.313664	0.000894	-0.324861	0.256132	-0.062473	-0.099709
ENSMUSG00000030397	-0.007367	-0.639537	-0.274913	-0.487996	0.189043	-0.399340
ENSMUSG00000030399	0.039274	-0.003648	-0.231222	-0.319213	-0.244062	0.855051
ENSMUSG00000030400	-0.083686	-0.153128	0.052296	0.773444	0.428632	0.063335
ENSMUSG00000030403	-0.197606	-0.386235	0.310582	-0.076470	-0.391055	-0.089517
ENSMUSG00000030406	-0.201586	0.279826	0.111060	-0.621148	-0.093615	0.173440
ENSMUSG00000030409	0.229105	0.245649	-0.021616	0.229314	-0.270488	-0.128402
ENSMUSG00000030413	-0.221126	0.010560	0.084232	-0.861084	0.123061	-0.225267
ENSMUSG00000030427	0.379366	0.386247	0.116460	0.259161	0.443311	0.053106
ENSMUSG00000030428	0.090917	1.122237	-0.389071	-0.037466	0.039599	-0.234859
ENSMUSG00000030432	-0.246823	-0.200559	0.027183	0.373723	-0.119589	-0.297970
ENSMUSG00000030435	0.115196	-0.325843	0.215210	0.245521	-0.154346	0.079363
ENSMUSG00000030443	-0.035293	0.128832	0.198480	-0.166293	-0.122425	0.100694
ENSMUSG00000030446	-0.247300	0.170644	0.258208	-0.125267	0.135025	-0.458630
ENSMUSG00000030447	0.068450	0.846078	0.304819	-0.419310	0.150882	-0.149439
ENSMUSG00000030450	-0.241917	-0.137017	-0.025019	0.330605	0.476871	-0.306820
ENSMUSG00000030451	-0.564187	0.152070	0.287509	0.286994	-0.229590	0.267823
ENSMUSG00000030452	0.779106	0.332589	-0.072572	0.071681	0.943022	-0.446700
ENSMUSG00000030468	0.588277	0.258139	0.396509	0.129640	-0.191074	-0.071590
ENSMUSG00000030474	0.236744	-0.253683	-0.680602	-0.282457	0.444674	-0.812457
ENSMUSG00000030483	-0.007867	0.352519	-0.109949	-0.298334	0.272585	0.338224
ENSMUSG00000030484	-0.563511	0.360432	0.322372	0.734404	0.470406	0.169662
ENSMUSG00000030492	0.154583	-0.008924	0.087887	0.237124	-0.253916	0.101808
ENSMUSG00000030493	-0.235889	0.437959	0.416025	0.338564	-0.152296	0.316393
ENSMUSG00000030494	-0.240138	0.193128	-0.049183	0.190744	0.018879	0.194936
ENSMUSG00000030495	0.122192	-1.031172	0.013028	-0.310420	0.037120	0.157400
ENSMUSG00000030498	-0.209710	-0.448771	0.750199	0.305233	0.060571	0.028455
ENSMUSG00000030500	-0.017279	0.080672	0.077750	0.064652	-0.101346	-0.069096
ENSMUSG00000030505	0.189482	-0.226056	0.607197	0.120964	0.152926	0.497702
ENSMUSG00000030509	-0.116544	0.570951	0.480854	0.637486	-0.166965	-1.033743
ENSMUSG00000030510	-0.185198	-0.300261	0.043537	-0.047095	-0.126652	-0.350945
ENSMUSG00000030512	-0.004835	-0.423388	-0.299973	-0.603044	0.376451	-0.755548
ENSMUSG00000030515	-0.138038	0.220574	0.189980	0.434005	-0.985090	-0.637733
ENSMUSG00000030516	-0.278354	0.069788	0.075772	0.297413	0.000383	0.070836
ENSMUSG00000030521	0.400549	0.112568	0.479012	-0.073967	0.442749	0.155313
ENSMUSG00000030523	-0.232804	0.093205	0.084841	-0.021277	-0.269392	0.389352
ENSMUSG00000030525	-0.185651	0.065188	0.097353	0.400907	0.060199	0.596914
ENSMUSG00000030528	-0.195346	0.005922	0.458746	-0.152257	0.312091	-0.237075
ENSMUSG00000030530	-0.108516	-0.172896	-0.073070	-0.008041	-0.098506	-0.174589
ENSMUSG00000030532	0.409774	0.470646	-0.050534	-0.096956	-0.545784	0.204056
ENSMUSG00000030536	0.239219	0.288238	0.313199	-0.037995	-0.793964	-0.074303
ENSMUSG00000030539	-0.662412	0.053487	-0.705732	-0.324290	-0.297772	-0.307513
ENSMUSG00000030541	-0.433560	0.098922	-0.369448	-0.646564	-0.444794	0.464391
ENSMUSG00000030546	-0.277812	-0.305721	0.107405	-0.333004	-0.046890	0.334086
ENSMUSG00000030549	0.332316	-0.011869	0.107697	-0.472063	0.356510	0.172802
ENSMUSG00000030557	0.146955	1.026556	-0.005462	0.048218	-0.218875	-0.109003
ENSMUSG00000030559	0.047652	-0.266202	-0.171930	-0.139313	-0.319006	0.169464
ENSMUSG00000030560	-0.249990	-0.305482	0.309914	0.326430	0.130550	0.561187
ENSMUSG00000030562	-0.910973	-0.553292	-0.156501	0.464221	-0.213350	0.454633
ENSMUSG00000030577	0.346517	-0.315088	0.581180	-0.512703	0.703484	-0.666212
ENSMUSG00000030579	0.308272	0.076784	-0.018626	-0.268462	-0.066461	-0.166625
ENSMUSG00000030584	-0.201436	0.155198	-0.008404	-0.142488	0.485411	-0.256931
ENSMUSG00000030589	-0.695175	0.542210	-0.559875	-0.098701	0.340267	-0.501571
ENSMUSG00000030591	0.153583	-0.355434	-0.090888	-0.325546	0.172644	-0.212719
ENSMUSG00000030592	-0.410773	-0.532605	0.045475	0.113225	-0.801278	0.095142
ENSMUSG00000030595	0.527793	0.364602	0.073484	-0.303947	0.308488	-0.210621
ENSMUSG00000030598	-0.009233	0.604353	-0.236009	-0.099776	0.231098	-0.144740
ENSMUSG00000030600	-0.281124	0.055087	-0.326295	-0.067916	0.155253	0.108526
ENSMUSG00000030602	-0.390747	0.198255	-0.156228	-0.062128	0.088491	0.121459
ENSMUSG00000030603	0.312771	-0.271978	0.818041	-0.282432	0.920451	-0.272802
ENSMUSG00000030605	0.786356	0.068014	-0.057937	0.012660	0.103027	0.086309
ENSMUSG00000030607	0.180378	-0.407858	0.240382	0.531648	0.299694	-0.392802
ENSMUSG00000030610	-0.665696	-0.416744	-0.342393	0.200556	0.024476	-0.232093
ENSMUSG00000030612	-0.033876	-0.035822	0.161783	0.189103	-0.057387	0.540629
ENSMUSG00000030614	0.205131	0.041229	0.316800	0.013925	0.440232	-0.091360
ENSMUSG00000030616	0.019879	0.135418	0.069585	0.230135	-0.062468	0.316267
ENSMUSG00000030619	-0.033656	0.144074	-0.547146	-0.087052	-0.200964	0.029895
ENSMUSG00000030621	0.599376	0.041746	-0.589660	-0.555102	-0.593293	-0.509382
ENSMUSG00000030630	-0.694406	0.085682	-0.180582	0.412881	0.681397	0.349350
ENSMUSG00000030638	-0.180142	-0.758720	0.187935	-0.470407	0.032981	-0.199904
ENSMUSG00000030643	-0.077262	-0.087777	0.283314	0.259104	-0.412311	-0.116922
ENSMUSG00000030647	0.053216	0.244417	-0.232230	-0.606410	0.217086	0.285654
ENSMUSG00000030649	-0.503300	-0.207989	0.596802	0.209003	-0.305157	-0.246250
ENSMUSG00000030651	0.075920	-0.832457	0.528863	-0.793978	0.195298	0.686675
ENSMUSG00000030652	0.665722	0.156272	0.064191	0.023643	0.308958	0.081101
ENSMUSG00000030653	-0.039264	-0.238766	-0.218400	-0.133832	0.439003	-0.446193
ENSMUSG00000030655	0.606938	0.359696	-0.110451	-0.093467	0.013872	-0.128290
ENSMUSG00000030657	0.242015	-0.297782	0.157563	-0.408265	0.167813	-0.205779
ENSMUSG00000030660	0.325409	0.428414	0.127516	-0.012470	-0.765754	-0.417339
ENSMUSG00000030666	-0.199615	-0.194064	-0.111726	-0.566815	0.061520	-0.158945
ENSMUSG00000030669	-0.568246	-0.166240	0.072440	-0.002267	-0.189466	-0.678814
ENSMUSG00000030670	0.619325	0.343090	-0.564341	0.784171	0.319750	-0.060350
ENSMUSG00000030671	-0.724708	0.060329	-0.123230	0.015095	-0.147044	0.351600
ENSMUSG00000030672	0.191658	-0.035586	0.090270	0.095768	-0.170570	0.557779
ENSMUSG00000030674	-0.280040	-0.943037	0.374899	-0.106017	-0.060369	0.536058
ENSMUSG00000030677	0.041480	-0.388863	0.096973	-0.358049	0.457086	-0.006357
ENSMUSG00000030681	0.083052	-0.102413	0.080109	-0.009051	-0.319116	0.074793
ENSMUSG00000030682	-0.429829	0.240905	0.739924	-0.259690	0.124862	0.313025
ENSMUSG00000030685	-0.035459	-0.318968	0.282204	-0.078305	0.171290	0.316621
ENSMUSG00000030688	-0.484348	0.443693	-0.575922	0.410426	-0.065222	-0.127765
ENSMUSG00000030695	0.178589	-0.291743	-0.350149	0.317079	-0.664395	-0.596686
ENSMUSG00000030697	0.147623	0.549208	-0.181344	0.206779	-0.403381	0.016872
ENSMUSG00000030703	0.157145	0.370897	0.276367	-0.068587	0.693623	0.469268
ENSMUSG00000030704	-0.073178	0.535896	-1.016967	0.594905	-0.217144	-0.671934
ENSMUSG00000030706	-0.135600	-0.080713	-0.142455	0.100299	0.105994	-0.277700
ENSMUSG00000030711	0.007659	0.438875	0.347039	0.331489	-0.067406	-0.493863
ENSMUSG00000030714	0.305078	-0.632149	-0.514364	-0.218339	-0.262646	-0.427865
ENSMUSG00000030718	0.664086	-0.000814	-0.324609	0.147992	-0.698865	0.458090
ENSMUSG00000030720	-0.537650	-0.133211	0.252523	-1.259750	-0.334881	0.237889
ENSMUSG00000030724	0.137585	0.034466	-0.329909	0.469837	0.118702	-0.376753
ENSMUSG00000030725	-0.255683	-0.251767	-0.365084	-0.030000	-0.296123	0.341058
ENSMUSG00000030726	0.612306	0.253219	-0.235806	-0.053070	-0.040942	0.312548
ENSMUSG00000030729	-0.450757	-0.353695	-0.114501	-0.064620	-0.434443	0.174030
ENSMUSG00000030730	0.284797	0.047846	-0.202325	-0.354303	0.249438	-0.447668
ENSMUSG00000030733	0.009928	-0.189524	-0.285304	0.629386	-0.218672	-0.141237
ENSMUSG00000030737	0.202477	-0.059616	0.645936	-0.308356	0.353758	-0.041400
ENSMUSG00000030738	-0.280854	-0.272886	0.604735	0.554053	0.279428	0.173126
ENSMUSG00000030739	0.152654	0.019980	0.257185	-0.928144	0.248036	0.749298
ENSMUSG00000030742	-0.332844	-0.247049	-0.376753	0.064124	-0.103243	0.406509
ENSMUSG00000030744	-0.143051	0.609782	0.234859	0.014827	0.050289	0.117432
ENSMUSG00000030745	0.404110	-0.260410	-0.107217	-0.464010	-0.062398	-0.036346
ENSMUSG00000030747	0.187819	0.282111	-0.118701	0.068314	0.069142	-0.182266
ENSMUSG00000030748	0.379605	0.510025	0.010091	0.195776	0.684338	0.176466
ENSMUSG00000030750	0.674342	-0.553419	-0.182296	0.140303	-0.417993	0.185971
ENSMUSG00000030751	0.100755	0.256405	0.174888	-0.200472	0.736866	-0.048850
ENSMUSG00000030752	-0.184875	-0.139870	0.328635	0.197365	0.062206	0.036530
ENSMUSG00000030754	-0.240240	0.626615	-0.273691	-0.222782	0.186798	-0.148265
ENSMUSG00000030759	-0.254023	0.417789	-0.199894	0.025495	-0.409994	-0.093279
ENSMUSG00000030760	0.232098	-0.045865	-0.248294	0.595694	-0.324348	-0.020300
ENSMUSG00000030761	0.006615	0.029682	-0.326616	-0.010439	-0.234850	0.443604
ENSMUSG00000030762	-0.204366	-0.217930	0.126603	0.079456	-0.037773	-0.034167
ENSMUSG00000030766	-0.028006	0.182637	0.222481	-0.592306	-0.047955	-0.636685
ENSMUSG00000030768	0.323957	0.373569	0.260150	-0.248342	0.472601	-0.173216
ENSMUSG00000030769	0.398256	0.069597	-0.126225	0.266001	-0.443413	-0.261993
ENSMUSG00000030770	-0.197138	0.192637	-0.315893	0.168759	0.048929	-0.052008
ENSMUSG00000030774	-0.110291	0.212784	-0.198338	0.312051	0.859160	-0.261306
ENSMUSG00000030775	0.590873	0.194156	-0.143289	-0.436423	0.252947	-0.189326
ENSMUSG00000030779	-0.002621	-0.492571	-0.031080	-0.265380	0.544894	-0.035872
ENSMUSG00000030781	-0.228818	0.212774	0.432796	-0.168218	0.063642	-0.082606
ENSMUSG00000030785	-0.252667	-0.271863	0.223417	-0.231974	0.097227	-0.090443
ENSMUSG00000030786	-0.183170	-0.237445	0.222133	-0.223888	0.811667	0.351879
ENSMUSG00000030787	-0.253023	0.550706	0.414814	-0.189161	-0.100662	0.161357
ENSMUSG00000030789	-0.215758	-0.720453	0.625282	0.378498	0.241230	-0.456601
ENSMUSG00000030790	-0.130441	0.298674	-0.434436	-0.214391	-0.139631	0.263344
ENSMUSG00000030793	-0.706574	-0.518030	0.008331	0.571455	-0.215967	0.392116
ENSMUSG00000030795	0.545153	0.023749	0.165060	-0.579727	-0.207252	-0.001923
ENSMUSG00000030796	0.051878	-0.328761	0.283389	-0.276242	0.105120	-0.078784
ENSMUSG00000030801	-0.416472	-0.208234	-0.256707	0.192658	-0.197680	0.185904
ENSMUSG00000030802	0.034754	-0.043086	0.387666	-0.555338	-0.708601	0.151482
ENSMUSG00000030805	0.100027	-0.296699	-0.279842	-0.345384	-0.046810	0.435235
ENSMUSG00000030806	-0.345554	0.280825	-0.160115	0.006268	0.431194	0.515953
ENSMUSG00000030811	0.149891	0.287071	0.312503	-0.099651	0.177650	-0.382438
ENSMUSG00000030814	-0.242979	-0.128116	0.169008	-0.573127	-0.219346	-0.010702
ENSMUSG00000030815	-0.331205	-0.604934	-0.160122	-0.234766	-0.160888	-1.076110
ENSMUSG00000030816	0.040384	-0.130260	0.078473	-0.327539	-0.598167	-0.347302
ENSMUSG00000030823	-0.218580	-0.544560	-0.066170	-0.277451	-0.298128	0.177634
ENSMUSG00000030824	0.321283	0.240895	0.194516	0.530764	0.752851	-0.028112
ENSMUSG00000030825	0.176397	0.237119	-0.318191	0.214350	-0.336518	0.781642
ENSMUSG00000030826	-0.050279	0.428813	0.187883	-0.720542	-0.163728	-0.696810
ENSMUSG00000030827	-0.180583	-0.384507	-0.505780	-0.275625	-0.761052	-0.599194
ENSMUSG00000030830	0.069775	-0.393858	0.137333	-0.112267	0.133589	0.289148
ENSMUSG00000030834	0.546752	0.064885	0.141798	-0.155246	0.171171	0.224969
ENSMUSG00000030842	-0.276452	-0.497766	0.055449	0.167769	-0.346812	0.018364
ENSMUSG00000030847	0.275535	0.401968	-0.142002	-0.555209	-0.088814	0.051340
ENSMUSG00000030849	-0.339370	0.297859	0.121618	-0.200933	0.034577	-0.442416
ENSMUSG00000030851	-0.437905	0.699519	0.656720	-0.384926	0.229916	-0.548394
ENSMUSG00000030854	-0.444622	-0.173110	-0.130003	0.429209	0.531056	-0.157657
ENSMUSG00000030861	0.299909	0.399268	0.275199	-0.084148	-0.117537	-0.127886
ENSMUSG00000030867	-0.251409	-0.071642	0.134907	-0.457063	-0.695568	-0.372072
ENSMUSG00000030868	0.531013	-0.847495	-0.464726	-0.183239	-0.314790	0.184045
ENSMUSG00000030869	-0.246797	0.809077	-0.105670	0.553752	-0.123620	-0.030196
ENSMUSG00000030871	0.305861	0.019410	-0.414502	0.457268	0.303646	0.046102
ENSMUSG00000030873	0.079886	-0.158409	-0.673142	-1.075489	-0.807214	-0.714497
ENSMUSG00000030879	0.379132	0.592883	0.300668	0.188598	-0.070127	-0.203975
ENSMUSG00000030880	-0.507513	-0.037207	-0.426412	0.347647	0.276321	-0.090248
ENSMUSG00000030881	0.331813	-0.397932	-0.320766	-0.100742	0.171500	-0.300497
ENSMUSG00000030884	0.278757	0.525416	0.426575	0.523559	-0.308242	0.081379
ENSMUSG00000030890	-0.337111	0.457633	-0.326923	-0.033796	-0.362994	0.008618
ENSMUSG00000030895	-0.185890	0.262673	0.321251	-0.036697	0.048114	0.280373
ENSMUSG00000030897	0.142503	0.207286	-0.237183	-0.132374	-0.270438	-0.055174
ENSMUSG00000030898	0.125484	-0.434474	-0.116368	0.389940	0.016868	0.449723
ENSMUSG00000030905	0.070077	0.084113	-0.458804	0.207023	0.446981	0.160140
ENSMUSG00000030911	-0.595020	0.389580	-0.350010	-0.392456	0.218592	0.244700
ENSMUSG00000030930	0.163520	-0.247570	0.141534	0.336966	-0.279391	0.198902
ENSMUSG00000030934	0.160318	-0.225309	-0.075851	0.191615	-0.594738	-0.277042
ENSMUSG00000030935	0.216319	-0.263835	-0.127760	-0.516849	-0.154729	-0.013826
ENSMUSG00000030945	-0.088828	-0.083752	-0.642944	-0.005077	-0.043976	0.074152
ENSMUSG00000030946	0.157849	-0.755262	-0.026826	0.548913	0.031246	0.064801
ENSMUSG00000030954	-0.128276	0.109352	-0.251099	-0.341163	-0.025715	0.566509
ENSMUSG00000030960	-0.335051	0.126618	-0.335414	0.231905	-0.829355	0.249153
ENSMUSG00000030963	0.694729	-0.145746	0.529959	-0.662712	0.223581	-0.479565
ENSMUSG00000030965	-0.822261	0.210561	-0.288494	-0.324769	0.645373	-0.335476
ENSMUSG00000030967	-0.317871	0.507429	0.054268	0.046377	0.147918	-0.269881
ENSMUSG00000030970	-0.008370	-0.200377	-0.074929	0.533080	-0.610482	-0.429530
ENSMUSG00000030972	-0.560066	-0.965272	-0.420005	-0.511755	0.126989	0.140373
ENSMUSG00000030978	-0.092991	0.131690	0.206839	0.731364	0.004464	-0.053195
ENSMUSG00000030979	0.124101	0.084502	0.486651	-0.157876	0.321293	0.557904
ENSMUSG00000030982	-0.110747	-0.245953	0.498507	0.090896	0.218851	-0.638667
ENSMUSG00000030987	0.015714	0.229627	-0.879830	-0.448412	0.026738	-0.030530
ENSMUSG00000030990	0.285167	-0.740373	0.272635	-0.038798	0.039190	-0.226217
ENSMUSG00000030996	0.004787	0.189902	-0.407290	0.240565	0.127922	0.283661
ENSMUSG00000031007	-0.436710	0.597258	0.380395	-0.028379	-0.507050	-0.032220
ENSMUSG00000031012	-0.355242	-0.066772	0.263677	-0.257673	-0.214391	-0.527299
ENSMUSG00000031015	-0.364595	-0.061614	0.091734	-0.502027	0.305249	-0.699725
ENSMUSG00000031016	0.072852	0.620886	-0.000067	-0.108655	0.200541	-0.064207
ENSMUSG00000031024	0.161900	-0.059002	-0.303151	0.475947	-0.015227	0.304997
ENSMUSG00000031029	0.396145	-0.057388	-0.481898	0.444927	0.084490	-0.029514
ENSMUSG00000031059	0.137620	-0.135090	-0.105743	0.137740	-0.462255	-0.020465
ENSMUSG00000031060	-0.223817	0.469598	0.439279	-0.132474	0.306798	-0.037735
ENSMUSG00000031066	-0.074856	-0.456050	0.050618	0.073160	0.221053	-0.405046
ENSMUSG00000031073	-0.684764	0.736259	-0.785733	-0.118576	0.468943	0.145666
ENSMUSG00000031074	0.285518	0.658646	-0.054967	0.276310	0.233488	0.281308
ENSMUSG00000031075	0.341372	-0.239200	-0.032918	0.063717	0.492802	0.200456
ENSMUSG00000031077	0.489092	-0.016342	-0.302245	-0.541602	-0.031567	0.394236
ENSMUSG00000031078	-0.177324	-0.048907	-0.135193	0.395724	0.478207	0.138504
ENSMUSG00000031089	-0.057106	0.696666	0.211357	0.072384	0.074895	0.000856
ENSMUSG00000031090	-0.483874	0.050515	-0.659121	0.338190	0.382382	0.696601
ENSMUSG00000031093	-0.278643	-0.400086	-0.736265	-0.626295	0.281325	-0.409548
ENSMUSG00000031095	0.007196	0.597135	0.089786	-0.056312	0.443616	0.697658
ENSMUSG00000031097	0.108375	-0.067493	0.103091	-0.226286	0.397925	0.244848
ENSMUSG00000031098	-0.541592	-0.577242	-0.133605	-0.608522	0.170856	0.022438
ENSMUSG00000031104	-0.461378	-0.317045	-0.070910	-0.192180	-0.383560	-0.024765
ENSMUSG00000031105	0.047245	-0.156000	-1.090804	-0.332476	0.131262	-0.763199
ENSMUSG00000031107	0.050686	-0.315606	-0.481093	0.092888	-0.387254	-0.215830
ENSMUSG00000031111	0.146408	0.029923	-0.309115	0.100892	0.194782	-0.040321
ENSMUSG00000031112	0.254138	0.022237	0.484471	-0.373166	-0.857001	-0.135371
ENSMUSG00000031119	-0.558971	0.179902	-0.416818	0.107449	-0.048252	0.317957
ENSMUSG00000031129	0.031149	0.567061	-0.629842	0.231729	-0.111861	0.717829
ENSMUSG00000031130	0.043717	0.007119	0.147433	-0.328166	0.060634	0.218745
ENSMUSG00000031132	0.136867	0.189429	-0.439689	0.345532	0.221321	0.454551
ENSMUSG00000031133	0.144376	0.226661	0.810504	-0.049517	0.203790	0.133477
ENSMUSG00000031134	0.945265	0.277145	0.235544	0.413656	-0.378782	-0.147374
ENSMUSG00000031138	-0.218085	0.335010	0.110259	0.218125	-0.088553	0.524492
ENSMUSG00000031142	-0.067231	0.234420	-0.073943	-0.630464	-0.095826	-0.331275
ENSMUSG00000031143	-0.219097	0.380089	0.198917	0.227396	-0.320494	-0.244203
ENSMUSG00000031145	-0.167706	-0.248942	0.243793	0.437947	-0.250528	-0.343589
ENSMUSG00000031148	-0.205383	-0.102500	0.079953	-0.007089	0.171958	-0.415853
ENSMUSG00000031154	-0.258650	-0.994748	0.083560	0.090029	-0.397476	-0.876615
ENSMUSG00000031155	-0.153160	-0.027243	-0.063089	-0.267450	-0.263997	0.058550
ENSMUSG00000031156	0.095274	0.473877	0.611542	-0.649005	0.188797	0.677639
ENSMUSG00000031157	-0.376311	-0.525729	0.060568	0.469768	-0.081701	0.164039
ENSMUSG00000031161	-0.395941	0.225401	0.401266	-0.210864	-0.415847	-0.041115
ENSMUSG00000031162	-0.089577	-0.594097	0.584695	-0.162010	0.228153	-0.351741
ENSMUSG00000031165	-0.128183	0.714024	-0.142113	-0.245015	-0.720048	0.232814
ENSMUSG00000031168	0.221520	-0.256751	0.147986	0.405746	0.371996	0.051188
ENSMUSG00000031169	-0.003650	0.052854	-0.539098	-0.169190	-0.217445	-0.474958
ENSMUSG00000031170	-0.134622	0.024670	0.236910	0.266754	0.013233	0.218789
ENSMUSG00000031173	-0.571245	-0.059205	0.354118	-0.511571	0.116166	0.402212
ENSMUSG00000031176	-0.160532	-0.013729	0.062864	0.000085	-0.755275	0.255112
ENSMUSG00000031196	0.025568	-0.232138	-0.208670	-0.391404	-0.186305	-0.138727
ENSMUSG00000031200	-0.814636	-0.033269	-0.243774	0.663848	0.404250	0.628894
ENSMUSG00000031201	0.066524	-0.430352	0.204273	-0.494344	-0.302812	-0.377623
ENSMUSG00000031202	-0.780893	0.104245	-0.101456	-0.274530	-0.539880	-0.019617
ENSMUSG00000031204	0.147422	0.086440	0.131383	0.358919	0.001396	0.362913
ENSMUSG00000031207	0.285892	0.253780	0.002671	-0.112905	0.237127	0.226139
ENSMUSG00000031209	0.373127	0.172503	-0.249948	-0.545491	-0.132604	-0.207535
ENSMUSG00000031212	-0.368591	-0.167762	0.437043	0.145480	0.134032	-0.286653
ENSMUSG00000031214	-0.523704	0.404052	0.224540	0.875703	-0.324719	-0.827157
ENSMUSG00000031216	-0.413676	-0.190647	0.197521	0.083438	0.359089	-0.118388
ENSMUSG00000031217	0.052306	0.226384	0.346934	-0.452856	0.016451	-0.417438
ENSMUSG00000031220	0.207886	-0.521303	-0.061285	-0.500763	0.574472	-0.528624
ENSMUSG00000031221	-0.105760	-0.056226	0.378965	-0.585899	-0.627548	0.670443
ENSMUSG00000031229	-0.379627	0.340943	0.059273	-0.008778	0.212023	0.079636
ENSMUSG00000031230	-0.784725	-0.285614	-0.226015	-0.393859	0.886590	-0.789178
ENSMUSG00000031231	-0.291771	0.037842	-0.200596	-0.152920	0.614343	0.490101
ENSMUSG00000031232	-0.274425	-0.132629	-0.111506	0.203060	0.019385	0.026725
ENSMUSG00000031233	-0.086566	0.311386	0.210184	-0.120390	-0.281623	0.051095
ENSMUSG00000031242	0.080162	-0.050538	-0.318121	0.288864	0.287762	-0.288359
ENSMUSG00000031255	-0.025808	-0.001734	-0.127747	0.623253	0.381227	0.093522
ENSMUSG00000031256	0.042838	0.436755	-0.235871	0.466596	0.366197	0.081172
ENSMUSG00000031257	0.155308	-0.193932	0.108153	0.432716	0.089408	-0.112971
ENSMUSG00000031262	-0.006876	0.570273	-0.015220	-0.153502	-0.129618	0.134115
ENSMUSG00000031264	-0.764445	0.251849	-0.053002	-0.211802	-0.294423	0.226642
ENSMUSG00000031266	0.358412	0.230234	-0.813858	-0.920639	-0.419111	-0.422822
ENSMUSG00000031273	-0.104769	-0.176059	-0.086029	-0.074698	0.396465	-0.131658
ENSMUSG00000031274	-0.274042	-0.358998	0.585491	0.156764	-0.008948	-0.027868
ENSMUSG00000031278	0.418772	-0.137997	-0.168488	0.175318	0.320209	-0.502746
ENSMUSG00000031283	-0.002509	-0.134454	-0.128624	-0.031890	-0.092058	-0.122930
ENSMUSG00000031284	0.656797	-0.027721	0.411288	0.567186	0.689967	-0.520314
ENSMUSG00000031286	0.290222	0.437546	-0.126859	-0.042806	-0.269531	0.039344
ENSMUSG00000031289	-0.302193	0.156356	-0.594390	0.590147	0.201252	-0.144772
ENSMUSG00000031295	-0.175349	0.702097	0.041367	-0.499654	-0.390201	-0.090674
ENSMUSG00000031297	-0.238843	-0.048320	0.345035	-0.117161	-0.072223	-0.386386
ENSMUSG00000031299	-0.040326	0.262214	-0.394919	0.147657	0.268404	-0.107128
ENSMUSG00000031302	-0.159329	-0.339606	-0.273682	0.399470	0.279036	-0.110347
ENSMUSG00000031304	-0.125622	-0.601073	-0.250551	0.199001	0.466706	0.029973
ENSMUSG00000031309	0.107091	0.293791	0.412808	0.843237	0.441385	0.528347
ENSMUSG00000031314	-0.013352	0.456261	0.301326	0.451130	0.234173	0.319859
ENSMUSG00000031320	0.022472	0.073900	0.171652	-0.238006	-0.448842	-0.696829
ENSMUSG00000031328	-0.776449	-0.427191	-0.028215	-0.069612	-0.137166	-0.075204
ENSMUSG00000031333	-0.483618	-0.014142	0.369110	-0.019095	0.233427	-0.078759
ENSMUSG00000031337	-0.506383	-0.212425	0.260236	0.100119	0.199752	-0.182900
ENSMUSG00000031340	-0.114048	0.260813	-0.247678	0.351819	-0.110295	-0.141179
ENSMUSG00000031343	0.302832	0.486758	-0.238905	0.663743	-0.328583	-0.551290
ENSMUSG00000031344	0.628238	-0.472970	0.182124	0.257689	0.436218	0.119294
ENSMUSG00000031347	-0.035075	-0.251330	0.020874	0.393186	-0.369957	0.068791
ENSMUSG00000031349	-0.162736	0.071509	0.480666	-0.061599	0.311012	0.168026
ENSMUSG00000031352	0.099997	-0.044995	-0.023805	-0.689870	-0.261787	0.150983
ENSMUSG00000031353	0.080130	0.132767	0.183296	0.061795	-0.052034	-0.740636
ENSMUSG00000031354	-0.098304	0.387184	0.293505	-0.060019	-0.186707	-0.151827
ENSMUSG00000031355	-0.536732	0.391869	0.134326	0.213228	0.619348	-0.075871
ENSMUSG00000031358	0.169257	0.084638	0.052473	0.362475	0.314183	-0.011162
ENSMUSG00000031360	0.143873	0.019532	-0.249057	0.765188	-0.927057	0.538757
ENSMUSG00000031364	-0.328856	-0.315331	-0.089334	0.153691	0.195950	-0.502155
ENSMUSG00000031367	0.015393	0.303777	0.378036	0.629509	-0.254277	-0.594467
ENSMUSG00000031371	0.203363	-0.324407	-0.275168	-0.021093	0.215269	-0.034404
ENSMUSG00000031373	0.031082	-0.008293	0.208576	-0.334200	0.102901	0.476661
ENSMUSG00000031375	0.465891	0.567090	-0.522182	0.314480	-0.137295	-0.446042
ENSMUSG00000031376	0.298828	-0.115453	-0.031656	-0.253769	0.920896	-0.438624
ENSMUSG00000031377	0.038113	0.012512	0.279553	0.667135	-0.022721	0.112521
ENSMUSG00000031378	-0.160623	0.087128	0.401226	-0.232049	0.477509	0.452228
ENSMUSG00000031379	0.322150	0.282630	-0.768627	-0.024413	0.126373	0.235440
ENSMUSG00000031380	-0.128932	0.668365	-0.638017	-0.202067	-0.332545	0.595438
ENSMUSG00000031381	-0.727831	0.200988	0.180730	-0.101482	0.308859	1.066379
ENSMUSG00000031382	0.077406	0.224293	-0.218591	0.305565	-0.313784	-0.222032
ENSMUSG00000031383	0.074638	0.092769	-0.276774	0.170252	-0.130975	-0.638997
ENSMUSG00000031384	-0.698488	-0.442630	0.029085	0.544041	-0.114399	0.079859
ENSMUSG00000031385	0.042593	0.194981	-1.111812	-0.042595	-0.347221	-0.080753
ENSMUSG00000031386	-0.575002	-0.180595	-0.540101	0.165415	0.219842	-0.320496
ENSMUSG00000031387	0.121735	0.022813	0.652716	0.430924	0.465693	0.276441
ENSMUSG00000031390	0.152241	-0.282916	-0.368676	0.052335	-0.782850	0.051457
ENSMUSG00000031391	-0.796315	0.067920	-0.112756	0.280196	0.447094	0.426487
ENSMUSG00000031392	-0.443103	-0.192136	-0.656555	-0.888705	-0.826021	-0.863071
ENSMUSG00000031393	-0.262433	0.693929	0.538026	0.098368	-0.015155	0.608983
ENSMUSG00000031394	-0.254597	-0.138510	0.094706	0.114928	-0.328499	-0.080616
ENSMUSG00000031397	0.524711	0.617890	0.095535	-0.377833	0.222921	-0.517358
ENSMUSG00000031398	-0.005052	-0.095225	0.549290	-0.753853	0.314364	-0.235828
ENSMUSG00000031400	0.349258	-0.078889	0.115396	-0.005227	-0.463658	0.515431
ENSMUSG00000031403	0.372690	0.841322	-0.896230	-0.028943	0.571476	0.579659
ENSMUSG00000031410	0.022967	0.518978	-0.169337	0.139185	0.510713	0.056984
ENSMUSG00000031424	0.346403	-0.152361	-0.038499	-0.135329	-0.396227	0.004353
ENSMUSG00000031429	0.000060	-0.014161	-0.095949	-0.123608	-0.134436	-0.033977
ENSMUSG00000031432	-0.249435	-0.465078	-0.111488	0.018002	0.662219	-0.126738
ENSMUSG00000031438	-0.081993	0.154078	0.224595	-0.865008	0.193260	0.116100
ENSMUSG00000031441	-0.172817	0.291673	-0.470753	0.121746	0.122330	0.629080
ENSMUSG00000031443	0.040183	0.927014	0.311397	0.306436	-0.031852	-0.719141
ENSMUSG00000031444	-0.489158	0.162032	0.223841	0.544175	-0.115387	0.150679
ENSMUSG00000031445	-0.472715	0.321169	-0.263085	-0.014409	-0.224653	-0.019222
ENSMUSG00000031446	-0.425454	0.538501	0.004402	-0.056340	-0.354795	-0.617156
ENSMUSG00000031447	-0.487553	0.393028	0.651000	-0.209697	0.306328	0.377445
ENSMUSG00000031449	-0.307009	0.511501	-0.605534	-0.048188	-0.177765	-0.146210
ENSMUSG00000031450	0.033955	-0.186810	0.003366	0.170788	0.565455	-0.191566
ENSMUSG00000031451	-0.082069	0.183296	0.426635	0.501592	0.172783	-0.304904
ENSMUSG00000031453	0.353740	0.570132	-0.293891	0.134397	0.095834	-0.154627
ENSMUSG00000031458	-0.005520	-0.119899	0.053738	-0.000410	-0.377488	-0.251232
ENSMUSG00000031465	-0.278656	-0.066216	0.060938	-0.365642	-0.463510	-0.618035
ENSMUSG00000031467	0.431227	-0.166632	0.673973	-0.210765	-0.037193	-0.173623
ENSMUSG00000031471	-0.324474	0.081558	-0.392399	0.262991	0.290830	-0.051686
ENSMUSG00000031479	0.450864	0.027307	0.041663	0.072680	0.088855	0.218306
ENSMUSG00000031481	-0.020179	0.326479	0.301787	-0.214617	-0.114905	-0.353087
ENSMUSG00000031482	-0.117236	0.939699	0.490323	-0.436195	-0.230090	-0.136247
ENSMUSG00000031483	0.415559	0.275717	0.517198	-0.384025	-0.415032	0.737595
ENSMUSG00000031487	0.310620	0.064383	-0.648838	0.501122	0.037155	-0.374595
ENSMUSG00000031488	-0.151498	-0.039194	-0.383769	0.102889	0.233778	-0.556105
ENSMUSG00000031489	-0.163969	0.399282	-0.261278	0.583865	0.772155	0.229618
ENSMUSG00000031490	-0.392269	-0.333881	-0.052910	0.429632	0.049288	-0.334501
ENSMUSG00000031491	-0.618661	-0.458990	0.576033	-0.174871	0.292436	-0.736183
ENSMUSG00000031492	0.834559	0.293069	-0.213399	-0.508608	-0.280139	-0.470847
ENSMUSG00000031494	0.625464	-0.291894	-0.265669	0.154504	-0.113967	-0.183167
ENSMUSG00000031495	0.010134	0.014103	-0.691270	0.131459	-0.254937	-0.082647
ENSMUSG00000031497	0.507709	-0.118535	-0.267466	-0.184033	-0.233893	0.133594
ENSMUSG00000031502	-0.458074	-0.215344	-0.312054	0.534496	0.390862	0.072941
ENSMUSG00000031503	-0.422664	-0.259911	0.234828	0.094061	-0.116965	-0.064936
ENSMUSG00000031504	0.314645	-0.083053	0.005544	-0.016394	-0.296659	-0.412636
ENSMUSG00000031505	0.535574	-0.014435	0.440136	0.327796	-0.045289	0.043893
ENSMUSG00000031506	-0.427614	-0.236378	0.216432	0.692751	0.029425	-0.169009
ENSMUSG00000031511	0.034928	0.441070	-0.191447	0.463093	0.168623	0.404844
ENSMUSG00000031516	-0.080619	-0.223454	0.361400	0.164611	-0.077214	-0.279334
ENSMUSG00000031519	0.679396	-0.051490	-0.173718	0.668200	-0.210516	-0.336348
ENSMUSG00000031520	-0.468244	0.348028	-0.679543	-0.495706	0.212636	0.163926
ENSMUSG00000031521	0.320981	-0.091688	0.481210	0.048325	0.150311	-0.018016
ENSMUSG00000031527	-0.022605	0.414823	-0.205741	0.145552	0.770134	0.128458
ENSMUSG00000031529	0.482389	0.136322	-0.014867	0.476229	-0.664745	-0.172521
ENSMUSG00000031530	-0.534083	0.766989	0.073671	0.035704	0.144834	-0.256676
ENSMUSG00000031533	0.085263	-0.766139	-0.409126	-0.421836	0.039267	0.132300
ENSMUSG00000031535	0.158932	-0.741511	-0.830185	0.294480	-0.212388	-0.370627
ENSMUSG00000031536	0.148931	-0.714933	-0.270817	0.361632	0.208319	0.237363
ENSMUSG00000031537	-0.063671	-0.239937	0.496045	-0.788850	-0.010351	0.099583
ENSMUSG00000031538	-0.519444	-0.141821	-0.232215	0.197042	0.008572	0.391690
ENSMUSG00000031543	-0.216123	0.155978	-0.213190	-0.400900	0.374966	0.044606
ENSMUSG00000031545	-0.162672	-0.719860	0.386571	-0.395405	0.059210	-0.148318
ENSMUSG00000031546	0.164203	-0.637514	0.022019	0.446924	-0.143459	-0.116506
ENSMUSG00000031548	-0.257814	0.424158	-0.161082	0.178283	0.033409	-0.159318
ENSMUSG00000031549	0.114590	-0.180067	0.204175	0.215236	-0.295878	0.633724
ENSMUSG00000031551	0.259984	0.211967	-0.196537	-0.275994	-0.641402	-0.503299
ENSMUSG00000031555	-0.254400	-0.257907	0.593550	-0.109509	0.461214	0.214492
ENSMUSG00000031557	-0.044098	0.118311	-0.529120	0.470504	-0.022902	0.240843
ENSMUSG00000031558	0.290735	-0.492828	0.250424	0.554464	-0.100112	1.062120
ENSMUSG00000031562	0.730808	0.079750	-0.226898	-0.351536	-0.373425	0.024424
ENSMUSG00000031565	0.333874	0.653950	-0.606209	0.444994	-0.379826	-0.153361
ENSMUSG00000031570	-0.272917	-0.182962	-0.415260	0.201610	-0.075899	0.023522
ENSMUSG00000031574	0.083513	0.583615	0.683967	-0.271172	-0.199147	0.003615
ENSMUSG00000031575	-0.342860	-0.270908	0.104605	-0.016033	0.025580	-0.316533
ENSMUSG00000031576	0.590296	-0.001489	-0.559054	0.831758	-0.047131	0.309310
ENSMUSG00000031583	-0.506867	0.037132	-0.241139	0.073488	0.229410	-0.234945
ENSMUSG00000031584	0.234029	0.180262	0.122627	0.292363	-0.531064	-0.158117
ENSMUSG00000031585	0.241649	-0.335850	0.251130	0.512569	-0.106713	-0.328689
ENSMUSG00000031591	-0.927403	-0.210629	-0.310522	-0.125227	0.004097	0.179088
ENSMUSG00000031592	0.311404	0.254429	-0.772474	0.092376	0.135193	-0.072753
ENSMUSG00000031600	-0.882838	-0.313506	0.098973	0.036619	0.121587	0.189551
ENSMUSG00000031601	-0.224745	-0.006346	0.223790	-0.242401	0.627501	0.402744
ENSMUSG00000031603	-0.383747	-0.750455	-0.594107	-0.291804	-0.340029	-0.248522
ENSMUSG00000031604	0.102904	0.386656	0.062733	0.230558	-0.664024	-0.055320
ENSMUSG00000031605	-0.095394	-0.162357	-0.868721	-0.613835	-0.198379	0.026840
ENSMUSG00000031608	-0.166247	0.273411	0.460891	0.383188	-0.016739	-0.258879
ENSMUSG00000031609	-0.361832	-0.332100	0.043219	-0.003084	-0.096773	-0.047904
ENSMUSG00000031613	-0.210682	-0.468692	-0.269758	0.482629	0.476942	-0.528725
ENSMUSG00000031616	0.639503	-0.783416	-0.371485	0.002035	0.125116	-0.480378
ENSMUSG00000031618	-0.585673	-0.353405	0.039464	-0.179623	0.038546	-0.752198
ENSMUSG00000031622	-0.074858	0.002086	0.233402	0.345366	0.091773	-0.037366
ENSMUSG00000031628	-0.387115	-0.306269	-0.808155	-0.030537	-0.122572	-0.830032
ENSMUSG00000031629	0.177441	-0.007877	-0.306754	0.218809	0.490391	0.282804
ENSMUSG00000031633	-0.396591	-0.669371	-0.293754	-0.548166	0.387873	-0.210288
ENSMUSG00000031639	-0.084370	0.076456	0.207403	0.022671	-0.441677	-0.099538
ENSMUSG00000031641	0.483450	0.315214	-0.075942	0.108441	-0.116874	0.196739
ENSMUSG00000031642	0.024373	0.249728	0.291367	-0.202624	0.393318	0.214885
ENSMUSG00000031644	0.298774	-0.216169	-0.146671	-0.196632	0.252178	-0.473579
ENSMUSG00000031645	-0.365673	0.376208	-0.303289	-0.143145	0.417181	0.160519
ENSMUSG00000031652	0.070581	0.169656	-0.243996	-0.287730	0.166188	-0.224104
ENSMUSG00000031659	0.226750	0.261091	-0.226820	-0.235354	-0.202972	0.557013
ENSMUSG00000031660	-0.123424	-0.568986	-1.034317	-0.224217	-0.079632	-0.220668
ENSMUSG00000031661	-0.116357	-0.156203	-0.211983	0.541330	0.280974	-0.813486
ENSMUSG00000031666	-0.550488	-0.012669	-0.765166	-0.556069	0.060769	0.362374
ENSMUSG00000031668	-0.291786	-0.339815	0.094635	-0.372098	0.338451	-0.147754
ENSMUSG00000031669	-0.711235	-0.166020	0.060365	-0.004698	0.030927	-0.158562
ENSMUSG00000031671	0.031147	0.614731	0.122714	-0.019739	0.728044	-0.319388
ENSMUSG00000031672	-0.585548	0.076490	0.329324	-0.174689	-0.347951	-0.027879
ENSMUSG00000031673	-0.265579	-0.073673	0.905954	0.238843	-0.316034	-0.469650
ENSMUSG00000031681	-0.022147	0.263700	-0.096768	-0.001642	-0.890088	-0.477383
ENSMUSG00000031683	0.161092	-0.249501	-0.334278	-0.234233	-0.048738	0.263580
ENSMUSG00000031688	-0.186684	-0.208603	-0.455253	0.048754	0.716149	0.555430
ENSMUSG00000031696	0.642542	0.054465	0.970773	-1.160169	-0.700924	-0.208958
ENSMUSG00000031698	0.192382	-0.267247	-0.285924	0.352013	0.397984	0.180035
ENSMUSG00000031700	-0.245381	-0.231240	-0.145292	0.653779	-0.013831	0.506318
ENSMUSG00000031701	0.043721	0.103602	-0.434274	-0.158903	0.672500	0.385163
ENSMUSG00000031708	0.385373	-0.573452	0.390910	-0.238166	-0.175961	0.232600
ENSMUSG00000031710	-0.239367	-0.429690	0.157513	-0.340806	0.778318	0.631186
ENSMUSG00000031712	-0.414002	0.088299	0.044753	-0.110956	0.018096	0.329435
ENSMUSG00000031714	0.247818	0.027729	0.106415	0.714992	-0.431264	0.360050
ENSMUSG00000031715	0.365070	-0.076380	0.468187	0.266018	-0.477982	0.623454
ENSMUSG00000031722	-0.020658	0.574068	-0.510391	0.203175	0.281970	-0.378530
ENSMUSG00000031725	-0.304934	-0.111051	0.499466	0.090849	0.021720	-0.109152
ENSMUSG00000031729	-0.055179	0.268109	0.548709	0.222802	0.180837	-0.373001
ENSMUSG00000031730	-0.189180	-0.017842	0.501845	-0.193684	0.299493	-0.624716
ENSMUSG00000031731	-0.386674	-0.253549	-0.564685	0.475771	-0.570679	-0.569086
ENSMUSG00000031732	0.559509	-0.775221	0.001523	-0.015584	0.296247	-0.255977
ENSMUSG00000031740	-0.599568	0.221523	0.131883	0.294482	0.207237	0.110963
ENSMUSG00000031748	0.510312	-0.434450	0.046076	-0.110932	-0.014551	0.651638
ENSMUSG00000031749	-0.270310	0.127335	0.022235	-0.038828	0.173524	-0.082997
ENSMUSG00000031750	-0.272854	0.476295	0.093176	-0.542374	-0.006868	-0.407979
ENSMUSG00000031751	-0.692808	-0.096471	-0.118950	0.011136	0.430816	-0.688457
ENSMUSG00000031753	0.170638	0.564988	0.437871	-0.559984	0.223934	-0.038545
ENSMUSG00000031754	-0.157861	0.678600	0.480761	0.024091	0.271333	-0.019165
ENSMUSG00000031755	-0.337285	-0.282212	0.661409	0.179399	0.118664	-0.175990
ENSMUSG00000031756	-0.169319	-0.456945	-0.060274	-0.004092	-0.121211	-0.291229
ENSMUSG00000031760	-0.293664	-0.288132	-0.220668	0.364923	0.341962	-0.592166
ENSMUSG00000031762	-0.640801	-0.584818	-0.139620	-0.129188	0.103136	-0.331443
ENSMUSG00000031765	-0.032382	-0.104399	-0.501023	-0.255552	0.759427	-0.142157
ENSMUSG00000031766	0.064370	0.003257	-0.332024	-0.215082	-0.021746	-0.203792
ENSMUSG00000031776	0.141981	0.999074	-0.066684	0.496906	0.305400	-0.067116
ENSMUSG00000031778	-0.048006	0.157361	0.261406	-0.143083	-0.292920	-0.043093
ENSMUSG00000031779	-0.722850	-0.726694	-0.011466	-0.152633	0.140822	0.237485
ENSMUSG00000031780	0.176875	0.018874	-0.195782	-0.010991	0.204217	-0.007287
ENSMUSG00000031782	0.490409	0.302456	0.197422	-0.247933	0.005832	-0.165600
ENSMUSG00000031783	-0.029488	0.206487	0.351121	-0.734860	-0.158509	0.130213
ENSMUSG00000031789	-0.064422	0.120259	-0.430189	0.244989	-0.529350	0.194563
ENSMUSG00000031790	0.289244	-0.683456	0.041708	0.544712	-0.167342	-0.641423
ENSMUSG00000031799	0.352891	-0.506329	0.148669	-0.216573	0.722297	-0.859419
ENSMUSG00000031803	0.419811	0.118474	-0.019292	0.221277	-0.149281	-0.310061
ENSMUSG00000031805	-0.154694	0.286045	0.151317	-0.011129	0.136655	-0.084441
ENSMUSG00000031807	0.341593	-0.608285	-0.250307	0.039386	-0.306803	0.019431
ENSMUSG00000031808	0.669076	0.008514	-0.217735	-0.144829	-0.012365	0.543683
ENSMUSG00000031812	-0.023494	-0.015689	-0.280018	-0.380984	0.218498	-0.111312
ENSMUSG00000031813	-0.383282	-0.179705	-0.025262	-0.006835	-0.395523	-0.325829
ENSMUSG00000031818	-0.317190	0.317337	0.420258	0.476664	-0.052891	-0.284644
ENSMUSG00000031820	0.354121	-0.250813	0.459937	-0.035918	-0.511448	0.266964
ENSMUSG00000031821	0.093713	-0.077372	0.055951	0.579657	0.099002	0.526668
ENSMUSG00000031823	-0.176113	-0.002247	0.162095	-0.229764	0.035435	0.251850
ENSMUSG00000031825	0.511341	0.504015	-0.283372	0.411064	0.226159	0.211539
ENSMUSG00000031826	-0.076404	0.958482	0.402436	-0.177306	0.502795	-0.014492
ENSMUSG00000031827	0.272907	0.106860	0.188452	-0.213906	-0.013437	0.357672
ENSMUSG00000031832	-0.045331	0.225461	-0.285540	0.265970	-0.273302	0.739373
ENSMUSG00000031834	0.067171	0.026474	0.670159	1.347378	0.498156	0.210946
ENSMUSG00000031835	0.475473	0.219851	-0.537107	0.246652	-0.301027	0.011166
ENSMUSG00000031838	0.452329	0.248746	-0.009145	0.458940	-0.073300	0.051016
ENSMUSG00000031839	0.204426	0.233512	0.304520	-0.099036	-0.883754	0.323878
ENSMUSG00000031840	-0.506858	-0.450160	-0.591403	0.247506	0.295018	0.468332
ENSMUSG00000031841	0.528949	-0.448501	0.392812	0.330133	0.367896	-0.089791
ENSMUSG00000031842	-0.115758	0.218906	0.255779	-0.027668	-0.325169	-0.283569
ENSMUSG00000031843	-0.375443	-0.015342	-0.148080	-0.021191	-0.364761	0.184892
ENSMUSG00000031844	-0.533528	-0.711603	0.021443	0.164865	-0.156725	0.410724
ENSMUSG00000031845	-0.083310	-0.026776	-0.170163	0.025278	0.351443	-0.062119
ENSMUSG00000031849	-0.009195	0.748283	-0.336971	0.207678	-0.543533	0.211107
ENSMUSG00000031851	0.276697	-0.177377	0.326129	0.414512	0.144031	-0.486406
ENSMUSG00000031853	-0.219298	0.308273	0.075467	-0.456871	0.229688	0.077007
ENSMUSG00000031858	0.069140	1.034310	0.508994	0.009242	-0.696963	-0.038275
ENSMUSG00000031861	-0.129570	0.400952	0.159008	0.127177	0.151824	-0.285161
ENSMUSG00000031862	0.043477	0.147316	-0.167442	0.160153	0.344545	-0.015492
ENSMUSG00000031864	-0.368914	0.456431	0.345428	0.456866	0.609563	0.443829
ENSMUSG00000031865	0.324941	0.045206	-0.298386	-0.345026	-0.024141	-0.084582
ENSMUSG00000031870	0.048076	0.109528	-0.734155	-0.299190	-0.033448	-0.246689
ENSMUSG00000031871	0.586191	-0.157192	-0.367442	-0.241662	0.219874	-0.166436
ENSMUSG00000031877	-0.332573	0.110713	0.435402	-0.594949	-0.172526	-0.559866
ENSMUSG00000031878	0.334583	-0.542575	-0.349814	0.049586	-0.221009	-0.550240
ENSMUSG00000031883	-0.266838	-0.429504	0.399309	0.381776	-0.564985	-0.266864
ENSMUSG00000031885	0.581370	-0.545819	0.196373	0.094498	-0.063093	0.039548
ENSMUSG00000031886	0.535713	0.473371	0.163650	-0.298273	0.079844	0.026779
ENSMUSG00000031887	-0.219847	-0.514016	0.396450	0.134838	0.339388	0.205834
ENSMUSG00000031891	-0.200245	-0.051689	0.011817	-0.643330	0.326471	-0.059565
ENSMUSG00000031897	0.192177	0.091882	-0.029215	0.447808	0.057296	-0.338758
ENSMUSG00000031901	-0.503047	0.277818	-0.288356	0.706077	-0.205490	-0.488528
ENSMUSG00000031902	0.140801	0.238674	-0.252846	0.417962	-0.096506	0.086967
ENSMUSG00000031903	0.108421	0.035375	0.179818	0.000375	-1.166304	-0.337394
ENSMUSG00000031904	0.154518	0.022679	0.033847	0.026443	0.461814	0.290548
ENSMUSG00000031906	0.295764	0.657386	0.561825	0.301705	-0.072405	0.117234
ENSMUSG00000031907	-0.143148	-0.131205	-0.233121	-0.325382	0.315967	0.147328
ENSMUSG00000031910	-0.245624	-0.312447	0.625705	-0.482319	0.182939	0.489383
ENSMUSG00000031913	0.204429	-0.521412	0.217412	0.483466	0.001848	-0.100367
ENSMUSG00000031916	-0.230366	0.542023	-0.288368	-0.405813	0.169602	0.590086
ENSMUSG00000031917	-0.011119	-0.450584	-0.352830	0.290924	0.251229	-0.196710
ENSMUSG00000031918	-0.399280	0.770577	-0.286522	0.384887	0.228261	-0.168772
ENSMUSG00000031921	-0.048622	0.151717	-0.166855	0.085028	0.509584	0.396514
ENSMUSG00000031922	-0.359407	0.142944	0.058553	0.226380	0.761646	0.207071
ENSMUSG00000031924	0.082597	0.158664	-0.200354	-0.627065	-0.521106	-0.624140
ENSMUSG00000031925	0.130043	0.222970	-0.392210	-0.730144	0.094456	-0.089766
ENSMUSG00000031928	-0.225420	0.120653	-0.437646	-0.404614	-0.488604	-0.589821
ENSMUSG00000031930	0.341781	-0.606312	-0.819496	-0.622789	-1.480680	-0.624611
ENSMUSG00000031932	0.055998	0.128288	0.011075	-0.096072	-0.062199	0.188866
ENSMUSG00000031933	-0.469545	0.297491	-0.283232	-0.091971	-0.774898	0.371347
ENSMUSG00000031934	0.040018	-0.341503	0.261340	0.091846	0.062319	0.614424
ENSMUSG00000031935	-0.129828	0.020872	0.871028	0.294848	-0.379501	-0.387558
ENSMUSG00000031936	0.090577	-0.249844	0.744873	-0.581248	0.123412	-0.476495
ENSMUSG00000031939	0.530613	0.017105	0.042639	0.544511	-0.363039	0.024501
ENSMUSG00000031948	0.274674	0.033188	-0.301408	-0.332632	0.356688	0.249249
ENSMUSG00000031950	0.615894	0.127360	-0.211957	-0.792436	0.649806	-0.149070
ENSMUSG00000031952	-0.234957	0.144261	0.098295	0.141328	0.570881	0.117189
ENSMUSG00000031955	-0.463458	0.340069	-0.386270	-0.179601	-0.254838	-0.046601
ENSMUSG00000031957	0.013997	0.241344	0.343511	-0.059843	0.127956	0.512271
ENSMUSG00000031958	0.376638	0.028478	-0.439592	-0.295422	0.079608	0.563262
ENSMUSG00000031959	0.010845	-0.603211	0.197469	0.078287	-0.031472	-0.095702
ENSMUSG00000031960	0.057393	0.069668	-0.108779	-0.082372	0.571949	-0.006284
ENSMUSG00000031962	-0.200336	-0.140220	0.078318	0.092990	-0.477989	0.013463
ENSMUSG00000031966	-0.612455	0.224851	0.670691	0.074755	-0.618338	0.205254
ENSMUSG00000031969	0.433474	0.021897	-0.324333	0.127791	-0.285996	-0.391205
ENSMUSG00000031972	0.163349	-0.449466	-0.061232	-0.478240	-0.072367	-0.184582
ENSMUSG00000031979	-0.180940	-0.336198	-0.291632	0.489261	-0.634268	-0.126918
ENSMUSG00000031980	-0.704116	-0.058253	-0.152701	-0.117296	-0.209842	-0.105858
ENSMUSG00000031982	-0.321418	-0.420451	0.382764	-0.230409	-0.095763	0.316944
ENSMUSG00000031985	-0.324646	0.157719	-0.051760	-0.121385	0.208411	0.208457
ENSMUSG00000031986	-0.411774	-0.211814	0.048257	0.370271	-0.022770	-0.499491
ENSMUSG00000031987	0.321153	-0.274723	0.364486	-0.305128	0.311766	-0.226112
ENSMUSG00000031990	0.414661	0.084184	0.498868	-0.489101	-0.060253	0.048415
ENSMUSG00000031996	-0.387882	-0.323439	0.066720	-0.420535	-0.042921	-0.255778
ENSMUSG00000031997	-0.453155	-0.052709	0.303555	0.276242	-0.091649	-0.054959
ENSMUSG00000032000	-0.342741	-0.176553	-1.078466	-0.428335	-0.828335	-0.716670
ENSMUSG00000032002	0.071336	0.053479	0.324402	-0.060489	0.617049	0.317571
ENSMUSG00000032006	0.478998	-0.173487	0.180418	-0.412185	-0.110253	-0.444915
ENSMUSG00000032009	-0.543483	-0.015725	0.229084	0.423475	0.294627	0.447097
ENSMUSG00000032010	-0.034192	-0.070923	-0.110496	-0.057957	0.109476	0.649130
ENSMUSG00000032011	-0.216885	-0.078629	-0.504445	-0.114360	0.342438	-0.542934
ENSMUSG00000032012	0.385255	0.168556	0.387833	0.150331	0.551064	-0.618436
ENSMUSG00000032015	-0.421052	-0.051261	0.238057	0.011725	-0.027980	0.331327
ENSMUSG00000032017	-0.242864	0.247599	0.063095	-0.390044	-0.183204	0.007672
ENSMUSG00000032018	-0.461265	0.144977	-0.095682	-0.359492	0.546663	-0.249742
ENSMUSG00000032021	0.019674	-0.487702	0.042661	0.174408	0.781950	0.266779
ENSMUSG00000032024	-0.128795	-0.171406	-0.398368	-0.538248	0.592050	0.045706
ENSMUSG00000032030	0.286443	0.686318	-0.079528	-0.316779	0.045010	-0.106962
ENSMUSG00000032034	-0.196381	0.139986	0.103640	0.277757	-0.080663	-0.177715
ENSMUSG00000032035	0.226400	-0.134087	0.689708	0.205501	-0.710199	0.135487
ENSMUSG00000032036	0.244081	-0.322320	0.068689	-0.434786	-0.364571	-0.312742
ENSMUSG00000032038	-0.233425	-0.004832	0.802627	-0.062078	-0.884418	-0.397818
ENSMUSG00000032040	-0.102315	-0.368671	0.085412	-0.151550	-0.844316	-0.300833
ENSMUSG00000032041	0.211700	0.200870	0.042236	0.003622	0.079309	0.927960
ENSMUSG00000032046	0.352070	0.013365	-0.098122	-0.326180	0.110798	0.220045
ENSMUSG00000032047	0.218164	0.095576	-0.573261	-0.142863	0.609813	-0.077730
ENSMUSG00000032050	0.889549	-0.300473	0.337990	0.308320	0.299149	-1.144389
ENSMUSG00000032051	0.200775	0.322492	-0.173386	0.151756	-0.364382	0.620745
ENSMUSG00000032056	0.037736	-0.310296	0.483078	-0.140688	0.220159	-0.399267
ENSMUSG00000032058	0.234048	-0.086617	0.239887	0.043786	-0.090897	0.670985
ENSMUSG00000032059	-0.163663	0.176874	0.276658	0.396604	0.289459	0.382431
ENSMUSG00000032060	0.046246	0.420043	0.017364	-0.189006	-0.030710	-0.309527
ENSMUSG00000032066	-0.351012	-0.060039	0.236959	-0.252967	0.121362	0.464173
ENSMUSG00000032067	0.042869	-0.388392	-0.228392	-0.781936	-0.529741	0.073051
ENSMUSG00000032068	0.702977	-0.026983	0.537643	-0.194875	0.202481	0.149843
ENSMUSG00000032076	-0.308041	0.222978	-0.117468	0.346638	0.169236	0.028057
ENSMUSG00000032077	-0.522032	0.044058	0.219261	0.333688	0.034408	-0.572127
ENSMUSG00000032079	-0.083108	0.305418	-0.209776	0.008715	0.190373	-0.090930
ENSMUSG00000032080	-0.004982	0.353344	0.213132	-0.224243	-0.214755	-0.019037
ENSMUSG00000032081	0.244845	-0.003558	0.262398	-0.641710	-0.456865	0.458229
ENSMUSG00000032083	0.453706	-0.258067	0.155560	0.087169	0.031325	0.522138
ENSMUSG00000032086	-0.403302	0.106958	-0.300396	-0.221514	0.619286	0.856524
ENSMUSG00000032087	0.050089	-0.886723	-0.215172	0.085786	-0.466783	0.113333
ENSMUSG00000032089	0.050867	-0.002597	0.242935	-0.139249	-0.677339	-0.329816
ENSMUSG00000032093	-0.016766	0.441243	-0.414594	-0.628431	-0.077020	-0.100675
ENSMUSG00000032094	-0.165926	0.058671	0.846811	0.141885	0.177198	0.248605
ENSMUSG00000032096	-0.281123	-0.693172	0.017235	-0.040487	0.002787	-0.335016
ENSMUSG00000032097	0.329611	0.081587	0.084282	0.101718	-0.375720	-0.529905
ENSMUSG00000032098	-0.299598	0.238577	-0.535276	-0.146651	0.046460	-0.052907
ENSMUSG00000032099	-0.368269	0.557685	-0.106463	-0.062153	-0.307511	-0.117033
ENSMUSG00000032108	0.491905	-0.008809	-0.448819	0.282756	-0.423037	0.433820
ENSMUSG00000032109	0.112321	0.238134	0.306210	0.304086	-0.334504	0.114466
ENSMUSG00000032112	-0.530037	0.178963	0.394685	0.006986	-0.165847	-0.123356
ENSMUSG00000032113	-0.162626	-0.456586	0.773476	0.274729	-0.380531	-0.308193
ENSMUSG00000032116	-0.011263	0.305832	0.470699	0.601992	-0.097082	-0.433507
ENSMUSG00000032122	-0.587037	-0.329175	0.441040	0.634219	0.269395	0.266341
ENSMUSG00000032123	-0.117869	-0.091440	-0.449824	0.077600	0.632487	-0.592956
ENSMUSG00000032125	-0.087213	-0.142342	0.017725	0.521572	-0.160527	-0.206566
ENSMUSG00000032126	-0.631949	-0.211525	0.198667	0.352331	-0.061656	-0.235600
ENSMUSG00000032127	0.181003	-0.187125	-0.612220	-0.174243	-0.056584	-0.490024
ENSMUSG00000032128	0.209878	0.271747	0.453388	-0.190364	0.179344	-0.225331
ENSMUSG00000032131	-0.084968	0.649632	-0.019962	-0.079788	0.331735	0.238093
ENSMUSG00000032135	0.447850	0.145236	-0.019833	0.368357	0.200953	0.323796
ENSMUSG00000032171	-0.321761	0.393864	0.786724	0.222326	0.190885	-0.395644
ENSMUSG00000032174	-0.104232	-0.374451	0.740482	0.078468	0.230863	0.064476
ENSMUSG00000032175	-0.468702	-0.625003	0.430538	-0.385574	-0.584204	-0.355152
ENSMUSG00000032177	0.668954	-0.141745	-0.608849	0.075959	0.136745	0.117140
ENSMUSG00000032178	0.060065	-0.495027	-0.439407	-0.371763	0.350765	-0.300943
ENSMUSG00000032179	-0.736741	-0.073111	0.171306	-0.028055	0.368875	-0.308322
ENSMUSG00000032181	0.055552	-0.821579	-0.364981	-0.428441	0.022937	-0.333740
ENSMUSG00000032185	-0.177639	0.257784	-0.156337	-0.271483	-0.293508	-0.327085
ENSMUSG00000032186	-0.106937	0.254861	0.135883	-0.115819	0.246296	0.319889
ENSMUSG00000032187	0.421715	0.017177	0.245497	0.298362	-0.078403	-0.171462
ENSMUSG00000032192	-0.229998	0.347699	-0.231847	-0.196420	0.060851	0.320083
ENSMUSG00000032193	-0.368262	0.074076	0.231012	0.616121	0.407253	-0.290892
ENSMUSG00000032198	-0.035229	-0.031625	0.122000	0.018671	-0.040994	-0.217850
ENSMUSG00000032202	-0.410103	-0.136051	-0.071334	0.731201	-0.131088	0.295065
ENSMUSG00000032204	-0.333004	-0.264767	-0.407618	-0.059768	0.207482	0.425572
ENSMUSG00000032207	0.457512	0.242183	0.292293	-0.594492	0.138314	-0.160981
ENSMUSG00000032215	0.329417	-0.159694	-0.265794	0.459076	-0.084813	-0.414207
ENSMUSG00000032216	-0.569381	-0.017784	-0.282988	-0.431581	-1.207294	-0.251674
ENSMUSG00000032217	0.269886	0.127420	-0.023625	0.197743	-0.416651	-0.208485
ENSMUSG00000032218	0.152398	0.272819	-0.443687	0.684621	-0.371874	-0.283809
ENSMUSG00000032226	0.165065	0.188067	-1.286684	-0.554224	0.249941	0.812863
ENSMUSG00000032228	-0.054619	0.334845	0.351784	-0.438160	-0.145010	-0.401438
ENSMUSG00000032231	0.239268	-0.655219	-0.309028	-0.022928	-0.069054	-0.060365
ENSMUSG00000032232	-0.084603	-0.551323	0.426350	-0.246561	0.529271	0.278352
ENSMUSG00000032235	0.212242	-0.173367	-0.460838	0.697421	0.627448	0.276420
ENSMUSG00000032238	-0.054484	0.535315	-0.332443	-0.707552	-1.062472	-0.286731
ENSMUSG00000032243	-0.382750	0.064527	-0.027387	-0.051586	0.440691	0.672799
ENSMUSG00000032244	0.363730	-0.025354	0.268110	-0.710926	-0.297619	0.003359
ENSMUSG00000032246	0.472071	0.194059	-0.231530	0.107693	0.323069	0.303555
ENSMUSG00000032249	-0.660816	0.393409	0.063949	-0.386878	0.245279	0.074782
ENSMUSG00000032254	-0.869997	0.687511	0.103225	-0.399591	-0.428391	0.911581
ENSMUSG00000032259	0.005104	0.252118	0.267295	0.170049	0.168149	0.216830
ENSMUSG00000032262	0.396101	0.288852	0.212131	-0.265033	-0.421426	0.223775
ENSMUSG00000032263	0.033020	0.333226	0.578380	-0.172651	0.060527	0.159060
ENSMUSG00000032264	-0.191238	-0.735984	0.023172	-0.253634	0.236420	0.382626
ENSMUSG00000032267	-0.583224	0.063449	-0.047217	-0.291973	0.324377	-0.189783
ENSMUSG00000032269	0.174083	-0.503655	0.273685	-0.352837	0.263302	0.154695
ENSMUSG00000032271	0.302196	0.557011	0.092497	0.220171	-0.532929	0.755164
ENSMUSG00000032274	0.292173	0.857861	0.171024	0.025529	-0.003504	0.769797
ENSMUSG00000032278	-0.383662	-0.989856	-0.223132	-0.271568	-0.465153	0.053275
ENSMUSG00000032279	0.080744	-0.063674	-0.066111	-0.081489	-0.234715	0.285112
ENSMUSG00000032280	0.142286	-0.593345	-1.213205	-1.589706	-0.813537	-0.722292
ENSMUSG00000032281	0.555285	-0.597249	0.220804	-0.546966	0.211582	-0.095509
ENSMUSG00000032285	-0.034843	0.388453	-0.466392	0.061422	0.414730	-0.241952
ENSMUSG00000032288	0.295887	0.532737	0.061479	0.043551	0.684866	0.489399
ENSMUSG00000032289	-0.072759	0.295363	0.458974	-0.273268	0.054695	0.325891
ENSMUSG00000032291	-0.052124	0.104585	0.308617	0.298779	0.695197	0.217281
ENSMUSG00000032292	-0.444012	0.217122	0.056573	0.217749	-0.480992	0.148237
ENSMUSG00000032293	-0.039593	-0.110205	-0.892623	-0.742922	-0.596264	-1.044564
ENSMUSG00000032294	-0.761680	-0.876387	-0.184288	-0.769143	-1.010900	-0.551133
ENSMUSG00000032295	-0.096195	-0.601150	0.125339	0.223165	0.017400	-0.439834
ENSMUSG00000032298	0.562141	0.043498	0.648376	0.368032	-0.027105	0.212058
ENSMUSG00000032299	-0.553608	0.261685	0.327148	-0.055195	0.158176	-0.039209
ENSMUSG00000032301	-0.156348	0.259766	-0.191328	-0.415353	-0.457572	0.136700
ENSMUSG00000032303	-0.552495	0.075974	-0.022666	-0.008272	0.303695	-0.297291
ENSMUSG00000032306	-0.318618	-0.564946	0.403673	-0.067815	-0.344313	-0.615813
ENSMUSG00000032307	0.375258	0.090438	-0.415928	-0.299883	0.340178	-0.088084
ENSMUSG00000032308	-0.678782	0.386582	-0.328773	-0.182372	0.332042	-0.202649
ENSMUSG00000032309	0.045374	0.002926	-0.343816	-0.306207	0.104568	0.284507
ENSMUSG00000032310	0.038157	0.177135	0.017268	-0.265786	0.203998	-0.396638
ENSMUSG00000032311	0.149679	0.514390	0.411407	-0.084985	0.242992	-0.471081
ENSMUSG00000032312	0.020714	0.565219	-0.615363	0.769498	-0.261635	0.384148
ENSMUSG00000032315	-0.011131	0.181101	-0.128152	-0.113927	-0.309653	0.173050
ENSMUSG00000032322	-0.707020	-0.026293	0.714173	-0.115552	-0.133017	0.455087
ENSMUSG00000032323	-0.155784	0.328053	0.220665	-0.454242	-0.107325	0.082736
ENSMUSG00000032327	0.299361	-0.091171	0.547133	-0.468971	-0.213260	0.134159
ENSMUSG00000032328	-0.716216	-0.240902	-0.189749	-0.156569	0.017209	-0.930139
ENSMUSG00000032330	-0.388087	0.038123	-0.250866	0.107454	0.708027	-0.743709
ENSMUSG00000032332	0.038662	-0.122312	-0.187686	-0.423677	0.119082	-0.333949
ENSMUSG00000032334	-0.089268	-0.145183	0.118304	-0.384281	0.399224	0.169415
ENSMUSG00000032338	-0.295462	-0.162351	0.078856	-0.609998	0.113075	-0.151163
ENSMUSG00000032340	-0.502779	0.094163	0.648361	-0.044695	0.515722	0.627074
ENSMUSG00000032344	-0.315988	-0.571511	0.282895	-0.113811	-0.205726	-0.271693
ENSMUSG00000032348	0.602156	-0.096698	-0.274075	-0.345815	-0.029627	-0.007183
ENSMUSG00000032349	-0.227294	-0.171428	0.458975	0.698785	-0.353030	-0.078392
ENSMUSG00000032350	0.058737	-0.358456	0.385186	0.070364	0.346616	0.493034
ENSMUSG00000032352	-0.108870	-0.406848	0.110387	-0.281084	0.013756	0.090636
ENSMUSG00000032353	0.833633	0.360923	0.057202	-0.551647	0.171097	0.160513
ENSMUSG00000032356	-0.213611	0.794657	-0.005173	-0.202585	0.238880	-0.885264
ENSMUSG00000032358	0.049325	-0.125985	0.819765	-0.854776	0.737771	-0.257661
ENSMUSG00000032359	0.335245	0.042762	-0.126980	-0.220257	0.466629	-0.187892
ENSMUSG00000032360	-0.107134	0.106111	-0.265366	0.589990	-0.152377	0.179546
ENSMUSG00000032363	-0.143141	-0.728633	0.140942	-0.272837	-0.240364	-0.575675
ENSMUSG00000032366	-0.029807	0.658239	0.494000	-0.094170	-0.169641	0.143588
ENSMUSG00000032373	0.037928	0.134800	-0.069486	-0.013063	-0.738191	0.092226
ENSMUSG00000032374	-0.090343	0.236524	-0.087823	0.084052	-0.371445	-0.124204
ENSMUSG00000032375	-0.168673	0.620924	0.162202	-0.337286	-0.071981	0.421397
ENSMUSG00000032376	0.221020	-0.216372	-0.414861	-0.582236	-0.540299	0.397601
ENSMUSG00000032380	0.510825	-0.008034	-0.366854	-0.061554	-0.406729	0.019654
ENSMUSG00000032384	-0.032413	0.123073	0.189007	-0.749748	0.114046	-0.197966
ENSMUSG00000032386	-0.523003	-0.048665	-0.117073	-0.403250	0.649424	0.019385
ENSMUSG00000032397	0.436668	0.389770	-0.558158	-0.418050	-0.460718	0.419220
ENSMUSG00000032398	0.076016	-0.432064	0.055844	0.057408	-0.198949	0.287292
ENSMUSG00000032399	-0.439286	0.326735	0.017764	0.441814	-0.029709	0.258917
ENSMUSG00000032400	0.061223	0.631868	0.254069	-0.129667	-0.163671	-0.002977
ENSMUSG00000032402	-0.284844	-0.857255	-0.939607	-0.883516	-1.269643	-1.122545
ENSMUSG00000032405	0.582126	0.238136	-0.304168	0.226893	0.419230	-0.268254
ENSMUSG00000032407	-0.063505	-0.258876	0.557688	-0.352536	-0.608474	0.063618
ENSMUSG00000032409	-0.078270	0.030639	-0.149845	-0.112002	0.219072	0.381153
ENSMUSG00000032411	-0.068649	-0.619409	-0.497761	-0.156991	-0.328082	-0.527256
ENSMUSG00000032412	0.090951	-0.017641	-0.281020	-0.053310	0.151157	-0.191480
ENSMUSG00000032413	-0.553900	-0.308735	0.048148	-0.084018	0.279943	-0.007210
ENSMUSG00000032415	0.117980	-0.156263	-0.025219	0.296160	-0.173656	0.381280
ENSMUSG00000032418	0.415228	0.011367	-0.667082	-0.046909	0.167664	-0.085104
ENSMUSG00000032420	-0.268774	-0.258788	-0.129790	0.141687	0.476539	-0.145131
ENSMUSG00000032434	-0.507074	0.170065	-0.072246	-0.632096	0.452822	-0.149199
ENSMUSG00000032435	-0.069950	-0.196768	-0.359261	-0.219740	0.076436	0.178888
ENSMUSG00000032437	-0.378353	-0.138826	0.514210	-0.188050	-0.221313	0.350714
ENSMUSG00000032440	0.033884	0.012081	0.518889	0.121928	0.319848	0.202590
ENSMUSG00000032454	0.560739	0.104417	-0.133917	-0.157903	0.229374	0.075261
ENSMUSG00000032456	0.009520	-0.567858	0.842306	0.374799	0.325462	-0.082348
ENSMUSG00000032458	1.038199	0.353090	-0.528544	-0.082081	-0.269119	-0.104819
ENSMUSG00000032459	-0.052581	0.360132	-0.342263	-0.636055	-0.008762	0.912496
ENSMUSG00000032462	0.509608	0.803812	0.330609	0.393473	0.660681	0.819693
ENSMUSG00000032468	-0.216989	-0.110420	0.121860	0.394837	0.233587	0.040473
ENSMUSG00000032470	-0.492478	0.006987	-0.410446	-0.402464	0.468723	0.409664
ENSMUSG00000032473	-0.259109	-0.587317	-0.183810	0.187529	-0.128682	-0.292234
ENSMUSG00000032475	-0.117290	0.066970	-0.534620	-0.152814	0.051979	-0.418271
ENSMUSG00000032477	-0.820824	-0.452855	-0.771445	-1.105911	-0.485738	-1.420000
ENSMUSG00000032478	-0.202279	0.107413	-0.056808	0.144422	0.797010	0.609942
ENSMUSG00000032481	0.475514	0.294447	-0.181539	-0.391358	0.703956	0.219732
ENSMUSG00000032482	-0.154591	0.671481	-0.435224	0.309383	0.414363	0.164637
ENSMUSG00000032485	0.669108	0.252057	-0.142159	-0.163592	-0.235530	0.449831
ENSMUSG00000032487	0.276604	-0.072087	-0.168458	-0.409244	-0.209478	-0.280948
ENSMUSG00000032489	0.599681	0.298675	0.211703	0.091387	0.263322	-0.495159
ENSMUSG00000032492	-0.120213	-0.189511	0.084701	0.073494	0.138302	0.283427
ENSMUSG00000032496	0.125408	-0.050543	-0.788327	0.335963	-0.542959	0.352584
ENSMUSG00000032498	-0.396381	0.003210	-0.170001	-0.164042	-0.333602	-0.298978
ENSMUSG00000032504	0.275572	0.499452	0.338976	0.394009	-0.215612	-0.192505
ENSMUSG00000032508	-0.223790	0.243889	-0.198834	-0.181879	0.203522	-0.752823
ENSMUSG00000032511	-0.267387	-0.033307	0.080054	-0.288286	0.118295	0.371320
ENSMUSG00000032512	0.093454	-0.005707	0.099986	0.457731	0.183418	-0.303216
ENSMUSG00000032513	-0.252733	0.258971	0.224800	0.069838	0.340700	-0.203705
ENSMUSG00000032518	0.657657	-0.205392	-0.141493	0.075536	-0.037440	-0.009978
ENSMUSG00000032523	-0.029962	-0.450338	-0.663817	0.285156	-0.424389	0.131083
ENSMUSG00000032527	-0.413831	-0.378708	-0.077006	0.040613	0.454116	0.074674
ENSMUSG00000032528	0.062620	0.137219	0.219256	0.394978	-0.254967	-0.106268
ENSMUSG00000032531	1.031838	0.014400	-0.054241	0.190738	0.027151	-0.376058
ENSMUSG00000032532	0.128792	-0.373467	0.049751	-0.472529	-0.314217	-0.331107
ENSMUSG00000032534	-0.590744	-0.092717	-0.240297	0.291665	0.401120	0.052401
ENSMUSG00000032536	0.283221	-0.052146	0.228385	0.134746	0.404371	0.031882
ENSMUSG00000032537	-0.132043	0.863485	0.056663	0.253038	-0.491735	0.019009
ENSMUSG00000032540	0.150410	0.100518	0.413004	0.271192	0.367585	-0.022529
ENSMUSG00000032547	-0.372739	-0.073485	-0.278941	-0.219285	0.596385	0.207310
ENSMUSG00000032548	-0.627302	-0.174873	0.246298	0.315999	0.147008	-0.151276
ENSMUSG00000032549	0.334661	0.402568	0.636984	-0.343525	0.074620	-0.277180
ENSMUSG00000032554	-0.331132	0.372483	-0.090842	0.117229	0.355891	-0.201257
ENSMUSG00000032555	0.290463	0.258085	0.083042	-0.095315	-0.082521	-0.320803
ENSMUSG00000032557	-0.081161	-0.302673	-0.790755	-0.564762	0.215659	-0.232480
ENSMUSG00000032558	0.003400	0.267716	0.025404	0.229071	0.464061	0.555019
ENSMUSG00000032561	-0.234309	-0.448805	0.221749	-0.045432	0.352356	-0.229908
ENSMUSG00000032562	-0.182844	0.504812	0.347330	-0.195476	0.395821	0.322626
ENSMUSG00000032563	0.470758	-0.710689	-0.532594	-0.054017	-0.751699	-0.089483
ENSMUSG00000032565	-0.591959	-0.330786	-0.290388	0.118149	-0.113183	-0.271807
ENSMUSG00000032566	0.362720	0.083398	0.381897	0.032165	-0.052719	-0.099308
ENSMUSG00000032570	0.112985	-0.210715	0.465386	0.433366	-0.306703	0.424114
ENSMUSG00000032571	-0.683136	-0.207159	0.325443	0.310378	-0.566233	0.355182
ENSMUSG00000032572	0.069823	0.060320	-0.422028	-0.151412	0.430648	0.064740
ENSMUSG00000032575	-0.168008	0.117765	0.308544	-0.103694	-0.077653	-0.343893
ENSMUSG00000032577	-0.358853	-0.026156	-0.530676	-0.208598	0.120261	-0.263321
ENSMUSG00000032578	-0.082438	0.102507	0.011413	0.122238	0.537910	0.520656
ENSMUSG00000032580	0.020578	-0.297466	-0.480287	0.328828	-0.088696	0.024274
ENSMUSG00000032583	0.132127	-0.010203	0.406834	-0.114110	-0.534991	0.125046
ENSMUSG00000032584	0.133805	-0.771762	-0.137755	-0.313736	0.342156	0.120831
ENSMUSG00000032586	0.377169	0.265712	0.131080	0.664056	-0.321385	-0.158566
ENSMUSG00000032590	-0.465673	-0.919822	0.383605	0.224889	0.257421	-0.478835
ENSMUSG00000032591	-0.247119	-0.897771	0.530992	-0.364729	-0.083352	-0.196780
ENSMUSG00000032594	-0.124043	-0.005928	-0.243664	-0.027722	0.040962	0.043098
ENSMUSG00000032596	-0.084351	-0.640194	-0.253619	-0.593511	0.500599	-0.176658
ENSMUSG00000032598	0.170252	0.557484	0.604649	0.249577	-0.307791	-0.032813
ENSMUSG00000032599	0.391512	0.026014	0.326289	0.559043	-0.944578	0.518262
ENSMUSG00000032601	-0.300607	-0.062922	-0.154199	0.197413	-0.609817	-0.052877
ENSMUSG00000032602	0.056660	0.155788	0.353139	0.021467	0.142326	0.606133
ENSMUSG00000032604	-0.486694	0.453176	0.013976	0.596231	0.345353	-1.069762
ENSMUSG00000032607	0.365032	-0.122204	0.232563	0.129714	0.238141	-0.000482
ENSMUSG00000032612	-0.000420	-0.589918	0.289010	0.379641	0.256418	-0.386254
ENSMUSG00000032615	-0.244356	-0.099393	-0.110798	0.252764	-0.588824	0.066611
ENSMUSG00000032624	0.199086	-0.047908	0.018128	-0.299831	-0.644143	-0.076322
ENSMUSG00000032625	0.132677	0.196988	0.016827	0.472126	-0.218550	0.040462
ENSMUSG00000032633	0.122440	-0.236709	0.584284	0.395663	-0.381403	-0.164642
ENSMUSG00000032637	-0.047452	0.074911	0.580038	0.061912	-0.100537	0.070738
ENSMUSG00000032640	0.939829	-0.116496	0.215304	-0.006640	0.743894	0.687474
ENSMUSG00000032648	-0.377946	0.021549	-0.344369	-0.757787	0.425297	-0.026562
ENSMUSG00000032649	0.032706	0.029244	-0.529942	-0.196902	0.031531	-0.070648
ENSMUSG00000032661	-0.660206	0.140765	0.156198	0.658741	0.180719	0.185049
ENSMUSG00000032667	-0.524620	0.096092	0.024211	-0.071094	0.308857	0.457297
ENSMUSG00000032679	-0.022403	-0.125082	0.018537	0.392633	-0.164662	0.398764
ENSMUSG00000032688	0.261199	0.797718	0.937657	-0.485538	0.191427	0.159156
ENSMUSG00000032690	-0.496116	-0.274513	-0.139972	-0.170724	0.177388	-0.072096
ENSMUSG00000032691	0.244250	-0.050854	0.381572	0.079572	0.337565	-0.070945
ENSMUSG00000032698	0.168929	-0.069656	0.400710	0.126186	0.309132	-0.325987
ENSMUSG00000032715	-0.104760	0.519875	0.368850	0.452930	0.123947	-0.118269
ENSMUSG00000032719	0.229945	-0.471109	-0.323818	-0.191122	-0.726086	-0.348085
ENSMUSG00000032725	-0.318379	-0.155996	0.385250	0.438328	0.111563	-0.086661
ENSMUSG00000032726	-0.522447	0.431767	-0.253577	-0.416542	0.809338	-0.130604
ENSMUSG00000032733	0.262503	0.868383	-0.013144	0.000071	-0.071227	-0.009752
ENSMUSG00000032735	-0.306127	0.286860	0.098647	-0.951505	0.055056	0.494837
ENSMUSG00000032737	-0.452135	-0.218297	0.052418	0.092305	0.187211	-0.221512
ENSMUSG00000032740	-0.125489	0.148991	0.348973	0.110668	-0.060154	-0.158004
ENSMUSG00000032741	-0.231865	-0.170463	-0.099527	-0.131938	-0.340405	-0.303204
ENSMUSG00000032744	0.122404	-0.247054	0.292402	-0.121483	-0.204659	-0.085690
ENSMUSG00000032754	-0.131984	0.145864	-0.277191	0.319298	-0.361328	-0.111370
ENSMUSG00000032757	-0.077982	-0.228486	-0.063556	0.192610	0.218883	-0.433896
ENSMUSG00000032766	-0.741724	-0.468845	0.125224	-0.207083	0.018035	0.148437
ENSMUSG00000032769	0.171211	-0.046799	0.206697	0.289324	0.246528	0.025276
ENSMUSG00000032773	0.417354	-0.213478	0.409317	-0.435017	0.055855	0.268023
ENSMUSG00000032777	0.339245	0.121359	0.050311	-0.027480	0.062422	0.543510
ENSMUSG00000032786	0.300753	-0.178094	0.853564	0.543639	-0.127723	0.037028
ENSMUSG00000032788	0.233779	0.093183	0.102855	0.335839	0.480515	0.737017
ENSMUSG00000032796	-0.140353	-0.236532	-0.004997	0.513227	-0.054645	-0.340246
ENSMUSG00000032802	-0.584185	0.568621	0.092018	0.279778	-0.271115	0.150408
ENSMUSG00000032807	0.176730	0.555281	0.180819	0.627358	0.145082	0.771217
ENSMUSG00000032808	-0.394473	-0.299180	0.434813	-0.423565	-0.453519	-0.389086
ENSMUSG00000032812	0.235661	0.148773	0.106238	-0.090262	-0.053451	-0.339486
ENSMUSG00000032815	0.292924	-0.343977	0.284481	-0.156199	-0.243750	0.220715
ENSMUSG00000032826	0.056937	-0.654765	-0.449850	0.936241	0.136745	0.090765
ENSMUSG00000032834	-0.042181	0.131394	-0.140707	0.687233	-0.470822	0.468773
ENSMUSG00000032839	0.377623	-0.316823	0.033333	0.127195	-0.206920	-0.223475
ENSMUSG00000032841	-0.453747	-0.269550	0.204590	0.456330	0.496840	0.010310
ENSMUSG00000032842	0.338831	0.133967	0.036513	-0.123317	-0.271474	0.373853
ENSMUSG00000032849	0.206884	0.103864	0.387042	-0.218394	0.493195	-0.249907
ENSMUSG00000032852	-0.188925	0.014766	-0.157698	-0.401631	-0.052731	0.609764
ENSMUSG00000032854	-0.697890	-0.342382	0.067191	-0.215934	0.255184	0.288352
ENSMUSG00000032855	0.558748	0.396598	-0.033547	-0.137357	-0.463299	-0.228940
ENSMUSG00000032860	0.347786	-0.023828	-0.237995	-0.400727	0.320561	-0.696459
ENSMUSG00000032864	0.689154	-0.146321	0.060844	-0.331388	-0.172113	0.336139
ENSMUSG00000032867	-0.134400	0.034660	0.048703	0.187349	-0.100352	0.623572
ENSMUSG00000032872	0.166127	0.117950	-0.039402	-0.218097	-0.172887	0.082538
ENSMUSG00000032875	-0.102794	-0.698559	-0.826661	0.600652	0.375861	-0.951130
ENSMUSG00000032883	0.271759	-0.007045	0.336344	-0.062820	0.120079	0.358997
ENSMUSG00000032897	-0.015187	0.492083	-0.141872	-0.352209	-0.322058	0.122545
ENSMUSG00000032898	-0.978197	0.222216	-0.377134	-0.014315	-0.098702	-0.311595
ENSMUSG00000032902	-0.242715	-0.220473	-0.579003	0.389051	-0.299250	-0.017030
ENSMUSG00000032905	0.723465	-0.061482	0.479002	-0.570161	0.079720	-0.187338
ENSMUSG00000032908	-0.574350	-0.207668	0.196425	0.234759	-0.631868	0.240078
ENSMUSG00000032911	0.047804	0.100763	-0.173669	0.154543	-0.260229	-0.146809
ENSMUSG00000032913	0.023154	-0.090115	-0.160325	-0.101221	0.976911	0.326402
ENSMUSG00000032932	-0.113749	-0.163368	0.283602	0.139021	0.111715	0.250999
ENSMUSG00000032937	-0.040135	-0.071109	0.239998	0.634187	-0.120980	-0.557659
ENSMUSG00000032939	0.365486	0.679569	0.417768	0.487050	0.255745	-0.012718
ENSMUSG00000032942	-0.070492	-0.573189	0.382180	0.129041	0.381606	0.357963
ENSMUSG00000032946	-0.105086	0.471172	0.495874	0.280675	0.009422	-0.578968
ENSMUSG00000032948	-0.224002	0.660784	-0.314556	0.589414	0.200351	0.490392
ENSMUSG00000032952	-0.172376	-0.031405	0.280308	0.114066	-0.124715	0.664622
ENSMUSG00000032959	0.384231	0.340411	0.082142	-0.159705	0.000553	0.268601
ENSMUSG00000032965	-0.231262	-0.078333	0.327969	-0.233022	0.088765	0.216922
ENSMUSG00000032966	-0.209886	0.454628	0.069775	0.020242	-0.116372	-0.110336
ENSMUSG00000032968	-0.435802	-0.486112	-0.320542	-0.145899	0.125304	0.257625
ENSMUSG00000032978	0.333552	0.107961	-0.140059	0.010668	0.349500	-0.005832
ENSMUSG00000032987	0.388340	-0.384752	-0.067254	-0.374520	-0.034983	-0.205875
ENSMUSG00000032988	-0.492592	-0.443473	0.068342	0.043863	0.452962	0.457530
ENSMUSG00000032997	0.591675	0.098153	-0.182999	-0.074963	-0.639621	-0.397422
ENSMUSG00000033006	0.173520	-0.199758	-0.240917	0.465128	0.155658	0.243736
ENSMUSG00000033007	-0.001910	-0.223840	-0.081078	-0.291740	-0.227673	-0.332671
ENSMUSG00000033009	0.184778	0.388460	-0.224630	0.150854	-0.454766	-0.354425
ENSMUSG00000033014	0.140186	-0.037441	-0.021510	-1.365781	-0.881196	-0.515723
ENSMUSG00000033016	-0.383489	0.510130	0.071279	-0.346129	0.364448	-0.192355
ENSMUSG00000033020	0.071503	-0.065848	-0.108130	-0.400222	0.082248	0.012016
ENSMUSG00000033021	0.220283	0.261182	-0.267565	-0.123845	0.545969	0.392099
ENSMUSG00000033022	-0.054133	0.145111	0.123338	-0.084080	-0.276390	-0.152608
ENSMUSG00000033024	-0.173804	-0.645114	0.298236	0.362574	0.645382	-0.514369
ENSMUSG00000033027	0.323038	-0.323334	-0.406245	0.282160	0.591403	0.391807
ENSMUSG00000033047	0.044478	0.202211	-0.210994	-0.681622	0.173140	-0.004816
ENSMUSG00000033059	0.006390	0.125544	-0.279329	0.525312	0.317423	-0.267169
ENSMUSG00000033060	0.048607	0.643356	0.097286	0.356063	0.358204	-0.083810
ENSMUSG00000033065	0.397520	-0.577250	-0.153425	0.456759	0.591176	0.635560
ENSMUSG00000033068	-0.128122	0.063466	0.115975	0.300224	-0.270146	-0.584191
ENSMUSG00000033075	-0.388654	0.842909	-0.126154	0.024641	-0.323498	-0.070317
ENSMUSG00000033083	0.358807	0.277928	0.449439	-0.375047	0.182647	-0.095034
ENSMUSG00000033102	-0.718982	-0.536208	-0.149000	0.084203	-0.004328	0.157707
ENSMUSG00000033105	-0.296317	0.329511	0.170869	-0.249080	0.328973	0.644967
ENSMUSG00000033107	0.327886	0.803469	0.329488	0.068733	-0.043500	0.207358
ENSMUSG00000033114	0.372524	-0.143818	0.212109	-0.660588	-0.372655	-0.451063
ENSMUSG00000033122	0.440893	-0.115419	0.162400	-0.125599	0.688966	-0.881883
ENSMUSG00000033124	0.152214	0.515473	-0.431233	0.007930	0.569031	-0.274139
ENSMUSG00000033147	-0.511754	-0.389734	-0.170337	0.373496	0.280609	0.073622
ENSMUSG00000033157	-0.083829	0.120481	0.143806	-0.207195	-0.134818	-0.082020
ENSMUSG00000033161	-0.031674	0.074505	0.334638	0.020293	0.122159	0.048471
ENSMUSG00000033166	0.709824	-0.149503	0.175536	0.274459	-0.111202	0.627843
ENSMUSG00000033170	-0.197204	-0.266568	0.263991	-0.613285	0.150615	-0.065855
ENSMUSG00000033174	0.334899	-0.164065	-0.080743	0.133142	-0.377070	0.219881
ENSMUSG00000033184	-0.187701	0.233652	-0.073353	0.434776	-0.216421	0.017766
ENSMUSG00000033186	-0.034952	0.165847	-0.481281	0.010637	0.294128	0.083534
ENSMUSG00000033192	0.578291	0.023103	-0.280315	-0.529215	0.438033	0.231295
ENSMUSG00000033196	0.407733	0.110858	0.556907	0.265329	-0.011764	0.398587
ENSMUSG00000033208	0.056064	-0.470229	-0.367935	0.181230	-0.104199	-0.056069
ENSMUSG00000033214	0.332687	0.291687	0.106119	-0.530467	0.450780	0.111354
ENSMUSG00000033220	-0.091427	-0.439155	0.199785	0.103998	0.290249	-0.280746
ENSMUSG00000033222	-0.370840	-0.050491	-0.540762	-0.124761	-0.042094	0.006827
ENSMUSG00000033227	-0.603322	-0.459757	0.089489	-0.302216	0.111256	0.117098
ENSMUSG00000033237	-0.200534	0.604316	-0.109978	-0.254685	-0.280816	0.352476
ENSMUSG00000033253	0.333150	-0.065186	0.528997	-0.446864	-0.139913	0.084430
ENSMUSG00000033257	0.312307	-0.060305	0.600796	-0.098212	0.528646	0.249375
ENSMUSG00000033268	0.855076	0.116980	-0.566492	-0.136000	0.443446	-0.287382
ENSMUSG00000033272	0.572595	0.097091	0.062402	-0.585412	-0.667998	-0.434629
ENSMUSG00000033278	0.341208	0.297239	0.113573	0.293443	0.366474	-0.064469
ENSMUSG00000033282	0.411871	0.464973	-0.311236	0.681460	-0.048777	0.258557
ENSMUSG00000033285	-0.190232	0.078159	0.039964	0.429367	-0.523975	0.584299
ENSMUSG00000033294	-0.185147	0.374751	0.728635	0.213524	0.743457	0.151963
ENSMUSG00000033295	0.108720	0.107116	0.165323	-0.469471	0.374859	-0.542497
ENSMUSG00000033307	-0.173727	0.125362	0.896938	0.049274	0.428179	0.239312
ENSMUSG00000033308	-0.045394	-0.990636	0.504960	0.443509	0.062491	-0.588183
ENSMUSG00000033313	0.719831	-0.166160	0.820132	-0.037664	-0.480755	-0.232143
ENSMUSG00000033318	0.219582	-0.013250	0.175463	0.602283	-0.221410	0.261968
ENSMUSG00000033319	0.071143	-0.290959	-0.154595	0.009816	-0.004624	0.525313
ENSMUSG00000033323	-0.512417	-0.227391	0.076576	0.087485	0.176184	0.737975
ENSMUSG00000033326	0.366566	0.308190	-0.426032	0.348485	-0.035735	0.008972
ENSMUSG00000033327	0.478046	-0.129923	0.282865	0.099374	0.012290	-0.188875
ENSMUSG00000033335	0.587764	0.723949	0.324718	0.392353	-0.002671	-0.432554
ENSMUSG00000033342	-0.280403	-0.011220	-0.191431	0.064766	0.049787	-0.232130
ENSMUSG00000033350	-0.429636	-0.327839	0.399365	-0.938693	0.077364	-0.429799
ENSMUSG00000033352	-0.445027	0.000248	-1.317396	-0.733947	-0.745360	-0.728162
ENSMUSG00000033364	-0.585488	-0.267305	0.225171	-0.431536	-0.559647	0.083597
ENSMUSG00000033368	0.028906	0.739023	-0.204821	-0.339567	-0.668861	0.047883
ENSMUSG00000033373	-0.313761	0.419156	-0.564790	0.023779	0.120522	0.007865
ENSMUSG00000033379	0.187569	0.748704	-0.031644	0.392664	0.362731	0.067164
ENSMUSG00000033389	0.257403	0.171394	0.371634	-0.134872	-0.655743	-0.587089
ENSMUSG00000033392	-0.559397	0.083802	-0.011979	-0.071631	0.187868	-0.205720
ENSMUSG00000033400	0.494603	-0.228309	0.446987	-0.387776	0.354300	-0.342781
ENSMUSG00000033405	0.072533	0.063252	-0.172430	-0.414076	0.264132	0.375371
ENSMUSG00000033419	0.411266	-0.085165	0.145831	-0.567416	-0.218972	0.100094
ENSMUSG00000033427	0.090883	0.083890	0.510886	0.159316	0.404324	-0.474011
ENSMUSG00000033429	-0.129535	-0.224973	-0.543854	-0.341480	-0.041468	-0.436725
ENSMUSG00000033430	-0.433229	-0.858132	-0.261727	0.158587	-0.239352	-0.167174
ENSMUSG00000033446	-0.147346	-0.484178	0.502341	0.016758	0.478165	0.014986
ENSMUSG00000033450	0.581606	0.293295	-0.119901	0.412110	0.237039	0.242645
ENSMUSG00000033453	0.350632	-0.279527	0.371249	-0.396977	-0.322448	0.412245
ENSMUSG00000033458	-0.054981	-0.039359	0.355436	0.228099	-0.109765	-0.294362
ENSMUSG00000033467	-0.024485	0.089542	-0.085972	-0.290053	-0.118763	0.423441
ENSMUSG00000033470	-0.427764	0.384719	0.298971	0.155191	-0.016086	0.244345
ENSMUSG00000033475	-0.010687	0.042970	0.219313	0.575338	0.251969	-0.531602
ENSMUSG00000033502	-0.271540	-0.184143	0.337573	0.449101	-0.510624	-0.065587
ENSMUSG00000033510	0.028092	-0.138468	-0.115582	0.210372	0.118680	-0.131575
ENSMUSG00000033520	-0.105666	-0.140038	-0.291079	0.539867	0.235111	0.317997
ENSMUSG00000033526	0.233418	-0.339463	-0.193796	-0.454667	0.168997	0.380106
ENSMUSG00000033533	0.110383	0.006644	-0.181707	0.175133	0.529533	0.291060
ENSMUSG00000033538	0.121574	-0.084952	-0.297408	-0.301150	-0.143120	-0.054219
ENSMUSG00000033540	-0.371274	-0.342777	0.690578	0.047611	-0.268597	-0.205360
ENSMUSG00000033542	0.125906	0.359536	-0.133264	0.091579	0.117029	0.325831
ENSMUSG00000033543	0.220374	-0.400728	0.177124	-0.309936	-0.650331	-0.182332
ENSMUSG00000033545	0.478042	-0.279340	0.392160	-0.841539	0.200001	0.209806
ENSMUSG00000033554	-0.196186	0.158511	0.001456	0.689020	0.290713	-0.119404
ENSMUSG00000033557	0.027856	0.552729	0.757266	-0.406177	0.016348	-0.368596
ENSMUSG00000033577	-0.701790	0.695625	0.779861	-0.138820	-0.580500	-0.088616
ENSMUSG00000033579	-0.313971	-0.191717	0.071782	0.555646	-0.334801	-0.287169
ENSMUSG00000033594	0.020057	0.287273	0.428975	0.577452	-0.456990	-0.043825
ENSMUSG00000033595	0.509527	0.059652	-0.397473	0.131555	-0.386377	-0.012674
ENSMUSG00000033597	-0.245904	-0.641116	-0.144898	-0.153143	0.070282	0.724170
ENSMUSG00000033610	0.151874	-0.789775	-0.238022	0.393682	-0.146248	0.563953
ENSMUSG00000033615	0.332798	0.377794	0.193276	-0.081242	-0.506105	-0.445720
ENSMUSG00000033618	-0.346442	-0.060781	0.361213	0.033008	0.429765	-0.354707
ENSMUSG00000033624	0.393451	-0.007504	0.152986	0.331089	-0.162175	0.027735
ENSMUSG00000033628	0.016482	-0.310122	-0.358754	0.433258	-0.147617	0.011954
ENSMUSG00000033629	-0.110925	0.144722	-0.036970	-0.151175	0.108722	0.324763
ENSMUSG00000033634	0.655829	0.306567	-0.181101	-0.253884	-0.185923	0.289281
ENSMUSG00000033653	-0.298864	0.591049	0.036735	0.423917	0.174140	0.094922
ENSMUSG00000033676	-0.717338	-0.225303	0.066774	0.582167	0.783181	0.072591
ENSMUSG00000033684	0.306718	0.303733	-0.142249	0.351412	0.234208	0.396738
ENSMUSG00000033685	0.010214	0.319370	0.356620	0.023289	0.772915	0.182877
ENSMUSG00000033688	-0.050133	-0.069631	0.064792	-0.318059	0.400051	-0.038031
ENSMUSG00000033697	0.150396	-0.366709	-0.236973	-0.099132	-0.064082	0.037846
ENSMUSG00000033701	-0.017902	0.249521	0.456346	-0.027614	0.184072	-0.313533
ENSMUSG00000033703	-0.234247	-0.513204	-0.189430	0.333147	0.308222	0.417928
ENSMUSG00000033712	0.320961	-0.032260	-0.437570	-0.212539	-0.163265	0.188399
ENSMUSG00000033717	0.096652	0.376453	-0.165714	-0.102764	-0.277275	0.125074
ENSMUSG00000033721	0.079077	0.129313	0.075735	0.233955	0.120121	-0.193244
ENSMUSG00000033728	0.377962	0.227466	-0.062649	-0.063721	-0.139696	-0.143303
ENSMUSG00000033730	-0.621091	-0.106043	-0.562085	-0.003036	0.176644	-0.220511
ENSMUSG00000033732	-0.038633	0.161127	0.134239	0.799630	-0.381603	0.459021
ENSMUSG00000033735	0.484555	0.495931	0.199297	-0.191025	0.259085	0.376961
ENSMUSG00000033739	0.373042	0.745877	0.478989	0.124347	-0.021517	0.070042
ENSMUSG00000033751	-0.231739	-0.212781	0.630440	-0.108378	-0.043026	0.063873
ENSMUSG00000033763	0.139264	0.034259	0.133771	-0.218524	0.283940	0.142686
ENSMUSG00000033765	-0.019997	-0.472964	-0.363627	0.748350	-0.049243	0.124832
ENSMUSG00000033768	0.153352	-0.129306	-0.669390	0.193409	0.026603	0.071183
ENSMUSG00000033770	0.155740	0.143625	0.434433	0.786310	0.796581	0.078260
ENSMUSG00000033773	0.235811	-0.218347	0.656730	0.210282	0.408284	-0.154197
ENSMUSG00000033774	-0.302227	-0.295702	0.603234	0.019287	-0.265833	0.080919
ENSMUSG00000033781	0.054245	-0.300688	0.195990	0.111428	0.518433	0.240299
ENSMUSG00000033790	-0.268077	-0.241905	0.338440	0.069383	-0.282732	0.127558
ENSMUSG00000033792	-0.554431	0.227470	0.203876	0.249644	-0.597972	0.312458
ENSMUSG00000033793	0.389969	0.653447	-0.042774	-0.345004	0.010625	-0.296971
ENSMUSG00000033794	1.056737	0.042929	-0.608941	0.245833	0.187494	-0.317607
ENSMUSG00000033805	0.237691	-0.038636	0.098473	-0.199687	1.012159	-0.005287
ENSMUSG00000033808	-0.227981	-0.565974	-0.258530	0.037510	-0.089656	-0.232705
ENSMUSG00000033809	-0.328154	0.648896	-0.256644	0.211429	0.432768	-0.372894
ENSMUSG00000033813	0.249375	-0.298932	0.559317	0.298119	-0.000336	-0.568746
ENSMUSG00000033826	0.190408	-0.273291	-0.443912	-0.041920	-0.122550	-0.054090
ENSMUSG00000033831	0.134730	0.220707	-0.183805	-0.359610	0.216611	0.099665
ENSMUSG00000033845	-0.174849	-0.147409	0.035107	-0.299668	0.704923	-0.147141
ENSMUSG00000033847	-0.156272	-0.360346	-0.026702	-0.101404	-0.327857	0.039696
ENSMUSG00000033849	-0.455589	-0.261745	-0.104865	-0.115658	-0.007215	0.303630
ENSMUSG00000033850	0.184586	-0.029728	0.000820	0.166861	0.371338	0.349201
ENSMUSG00000033854	0.211482	0.121357	0.328692	0.415640	-0.376707	-0.098459
ENSMUSG00000033855	-0.441324	-0.176300	0.208363	0.345769	0.097929	-0.138785
ENSMUSG00000033857	-0.399316	-0.426410	0.137238	-0.107947	0.171169	-0.561673
ENSMUSG00000033860	-0.397017	0.577585	-0.465887	-0.419957	-0.211043	0.318944
ENSMUSG00000033871	-0.321180	-0.337793	0.002386	0.505484	-0.273199	-0.180836
ENSMUSG00000033880	-0.224150	-0.217283	-0.364608	0.470409	-0.249166	0.160419
ENSMUSG00000033883	-0.432213	-0.371838	0.224096	0.186982	0.251299	0.609400
ENSMUSG00000033898	-0.058848	0.397696	-0.675230	0.217141	0.394045	0.743835
ENSMUSG00000033904	-0.326223	0.098190	0.097415	0.314022	-0.161599	0.142233
ENSMUSG00000033910	0.062467	-0.402717	-0.096190	0.822104	0.314160	-0.036565
ENSMUSG00000033916	-0.053455	0.089794	-0.365530	-0.275537	-0.323916	-0.062468
ENSMUSG00000033917	-0.167137	0.058491	0.605528	-0.096692	0.474480	0.219716
ENSMUSG00000033918	-0.610845	-0.578141	-0.471556	0.394705	-0.328362	-0.612900
ENSMUSG00000033933	0.092383	-0.298676	-0.537293	-0.623667	0.829278	0.256437
ENSMUSG00000033938	-0.434714	0.179654	-0.243838	-0.973471	0.774505	0.339081
ENSMUSG00000033940	0.246249	-1.132069	0.838073	0.192860	-0.377042	-0.357380
ENSMUSG00000033949	-0.072346	-0.255940	-0.094289	0.393296	0.271887	0.126857
ENSMUSG00000033953	0.052955	0.672451	0.364609	-0.495257	-0.300281	-0.003608
ENSMUSG00000033955	-0.465543	-0.150272	-0.081630	-0.000414	0.293081	-0.678847
ENSMUSG00000033961	-0.334692	0.050670	0.574929	0.234266	-0.245160	-0.200221
ENSMUSG00000033965	-0.691652	-0.244737	0.095209	-0.338287	0.339947	0.128196
ENSMUSG00000033970	-0.589407	0.135338	0.056862	0.347534	0.640722	0.422688
ENSMUSG00000033981	-0.055456	0.328584	-0.035036	-0.575955	0.265590	-0.609087
ENSMUSG00000033987	-0.078090	0.028515	-0.440471	-0.923626	0.316425	-0.379954
ENSMUSG00000033991	0.318629	0.134295	0.045034	0.003088	-0.232246	0.478606
ENSMUSG00000033998	-0.824300	-0.076001	-0.016649	0.250713	-0.266933	0.063361
ENSMUSG00000034000	0.295209	0.227763	0.059106	-0.420404	0.040073	0.091522
ENSMUSG00000034009	0.220362	-0.264101	0.438916	0.065599	-0.364595	0.704292
ENSMUSG00000034021	-0.131066	0.299625	-0.446120	0.028222	-0.029195	-0.017885
ENSMUSG00000034022	-0.088525	-0.097728	0.245590	-0.091968	-0.259651	0.143049
ENSMUSG00000034023	0.003736	-0.046018	-0.500467	-0.129711	-0.448505	-0.402384
ENSMUSG00000034024	0.833041	0.047709	-0.658523	0.545652	-0.862261	-0.511352
ENSMUSG00000034028	0.012504	0.154158	-0.028621	0.434874	-0.069310	0.422545
ENSMUSG00000034037	-0.407043	0.398722	0.131640	-0.238569	0.663477	-0.274222
ENSMUSG00000034040	0.116476	0.406740	0.802769	0.176562	-0.304961	-0.000181
ENSMUSG00000034041	-0.080771	0.182067	0.043514	0.243923	0.075251	-1.007746
ENSMUSG00000034055	0.021730	0.282902	0.225837	0.386741	-0.128381	0.140652
ENSMUSG00000034066	0.397876	0.461395	0.118193	-0.382388	0.182104	0.685383
ENSMUSG00000034071	-0.452953	-0.500750	-0.007648	0.612395	-0.182320	-0.008946
ENSMUSG00000034088	-0.028397	-0.176693	0.672095	0.574780	-0.188584	0.259845
ENSMUSG00000034101	-0.401591	-0.111158	-0.453492	0.008361	0.129636	-0.211184
ENSMUSG00000034107	0.272980	-0.189861	0.306504	-0.258767	-0.007312	0.313198
ENSMUSG00000034108	0.194342	-0.260983	-0.044122	0.270492	0.022765	0.044917
ENSMUSG00000034110	0.441770	-0.745460	-0.527651	-0.006566	0.444249	0.150577
ENSMUSG00000034112	-0.090851	0.476038	0.367859	0.147208	-0.523917	-0.043114
ENSMUSG00000034116	0.307875	-0.368765	0.324484	0.193355	-0.532261	0.346654
ENSMUSG00000034117	0.488671	-0.354269	-0.135766	0.325915	0.312497	-0.257547
ENSMUSG00000034118	-0.095602	0.292083	-0.463056	0.259276	-0.482761	0.580679
ENSMUSG00000034120	0.245073	0.547935	-0.112260	0.184413	0.423955	-0.645278
ENSMUSG00000034121	-0.246079	0.035897	0.302417	-0.388609	-0.323796	0.276982
ENSMUSG00000034126	-0.270236	-0.247041	-0.171539	-0.139781	-0.095392	-0.025844
ENSMUSG00000034152	0.136339	-0.033188	-0.628530	0.374726	-0.093996	-0.100111
ENSMUSG00000034154	-0.064229	-0.615232	0.588131	0.445543	0.145199	-0.097432
ENSMUSG00000034156	-0.088174	-0.043847	-0.156307	0.065367	0.273387	-0.014681
ENSMUSG00000034160	-0.161737	-0.382412	-0.236519	-0.382481	-0.177070	-0.813331
ENSMUSG00000034163	-0.290226	-0.253075	-0.486444	-0.106551	-0.050295	-0.193276
ENSMUSG00000034164	-0.579874	0.296520	0.314530	-0.212576	-0.210813	-0.008507
ENSMUSG00000034165	-0.424580	-0.034493	-0.146671	0.372754	-0.296868	-0.480077
ENSMUSG00000034171	0.177441	0.386818	0.439857	0.780743	-0.357784	-0.659505
ENSMUSG00000034177	-0.249998	0.274487	0.800208	-0.113753	0.475950	0.161835
ENSMUSG00000034187	-0.053338	0.208461	-0.444452	0.071201	0.093759	0.605706
ENSMUSG00000034190	-0.417085	0.017109	-0.371359	0.174498	-0.237590	0.058301
ENSMUSG00000034192	-0.475541	-0.209207	-0.028638	-0.255167	-0.354126	0.151880
ENSMUSG00000034205	-0.417137	0.140453	0.108555	-0.165475	0.291435	0.182777
ENSMUSG00000034206	-0.213161	-0.228052	0.527088	-0.094060	0.044185	-0.046884
ENSMUSG00000034211	-0.476841	0.499912	-0.671541	0.243453	-0.034220	0.447194
ENSMUSG00000034216	0.351029	0.044097	-0.652464	-0.071638	-0.110981	0.118345
ENSMUSG00000034218	0.231930	-0.425343	-1.048325	-0.746355	-0.738363	-1.776776
ENSMUSG00000034220	-0.299233	-0.086888	-0.247175	0.333393	0.675648	-0.275903
ENSMUSG00000034226	0.285246	0.310387	-0.012557	-0.454524	0.245414	0.829820
ENSMUSG00000034243	-0.305439	-0.560989	-0.380281	0.160414	-0.014582	-0.150371
ENSMUSG00000034245	0.512844	0.196599	-0.317713	0.146627	0.256436	0.471151
ENSMUSG00000034247	-0.088603	-0.024420	-0.755878	0.226817	-0.017971	0.275508
ENSMUSG00000034254	-0.451729	-0.623780	-0.096867	0.281147	-0.208404	-0.227489
ENSMUSG00000034255	0.607182	0.268607	0.072398	0.753060	0.313229	0.559080
ENSMUSG00000034259	0.590121	-0.378950	-0.014486	0.342408	-0.368274	0.012377
ENSMUSG00000034263	0.008697	0.128927	0.061277	-0.324892	0.159878	0.276654
ENSMUSG00000034266	0.083830	-0.384602	0.251376	-0.145349	0.088249	0.185205
ENSMUSG00000034282	-0.053899	0.322656	-0.116723	-0.454777	0.733606	0.220740
ENSMUSG00000034290	-0.458505	0.602788	0.271226	-0.057856	0.149562	-0.348644
ENSMUSG00000034292	-0.351207	-0.060222	-0.343641	0.179456	0.326986	0.072153
ENSMUSG00000034297	-0.721795	0.789093	0.262087	-0.274540	-0.228227	0.311680
ENSMUSG00000034311	-0.348985	0.656322	-0.203061	-0.355660	0.085035	0.641408
ENSMUSG00000034320	0.415584	-0.461604	-0.047886	-0.492517	0.193105	-0.421768
ENSMUSG00000034321	0.027162	-0.207554	-0.077823	-0.017128	-0.393987	-0.552133
ENSMUSG00000034329	-0.459648	-0.006606	0.232311	-0.558153	-0.036232	-0.579576
ENSMUSG00000034330	0.108798	-0.176781	-0.158663	-0.107643	-0.120047	0.086100
ENSMUSG00000034342	0.258425	0.338421	-1.253402	-0.731384	-0.661576	-1.166172
ENSMUSG00000034343	-0.130686	0.094069	-0.377858	0.372997	-0.402416	-0.018272
ENSMUSG00000034345	0.590179	-0.082003	0.225498	0.198839	0.054832	-0.108578
ENSMUSG00000034349	0.496585	-0.032173	-0.310393	0.032198	0.240801	0.032576
ENSMUSG00000034353	0.057244	-0.479181	0.424383	-0.021511	0.997860	0.181184
ENSMUSG00000034354	0.387186	-0.163508	0.438128	0.220176	0.311284	-0.184911
ENSMUSG00000034371	-0.707737	0.160648	0.223475	0.030110	0.220544	-0.788218
ENSMUSG00000034377	-0.700378	-0.062370	0.174247	0.036204	0.385227	-0.175733
ENSMUSG00000034379	-0.091063	-0.037843	0.044120	-0.384956	-0.293276	0.014488
ENSMUSG00000034394	0.270037	0.709951	0.124704	-0.040093	0.249535	0.112248
ENSMUSG00000034402	-0.366507	-0.259567	-0.071714	0.259652	0.177270	0.233088
ENSMUSG00000034403	0.790400	-0.225460	-0.629064	0.356360	-0.714881	0.184691
ENSMUSG00000034412	0.598902	0.093611	0.788529	0.159866	0.051399	0.050948
ENSMUSG00000034424	-0.233662	-0.456131	0.235858	-0.323801	-0.527954	-0.291171
ENSMUSG00000034432	-0.126445	-0.501342	-0.183415	0.007316	0.032116	0.805217
ENSMUSG00000034435	0.305062	-0.066549	0.009532	-0.113199	0.009156	-0.262879
ENSMUSG00000034449	0.119008	-0.227436	0.379667	-0.431524	-0.694697	0.666375
ENSMUSG00000034450	0.034500	-0.391613	0.367578	0.151567	-0.061897	0.127841
ENSMUSG00000034452	-0.366306	0.453420	0.429227	0.222333	-0.014202	0.028419
ENSMUSG00000034453	0.401984	0.221312	-0.487666	0.019836	0.263576	0.045923
ENSMUSG00000034456	0.288227	-0.607849	-0.468235	-0.426419	-0.226569	-0.112533
ENSMUSG00000034457	0.161945	0.253821	-0.015798	0.223704	0.093711	-0.276337
ENSMUSG00000034459	-0.249630	0.042103	0.393115	-0.163592	0.341164	-0.241089
ENSMUSG00000034462	0.103711	-0.470195	0.434000	0.491486	0.276545	-0.308533
ENSMUSG00000034467	0.099956	-0.125199	-0.141471	-0.184244	0.394945	-0.182178
ENSMUSG00000034471	-0.060407	0.309111	-0.202072	-0.275694	0.414995	0.178126
ENSMUSG00000034473	-0.731454	0.051659	0.584190	-0.279361	-0.219174	0.356788
ENSMUSG00000034480	-0.449841	0.351218	-0.038054	0.039214	0.625359	-0.443676
ENSMUSG00000034484	-0.517540	-0.268341	-0.161081	-0.045158	-0.119663	0.048240
ENSMUSG00000034520	-0.050953	0.285503	0.162438	-0.165783	0.176764	0.153454
ENSMUSG00000034525	0.239950	0.116879	-0.339554	-0.095083	-0.149304	-0.195009
ENSMUSG00000034528	0.096414	-0.068629	-0.286516	-0.311464	0.418099	0.640799
ENSMUSG00000034538	-0.518774	-0.265039	-0.249453	0.201334	0.704488	0.490874
ENSMUSG00000034543	-0.881617	-0.246636	0.021428	0.052283	0.122672	0.025544
ENSMUSG00000034557	-0.328025	0.179415	-0.492230	-0.095070	-0.193033	-0.316586
ENSMUSG00000034566	0.131039	-0.040659	0.121497	0.343415	-0.446513	0.099079
ENSMUSG00000034570	0.466046	0.077441	0.325230	0.029455	-0.788305	0.161604
ENSMUSG00000034573	0.128439	-0.337465	0.249419	-0.292693	-0.408577	-0.029280
ENSMUSG00000034574	-0.618169	-0.034883	0.003612	0.162417	0.192512	0.087806
ENSMUSG00000034579	0.219494	-0.023149	0.565260	0.500300	-0.403220	0.157766
ENSMUSG00000034583	0.207252	0.052337	0.394593	0.164316	0.009239	-0.414693
ENSMUSG00000034591	0.364174	0.115042	0.034363	0.051451	0.335864	0.305721
ENSMUSG00000034593	0.380435	0.638957	-0.296645	0.137234	0.290068	0.311870
ENSMUSG00000034612	-0.109065	0.318974	-0.105959	-0.423120	0.375700	0.064540
ENSMUSG00000034616	0.139233	0.325371	-0.338000	-0.366438	-0.501274	0.324897
ENSMUSG00000034617	0.425574	0.174098	0.649667	0.210535	0.121273	-0.612558
ENSMUSG00000034620	0.037368	0.231774	0.383010	0.414824	-0.015029	-0.346329
ENSMUSG00000034634	-0.357783	-0.244502	0.029455	0.158146	-0.171128	0.308273
ENSMUSG00000034639	0.476636	0.175707	-0.098580	0.370646	-0.223697	0.165993
ENSMUSG00000034652	0.000138	0.016315	0.362312	0.248450	-0.246927	0.164872
ENSMUSG00000034653	-0.194067	0.113177	-0.167841	0.231845	0.062162	-0.126706
ENSMUSG00000034656	0.488657	-0.162315	0.539350	0.552985	-0.080076	0.355792
ENSMUSG00000034660	-0.289654	-0.076211	0.284394	0.352962	-0.221023	-0.201255
ENSMUSG00000034664	0.147577	0.434128	-0.053941	-0.637391	-0.040312	-0.152659
ENSMUSG00000034674	-0.162598	-0.397341	-0.416815	0.107098	0.249155	0.450049
ENSMUSG00000034681	0.080077	0.384164	0.011766	0.286889	0.084015	-0.220550
ENSMUSG00000034684	-0.175676	-0.660272	0.242098	-0.055520	-0.566004	0.435285
ENSMUSG00000034687	-0.132012	0.348234	0.384248	0.030312	0.896225	0.241948
ENSMUSG00000034690	-0.256000	0.055667	-0.007464	0.188236	0.111540	0.071175
ENSMUSG00000034701	0.025573	0.170545	0.713954	-0.023413	0.349676	-0.292543
ENSMUSG00000034706	-0.131028	-0.176805	-0.189341	-0.231303	0.002197	-0.530900
ENSMUSG00000034707	0.279696	-0.307875	-0.235712	0.141699	-0.091166	0.084030
ENSMUSG00000034708	0.275560	0.068919	-0.267083	-0.025786	0.185176	0.062899
ENSMUSG00000034714	0.228016	-0.282633	0.396103	0.019545	0.315949	-0.005567
ENSMUSG00000034724	-0.561870	0.471151	0.232789	0.173140	-0.037797	0.366909
ENSMUSG00000034730	0.058056	0.014191	0.236074	-0.078533	-0.588143	0.303126
ENSMUSG00000034731	0.241140	-0.095794	-0.095979	0.236519	0.154434	0.615522
ENSMUSG00000034732	-0.226456	0.364558	-0.013387	-0.343859	0.099715	0.237855
ENSMUSG00000034738	-0.188386	-0.201441	0.528434	0.377360	0.294408	-0.191419
ENSMUSG00000034744	-0.168613	-0.317364	0.124091	-0.273580	-0.229000	0.065079
ENSMUSG00000034748	0.137883	0.631279	-0.594053	0.111934	-0.101835	-0.220993
ENSMUSG00000034758	-0.114584	-0.064585	-0.177010	0.484780	-0.151028	-0.007509
ENSMUSG00000034765	0.503209	-0.061009	-0.154181	-0.242868	-0.321029	0.402443
ENSMUSG00000034768	0.331054	0.424615	0.125849	0.524628	0.213929	0.074380
ENSMUSG00000034771	-0.760801	-0.684917	-0.656678	-0.610486	-1.330902	-0.648501
ENSMUSG00000034774	-0.228500	-0.092483	-0.122885	0.078281	0.572458	-0.244207
ENSMUSG00000034780	-0.039531	-0.381262	0.462514	-0.869680	-0.123463	-0.501254
ENSMUSG00000034781	-0.044132	-0.048234	-0.372814	0.045754	0.206875	0.138243
ENSMUSG00000034783	0.461892	0.235956	0.023700	0.208274	0.071830	-0.070261
ENSMUSG00000034785	0.619486	0.134400	0.309266	-0.057782	-0.045306	0.325836
ENSMUSG00000034786	-0.305168	0.072568	-1.048401	-0.044055	0.230438	0.102823
ENSMUSG00000034789	0.511415	0.199688	0.344455	-0.313015	-0.026158	-0.314904
ENSMUSG00000034792	-0.383885	-0.516320	0.000993	-0.033736	0.106212	-0.015035
ENSMUSG00000034793	0.225618	0.603017	0.031525	0.282809	-0.258040	0.272698
ENSMUSG00000034796	-0.738550	-0.447623	0.313770	0.688684	-0.126998	-0.046752
ENSMUSG00000034800	0.177739	0.302942	0.261503	0.034553	0.289730	0.197557
ENSMUSG00000034801	-0.031027	-0.201677	0.488108	-0.504282	0.313909	-0.119617
ENSMUSG00000034807	-0.191035	0.097247	0.302151	0.550162	0.393978	0.511366
ENSMUSG00000034810	-0.210304	-0.506695	-0.133997	-0.009991	-0.199134	-0.063536
ENSMUSG00000034813	0.021803	-0.193614	0.218374	0.145654	-0.084121	0.140883
ENSMUSG00000034820	0.158042	-0.360537	-0.240226	-0.052400	-0.385112	0.361750
ENSMUSG00000034826	0.407288	-0.275976	0.156597	-0.249402	0.246366	-0.406425
ENSMUSG00000034837	-0.029797	0.210406	0.174673	0.448313	-0.448562	0.141006
ENSMUSG00000034842	0.105520	-0.634434	0.524728	-0.311574	0.495186	-0.115669
ENSMUSG00000034848	-0.178204	-0.022087	-0.020122	0.267407	0.014493	-0.530536
ENSMUSG00000034853	-0.311126	-0.479684	0.648239	-0.698444	0.315575	0.355131
ENSMUSG00000034855	-0.451793	0.387074	0.371897	-0.194692	0.092031	0.464991
ENSMUSG00000034863	0.027797	-0.344224	-0.660205	0.253538	0.162795	-0.043263
ENSMUSG00000034867	0.467034	0.711283	-0.366344	0.563654	-0.252754	0.474590
ENSMUSG00000034868	0.317147	0.184262	-0.209696	0.176389	0.008605	0.344636
ENSMUSG00000034875	0.301449	0.120870	-0.002406	-0.139986	0.004577	0.460289
ENSMUSG00000034880	0.220448	-0.036381	0.143245	-0.359983	0.794144	-0.159217
ENSMUSG00000034881	-0.359158	0.003867	0.098146	-0.006183	-0.699409	0.075293
ENSMUSG00000034883	-0.313701	-0.089872	0.001890	-0.026274	0.184227	0.532200
ENSMUSG00000034889	0.908824	-0.087727	-0.374988	0.455655	0.119036	-0.369450
ENSMUSG00000034892	-0.135350	0.188486	0.716270	-0.057461	0.279047	-0.286915
ENSMUSG00000034898	0.814203	-0.412343	-0.125698	0.371839	-0.219422	-0.138561
ENSMUSG00000034902	-0.829901	0.188487	-0.013369	0.081939	0.262745	0.398310
ENSMUSG00000034906	-0.127937	0.030205	0.036531	-0.054373	0.326384	-0.379178
ENSMUSG00000034910	-0.318165	-0.415072	0.315072	0.462444	-0.663450	0.120985
ENSMUSG00000034917	-0.270803	-0.258342	0.268823	0.501845	-0.319400	-0.063476
ENSMUSG00000034923	0.307782	-0.508137	-0.015305	-0.238970	0.208854	0.094630
ENSMUSG00000034926	-0.415582	0.407649	-0.178453	0.359898	-0.112201	-0.224989
ENSMUSG00000034930	0.240881	0.062857	0.410322	0.393606	-0.238698	-0.276867
ENSMUSG00000034931	-0.014145	-0.128521	-0.098730	0.447136	-0.341473	-0.344025
ENSMUSG00000034932	-0.222053	0.570248	-0.310714	-0.365290	-0.319021	0.244240
ENSMUSG00000034951	-0.251269	0.074125	-0.227069	-0.453714	-0.130929	0.486376
ENSMUSG00000034957	-0.161558	0.381101	0.607651	-0.045069	-0.275171	0.062178
ENSMUSG00000034974	0.339352	0.084087	0.337421	0.065190	-0.396567	-0.174074
ENSMUSG00000034987	-0.178829	-0.072400	-1.174078	-0.095210	0.295707	-0.182536
ENSMUSG00000034990	0.103948	-0.236190	-0.435588	-0.186230	-0.047163	-0.180522
ENSMUSG00000034993	0.101444	0.008170	-0.075225	-0.021458	0.257678	-0.518669
ENSMUSG00000034994	0.234307	0.583246	-0.086826	0.164780	0.036146	-0.181387
ENSMUSG00000034997	-0.717943	-0.421855	0.176653	0.024898	0.349998	0.488430
ENSMUSG00000035000	0.306206	-0.112811	0.193668	0.251777	0.245288	0.021785
ENSMUSG00000035020	0.399198	0.100212	-0.299634	0.600631	-0.439186	0.710852
ENSMUSG00000035027	-0.561032	-0.121061	0.186693	0.223904	-0.504280	-0.398408
ENSMUSG00000035031	0.088359	-0.596626	-0.370155	0.170865	-0.230440	-0.689253
ENSMUSG00000035032	-0.014744	0.171990	-0.241916	0.435195	0.170161	-0.215512
ENSMUSG00000035041	0.001786	0.399595	0.108780	-0.335867	-0.386944	0.107355
ENSMUSG00000035042	-0.036541	-0.045349	0.158652	0.236575	-0.068763	0.309817
ENSMUSG00000035048	-0.294876	-0.445702	0.231457	-0.029113	-0.582769	0.023092
ENSMUSG00000035057	-0.210677	0.986667	-0.319981	0.502056	-0.394451	-0.354008
ENSMUSG00000035064	-0.179056	0.550100	-0.341417	-0.600227	-0.178205	0.019041
ENSMUSG00000035067	0.083706	0.282657	-0.400980	-0.150604	0.307392	0.057249
ENSMUSG00000035069	0.397456	0.105846	0.922657	-0.101575	-0.086962	-0.212734
ENSMUSG00000035078	0.417875	-0.719114	-0.025661	-0.412406	0.053101	0.202496
ENSMUSG00000035086	0.111091	0.239828	0.653043	-0.088278	-0.541487	-0.185850
ENSMUSG00000035105	0.420297	-0.106541	-0.045357	-0.061128	-0.318527	-0.265972
ENSMUSG00000035109	0.021732	1.127815	0.084583	1.067502	0.810772	1.168777
ENSMUSG00000035112	-0.438447	-0.303482	0.327352	-0.339079	-0.063873	-0.468817
ENSMUSG00000035121	-0.748101	-0.320125	0.418289	0.098742	0.202030	0.507523
ENSMUSG00000035133	0.193808	-0.140485	-0.394297	0.306210	0.308144	-0.333812
ENSMUSG00000035142	0.296990	-0.126832	0.197105	0.165239	0.003164	-0.493781
ENSMUSG00000035150	0.059130	-0.789557	-0.093017	0.148039	0.071954	-0.182748
ENSMUSG00000035152	-0.022503	-0.127966	-0.039156	-0.012812	0.411667	0.244865
ENSMUSG00000035158	0.410051	-0.038806	0.107460	0.218988	0.047048	0.074868
ENSMUSG00000035161	0.122118	0.446457	0.296926	-0.139046	0.015150	-0.213334
ENSMUSG00000035165	-0.159868	-0.106601	0.581143	0.536350	0.357412	0.065697
ENSMUSG00000035183	0.605385	0.081209	0.108036	0.291817	-0.011354	-0.741297
ENSMUSG00000035186	-0.112409	-0.455740	0.117537	0.458018	-0.122970	-0.523452
ENSMUSG00000035187	-0.295929	-0.454866	-0.327927	-0.586853	0.482413	-0.243296
ENSMUSG00000035189	-0.251099	0.301337	-0.409307	0.045514	-0.174735	-0.622997
ENSMUSG00000035198	0.425298	0.127398	0.071288	0.449763	-0.357469	0.351953
ENSMUSG00000035199	-0.883363	0.005737	-0.296321	-0.123499	-0.054223	-0.521447
ENSMUSG00000035200	0.440760	0.567324	-0.062868	-0.047021	0.040295	-0.043084
ENSMUSG00000035202	0.367379	-0.813539	0.010005	-0.114808	0.158261	0.847284
ENSMUSG00000035203	0.423847	-0.635860	0.172539	0.397510	-0.066422	-0.126436
ENSMUSG00000035206	-0.193516	0.073445	-0.374326	-0.480821	-0.624786	0.522645
ENSMUSG00000035215	-0.670488	0.092807	-0.095332	0.023087	-0.516633	0.490971
ENSMUSG00000035227	0.445967	-0.154803	0.337846	0.550064	-0.320874	0.147016
ENSMUSG00000035232	0.398400	-0.018277	-0.446242	0.242283	-0.404435	0.006674
ENSMUSG00000035234	0.523504	-0.728904	-0.652771	0.234331	0.413550	0.359267
ENSMUSG00000035236	-0.743529	-0.153034	0.343948	0.299127	-0.372996	0.226651
ENSMUSG00000035237	-0.155597	0.219830	-0.120503	-0.137070	0.304095	-0.440720
ENSMUSG00000035238	0.098530	0.089751	0.179326	0.180587	0.197221	0.099778
ENSMUSG00000035239	0.411633	0.321109	-0.020527	0.023600	0.137260	-0.395986
ENSMUSG00000035242	-0.644059	0.104910	0.440654	-0.222282	0.368458	0.544672
ENSMUSG00000035246	0.538791	0.315600	-0.166815	-0.208283	0.414101	0.606068
ENSMUSG00000035262	0.305554	0.070773	-0.281396	0.456644	-0.204840	-0.508700
ENSMUSG00000035273	-0.220463	0.226948	0.099107	-0.101350	0.306194	0.048271
ENSMUSG00000035283	-0.674944	-0.262718	0.507914	-0.037046	0.225584	0.324425
ENSMUSG00000035296	-0.273501	0.169738	-0.373302	0.390037	-0.163339	0.428810
ENSMUSG00000035297	0.203412	-0.346074	-0.143445	-0.058447	-0.258342	0.692277
ENSMUSG00000035305	0.492060	0.008226	0.053975	0.464645	0.135447	0.164089
ENSMUSG00000035325	0.847517	0.368254	-0.538303	0.059326	-0.060835	-0.104901
ENSMUSG00000035342	0.062789	0.180732	0.118296	-0.061302	0.260694	-0.558240
ENSMUSG00000035351	-0.499387	0.370848	0.179356	0.715433	-0.203706	-0.144965
ENSMUSG00000035352	-0.215835	-0.149207	0.225297	-0.044304	0.091284	-0.013741
ENSMUSG00000035354	-0.051348	-0.218684	0.649768	0.234088	-0.498042	-0.557065
ENSMUSG00000035355	-0.254278	-0.079068	-0.374180	-0.600234	0.167416	-0.256748
ENSMUSG00000035356	-0.125587	-0.449781	-0.413638	0.210691	-0.123404	0.844682
ENSMUSG00000035367	-0.319513	-0.162511	0.061601	-0.056157	-0.115012	0.699317
ENSMUSG00000035373	-0.250343	0.240688	-0.191591	-0.438341	-0.496439	-0.328691
ENSMUSG00000035376	-0.412605	-0.502043	-0.008013	0.151498	-0.541478	-0.017024
ENSMUSG00000035378	0.671516	-0.015140	-0.290375	-0.069005	-0.272410	0.523665
ENSMUSG00000035382	0.117544	-0.586831	0.119062	0.030046	0.384424	-0.079148
ENSMUSG00000035383	-0.092562	0.053148	0.165314	0.046389	-0.142838	-0.411396
ENSMUSG00000035385	-0.071452	0.558720	-0.572035	0.093575	-0.219441	0.423239
ENSMUSG00000035387	-0.242812	0.115311	-0.214370	-0.646460	0.134813	-0.545991
ENSMUSG00000035392	-0.284616	0.184791	0.284545	-0.152086	-0.131257	0.183167
ENSMUSG00000035403	-0.125280	-0.219638	-0.658718	0.032234	-0.801737	-0.036236
ENSMUSG00000035431	-0.514368	0.254702	0.371483	0.307855	0.633684	0.511242
ENSMUSG00000035437	0.261304	0.335484	0.781404	0.045960	-0.163575	-0.126901
ENSMUSG00000035439	-0.266342	-0.271964	-0.085940	0.094271	0.046675	0.066188
ENSMUSG00000035448	0.118740	0.099752	0.165400	0.167193	-0.765846	0.041315
ENSMUSG00000035451	0.275359	-0.074788	-0.142450	-0.108973	0.029299	0.055786
ENSMUSG00000035455	-0.254219	0.016850	0.324992	-0.002074	-0.127043	-0.535519
ENSMUSG00000035458	0.212579	-0.748847	-0.168427	0.083600	0.053231	0.647937
ENSMUSG00000035459	-0.591012	0.212621	-0.513627	0.457803	0.098172	0.080472
ENSMUSG00000035472	0.101294	0.349707	0.083431	-0.242425	0.439904	-0.244678
ENSMUSG00000035473	-0.182789	-0.342866	0.328398	0.565429	0.347740	-0.479505
ENSMUSG00000035476	0.509039	-0.417578	0.154997	-0.280778	0.118113	0.374087
ENSMUSG00000035478	-0.030918	0.129898	-0.360633	-0.406370	-0.043300	0.296269
ENSMUSG00000035505	0.771842	-0.377560	0.146514	-0.435105	0.261328	-0.223532
ENSMUSG00000035509	-0.010363	0.362787	-0.091024	-0.251563	0.016238	0.298429
ENSMUSG00000035513	-0.802866	-0.156997	0.634240	0.099465	0.133194	-0.231934
ENSMUSG00000035528	0.153010	-0.293935	-0.451862	0.895622	-0.275298	-0.188354
ENSMUSG00000035529	-0.372730	0.171008	0.449761	0.213003	-0.003004	-0.326515
ENSMUSG00000035540	0.338470	0.643434	-0.208603	-0.225942	-0.172594	0.551267
ENSMUSG00000035557	-0.052024	0.926311	-0.735551	-0.337638	0.038006	-0.114045
ENSMUSG00000035561	0.415689	0.039881	-0.293168	0.164026	1.121706	0.664088
ENSMUSG00000035572	0.695237	0.174555	-0.426856	0.239457	-0.041914	0.218482
ENSMUSG00000035575	0.833683	0.277996	0.602417	0.235385	0.031123	-0.055087
ENSMUSG00000035576	-0.318541	-0.085177	0.601416	0.141180	-0.245259	0.380522
ENSMUSG00000035580	0.386302	0.413434	-0.083591	0.464058	0.057545	0.101422
ENSMUSG00000035592	0.185929	0.245796	-0.324938	0.150085	0.081166	0.012586
ENSMUSG00000035594	-0.044555	0.120280	0.364345	0.275878	0.059750	0.050083
ENSMUSG00000035596	0.299200	0.040276	-0.326525	0.071518	0.095927	0.058414
ENSMUSG00000035623	0.071640	0.701552	-0.523153	0.181032	-0.107902	-0.605233
ENSMUSG00000035626	-0.028666	-0.182360	0.541184	0.356801	-0.241655	-0.280215
ENSMUSG00000035629	0.373222	0.185338	-0.384620	0.156927	0.485799	0.313978
ENSMUSG00000035632	0.123461	0.222553	0.667563	-0.089152	0.072031	0.085496
ENSMUSG00000035637	0.520437	-0.231669	0.367223	0.087071	-0.130261	0.098669
ENSMUSG00000035638	0.081485	0.517433	-0.261187	0.069780	0.239247	0.084590
ENSMUSG00000035653	0.001354	-0.114794	0.160585	0.330168	-0.395578	-0.223367
ENSMUSG00000035666	0.660717	-0.196345	-0.336637	-0.739244	0.255570	0.289487
ENSMUSG00000035674	0.096139	-0.309195	0.045299	-0.039283	-0.116821	0.147324
ENSMUSG00000035678	0.715922	-0.178915	0.638279	-0.188617	-0.189564	-0.497554
ENSMUSG00000035681	0.082083	-0.097595	-0.378525	-0.266434	-0.348070	0.488108
ENSMUSG00000035686	-0.270961	0.331108	0.293917	0.351136	0.213744	-0.114755
ENSMUSG00000035692	-0.215203	-0.382963	-0.052395	-0.234553	0.161591	0.197848
ENSMUSG00000035697	-0.143368	-0.171476	0.110552	0.287291	-0.121849	0.213124
ENSMUSG00000035699	-0.535410	-0.672709	0.100988	-0.183424	0.045886	-0.290419
ENSMUSG00000035704	-0.076397	-0.343897	-0.156398	-0.178167	0.187726	-0.388428
ENSMUSG00000035711	0.349480	-0.189283	-0.014601	-0.362810	0.423886	0.388282
ENSMUSG00000035722	0.066091	-0.471016	-0.884387	-0.373269	0.245710	0.109687
ENSMUSG00000035726	-0.000939	0.038439	-0.096332	-0.119482	-0.474809	-0.258340
ENSMUSG00000035735	-0.106043	0.229566	-0.654965	0.283335	-0.006809	0.331692
ENSMUSG00000035745	0.292681	-0.146103	-0.168330	-0.371532	0.091891	-0.121641
ENSMUSG00000035754	0.326417	-0.662217	-0.263543	-0.399579	-1.005367	0.539752
ENSMUSG00000035769	-0.128295	0.035436	0.237050	-0.217497	0.571417	0.341676
ENSMUSG00000035770	0.067743	-0.504802	-0.201167	0.444131	-0.051549	-0.134077
ENSMUSG00000035772	0.247152	0.141347	-0.290554	0.137223	-0.258023	0.589845
ENSMUSG00000035773	0.054711	-0.089020	0.369298	0.447496	0.018672	-0.180062
ENSMUSG00000035775	-0.196687	-0.320203	0.239469	-0.227249	0.568215	0.167155
ENSMUSG00000035776	0.522391	-0.392025	0.093501	0.305522	0.123916	-0.305242
ENSMUSG00000035778	-0.009197	-0.095241	0.076733	0.026647	0.022072	-0.793784
ENSMUSG00000035780	-0.084121	-0.236307	0.063563	0.682372	-0.376957	0.057193
ENSMUSG00000035783	-0.668379	-0.341203	0.243882	0.019803	-0.337139	-0.748233
ENSMUSG00000035799	-0.389053	0.313324	-0.097941	-0.223315	-0.151140	0.143799
ENSMUSG00000035804	-0.440044	-0.013740	-0.168734	0.041224	0.587230	0.202818
ENSMUSG00000035811	0.568113	-0.512495	0.223676	-0.147389	0.409720	0.312786
ENSMUSG00000035824	-0.097633	-0.411163	0.100352	0.035076	-0.067549	-0.051132
ENSMUSG00000035831	0.108158	-0.054920	-0.685000	0.377117	-0.108769	0.494516
ENSMUSG00000035834	0.099536	-0.190769	-0.348020	-0.015860	-0.790904	0.047643
ENSMUSG00000035835	-0.329096	0.589141	-0.279574	0.352347	-0.057241	-0.401820
ENSMUSG00000035836	-0.164629	-0.232365	0.224905	-0.134533	0.230837	0.162279
ENSMUSG00000035845	-0.097518	0.326713	0.216622	0.166452	-0.166868	0.637219
ENSMUSG00000035847	-0.222987	-0.798192	0.264627	0.022258	0.023231	0.190647
ENSMUSG00000035851	-0.228949	-0.361594	-0.213617	0.534190	0.261028	0.097201
ENSMUSG00000035864	0.335839	-0.204608	-0.361801	-0.107727	-0.095287	0.692098
ENSMUSG00000035878	-0.307982	0.350307	-0.207475	-0.404431	0.189271	-0.011130
ENSMUSG00000035885	0.107099	0.537631	-0.248152	-0.284950	0.029069	-0.096878
ENSMUSG00000035890	-0.044085	-0.242381	-0.068976	1.132773	0.295904	0.348115
ENSMUSG00000035891	-0.029720	0.343080	-0.191829	0.089435	-0.078997	-0.040666
ENSMUSG00000035898	-0.293520	-0.140692	-0.262592	-0.568041	-0.237585	-0.068001
ENSMUSG00000035901	-0.729840	-0.431809	0.003299	-0.562117	-0.326156	-0.730775
ENSMUSG00000035919	0.646784	-0.470598	-0.202230	0.607276	0.079864	-0.287019
ENSMUSG00000035923	0.620433	0.539207	0.143444	-0.087773	-0.227424	0.919798
ENSMUSG00000035929	0.414894	0.019926	0.163271	-0.029661	0.044682	0.302364
ENSMUSG00000035932	-0.283365	-0.297336	0.145651	-0.153498	-0.528116	-0.234728
ENSMUSG00000035933	-0.177122	-0.051962	-0.351524	-0.165744	0.052448	0.340327
ENSMUSG00000035936	0.129648	-0.403563	0.334758	0.032165	-0.039445	0.063371
ENSMUSG00000035948	-0.326703	0.345309	0.689108	-0.273202	0.353030	0.837579
ENSMUSG00000035953	0.297793	-0.082554	-0.426350	-0.174459	0.011237	-0.225493
ENSMUSG00000035954	0.315210	-0.102295	-0.225914	0.124029	0.112173	0.336025
ENSMUSG00000035958	-0.062462	0.169424	-0.472199	-0.374103	0.274822	0.423434
ENSMUSG00000035960	0.335124	-0.328663	-0.087962	0.324219	0.466739	0.126552
ENSMUSG00000035992	-0.112412	-0.486857	0.225559	0.709095	-0.520353	0.440968
ENSMUSG00000036023	0.330702	0.163282	-0.358791	0.256905	0.643422	0.165023
ENSMUSG00000036040	-0.393834	0.080372	0.038319	0.012229	0.593111	-0.058775
ENSMUSG00000036053	0.504430	-0.243120	-0.183386	0.061901	0.231309	0.149557
ENSMUSG00000036061	0.535587	-0.177068	-0.344231	-1.185731	0.358808	0.574061
ENSMUSG00000036067	-0.244177	0.493955	-0.215349	0.941573	0.413271	-0.321512
ENSMUSG00000036073	0.021019	-0.440900	0.318657	0.095131	0.107344	-0.372979
ENSMUSG00000036091	-0.127139	0.332057	0.890289	0.190159	-0.122875	-0.132791
ENSMUSG00000036095	0.019075	-0.521618	-0.330318	0.019380	0.308183	-0.229853
ENSMUSG00000036104	0.246748	0.112193	0.194693	0.431620	-0.070703	-0.085328
ENSMUSG00000036106	-0.000731	-0.075836	0.231740	-0.273196	-0.058341	-0.016736
ENSMUSG00000036111	0.489241	0.262906	0.212600	-0.247296	0.276062	0.404387
ENSMUSG00000036112	0.273677	-0.346057	-0.084123	0.043961	0.519335	0.209442
ENSMUSG00000036117	-0.545929	0.513241	0.187997	-0.045800	0.076104	-0.855781
ENSMUSG00000036120	-0.243207	-0.394377	0.251432	-0.369287	0.465517	0.331760
ENSMUSG00000036123	-0.313468	0.301205	0.052879	0.465340	-0.195246	0.635937
ENSMUSG00000036138	-0.331327	-0.162286	-0.302815	0.170768	-0.043202	-0.055311
ENSMUSG00000036155	0.637172	-0.043960	-0.216683	0.317187	0.255727	-0.190631
ENSMUSG00000036158	0.167301	0.145375	-0.766462	-0.487485	-1.073286	-1.252605
ENSMUSG00000036180	0.495567	0.030412	0.190696	0.015313	0.122086	-0.086773
ENSMUSG00000036181	0.319290	-0.120069	0.735298	0.022400	0.313183	-0.103651
ENSMUSG00000036192	-0.080932	0.164391	-0.393574	0.138556	0.133913	0.483983
ENSMUSG00000036199	0.507829	-0.012031	0.477316	0.639621	0.059839	0.115648
ENSMUSG00000036202	0.106870	0.554161	0.229711	-0.728241	0.209357	-0.134400
ENSMUSG00000036206	-0.900438	-0.077220	0.171090	-0.086775	0.013475	-0.102851
ENSMUSG00000036216	-0.145885	0.113831	0.167106	0.692772	-0.373347	-0.439686
ENSMUSG00000036223	0.016559	-0.343860	-0.066790	-0.235334	-0.450829	0.246616
ENSMUSG00000036225	-0.364761	-0.117527	0.080960	-0.181688	0.411442	0.043148
ENSMUSG00000036241	-0.142330	-0.385181	0.169847	-0.402540	0.015683	0.448723
ENSMUSG00000036246	0.079078	-0.175594	0.767915	-0.112377	-0.348415	0.156564
ENSMUSG00000036251	-0.258595	0.340929	-0.596706	-0.367470	0.216232	-0.055684
ENSMUSG00000036256	0.095860	0.103340	0.003369	-0.347421	-0.359535	0.281050
ENSMUSG00000036257	0.313255	-0.170398	0.344959	-0.236569	-0.537883	0.148433
ENSMUSG00000036270	0.004937	-0.843160	-0.272174	-0.006896	-0.360993	0.410619
ENSMUSG00000036273	0.184235	0.276541	-0.008899	0.325035	0.104994	0.367254
ENSMUSG00000036281	0.622800	0.201922	0.524072	0.071469	0.561361	0.041280
ENSMUSG00000036298	-0.173526	-0.001336	-0.591650	-0.150095	-0.044919	-0.073500
ENSMUSG00000036309	-0.128512	-0.373460	-0.636205	-0.870545	-1.439035	-0.768276
ENSMUSG00000036315	0.342736	-0.630464	0.008854	0.390093	0.000224	0.105260
ENSMUSG00000036322	-0.424701	-0.269236	0.460978	-0.082139	0.592178	-0.486192
ENSMUSG00000036323	-0.246869	0.023262	-0.051975	-0.007765	-0.586400	0.301279
ENSMUSG00000036330	-0.553083	-0.323890	0.766654	-0.195150	-0.071029	-0.035266
ENSMUSG00000036333	0.089134	-0.109803	0.402610	-0.195539	-0.276594	-0.661366
ENSMUSG00000036352	-0.496167	0.081014	-0.217392	0.502318	-0.608172	-0.032817
ENSMUSG00000036353	-0.335279	-0.255709	-0.209053	-0.310789	-0.494433	-0.547669
ENSMUSG00000036356	-0.077591	0.453639	0.144533	-0.336257	-0.437327	-0.089854
ENSMUSG00000036362	-0.476894	0.098620	-0.138479	0.181785	-0.709865	0.063549
ENSMUSG00000036372	0.452181	0.303678	-0.308844	-0.286608	0.482208	-0.522121
ENSMUSG00000036381	0.030754	0.000770	0.384680	-0.199719	0.099303	-0.159336
ENSMUSG00000036390	0.036898	0.475177	0.322553	-0.527310	-0.529760	-0.078714
ENSMUSG00000036391	-0.053789	-0.333192	-0.288840	-0.420668	0.352389	0.432102
ENSMUSG00000036395	-0.438215	-0.775992	0.070550	-0.441691	0.216561	0.095095
ENSMUSG00000036402	0.982041	-0.018475	-0.198630	-0.163035	-0.118840	0.206687
ENSMUSG00000036403	-0.315570	0.379999	0.112276	0.383143	0.342919	0.785703
ENSMUSG00000036412	-0.020730	-0.394243	-0.157199	0.297680	0.392952	0.192629
ENSMUSG00000036427	-0.187657	0.374537	-0.576856	0.523955	0.461886	0.412978
ENSMUSG00000036432	0.427029	0.276154	-0.064751	-0.442791	0.724724	-0.358578
ENSMUSG00000036435	0.461812	0.512276	-0.002449	-0.589418	-0.238132	-0.109620
ENSMUSG00000036437	-0.468306	0.076497	-0.100329	0.503400	0.805385	0.020926
ENSMUSG00000036438	0.372745	-0.098404	0.339977	0.216977	0.255807	-0.101917
ENSMUSG00000036442	0.785325	0.115106	-0.324437	0.156528	0.310487	-0.286315
ENSMUSG00000036446	0.082031	-0.089615	-0.460430	-0.110446	-0.501769	0.390059
ENSMUSG00000036450	-0.345153	0.133179	0.363068	0.052637	0.205214	0.484602
ENSMUSG00000036452	-0.079975	-0.222999	0.319565	0.304958	-0.566731	-0.849395
ENSMUSG00000036459	-0.358551	0.041372	-0.000029	0.301703	-0.414123	0.039586
ENSMUSG00000036461	-0.461922	-0.638602	-0.691453	-0.473739	-0.450109	0.152659
ENSMUSG00000036463	0.430786	0.578690	0.980688	1.123951	0.956100	0.551461
ENSMUSG00000036466	-0.067732	0.547398	-0.289405	-0.293496	0.317157	0.088962
ENSMUSG00000036473	0.079806	-0.082996	0.085085	0.042733	-0.481844	-0.069952
ENSMUSG00000036478	0.079901	-0.321414	0.175794	0.473102	0.037753	-0.002592
ENSMUSG00000036499	0.104657	-0.234537	0.567577	-0.324805	-0.647067	0.528038
ENSMUSG00000036500	-0.334228	0.335625	-0.601997	0.153343	-0.232626	0.141776
ENSMUSG00000036501	0.143015	0.234169	0.058789	-0.263512	0.468811	0.012064
ENSMUSG00000036510	-0.106987	-0.010897	-0.674661	0.466618	0.168000	-0.084836
ENSMUSG00000036513	-0.155691	-0.048865	0.142493	0.192393	0.593095	0.151141
ENSMUSG00000036523	-0.311098	0.674650	-0.120104	0.249439	-0.107418	-0.179820
ENSMUSG00000036526	0.496737	-0.546527	0.256259	0.365278	-0.371596	0.246869
ENSMUSG00000036528	0.201586	-0.039985	0.211539	-0.192826	-0.324509	-0.000072
ENSMUSG00000036529	0.456443	-0.350978	-0.149704	0.314543	0.544274	0.051839
ENSMUSG00000036533	-0.024516	0.264315	-0.511774	-0.261231	0.330562	-0.122395
ENSMUSG00000036537	0.122278	-0.152202	-0.344792	0.032625	0.004430	-0.101465
ENSMUSG00000036545	-0.534183	-0.093037	0.587193	0.443618	0.427682	0.155190
ENSMUSG00000036555	0.037369	0.154909	0.328370	0.087648	-0.217183	0.477027
ENSMUSG00000036560	-0.519682	0.257009	0.143564	0.264335	-0.071749	0.146016
ENSMUSG00000036565	0.793637	-0.066063	0.230836	0.297769	-0.164195	-0.170528
ENSMUSG00000036568	-0.387195	0.418584	0.012566	-0.237285	-0.376542	0.072014
ENSMUSG00000036570	-0.330496	-0.555204	0.126501	-0.323591	0.255631	0.034124
ENSMUSG00000036572	0.293705	0.189957	-0.005050	0.139058	-0.217136	-0.468804
ENSMUSG00000036578	-0.008650	0.142915	-0.181490	0.182333	0.427509	-0.812670
ENSMUSG00000036585	0.276399	-0.303373	-0.169004	0.170916	-0.227374	-0.422092
ENSMUSG00000036587	-0.704480	0.455284	-0.155888	-0.471772	-0.324762	0.129309
ENSMUSG00000036591	0.224334	-0.165971	-0.287953	0.208824	-0.169708	0.339796
ENSMUSG00000036594	0.050457	-0.142342	0.650752	-0.085310	-0.145243	-0.278075
ENSMUSG00000036599	0.560756	-0.164628	0.270053	0.157171	-0.257423	0.257435
ENSMUSG00000036606	0.191132	-0.360919	0.084276	-0.282437	0.453987	0.499626
ENSMUSG00000036615	-0.188127	-0.375139	-0.791867	0.157465	0.430367	0.310786
ENSMUSG00000036620	-0.429752	0.218572	-0.588456	-0.118092	-0.911878	-0.752433
ENSMUSG00000036622	0.272556	-0.821075	0.142920	-0.081323	-0.121697	0.233108
ENSMUSG00000036632	0.272823	0.121543	-0.168426	0.323060	-0.086252	0.130575
ENSMUSG00000036634	0.000164	-0.354255	-0.287702	-0.037896	-0.099337	0.562237
ENSMUSG00000036636	0.006212	0.143221	-0.012683	0.054351	0.201144	0.117131
ENSMUSG00000036639	-0.158415	0.762661	0.192727	0.382502	0.170246	-0.263801
ENSMUSG00000036646	-1.080369	0.191866	-0.358116	-0.129301	0.213366	-0.561365
ENSMUSG00000036647	0.006063	0.364341	0.454246	-0.464484	-0.438966	0.429923
ENSMUSG00000036658	-0.445054	0.438663	-0.358714	-0.578597	0.544219	0.224388
ENSMUSG00000036661	0.476764	0.035994	-0.784085	0.261209	-0.533028	-0.258181
ENSMUSG00000036672	0.560967	0.349503	-0.471897	0.005682	0.216451	0.293791
ENSMUSG00000036678	-0.352291	-0.274866	-0.043553	0.206567	-0.015464	-0.271723
ENSMUSG00000036693	0.074341	-0.129289	0.017756	-0.887831	0.933397	-0.369384
ENSMUSG00000036698	0.446716	0.002934	0.362272	0.362767	-0.437533	-0.605327
ENSMUSG00000036707	-0.534020	-0.515874	-0.264454	-0.274529	0.033604	0.065887
ENSMUSG00000036712	-0.402344	-0.318505	-1.229292	-1.106126	-1.188953	-0.833585
ENSMUSG00000036718	-0.177732	0.753973	-0.355989	-0.674122	-0.034145	-0.395725
ENSMUSG00000036733	-0.317414	-0.427967	0.768527	-0.247535	0.451473	-0.098454
ENSMUSG00000036737	0.513906	0.339975	0.031154	0.251063	0.400660	-0.072909
ENSMUSG00000036743	0.550439	-0.044444	0.711835	0.669461	0.237618	0.138613
ENSMUSG00000036744	0.064764	-0.350913	-0.103912	0.626475	-0.362912	0.124105
ENSMUSG00000036745	-0.107853	0.506902	-0.417076	0.697299	0.228485	-0.340214
ENSMUSG00000036751	0.259981	-0.262294	0.425259	-0.393461	0.291106	-0.270235
ENSMUSG00000036752	-0.028933	-0.085039	0.012770	-0.082065	-0.043643	-0.009339
ENSMUSG00000036760	-0.094020	0.066420	-0.184842	0.198233	0.186245	0.299800
ENSMUSG00000036768	-0.077091	-0.202090	0.005991	-0.034245	-0.384244	0.627858
ENSMUSG00000036775	-0.115616	0.625353	0.442069	0.148289	-0.003759	0.193200
ENSMUSG00000036777	-0.438345	-0.200517	-0.453774	-0.289369	-0.342651	-0.773484
ENSMUSG00000036781	0.344635	-0.124640	-0.722987	-0.080619	0.135043	0.344473
ENSMUSG00000036782	-0.016519	0.246173	-0.002856	-1.105781	0.211073	-0.187786
ENSMUSG00000036790	-0.520418	-0.234197	-0.287706	0.256063	-0.163761	-0.011090
ENSMUSG00000036792	0.596567	0.841889	0.112375	0.329385	-0.034761	-0.072386
ENSMUSG00000036805	0.069280	-0.145772	0.438890	-0.317913	-0.448159	0.147338
ENSMUSG00000036810	-0.202593	0.349292	-0.013154	0.199860	-0.521263	-0.382212
ENSMUSG00000036813	-0.205726	-0.453134	-0.539146	-0.369980	0.040046	0.017364
ENSMUSG00000036814	-0.068158	0.400004	-0.071157	0.290910	0.374389	0.817160
ENSMUSG00000036819	0.161119	0.186141	-0.627827	-0.569946	0.273259	0.380463
ENSMUSG00000036820	0.054658	-0.184536	0.465834	0.402633	0.638165	-0.013017
ENSMUSG00000036822	0.412058	-0.064840	-0.276335	0.167220	-0.368893	0.066736
ENSMUSG00000036825	0.027908	0.017109	-0.321194	-0.657236	-0.195522	0.473674
ENSMUSG00000036832	-0.155450	0.020796	0.613937	0.277054	-0.694105	-0.011813
ENSMUSG00000036833	-0.291967	-0.080329	-0.162751	0.039495	0.251589	0.062406
ENSMUSG00000036834	0.305796	0.259420	0.090780	-0.065345	0.030015	-0.109268
ENSMUSG00000036835	0.221917	-0.495533	0.375359	-0.025336	0.099951	-0.027733
ENSMUSG00000036840	0.133478	-0.325165	-0.361835	0.426541	-0.161186	0.140540
ENSMUSG00000036845	-0.089910	0.090032	-0.022854	-0.368593	-0.184843	0.626598
ENSMUSG00000036850	0.338405	0.638808	-0.092692	0.332092	0.218246	-0.009544
ENSMUSG00000036853	0.222329	-0.104367	0.218085	-0.444370	0.262803	-0.037419
ENSMUSG00000036855	0.190253	-0.386485	-0.054982	0.239366	0.807819	0.164699
ENSMUSG00000036856	-0.022576	-0.075086	0.354349	0.074158	0.416382	-0.107762
ENSMUSG00000036858	0.281528	-0.409014	-0.054898	-0.051487	-0.362536	-0.316410
ENSMUSG00000036860	-0.061446	-0.536530	-0.270770	0.225770	0.101263	-0.644094
ENSMUSG00000036862	-0.358084	0.443040	-0.067645	-0.105391	0.445234	0.152309
ENSMUSG00000036863	-0.580619	-0.414277	-0.365457	-0.197268	-0.289201	0.054364
ENSMUSG00000036867	0.094879	0.068774	-0.250334	-0.320512	0.178936	0.330354
ENSMUSG00000036875	-0.717738	-0.256411	-0.122420	0.059401	0.000039	-0.495352
ENSMUSG00000036879	-0.258145	-0.561023	0.029750	-0.075073	-0.680947	-0.048463
ENSMUSG00000036880	0.120413	-0.164913	0.412791	0.156683	-0.247601	-0.408671
ENSMUSG00000036882	-0.375774	-0.400124	0.307927	-0.094427	0.288011	-0.153182
ENSMUSG00000036885	0.154044	-0.023202	0.474998	-0.026329	0.534412	-0.040155
ENSMUSG00000036887	-0.296655	-0.409003	0.266591	0.274865	-0.198098	0.054080
ENSMUSG00000036892	0.299012	0.316432	0.057210	0.369457	0.535081	-0.132175
ENSMUSG00000036893	0.483177	-0.259702	-0.185068	0.428830	0.197934	0.167577
ENSMUSG00000036894	-0.340710	-0.004524	0.030923	0.647988	0.454093	0.356958
ENSMUSG00000036896	-0.017896	0.533647	-0.073241	-0.447608	0.423245	-0.249277
ENSMUSG00000036899	-0.326740	-0.371893	0.388586	0.732040	0.499608	0.257533
ENSMUSG00000036904	-0.127222	-0.124196	0.014803	0.157886	0.206806	0.438323
ENSMUSG00000036905	0.233378	0.467984	-0.113062	0.377097	0.523061	-0.146366
ENSMUSG00000036908	0.242324	-0.073789	-0.127819	-0.189652	0.083510	-0.484086
ENSMUSG00000036915	0.518921	0.866892	-0.280162	-0.230262	-0.414711	-0.456113
ENSMUSG00000036932	-0.466112	0.074289	0.698135	0.117902	-0.081644	0.047259
ENSMUSG00000036938	-0.313249	-0.741924	-0.437448	0.052617	-0.951199	-0.061952
ENSMUSG00000036940	0.763523	-0.033304	-0.185611	0.384878	-0.621640	0.624063
ENSMUSG00000036943	0.836432	0.460453	-0.746039	0.075390	0.460094	-0.018511
ENSMUSG00000036957	-0.661752	-0.149497	-0.118216	-0.346901	-0.533902	0.116126
ENSMUSG00000036960	0.137329	0.282316	0.234356	0.188879	0.189289	0.163793
ENSMUSG00000036961	-0.090873	0.026596	-0.506082	-0.171419	-0.126526	-0.042057
ENSMUSG00000036975	-0.081972	0.012598	-0.201293	-0.211332	0.119617	0.171077
ENSMUSG00000036977	0.067011	-0.419488	-0.007792	0.435109	0.172107	-0.848679
ENSMUSG00000036980	0.166157	-0.141780	0.161267	0.301552	0.018744	-0.419046
ENSMUSG00000036985	-0.026529	0.474138	0.080622	0.387980	-0.399751	0.334053
ENSMUSG00000036986	-0.272331	0.167867	-0.489642	0.010793	-0.541314	-0.042843
ENSMUSG00000036992	-0.678964	0.634080	-0.084970	0.282998	0.608151	-0.221448
ENSMUSG00000036995	0.191106	0.106073	-0.117509	0.760319	0.456174	0.692854
ENSMUSG00000037001	-0.169844	-0.175965	-0.178648	0.143761	0.055806	0.509872
ENSMUSG00000037005	0.402969	-0.124470	-0.056402	0.045214	0.113684	-0.162476
ENSMUSG00000037007	0.165921	0.361612	-0.408775	-0.054833	-0.101211	0.537768
ENSMUSG00000037010	-0.122861	0.344968	0.179840	0.254396	-0.756544	-0.001235
ENSMUSG00000037012	-0.375199	0.951181	-0.321040	0.226978	0.233588	0.080714
ENSMUSG00000037013	0.158853	0.302237	0.127421	0.399538	0.112943	-0.042845
ENSMUSG00000037014	-0.306639	0.226128	-0.141024	-0.306509	-0.151249	-0.600435
ENSMUSG00000037016	-0.842276	-0.126082	-0.382812	-0.472877	0.280971	0.474081
ENSMUSG00000037022	-0.211532	0.173659	0.296533	-0.168539	0.205477	-0.044097
ENSMUSG00000037025	0.124767	0.248562	0.007126	-0.271879	0.057034	0.247715
ENSMUSG00000037032	-0.548466	-0.650390	-0.554877	0.190468	-0.173473	-0.111650
ENSMUSG00000037033	-0.145776	0.194476	-0.011932	0.152303	0.020700	0.237955
ENSMUSG00000037035	-0.349911	-0.096575	-0.272794	0.050739	0.212403	-0.110121
ENSMUSG00000037049	-0.331673	0.544171	-0.257497	0.166098	-0.217938	-0.411499
ENSMUSG00000037053	-0.538223	0.205572	-0.434392	0.019814	-0.218369	0.431440
ENSMUSG00000037062	0.218217	0.124089	-0.146724	0.463895	0.151909	-0.463792
ENSMUSG00000037071	0.270902	0.305062	0.670650	-0.156023	-0.329427	-0.093037
ENSMUSG00000037089	0.315743	0.136155	0.005160	0.235076	0.348224	0.170362
ENSMUSG00000037098	0.376399	0.131112	0.010386	-0.599011	-0.129182	-0.043543
ENSMUSG00000037104	0.436082	0.339078	0.548179	0.225025	0.220146	-0.360465
ENSMUSG00000037110	0.264321	-0.405367	0.189502	0.238536	0.012142	-0.694049
ENSMUSG00000037111	0.304886	0.367417	0.076401	0.518277	0.625365	0.466489
ENSMUSG00000037112	-0.239581	0.313135	-0.359710	0.495931	-0.497847	0.423488
ENSMUSG00000037119	-0.400911	0.030153	0.149828	0.859627	0.013114	0.215412
ENSMUSG00000037130	0.074829	0.499012	-0.029692	-0.286012	-0.055121	-0.165337
ENSMUSG00000037140	-0.169095	-0.229256	0.440719	-0.260907	-0.474581	-0.113608
ENSMUSG00000037148	0.668960	-0.525195	-0.332033	0.194928	-0.080539	-0.623607
ENSMUSG00000037152	0.344053	0.101905	0.349237	0.057274	-0.481200	-0.138907
ENSMUSG00000037157	0.070413	-0.447602	0.179115	0.257150	-0.422254	0.088849
ENSMUSG00000037159	-0.269423	0.089708	-0.071975	-0.378695	-0.424729	-0.114923
ENSMUSG00000037166	0.332571	0.254539	-0.311089	0.051140	0.270408	-0.023884
ENSMUSG00000037171	-0.245771	0.134793	-0.007085	-0.004558	-0.037161	-0.201419
ENSMUSG00000037174	-0.036369	-0.235452	0.122412	0.348835	0.808608	0.061278
ENSMUSG00000037185	0.020410	0.031238	-0.164064	0.011054	0.210275	0.402496
ENSMUSG00000037197	0.180036	0.109472	0.161257	0.312780	0.436357	-0.157273
ENSMUSG00000037204	-0.087754	0.653358	-0.076274	0.582837	0.447803	-0.261496
ENSMUSG00000037206	-0.384250	-0.418566	-0.162141	0.461005	-0.268351	0.596019
ENSMUSG00000037211	0.299708	0.629156	0.183477	0.033842	0.270870	0.333518
ENSMUSG00000037216	0.421367	0.307248	-0.100091	-0.633257	-0.481638	-0.046655
ENSMUSG00000037217	-0.158370	0.059104	-0.259102	-0.202527	-0.582943	0.572775
ENSMUSG00000037225	0.612438	-0.001738	0.327498	0.196701	0.353054	0.394676
ENSMUSG00000037239	0.280531	0.218848	-0.215399	0.549941	0.069117	-0.019251
ENSMUSG00000037246	-0.298766	-0.123504	-0.179754	0.469666	-0.086631	-0.549634
ENSMUSG00000037251	0.484392	-0.166372	0.066221	-0.405929	0.168921	0.207973
ENSMUSG00000037253	0.097917	0.491031	0.249257	-0.234862	-0.174418	-0.614187
ENSMUSG00000037254	0.252219	-0.315445	0.294473	0.568903	-0.068947	0.228862
ENSMUSG00000037260	0.074926	-0.213947	0.063460	-0.408442	-0.278393	-0.474538
ENSMUSG00000037262	-0.231997	0.140185	-0.043670	-0.003545	-0.320018	-0.516575
ENSMUSG00000037263	0.228942	0.232897	-0.455378	0.101356	-0.367869	-0.499167
ENSMUSG00000037275	0.760132	0.326785	-0.104708	-0.494002	-0.189325	-0.390906
ENSMUSG00000037278	0.528510	0.247038	0.285154	-0.474059	-0.047041	-0.648681
ENSMUSG00000037280	0.446961	-0.307045	0.195999	-0.277128	-0.509500	-0.686182
ENSMUSG00000037286	0.463868	0.003324	0.207576	-0.309434	-0.572662	-0.425351
ENSMUSG00000037295	0.034877	-0.137896	-0.166301	-0.187605	-0.032197	0.393344
ENSMUSG00000037296	-0.190253	0.003227	-0.415095	-0.178859	0.046414	-0.189436
ENSMUSG00000037306	-0.186544	0.020238	-0.540688	0.436304	0.284905	0.043317
ENSMUSG00000037315	-0.043603	0.124280	-0.155324	0.012029	0.410073	-0.324556
ENSMUSG00000037316	0.102017	-0.068895	-0.032023	0.070947	-0.023504	0.184991
ENSMUSG00000037321	0.195893	0.208316	-0.270339	-0.357122	-0.130965	-0.132878
ENSMUSG00000037325	-0.396026	0.557690	-0.429731	-0.979759	0.025535	0.085461
ENSMUSG00000037334	0.021761	-0.273312	0.182636	0.369838	-0.107562	0.257697
ENSMUSG00000037337	0.439061	0.297433	-0.311325	-0.153527	0.287469	-0.027995
ENSMUSG00000037341	0.123316	-0.254485	-0.317953	-0.359735	0.211817	-0.362879
ENSMUSG00000037346	0.116956	-0.098862	-0.130578	0.016393	0.312430	0.352376
ENSMUSG00000037347	0.387612	0.124317	-0.112972	-0.419444	0.373089	0.168740
ENSMUSG00000037348	-0.395014	0.204558	-0.149686	-0.305513	-0.066534	0.077172
ENSMUSG00000037351	-0.440697	0.147502	0.199523	0.218435	0.371041	0.168677
ENSMUSG00000037355	0.018979	-0.108334	-0.216233	0.492455	0.067056	-0.446383
ENSMUSG00000037364	0.508776	0.001986	-0.133573	0.468089	-0.500813	0.205029
ENSMUSG00000037366	-0.043800	-0.161262	0.062062	0.009663	-0.419299	0.124504
ENSMUSG00000037369	-0.155672	0.180936	-0.373082	-0.034613	-0.005371	-0.609356
ENSMUSG00000037370	0.021580	-0.017130	0.063676	-0.433080	-0.422899	-0.018820
ENSMUSG00000037373	0.093462	-0.089946	-0.030061	-0.026491	-0.316613	-0.797912
ENSMUSG00000037375	-0.084785	0.383253	0.066618	0.654282	-0.492035	0.126093
ENSMUSG00000037379	-0.349337	-0.263553	0.198092	-0.725218	-0.497074	-0.370962
ENSMUSG00000037386	-0.096240	0.526096	-0.650195	0.109627	0.401378	-0.283918
ENSMUSG00000037390	-0.302252	-0.134570	0.179728	0.224795	0.250351	0.264445
ENSMUSG00000037393	0.261914	-0.315668	0.215988	0.347490	-0.417835	0.115177
ENSMUSG00000037400	0.057155	-0.580791	0.516970	0.040019	0.526551	0.200384
ENSMUSG00000037405	0.044194	0.353925	0.250033	0.256179	-0.144179	0.419997
ENSMUSG00000037411	-0.346841	0.480449	-0.261440	0.428415	0.263498	-0.127355
ENSMUSG00000037415	0.038684	0.085676	-1.022022	-0.072344	-0.552963	-0.095613
ENSMUSG00000037418	-0.064509	0.184186	0.299947	-0.637702	-0.356590	0.220358
ENSMUSG00000037419	0.323402	0.104830	0.484393	-0.566495	-0.069440	-0.484799
ENSMUSG00000037424	0.101932	-0.128758	0.226741	0.009132	0.386963	-0.301766
ENSMUSG00000037426	-0.529725	-0.118390	-0.242097	-0.346681	0.993642	0.510388
ENSMUSG00000037428	0.200209	0.279027	0.509842	0.442778	0.004340	0.069361
ENSMUSG00000037434	-0.057684	0.190165	-0.335802	0.435848	0.468979	0.197633
ENSMUSG00000037440	0.301010	0.174959	0.271700	-0.389426	0.019570	0.079583
ENSMUSG00000037458	0.093409	0.265658	-0.236760	0.326585	0.107638	0.262193
ENSMUSG00000037461	0.064333	-0.645382	0.072093	-0.454822	-0.160122	0.176183
ENSMUSG00000037463	-0.325841	-0.243496	-0.242919	0.426367	0.102492	-0.808314
ENSMUSG00000037474	0.404703	-0.058615	0.135096	-0.472517	-0.103675	0.420936
ENSMUSG00000037475	-0.053802	-0.171385	0.065039	-0.026377	0.206412	0.338490
ENSMUSG00000037486	0.474577	0.108370	0.015881	0.571632	-0.151695	0.229696
ENSMUSG00000037490	-0.737804	-0.238382	0.219259	-0.065735	0.187460	-0.005248
ENSMUSG00000037509	-0.151076	-0.009530	-0.025870	0.372551	-0.641655	-0.562911
ENSMUSG00000037514	0.028671	-0.287874	0.112858	0.430663	0.012877	-0.012374
ENSMUSG00000037519	-0.381231	-0.027374	-0.025216	-0.478654	-0.072987	0.729253
ENSMUSG00000037523	-0.297305	0.000999	-0.334246	-0.205213	-0.237162	-0.613846
ENSMUSG00000037526	0.544400	-0.218948	0.287872	-0.751605	-0.365678	0.315291
ENSMUSG00000037531	-0.286301	0.167900	0.097519	-0.214741	0.673911	-0.365347
ENSMUSG00000037533	-0.318690	-0.019440	-0.037598	-0.148465	0.053178	0.300275
ENSMUSG00000037537	0.365722	0.229810	-0.168133	-0.263907	-0.314899	0.823596
ENSMUSG00000037541	0.157182	0.117080	0.705854	0.271812	-0.178165	-0.939524
ENSMUSG00000037542	-0.075407	-0.258126	-0.287274	-0.095807	-0.184521	0.285648
ENSMUSG00000037548	-0.061124	-0.406610	0.075457	-0.382062	0.555307	0.203297
ENSMUSG00000037552	0.197148	0.142535	-0.508820	0.375296	0.015198	0.132974
ENSMUSG00000037563	-0.031960	-0.313885	-0.387497	-0.195795	0.999442	-0.578334
ENSMUSG00000037570	-0.035755	0.133443	-0.133919	-0.211512	0.133028	0.336959
ENSMUSG00000037573	-0.005124	0.078584	-0.625002	-0.021697	-0.186571	-0.094352
ENSMUSG00000037577	-0.260680	-0.418525	-0.109117	0.061809	-0.336537	-0.269155
ENSMUSG00000037578	0.373756	-0.216877	-0.148008	0.306152	-0.340661	0.304296
ENSMUSG00000037579	-0.916490	-0.041412	-0.300636	0.370015	-0.462946	-0.273033
ENSMUSG00000037580	0.181899	0.167372	0.336522	0.089784	-0.151850	0.814027
ENSMUSG00000037583	0.134870	-0.268998	-0.093689	-0.284916	0.124881	0.414259
ENSMUSG00000037601	-0.366222	0.194956	-0.592603	0.279565	-0.089655	-0.153425
ENSMUSG00000037606	-0.420854	0.200489	-0.386917	0.069214	-0.132525	-0.376467
ENSMUSG00000037610	-0.020652	-0.089144	-0.024469	-0.488706	-0.051408	0.245544
ENSMUSG00000037622	-0.423925	-0.617269	0.086231	-0.658012	-0.458436	0.368183
ENSMUSG00000037624	0.127625	-0.151900	0.345659	0.055397	0.311440	0.090769
ENSMUSG00000037625	-0.230960	0.032777	-0.157681	0.564959	0.207564	0.319160
ENSMUSG00000037643	-0.484408	0.598633	0.173997	0.299881	0.027225	-0.038156
ENSMUSG00000037649	-0.358294	0.367408	-0.351094	-0.454500	0.240814	0.295190
ENSMUSG00000037652	0.661857	-0.338294	-0.138108	-0.098954	0.134219	-0.043546
ENSMUSG00000037656	-0.188920	-0.171603	0.581410	0.016821	-0.060252	0.014524
ENSMUSG00000037660	-1.046395	-0.034001	0.083374	-0.096607	0.107128	-0.137424
ENSMUSG00000037664	-0.260068	0.642999	0.203889	0.943441	-0.622270	0.206693
ENSMUSG00000037681	-0.011766	0.256460	0.030530	0.071730	0.275058	0.246265
ENSMUSG00000037685	-0.157097	0.488054	0.308366	-0.087116	0.029216	-0.002558
ENSMUSG00000037686	-0.154126	0.458885	-0.376321	0.012068	-0.376573	0.133085
ENSMUSG00000037697	0.110250	-0.208518	0.152923	0.562548	0.381025	-0.200455
ENSMUSG00000037703	-0.151450	-0.142818	-0.040654	0.040975	-0.459574	0.054827
ENSMUSG00000037705	0.448028	-0.031881	-0.256219	-0.335783	-0.150936	-0.563192
ENSMUSG00000037706	-0.234784	0.439399	-0.035486	0.142068	-0.062513	0.087298
ENSMUSG00000037709	0.383282	0.391442	0.377331	-0.240461	0.523186	0.224350
ENSMUSG00000037712	0.130616	0.446662	0.263254	0.205090	-0.071141	0.753998
ENSMUSG00000037722	0.050028	0.741156	-0.047413	0.223942	0.141612	0.439209
ENSMUSG00000037727	0.764887	0.422191	-0.179595	-0.062366	-0.012181	0.679724
ENSMUSG00000037740	0.126356	0.215083	-0.421907	0.385439	0.092588	-0.226918
ENSMUSG00000037742	-0.842557	-0.302408	0.157647	-0.012501	-0.247254	-0.164732
ENSMUSG00000037752	-0.677265	-0.010725	0.038240	0.029435	0.213846	0.004213
ENSMUSG00000037759	-0.081975	0.005735	-0.233106	0.510034	-0.166365	0.453574
ENSMUSG00000037771	0.419648	0.202186	-0.054890	0.820653	-0.120182	-0.192022
ENSMUSG00000037772	-0.378864	-0.189655	0.196581	-0.005362	0.234704	-0.128424
ENSMUSG00000037780	0.204377	-0.288899	0.096029	-0.293326	-0.017381	-0.234978
ENSMUSG00000037790	-0.177963	-0.018063	0.249426	-0.007132	0.361942	0.022345
ENSMUSG00000037797	0.273987	0.250202	0.210747	0.041378	0.153257	-0.176212
ENSMUSG00000037798	0.240739	-0.013946	0.069059	-0.084992	-0.114395	0.327507
ENSMUSG00000037805	0.425558	0.233182	-0.163680	-0.065036	0.047508	0.586451
ENSMUSG00000037815	0.232802	0.519028	-0.175913	0.099636	0.010498	0.452163
ENSMUSG00000037816	0.492462	0.308122	0.841671	-0.012372	-0.671011	0.313007
ENSMUSG00000037820	0.156557	0.138463	0.106104	0.605136	-0.129880	0.307655
ENSMUSG00000037824	-0.472773	-0.349160	0.696599	0.075521	0.243042	0.071377
ENSMUSG00000037826	0.291199	0.017859	-0.291212	-0.189934	0.120974	0.240108
ENSMUSG00000037847	0.188082	0.481682	-0.349431	0.340930	0.639022	-0.261321
ENSMUSG00000037851	0.917974	0.911839	0.406043	-0.627489	-0.343381	0.427009
ENSMUSG00000037860	-0.636376	0.045627	-0.134399	-0.115101	0.639483	0.400677
ENSMUSG00000037868	-0.070929	0.161075	0.324198	-0.353918	0.110803	-0.411009
ENSMUSG00000037887	-0.228584	-0.214451	-0.067266	0.113732	-0.172527	-0.021219
ENSMUSG00000037890	-0.518861	-0.207103	0.054359	0.266681	0.085574	-0.339957
ENSMUSG00000037894	1.162047	-0.294087	-0.038502	0.218247	-0.284740	-0.130993
ENSMUSG00000037896	-0.091538	0.027710	-0.138065	-0.655625	-0.753927	-0.129455
ENSMUSG00000037902	-0.367567	0.126477	-0.796881	0.136270	0.386867	-0.437287
ENSMUSG00000037904	-0.151350	-0.208440	-0.180468	-0.065961	0.286429	0.692121
ENSMUSG00000037916	-0.156097	0.349776	0.460397	-0.006229	0.197469	-0.534188
ENSMUSG00000037922	-0.146314	-0.007589	-0.185345	0.043992	0.046296	-0.365302
ENSMUSG00000037924	0.560835	-0.092096	0.086432	-0.011871	-0.493822	0.342685
ENSMUSG00000037926	0.067475	0.408515	-0.041958	0.625205	0.070704	-0.266193
ENSMUSG00000037933	-0.467148	0.504062	-0.012802	-1.071889	-0.396273	-0.328105
ENSMUSG00000037935	-0.224645	0.000599	-0.087714	-0.528723	-0.043454	1.086323
ENSMUSG00000037936	-0.504228	-0.282671	0.018662	-0.308991	-0.230809	0.759416
ENSMUSG00000037940	0.243847	-0.089225	-0.070655	-0.500962	0.580296	0.137735
ENSMUSG00000037942	0.465782	-0.547573	-0.419216	0.618747	0.093275	0.139773
ENSMUSG00000037944	0.089840	0.522916	0.093410	0.148147	-0.135283	0.087275
ENSMUSG00000037946	-0.146580	-0.001178	-0.385831	-0.065947	0.252919	-0.058242
ENSMUSG00000037949	-0.256040	-0.263090	0.083240	0.177812	-0.164616	-0.030817
ENSMUSG00000037953	-0.325852	-0.292641	-0.328757	0.455737	-0.241396	-0.140638
ENSMUSG00000037958	-0.496584	-0.091295	-0.318779	0.244434	0.062428	-0.193929
ENSMUSG00000037974	-0.044506	1.179113	0.245916	-0.000771	-0.361158	-0.092947
ENSMUSG00000037989	0.024911	0.062070	-0.491137	0.145387	-0.062213	0.021983
ENSMUSG00000037991	-0.226530	-0.054570	-0.142331	0.097301	-0.458502	-0.219125
ENSMUSG00000037992	-0.571537	0.183574	-0.587444	0.030590	0.102404	-0.281860
ENSMUSG00000037993	-0.401570	-0.068500	0.024203	-0.221464	-0.040639	-0.106755
ENSMUSG00000037994	0.113297	0.791155	0.509567	0.089931	0.031308	0.074047
ENSMUSG00000037996	0.386670	-0.283616	0.294346	0.261313	0.179044	0.310936
ENSMUSG00000038000	-0.537465	-0.350715	0.124632	0.123103	0.421231	0.082214
ENSMUSG00000038007	-0.340025	0.430121	-0.525460	0.079132	-0.241089	0.028994
ENSMUSG00000038011	-0.069179	0.514221	-0.199882	0.118450	0.146230	-0.513573
ENSMUSG00000038013	0.718492	-0.071578	-0.302123	0.118555	-0.207148	0.011336
ENSMUSG00000038023	-0.517723	-0.299652	0.445049	0.039573	-0.355798	0.033106
ENSMUSG00000038024	0.421406	-0.742390	0.068954	-0.019846	0.295802	-0.111417
ENSMUSG00000038025	0.224582	0.920865	0.441410	-0.387973	-0.114279	-0.694498
ENSMUSG00000038026	0.015769	-0.522581	0.084669	-0.009301	0.376174	0.253173
ENSMUSG00000038028	0.315946	0.135857	-0.100100	-0.222337	-0.091171	-0.125373
ENSMUSG00000038037	-0.671999	-0.014568	-0.029953	-0.243554	0.292412	0.254769
ENSMUSG00000038039	0.027866	0.045179	-0.148400	-0.292237	-0.005119	-0.406960
ENSMUSG00000038045	-0.197624	0.546700	-0.273162	0.322449	-0.023362	-0.432799
ENSMUSG00000038047	-0.302132	0.515892	0.479589	0.153669	0.220601	0.687018
ENSMUSG00000038056	-0.207152	0.205620	-0.010514	-0.800137	-0.052292	0.095480
ENSMUSG00000038057	-0.372514	0.151679	-0.447920	0.408786	0.482227	0.006131
ENSMUSG00000038058	0.297841	-0.639727	-0.647302	-1.140659	-0.982663	-1.134791
ENSMUSG00000038064	-0.394957	-0.486592	-0.144612	-0.461902	-0.144364	-0.772874
ENSMUSG00000038067	0.393864	-0.720875	0.337738	-0.205929	0.416341	-0.175037
ENSMUSG00000038068	0.900529	0.113617	-0.611734	0.087845	0.268900	0.522633
ENSMUSG00000038071	-0.121557	-0.196580	0.305491	0.066497	0.124630	0.639178
ENSMUSG00000038072	0.313840	-0.363468	0.175979	0.662615	-0.169441	-0.138958
ENSMUSG00000038077	0.005790	-0.517938	-0.378898	-0.722034	-0.354485	0.150164
ENSMUSG00000038080	-0.160467	-0.341171	0.047792	-0.327781	0.318640	0.073715
ENSMUSG00000038084	-0.138227	-0.117071	0.120512	0.150319	0.457930	-0.420127
ENSMUSG00000038086	-0.138461	0.631855	-0.156325	-0.069409	0.095140	0.094591
ENSMUSG00000038092	0.197041	0.004973	-0.427773	0.193791	0.463049	0.168270
ENSMUSG00000038102	0.171643	-0.403455	0.023452	0.531059	-0.291280	0.052157
ENSMUSG00000038115	-0.229241	0.467294	-0.134841	-0.459680	-0.022035	0.029528
ENSMUSG00000038116	-0.001858	-0.180490	0.551942	-0.018659	0.182448	-0.193577
ENSMUSG00000038119	0.278666	-0.410693	0.742146	0.101238	-0.351085	-0.293970
ENSMUSG00000038128	0.239783	0.191189	-0.210033	0.136719	-0.024587	0.133457
ENSMUSG00000038146	-0.528089	-0.846174	-0.900856	-0.981054	-0.547023	-1.004668
ENSMUSG00000038147	-0.601808	-0.171479	-0.409538	0.204575	-0.058199	0.543338
ENSMUSG00000038148	-0.243847	-0.053001	-0.616163	-0.272202	-0.949366	0.280750
ENSMUSG00000038150	-0.150666	-0.393064	-0.432188	-0.283152	0.066156	0.164802
ENSMUSG00000038155	-0.227329	-0.102737	-0.741564	-0.309211	0.504018	-0.159217
ENSMUSG00000038156	-0.375613	-0.013211	-0.126656	0.240820	0.333120	0.195020
ENSMUSG00000038160	0.160082	0.225472	0.265313	-0.306708	0.287751	0.292496
ENSMUSG00000038167	-0.171541	0.406168	0.453846	0.060333	-0.736993	0.210397
ENSMUSG00000038173	-0.329820	0.255606	0.280564	-0.217954	-0.036681	-0.637867
ENSMUSG00000038175	0.500425	-0.370561	-0.196789	-0.160530	-0.163601	0.033968
ENSMUSG00000038178	-0.458106	0.231552	-0.121134	-0.086500	-0.263078	0.107201
ENSMUSG00000038179	0.581907	-0.658705	0.258941	0.283090	-0.109921	-0.564878
ENSMUSG00000038181	0.367683	0.094604	-0.638758	0.648067	0.272984	0.138001
ENSMUSG00000038188	0.044857	-0.530245	0.941577	-0.227520	0.611733	-0.435157
ENSMUSG00000038192	0.556971	0.095501	-0.537188	0.081991	-0.030286	-0.079237
ENSMUSG00000038195	0.069598	-0.023045	0.289043	0.043318	0.041032	-0.421579
ENSMUSG00000038201	0.226708	0.451501	0.564157	-0.131411	0.360106	0.203357
ENSMUSG00000038204	0.511855	-0.248037	-0.240053	0.106930	0.076269	0.326965
ENSMUSG00000038205	-0.762561	0.724419	0.289984	0.326188	0.044841	-0.041123
ENSMUSG00000038208	0.502674	1.086972	-0.188751	0.012599	0.089921	-0.147692
ENSMUSG00000038209	0.078175	-0.546457	-0.101131	0.255983	0.041705	-0.291774
ENSMUSG00000038213	-0.514697	0.556318	-0.030012	-0.330898	0.786398	-0.394495
ENSMUSG00000038216	0.424698	0.587871	0.305838	-0.103019	-0.178683	0.760901
ENSMUSG00000038224	0.027238	-0.178628	-0.802365	-0.401655	-0.262827	-0.136268
ENSMUSG00000038235	0.215772	0.114155	0.298010	-0.004570	-0.233938	0.169038
ENSMUSG00000038239	-0.324527	-0.024679	0.173583	-0.299423	-0.364299	0.032219
ENSMUSG00000038240	-0.539432	0.325024	0.245936	0.384491	-0.215828	-0.124512
ENSMUSG00000038241	0.390967	-0.163267	-0.339477	0.193041	0.101657	-0.147425
ENSMUSG00000038242	0.218601	0.176831	-0.425415	0.587556	0.573178	0.478933
ENSMUSG00000038256	0.225959	-0.354734	0.042294	-0.520946	-0.396754	-0.099221
ENSMUSG00000038257	-0.444949	-0.322373	0.494749	-0.092528	0.297673	0.545283
ENSMUSG00000038259	-0.165799	-0.034729	0.583165	0.390491	-0.385111	0.197125
ENSMUSG00000038260	0.347893	0.286376	-0.110717	-0.043840	-0.255406	-0.238304
ENSMUSG00000038264	-0.110394	-0.124250	-0.333751	-0.264372	0.572881	-0.588055
ENSMUSG00000038274	0.037347	0.429258	0.025726	-0.259631	0.015624	-0.306539
ENSMUSG00000038276	-0.642195	-0.388021	0.256018	0.612369	0.758778	0.382604
ENSMUSG00000038280	0.268059	-0.208125	-0.026504	0.077428	0.181148	0.674691
ENSMUSG00000038286	-0.053906	0.294091	-0.193453	-0.515887	-0.657830	-0.085709
ENSMUSG00000038290	-0.081944	0.593795	-0.017356	0.051564	-0.406560	-0.356427
ENSMUSG00000038295	-0.183269	-0.546480	0.292429	0.324874	-0.035104	0.575614
ENSMUSG00000038296	-0.386030	0.260880	-0.226547	0.499473	-0.136069	-0.026850
ENSMUSG00000038299	0.021493	-0.097611	0.042240	0.173493	0.098695	-0.147987
ENSMUSG00000038300	-0.711714	-0.165657	-0.027607	-0.569283	-0.237315	0.076131
ENSMUSG00000038304	-0.378826	-0.035835	-0.361623	0.049968	0.103137	0.577518
ENSMUSG00000038319	0.160377	0.554458	0.676771	-0.397131	0.415404	0.514536
ENSMUSG00000038324	-0.461463	0.066076	-0.185103	0.281617	-0.308405	-0.513306
ENSMUSG00000038327	-0.070388	0.421994	0.200605	-0.018885	-0.122609	0.263597
ENSMUSG00000038331	-0.078958	-0.068803	-0.020802	0.760670	0.224864	-0.517555
ENSMUSG00000038332	-0.168511	0.145113	-0.143555	-0.529268	-0.649709	0.320949
ENSMUSG00000038335	0.345427	-0.666177	-0.096185	0.034246	-0.354288	-0.405084
ENSMUSG00000038342	-0.315893	-0.375922	-0.024638	0.010561	0.433016	-0.076740
ENSMUSG00000038349	0.435750	-0.567013	-0.612174	0.088447	-0.273923	0.071034
ENSMUSG00000038357	0.075984	-0.295271	0.081779	-0.645051	0.260535	-0.886546
ENSMUSG00000038365	0.110397	0.058227	0.171300	0.200616	-0.522730	0.028110
ENSMUSG00000038371	0.637473	-0.589985	-0.046385	-0.585515	0.025248	0.253339
ENSMUSG00000038372	0.212260	0.115782	-0.275069	0.486179	0.537941	-0.165524
ENSMUSG00000038374	-0.036261	-0.314210	0.375961	0.206835	0.111417	-0.131107
ENSMUSG00000038375	-0.336744	0.393995	0.072640	0.337942	-0.361900	0.131723
ENSMUSG00000038379	0.257230	-0.495722	-0.139064	-0.027057	-0.338681	-0.040735
ENSMUSG00000038383	0.140085	-0.155952	0.179237	-0.111950	-0.465550	-0.033135
ENSMUSG00000038384	-0.409630	0.204947	0.189434	-0.269060	-0.243367	-0.081193
ENSMUSG00000038387	-0.104314	-0.219475	-0.265309	0.510908	0.158362	0.159817
ENSMUSG00000038388	-0.444694	-0.212302	0.106742	0.052848	-0.031238	-0.316680
ENSMUSG00000038393	0.214433	-0.264307	-0.153385	-0.685353	0.030096	0.793885
ENSMUSG00000038398	0.198202	-0.658441	-0.168377	0.040841	0.187711	0.391860
ENSMUSG00000038403	-0.356086	0.203662	0.169222	-0.053309	-0.128879	-0.357502
ENSMUSG00000038412	-0.125232	0.105730	-0.064976	0.499610	-0.454664	0.203513
ENSMUSG00000038416	-0.073413	-0.237135	-0.377779	0.225316	-0.305123	0.342222
ENSMUSG00000038417	-0.467254	-0.328675	-0.048373	-0.080958	-0.227084	0.406654
ENSMUSG00000038418	0.452896	0.191946	0.546032	-0.322809	-0.077875	0.521008
ENSMUSG00000038425	-0.274111	0.020294	0.672600	0.578813	-0.480895	-0.509135
ENSMUSG00000038429	-0.393408	-0.048205	-0.361960	-0.978250	-0.642457	-0.489289
ENSMUSG00000038446	0.082493	0.101667	0.553934	-0.130095	-0.156855	-0.328806
ENSMUSG00000038451	0.244429	-0.060248	0.022647	-0.102292	0.074988	-0.052950
ENSMUSG00000038456	0.369584	-0.167312	0.090736	0.499947	-0.049259	0.004972
ENSMUSG00000038459	-0.382170	-0.091691	-0.183472	0.688342	-0.746591	0.224923
ENSMUSG00000038462	0.331190	-0.254175	-0.029560	0.462471	0.477951	-0.487173
ENSMUSG00000038467	0.023319	-0.409903	-0.090630	0.117523	-0.520907	0.165561
ENSMUSG00000038473	-0.403215	0.123564	-0.055160	0.493817	0.273769	0.003108
ENSMUSG00000038482	-0.093024	0.946826	-0.084127	0.429686	0.193396	0.066721
ENSMUSG00000038485	-0.186955	-0.141703	-0.093780	-0.135581	-0.062176	-0.356001
ENSMUSG00000038486	0.367862	0.440229	0.031617	0.034674	-0.392752	0.204257
ENSMUSG00000038489	0.343748	0.248924	-0.251298	0.462545	-0.139957	-0.183417
ENSMUSG00000038495	-0.219413	0.559026	0.537838	-0.636958	0.550184	0.040075
ENSMUSG00000038496	-0.202144	0.391272	0.178636	0.403825	0.790988	-0.268339
ENSMUSG00000038498	-0.391924	-0.037768	-0.435186	-0.461399	-0.177443	0.175639
ENSMUSG00000038506	0.157202	-0.284306	0.316293	0.165735	-0.150012	-0.596061
ENSMUSG00000038508	0.152578	0.141963	-0.436440	0.020775	0.142036	0.539654
ENSMUSG00000038517	-0.018674	-0.183276	-0.077301	-0.060554	0.340967	0.303830
ENSMUSG00000038518	-0.780325	0.276553	-0.391792	-0.127016	0.333062	0.984452
ENSMUSG00000038520	0.154328	-0.057197	-0.102313	0.076611	-0.246450	0.353985
ENSMUSG00000038521	-0.037269	-0.430402	-0.069535	-0.504366	-0.706787	-0.561746
ENSMUSG00000038526	-0.659451	0.307373	0.042334	0.001041	0.082054	0.269533
ENSMUSG00000038534	0.070859	-0.595539	-0.027136	0.225474	-0.129802	0.039856
ENSMUSG00000038537	0.436174	-0.731868	-0.201446	-0.157655	0.168320	0.421531
ENSMUSG00000038541	-0.068522	0.149661	0.083649	0.519196	-0.448855	0.445390
ENSMUSG00000038545	-0.926709	0.019317	0.039225	0.245686	-0.030620	0.166362
ENSMUSG00000038546	-0.357614	-0.281479	-0.599280	-0.664916	0.345932	0.790631
ENSMUSG00000038564	-0.511459	0.197707	-0.255643	0.288026	-0.239313	-0.118819
ENSMUSG00000038567	0.353237	-0.312593	-0.375097	0.091816	-0.087258	-0.172293
ENSMUSG00000038569	-0.486268	-0.195792	-0.287263	0.507548	-0.102685	0.380784
ENSMUSG00000038580	-0.230077	0.247134	-0.019102	0.282364	0.547681	-0.252489
ENSMUSG00000038583	-0.227589	-0.218596	0.176695	-0.286071	0.127174	0.521234
ENSMUSG00000038587	0.150194	0.363315	0.197073	-0.154216	-0.463188	0.106478
ENSMUSG00000038591	0.107842	-0.038339	-0.291565	-0.036672	0.267212	0.076770
ENSMUSG00000038593	0.458322	-0.809757	-0.186490	0.061002	0.109941	-0.223054
ENSMUSG00000038600	-0.009105	-0.488008	-0.180176	0.230607	-0.009264	0.201867
ENSMUSG00000038607	0.049131	0.691216	-0.246441	0.184467	0.456118	0.502645
ENSMUSG00000038608	0.090855	-0.087818	0.095609	0.044997	-0.252746	0.044769
ENSMUSG00000038612	-0.079575	0.010434	0.258746	0.038955	0.109786	-0.063685
ENSMUSG00000038622	0.035450	0.033717	-0.149443	-0.275872	0.033240	0.293298
ENSMUSG00000038628	-0.119950	0.339957	0.018497	-0.268829	-0.040921	-0.488611
ENSMUSG00000038630	-0.476616	0.678398	0.187736	-0.397936	-0.249005	-0.114508
ENSMUSG00000038633	0.041665	0.165572	-0.317934	0.337957	-0.431548	0.106362
ENSMUSG00000038641	0.062981	0.063009	-0.095418	0.263830	-0.445577	-0.067298
ENSMUSG00000038642	0.149753	-0.214819	0.498275	0.449502	0.467367	-0.312126
ENSMUSG00000038644	-0.278789	-0.262504	-0.177249	0.042274	-0.049147	0.188755
ENSMUSG00000038648	0.056536	-0.003835	0.309887	-0.379965	0.468175	0.150401
ENSMUSG00000038656	0.364840	-0.299817	0.135514	0.074840	-0.655738	0.119337
ENSMUSG00000038664	-0.029998	-0.330925	0.361336	0.488417	-0.223566	-0.530187
ENSMUSG00000038665	-0.408417	-0.034920	0.031479	0.418393	-0.097956	0.389583
ENSMUSG00000038668	-0.055257	-0.586343	0.226778	0.283798	-0.390671	0.770312
ENSMUSG00000038670	0.826084	0.261367	0.496572	0.809236	0.171622	-0.356291
ENSMUSG00000038671	0.421484	0.286880	-0.219783	0.638170	-0.003618	-0.059842
ENSMUSG00000038676	-0.442116	-0.577007	-0.060701	0.238199	0.054499	0.035273
ENSMUSG00000038685	0.227565	-0.341446	0.123375	-0.222767	0.515112	-0.545245
ENSMUSG00000038690	0.485631	0.289934	0.033722	0.107287	0.214098	-0.189997
ENSMUSG00000038695	0.944848	-0.267714	0.117419	-0.104932	-0.681421	0.059906
ENSMUSG00000038696	0.138030	0.531558	-0.132029	-1.087427	-0.114180	-0.501373
ENSMUSG00000038702	-0.548690	0.254228	-0.263834	0.414189	0.214563	-0.161292
ENSMUSG00000038704	0.066629	-0.774786	-0.085509	0.122707	0.017381	-0.310013
ENSMUSG00000038708	0.511449	-0.326135	0.366663	0.539206	0.210364	0.248956
ENSMUSG00000038717	0.629403	-0.402023	0.264846	-0.432430	-0.190714	0.901699
ENSMUSG00000038722	0.218219	-0.016061	-0.140308	0.572943	0.567837	-0.261312
ENSMUSG00000038732	0.129747	0.252187	-0.400731	0.173312	-0.606366	0.371767
ENSMUSG00000038733	0.240208	0.147704	-0.031690	-0.082482	0.266738	-0.070063
ENSMUSG00000038738	-0.106257	-0.117699	-0.500439	0.196315	-0.194380	-0.076226
ENSMUSG00000038740	-0.093976	-0.812127	0.089053	-0.188668	0.063569	0.295484
ENSMUSG00000038745	0.257068	-0.110323	-0.520556	0.081859	0.372461	0.024148
ENSMUSG00000038751	-0.100252	0.310660	0.485947	0.492018	-0.334707	-0.149708
ENSMUSG00000038754	0.270960	-0.049480	0.033448	0.155077	-0.574287	-0.189135
ENSMUSG00000038756	-0.474685	-0.717645	0.223256	0.051609	-0.223907	-0.118796
ENSMUSG00000038760	-0.068810	-0.037729	-0.028864	0.316385	-0.155541	-0.328914
ENSMUSG00000038762	0.076697	0.146721	0.379452	-0.220421	-0.340364	-0.510883
ENSMUSG00000038764	-0.159721	0.524614	0.125442	0.578892	0.692328	-0.180089
ENSMUSG00000038768	-0.201004	0.479660	0.207872	-0.073060	-0.154919	0.314434
ENSMUSG00000038773	-0.036088	-0.266829	0.630645	-0.075956	0.262014	0.271735
ENSMUSG00000038774	-0.266109	0.114908	0.120162	-0.073138	0.773195	-0.033932
ENSMUSG00000038776	-0.473394	0.066014	-0.473435	0.732166	0.399245	0.317470
ENSMUSG00000038780	0.398884	-0.103992	-0.083496	-0.529021	-0.475633	-0.454559
ENSMUSG00000038781	0.237577	-0.440836	0.079675	0.762941	-0.241890	-0.325873
ENSMUSG00000038784	-0.318879	-0.078642	-0.148193	0.214370	-0.705008	-0.099822
ENSMUSG00000038791	-0.589778	0.194508	-0.237834	0.096507	0.115611	-0.351352
ENSMUSG00000038793	0.797794	-0.002239	0.281550	0.732194	0.330030	0.035115
ENSMUSG00000038803	-0.120286	-0.326121	-0.214117	0.404562	-0.425643	-0.057410
ENSMUSG00000038806	0.018710	-0.380101	0.059198	0.253733	-0.044621	0.182519
ENSMUSG00000038807	-0.250330	-0.172778	0.400952	-0.075917	-0.237167	-0.024325
ENSMUSG00000038811	0.279424	-0.464602	-0.500554	0.162131	-0.101029	0.449058
ENSMUSG00000038812	-0.721232	0.439410	0.236407	-0.115340	0.392949	0.129562
ENSMUSG00000038822	0.150579	0.347163	0.000849	0.175035	-0.366865	0.080638
ENSMUSG00000038838	-0.074756	0.035482	0.177554	0.162005	-0.369394	0.617407
ENSMUSG00000038840	-0.257614	-0.140327	0.688724	0.028419	-0.517908	-0.088584
ENSMUSG00000038843	0.070119	-0.135484	0.401110	-0.000996	-0.461746	0.201842
ENSMUSG00000038844	0.781872	-0.334763	-0.389431	-0.002713	0.044705	0.045733
ENSMUSG00000038845	0.350473	-0.037542	0.117370	0.486566	0.041986	-0.755394
ENSMUSG00000038855	-0.289577	0.108196	-0.346677	-0.016129	-0.471798	-0.135525
ENSMUSG00000038859	-0.222757	-0.241153	0.282497	-0.065992	-0.511489	-0.146338
ENSMUSG00000038861	-0.046899	-0.034712	-0.047964	-0.446439	0.012223	-0.156096
ENSMUSG00000038871	0.734912	0.286970	-0.540674	0.080038	-0.149463	0.085957
ENSMUSG00000038876	0.295789	0.104793	0.618587	-0.504797	0.039100	0.474599
ENSMUSG00000038879	0.680116	0.047528	0.316905	0.161823	-0.496464	-0.173469
ENSMUSG00000038880	0.568594	-0.539055	0.617237	0.626209	0.164865	-0.055712
ENSMUSG00000038886	-0.154177	0.160699	0.219816	-0.220814	-0.007052	0.270119
ENSMUSG00000038888	-0.411409	0.324963	0.564523	0.429774	-0.384939	0.232979
ENSMUSG00000038894	0.679800	-0.015279	0.230403	0.367240	-0.206935	-0.071019
ENSMUSG00000038900	0.101164	0.826550	-0.338179	-0.001026	-0.267848	-0.414793
ENSMUSG00000038909	0.377859	0.106343	0.294133	-0.727742	0.244266	0.001059
ENSMUSG00000038930	0.780352	-0.070775	0.358492	0.220338	0.530955	-0.146245
ENSMUSG00000038936	-0.061065	-0.773833	0.245730	-0.383817	-0.556928	0.458853
ENSMUSG00000038943	-0.546378	0.527933	-0.139446	-0.045438	-0.364762	0.575739
ENSMUSG00000038957	0.486111	0.133131	0.019715	0.498288	-0.303367	-0.071050
ENSMUSG00000038963	0.267590	-0.305841	0.054053	0.238763	-0.583357	-0.228804
ENSMUSG00000038965	-0.371822	-0.387760	-0.986053	-0.541403	-0.616026	-1.238477
ENSMUSG00000038967	-0.468626	0.672802	-0.261731	-0.306959	0.220774	0.163386
ENSMUSG00000038968	-0.162122	-0.417596	-0.023570	-0.457169	0.437585	0.027979
ENSMUSG00000038975	-0.522704	0.235177	-0.063304	-0.867816	0.560781	-0.283929
ENSMUSG00000038991	-0.350386	-0.304109	0.229955	0.160130	0.299173	0.178452
ENSMUSG00000038997	0.071553	-0.194376	-0.524908	0.079751	-0.406983	-0.065274
ENSMUSG00000039000	0.562008	0.454737	-0.284222	0.308456	0.032293	-0.337484
ENSMUSG00000039001	0.126316	0.347432	0.163026	0.855692	0.066374	0.075577
ENSMUSG00000039004	-0.251601	0.226370	0.087120	0.423298	-0.043324	-0.394199
ENSMUSG00000039005	-0.219697	0.128778	-0.140779	0.435644	-0.530658	-0.602911
ENSMUSG00000039013	-0.404870	0.006112	-0.012574	-0.328142	0.198083	-0.337456
ENSMUSG00000039031	0.123963	0.620284	0.173962	-0.264335	-0.161637	0.535602
ENSMUSG00000039033	-0.495996	-0.329583	-0.150917	0.525070	0.203389	-0.233328
ENSMUSG00000039037	0.271182	-0.575647	-0.214665	-0.147039	0.149651	-0.552553
ENSMUSG00000039041	-0.048205	0.084199	-0.061438	-0.008744	0.163666	0.275222
ENSMUSG00000039046	-0.415835	-0.258472	-0.243425	-0.563182	-0.100591	0.056078
ENSMUSG00000039047	0.242292	-0.450623	0.084486	-0.138157	-0.290565	0.061327
ENSMUSG00000039050	-0.202073	-0.768134	0.169796	0.052894	-0.267960	0.117466
ENSMUSG00000039055	-0.120714	-0.296605	-0.334996	0.533145	0.062893	-0.211531
ENSMUSG00000039058	0.023193	0.218786	-0.465184	0.460061	0.203423	0.246524
ENSMUSG00000039059	0.491353	0.433922	0.411357	0.328165	-0.033150	0.341112
ENSMUSG00000039062	-0.195871	0.037308	0.034236	0.587666	-0.323017	-0.543864
ENSMUSG00000039067	-0.049688	-0.366709	-0.306581	-0.034830	-0.045827	-0.178099
ENSMUSG00000039068	0.221799	-0.161922	0.374366	-0.574281	-0.223329	0.213025
ENSMUSG00000039079	0.401590	-0.025194	-0.678162	0.547452	0.358057	-0.024424
ENSMUSG00000039084	-0.408872	-0.246867	0.023307	-0.578194	0.336303	0.517761
ENSMUSG00000039086	-0.075858	0.029460	0.140827	0.077484	-0.251690	-0.348499
ENSMUSG00000039092	-0.409594	0.175417	-0.033458	0.139371	0.198113	-0.181659
ENSMUSG00000039097	0.851391	0.369772	0.077516	0.130001	0.548064	0.049468
ENSMUSG00000039105	-0.331374	-0.708817	-0.525071	-0.501531	0.096500	0.166249
ENSMUSG00000039106	0.168651	-0.392565	0.200125	-0.099810	-0.038481	0.475049
ENSMUSG00000039109	0.817603	-0.060881	-0.349754	0.342004	-0.065888	0.465261
ENSMUSG00000039114	0.199874	0.690266	-0.125042	0.200628	-0.251205	-0.190178
ENSMUSG00000039115	0.440593	0.416956	-0.140478	0.484369	-0.467952	-0.161467
ENSMUSG00000039116	-0.502676	0.088166	-0.275972	0.404194	0.132172	-0.288180
ENSMUSG00000039117	0.253926	0.159171	0.144042	0.127934	-0.042374	-0.069958
ENSMUSG00000039145	0.322834	-0.282174	-0.517094	0.189382	-0.107891	-0.618969
ENSMUSG00000039146	0.098210	-0.205373	-0.657872	0.136436	0.163221	0.357463
ENSMUSG00000039148	0.520590	-0.480763	-0.252491	0.278040	-0.123386	-0.376413
ENSMUSG00000039153	0.074223	0.261360	0.554207	0.564132	0.193872	-0.125467
ENSMUSG00000039156	0.028870	0.253939	-0.083280	0.451653	-0.104543	0.217456
ENSMUSG00000039159	0.127485	0.085212	0.362859	0.110218	-0.723458	-0.697864
ENSMUSG00000039163	-0.340420	0.252543	-0.306956	-0.296547	0.164957	0.184526
ENSMUSG00000039187	0.263053	-0.154864	0.011837	-0.118108	-0.218057	1.334034
ENSMUSG00000039191	-0.523444	-0.087232	0.094118	0.443532	-0.192656	-0.046685
ENSMUSG00000039193	0.024961	-0.095396	-0.161313	-0.156321	-0.340360	-0.354062
ENSMUSG00000039194	0.017900	-0.498070	0.540636	-0.418496	-0.143556	-0.500004
ENSMUSG00000039196	-0.554345	-0.013736	-0.059046	0.467040	0.259086	0.159244
ENSMUSG00000039197	-0.032315	0.132601	0.420980	0.133506	-0.374277	-0.530305
ENSMUSG00000039199	0.350195	0.060638	-0.664545	0.396792	0.710164	-0.049612
ENSMUSG00000039201	0.756676	-0.138072	-0.395731	-0.441787	0.222444	1.106845
ENSMUSG00000039206	-0.394444	-0.022223	0.114868	0.278389	0.479935	-0.522861
ENSMUSG00000039209	0.053778	0.033014	0.139651	-0.288664	-0.319781	0.395599
ENSMUSG00000039215	-0.729240	-0.144076	-0.539825	0.531350	-0.348551	-0.368389
ENSMUSG00000039217	0.162293	-0.437067	0.195310	-0.069934	-0.158427	-0.071083
ENSMUSG00000039218	0.211252	0.822110	0.262722	-0.337872	0.049281	0.135200
ENSMUSG00000039219	-0.941593	0.561305	-0.172087	-0.024665	-0.487416	0.158013
ENSMUSG00000039221	0.004385	-0.825497	-0.838236	0.019187	0.207304	0.211425
ENSMUSG00000039224	0.388183	-0.260156	0.417968	-0.789073	0.176639	0.029051
ENSMUSG00000039231	-0.115805	0.306366	0.191652	-0.272050	-0.264783	-0.200645
ENSMUSG00000039234	-0.012679	0.026915	-0.078893	-0.151188	0.176518	-0.256775
ENSMUSG00000039238	-0.166065	-0.198328	0.367403	0.292515	-0.349565	-0.368178
ENSMUSG00000039239	0.241552	-0.200882	0.486238	0.047473	0.121205	0.656452
ENSMUSG00000039242	-0.370200	0.215360	0.169148	0.331721	0.247607	-0.457727
ENSMUSG00000039252	0.249456	0.175975	-0.225531	0.779956	0.013990	0.294213
ENSMUSG00000039253	-0.229455	0.010972	-0.172036	-0.157082	0.092028	-0.044034
ENSMUSG00000039254	0.468465	-0.083305	-0.279561	0.221131	-0.063386	0.660542
ENSMUSG00000039275	0.227049	-0.162273	0.308742	0.078272	0.238184	0.334180
ENSMUSG00000039285	-0.309553	0.084022	0.242781	0.210949	-0.101263	0.091432
ENSMUSG00000039296	-0.099079	0.464658	-0.335998	0.237551	0.021434	0.202907
ENSMUSG00000039298	-0.073586	-0.242859	0.307078	-0.313326	0.074536	-0.205857
ENSMUSG00000039304	-0.550804	0.053531	-0.050619	0.131587	-0.046935	-0.158111
ENSMUSG00000039307	-0.462355	-0.341935	-0.132475	-0.173699	-0.210694	-0.010260
ENSMUSG00000039308	0.127752	0.169371	-0.266418	-0.095891	0.061757	-0.176862
ENSMUSG00000039318	-0.664757	-0.208527	0.179746	0.035644	0.493372	-0.019963
ENSMUSG00000039321	-0.004306	-0.300995	-0.176288	-0.786365	-0.194339	-0.111598
ENSMUSG00000039323	0.522329	0.701233	-0.199675	0.377952	0.346999	-0.009901
ENSMUSG00000039345	0.138438	0.079127	0.056280	0.689544	0.076109	-0.075069
ENSMUSG00000039347	-0.119615	0.245947	0.143761	-0.232090	0.159393	-0.523853
ENSMUSG00000039356	-0.469284	0.233632	0.302468	0.098173	0.022934	-0.428903
ENSMUSG00000039357	0.188410	-0.266716	0.071309	-0.206527	0.125731	-0.122114
ENSMUSG00000039358	0.008879	-0.468493	-0.452782	0.173513	0.136347	0.267248
ENSMUSG00000039361	-0.666806	-0.247893	-0.562373	0.492364	0.172368	0.354274
ENSMUSG00000039367	0.004062	0.022414	-0.231552	0.540760	0.774429	0.308564
ENSMUSG00000039382	0.029979	-0.338458	0.093150	0.307917	0.195836	-0.234492
ENSMUSG00000039384	-0.206823	-0.762085	0.281413	0.220734	-0.406828	-0.253603
ENSMUSG00000039385	-0.399144	0.441388	-0.443192	-0.131292	-0.421088	0.248794
ENSMUSG00000039396	0.086243	-0.298299	0.873325	-0.045685	0.733559	-0.239827
ENSMUSG00000039405	-0.143037	-0.835812	0.371318	0.530500	-0.020789	0.225245
ENSMUSG00000039410	0.513742	-0.803971	-0.158721	0.501235	-0.230562	-0.210962
ENSMUSG00000039419	-0.051146	0.353452	-0.181160	-0.042306	0.548154	-0.654774
ENSMUSG00000039427	-0.480920	-0.406148	-0.112707	0.203729	-0.205602	-0.407180
ENSMUSG00000039431	-0.293231	-0.601580	-0.520406	-0.614403	-0.296387	-0.245722
ENSMUSG00000039449	0.160506	0.162621	-0.200203	0.460246	-0.255956	0.163804
ENSMUSG00000039450	-0.204999	0.257437	0.311189	-0.724572	0.211465	0.133154
ENSMUSG00000039457	0.111335	-0.488347	0.578289	-0.423958	-0.318712	-0.065660
ENSMUSG00000039458	0.070579	-0.274732	-0.013576	0.119093	0.086555	0.356724
ENSMUSG00000039462	-0.222478	-0.186980	0.256488	0.596421	0.496846	0.360091
ENSMUSG00000039463	0.026329	-0.137193	0.248971	0.455096	0.581271	-0.131432
ENSMUSG00000039470	0.159709	-0.121230	0.337583	0.329569	-0.074649	0.315010
ENSMUSG00000039473	0.065822	0.121567	-0.022733	0.228756	-0.000291	-0.327429
ENSMUSG00000039474	0.094508	-0.294350	-0.074217	0.617884	-0.195618	0.098674
ENSMUSG00000039478	0.196650	0.336619	-0.186290	-0.430045	-0.025853	0.024600
ENSMUSG00000039481	0.173601	-0.222808	-0.045819	-0.067746	-0.012035	-0.439332
ENSMUSG00000039483	-0.111573	0.365910	-0.093353	0.376987	-0.065699	-0.173192
ENSMUSG00000039488	-0.578535	-0.051794	0.077638	0.339732	0.231448	0.223497
ENSMUSG00000039497	-0.065040	-0.681031	-0.516244	0.441025	-0.079749	0.276621
ENSMUSG00000039501	-0.061097	0.214548	-0.046919	0.531135	0.548199	0.049781
ENSMUSG00000039509	-0.436723	0.053726	-0.212304	-0.024757	-0.293369	-0.460181
ENSMUSG00000039515	-0.217669	0.212787	0.400831	0.114788	-0.062273	-0.072998
ENSMUSG00000039518	-0.016928	-0.006494	0.016260	-0.026079	0.562509	-0.182559
ENSMUSG00000039519	-0.577941	0.486813	-0.315100	0.503541	-0.414163	-0.272061
ENSMUSG00000039521	-0.240158	0.515935	-0.763963	-0.170577	-0.222811	0.034527
ENSMUSG00000039529	0.511734	0.501877	-0.225933	0.216703	0.439193	0.042927
ENSMUSG00000039539	-0.203625	-0.045535	-0.460204	-0.369211	-0.326457	0.032654
ENSMUSG00000039542	0.736806	-0.075952	-0.635653	0.382299	0.424884	-0.179803
ENSMUSG00000039556	-0.255428	0.263195	-0.645373	0.198243	0.098993	-0.145881
ENSMUSG00000039577	-0.499163	0.246296	-0.251190	0.465309	0.153904	-0.035680
ENSMUSG00000039579	0.616981	-0.330070	0.089915	0.047763	0.500359	-0.474351
ENSMUSG00000039601	0.170642	-0.282051	-0.216402	-0.277737	0.449695	-0.595433
ENSMUSG00000039608	0.061862	-0.125720	-0.044356	0.730801	0.341366	-0.420085
ENSMUSG00000039611	0.395115	0.090172	-0.146862	-0.266538	0.101871	0.750606
ENSMUSG00000039615	-0.144689	0.240325	-0.386657	-1.028215	-0.685359	-0.967927
ENSMUSG00000039616	0.064760	0.004663	-0.616398	-0.211574	0.546987	-0.289210
ENSMUSG00000039621	0.233419	0.178629	0.396656	-0.103108	0.568732	-0.316675
ENSMUSG00000039628	0.289870	0.359172	-0.502233	-0.484358	0.365564	0.448751
ENSMUSG00000039630	-0.180383	-0.177621	-0.305884	-0.282340	-0.502498	0.567362
ENSMUSG00000039633	-0.284989	-0.309714	-0.186464	0.145736	0.268194	-0.224105
ENSMUSG00000039634	0.470889	-0.750048	-0.492027	-0.016960	-0.655101	0.878357
ENSMUSG00000039639	0.598945	0.824325	0.465074	-0.074939	0.333841	0.292572
ENSMUSG00000039640	0.121832	-0.275320	0.279240	-0.234742	0.605269	-0.614632
ENSMUSG00000039648	0.212156	0.384272	0.107996	-0.339547	-0.151316	-0.053546
ENSMUSG00000039652	0.230844	0.077960	0.099480	-0.489501	0.098730	-0.347494
ENSMUSG00000039653	-0.206158	-0.587082	0.247339	-0.222545	0.077790	0.417893
ENSMUSG00000039656	-0.561982	0.081957	-0.173170	-0.582963	0.145376	0.587571
ENSMUSG00000039662	-0.469332	0.040816	-0.155264	-0.321989	-0.577175	-0.109609
ENSMUSG00000039672	-0.108532	0.853363	-0.005877	-0.848427	0.475612	-0.791330
ENSMUSG00000039678	-0.809201	-0.101169	-0.027774	-0.127378	0.367526	-0.114425
ENSMUSG00000039680	0.109649	-0.267682	-0.781344	-0.347505	0.384321	-0.288589
ENSMUSG00000039682	-0.098892	-0.473300	0.260771	-0.045373	-0.079271	-0.024707
ENSMUSG00000039683	0.079142	0.340315	-0.227152	-0.254957	-0.145076	0.569155
ENSMUSG00000039699	-0.141200	-0.402025	0.299932	0.124176	-0.211232	-0.054649
ENSMUSG00000039703	0.038440	-0.138101	0.231599	0.281685	0.358740	0.307389
ENSMUSG00000039713	-0.057004	-0.564616	0.211287	-0.309927	-0.298510	-0.588549
ENSMUSG00000039715	0.237366	0.655971	-0.097333	0.231382	-0.926737	-0.183190
ENSMUSG00000039720	0.805626	-0.109064	-0.374030	0.058206	-0.178097	0.161885
ENSMUSG00000039728	-0.259187	-0.002747	0.227053	0.173228	0.748621	0.009534
ENSMUSG00000039737	-0.334508	-0.237482	-0.388265	0.270629	-0.645165	-0.231535
ENSMUSG00000039738	-0.630325	-0.550169	-0.110369	-0.021816	-0.119220	-0.229471
ENSMUSG00000039740	0.274987	0.005595	0.214737	0.167421	-0.414362	-0.124948
ENSMUSG00000039747	-0.351144	0.170858	-0.319182	-0.345552	-0.158608	0.137824
ENSMUSG00000039748	0.288180	0.300201	-0.125739	0.129735	0.200827	0.268549
ENSMUSG00000039753	-0.183468	-0.738011	-0.128854	0.391199	-0.442959	-0.417410
ENSMUSG00000039760	-0.487417	0.693373	-0.143330	-0.893422	0.082406	0.571934
ENSMUSG00000039765	-0.238442	0.422730	-0.062245	0.133747	0.217907	-0.290305
ENSMUSG00000039770	-0.216695	0.129123	-0.894215	-0.641393	-0.046008	-0.071284
ENSMUSG00000039774	0.627836	-0.090798	-0.094445	-0.221524	0.901444	0.678778
ENSMUSG00000039775	-0.188133	-0.759942	0.259280	0.184190	0.729916	0.359529
ENSMUSG00000039782	0.528505	0.278166	-0.155800	-0.164363	0.370942	-0.208627
ENSMUSG00000039783	-0.380614	-0.082536	0.106353	-0.098348	0.163039	0.002658
ENSMUSG00000039785	0.000570	-0.323727	0.488021	-0.072767	0.709841	-0.076039
ENSMUSG00000039809	0.342570	0.653098	-0.119361	-0.222035	-0.012797	0.114049
ENSMUSG00000039813	0.106731	-0.091949	0.160206	0.631483	-0.363568	-0.266691
ENSMUSG00000039824	0.419858	0.843506	0.394342	0.227668	0.364279	0.094964
ENSMUSG00000039828	-0.432139	0.479125	-0.239362	0.481883	-0.423521	-0.076015
ENSMUSG00000039831	0.135764	0.161958	0.186479	0.044914	-0.076086	-0.032310
ENSMUSG00000039840	0.165622	-0.429053	-0.196011	-0.160687	-0.116713	-0.060581
ENSMUSG00000039842	-0.399465	-0.096411	0.081463	-0.196218	0.031191	0.014245
ENSMUSG00000039844	-0.458832	0.437493	-0.227266	0.864346	-0.026688	-0.803034
ENSMUSG00000039865	-0.136468	0.194207	0.306834	-0.575253	-0.353517	-0.130769
ENSMUSG00000039887	-0.165995	-0.285205	-0.283582	0.830712	-0.387670	-0.170670
ENSMUSG00000039899	-0.499826	-0.002756	-0.017726	0.333135	0.154689	-0.164438
ENSMUSG00000039904	0.029816	-0.070038	0.187283	-0.316793	0.056344	0.633724
ENSMUSG00000039908	0.284307	-0.005015	0.297683	-0.317237	-0.134136	0.518837
ENSMUSG00000039910	-0.056681	-0.580551	-0.030948	0.287408	-0.151910	0.002118
ENSMUSG00000039911	0.130862	0.103855	0.210111	0.176743	-0.945469	0.141535
ENSMUSG00000039913	0.025561	-0.254886	-0.520037	0.687424	0.363197	0.021198
ENSMUSG00000039914	0.408855	0.420030	-0.255918	0.628283	-0.224838	0.031979
ENSMUSG00000039936	0.041259	0.342271	0.585131	1.144540	0.929942	1.163066
ENSMUSG00000039942	0.287620	0.242514	0.012842	-0.552870	-0.289441	0.131491
ENSMUSG00000039943	-0.033225	-0.622286	-0.287190	0.070992	-0.302183	-0.226995
ENSMUSG00000039952	0.317777	0.434069	0.746075	0.291811	-0.276027	0.133610
ENSMUSG00000039956	0.062415	-0.212464	-0.456516	0.124859	0.284884	-0.264363
ENSMUSG00000039958	-0.055205	0.010493	0.280417	0.148324	-0.369126	-0.006175
ENSMUSG00000039959	0.342956	-0.401841	0.578442	-0.145429	0.012954	-0.245598
ENSMUSG00000039960	-0.488856	-0.127157	-0.563496	0.006479	0.095030	-0.393428
ENSMUSG00000039962	-0.428310	-0.199582	0.288050	-0.230251	-0.172772	0.114679
ENSMUSG00000039982	-0.468649	0.060860	-0.417299	0.534326	-0.011999	0.490992
ENSMUSG00000039989	-0.002836	-0.230792	0.425992	0.145653	-0.251713	-0.188576
ENSMUSG00000039994	-0.189070	0.477027	0.246787	-0.043640	-0.244470	0.203906
ENSMUSG00000040003	0.055233	-0.374051	-0.795454	-0.075453	0.098385	-0.304681
ENSMUSG00000040009	0.371825	0.764059	0.257552	0.354609	0.340430	0.263042
ENSMUSG00000040010	-0.235591	0.079485	-0.167218	0.600528	0.295662	0.691391
ENSMUSG00000040016	0.046856	0.609695	-0.216465	-0.214770	0.182434	-0.046169
ENSMUSG00000040018	0.221786	0.387295	-0.003616	0.559147	0.246954	0.217380
ENSMUSG00000040021	-0.131544	0.647625	-0.158956	-0.131911	0.147437	-0.126005
ENSMUSG00000040022	-0.307874	0.217538	-0.171752	-0.356798	0.535672	0.012569
ENSMUSG00000040028	0.090983	-0.123146	0.100146	-0.086031	0.320120	-0.339032
ENSMUSG00000040029	-0.183111	-0.148388	0.110317	-0.400597	-0.162141	-0.278902
ENSMUSG00000040033	-0.131796	-0.002147	-0.111159	-0.160538	0.404879	-0.109580
ENSMUSG00000040034	0.140548	-0.089701	0.059706	-0.633611	-0.365546	0.022692
ENSMUSG00000040035	-0.195159	0.072012	-0.122554	-0.220781	0.312249	-0.175186
ENSMUSG00000040037	-0.004173	-0.020642	0.341093	-0.197571	-0.177151	-0.840883
ENSMUSG00000040044	0.041452	0.060542	0.160838	-0.696025	-0.394406	0.316776
ENSMUSG00000040046	0.227273	0.052996	0.196798	0.101500	0.327174	0.284068
ENSMUSG00000040048	0.333390	0.426673	0.384802	-0.008476	-0.040647	0.123309
ENSMUSG00000040055	-0.266431	0.102962	-0.192803	-0.272194	-0.075865	0.021300
ENSMUSG00000040061	0.606496	0.536340	0.303172	-0.074426	0.535165	0.303411
ENSMUSG00000040084	-0.000796	-0.302714	-0.633772	-0.276777	-0.518528	0.113346
ENSMUSG00000040093	-0.241082	0.066169	0.329256	-0.163977	0.415435	0.211758
ENSMUSG00000040102	-0.136532	-0.059919	0.396023	-0.187421	-0.583178	-0.568688
ENSMUSG00000040105	-0.080058	0.032228	-0.002435	0.350308	-0.102231	-0.017543
ENSMUSG00000040118	-0.027993	-0.273757	0.437068	0.254015	0.169151	-0.379207
ENSMUSG00000040127	0.494085	-0.258941	-0.215930	0.215705	0.190703	0.346432
ENSMUSG00000040134	0.350107	-0.095033	0.048312	0.249973	-0.425202	-0.264189
ENSMUSG00000040136	0.286536	0.205857	-0.288302	0.361545	-0.261906	0.044831
ENSMUSG00000040146	0.064666	0.401591	-0.004990	-0.204213	-0.222249	-0.227113
ENSMUSG00000040147	0.170353	0.257552	0.007257	0.232390	-0.419982	0.312499
ENSMUSG00000040151	-0.215686	-0.084715	0.625862	0.006951	-0.116406	-0.250420
ENSMUSG00000040152	-0.872224	-0.028863	-0.003456	0.170761	0.262822	0.679193
ENSMUSG00000040158	-0.282164	0.213051	-0.030964	-0.328808	0.187378	-0.066245
ENSMUSG00000040164	0.245888	0.153227	-0.263557	-0.068257	0.094167	0.321852
ENSMUSG00000040165	-0.575287	0.525564	-0.007891	0.003571	-0.366764	-0.421297
ENSMUSG00000040170	-0.350723	0.144841	-0.015738	0.192650	0.580494	0.289150
ENSMUSG00000040181	0.292535	-0.121541	0.014965	0.141490	0.627427	-0.170528
ENSMUSG00000040197	0.017050	0.028275	-0.108597	-0.321881	0.137818	-0.309789
ENSMUSG00000040204	0.390400	-0.601580	-0.776509	-1.508192	-0.895041	-1.007720
ENSMUSG00000040209	0.270699	0.279236	0.468599	0.498162	-0.011779	0.182988
ENSMUSG00000040212	-0.347216	-0.268823	0.208809	-0.277375	0.101148	0.727203
ENSMUSG00000040213	0.290195	-0.186793	0.441182	0.622692	0.013809	0.220549
ENSMUSG00000040220	0.175796	-0.215090	-0.452580	0.430527	0.106975	0.022116
ENSMUSG00000040236	-0.092715	-0.352195	0.284392	0.249676	0.300184	-0.371284
ENSMUSG00000040247	0.086347	-0.271258	-0.816896	0.483594	-0.470642	0.253584
ENSMUSG00000040249	-0.302666	-0.455928	0.129393	0.057795	-0.452683	-0.247952
ENSMUSG00000040250	0.082891	0.434112	-0.053470	0.812624	0.105316	0.075131
ENSMUSG00000040254	-0.180771	0.683795	-0.356529	0.124985	-0.427648	0.058861
ENSMUSG00000040260	0.233780	0.188448	0.423844	0.112802	-0.137158	-0.028307
ENSMUSG00000040265	0.012554	-0.202619	-0.005783	-0.225144	0.492401	-0.015851
ENSMUSG00000040268	0.173347	-0.084534	-0.593032	-0.428453	-0.172574	-0.211274
ENSMUSG00000040269	0.074565	0.491104	-0.322293	0.284123	0.249406	-0.593597
ENSMUSG00000040274	-0.292067	0.339224	0.269363	0.140710	-0.233539	-0.060915
ENSMUSG00000040280	-0.091022	-0.044137	-0.183381	-0.376105	0.054978	-0.286721
ENSMUSG00000040283	-0.423275	0.235499	-0.166933	-0.006776	0.152849	-0.354765
ENSMUSG00000040289	-0.576232	0.183660	0.249920	0.046351	-0.609793	-0.124331
ENSMUSG00000040296	-0.493929	0.131277	-0.248290	-0.090051	0.513924	0.533716
ENSMUSG00000040314	-0.088442	-0.811692	0.213196	-0.409666	-0.155511	-0.407323
ENSMUSG00000040321	0.092466	-0.687883	0.670992	-0.021205	0.182244	0.348694
ENSMUSG00000040325	0.035996	-0.487275	-0.314527	-0.376908	0.219890	0.557517
ENSMUSG00000040328	0.083373	0.132859	-0.066093	0.136304	0.634121	0.606841
ENSMUSG00000040329	-0.231156	-1.075320	0.129281	-0.832125	0.225473	0.458807
ENSMUSG00000040331	-0.185020	0.146019	-0.468454	0.645193	0.155220	-0.022764
ENSMUSG00000040345	-0.173491	-0.048709	0.328247	0.030238	-0.060445	0.008909
ENSMUSG00000040354	0.149279	0.842859	0.016156	0.310785	0.387293	0.627077
ENSMUSG00000040356	0.064088	-0.497795	-0.349176	0.372051	0.014697	-0.324922
ENSMUSG00000040359	-0.269806	0.258894	0.211036	-0.267270	0.318793	0.224051
ENSMUSG00000040364	0.308295	-0.240202	0.164317	-0.105836	0.524258	-0.551989
ENSMUSG00000040365	0.602263	-0.072149	-0.271971	-0.277260	0.235744	0.155377
ENSMUSG00000040373	-0.069786	0.268189	-0.367360	-0.392370	0.399539	0.225399
ENSMUSG00000040374	0.173350	0.786613	0.167343	-0.705420	0.114083	-0.177628
ENSMUSG00000040383	-0.005484	0.330470	0.566898	0.211939	0.055186	0.467772
ENSMUSG00000040385	0.288646	-0.332438	-0.379295	0.049384	-0.291760	0.100525
ENSMUSG00000040390	-0.069544	-0.427423	0.216679	0.079998	0.058454	-0.001417
ENSMUSG00000040405	-0.158547	-0.074454	0.042205	0.159197	-0.547314	0.437927
ENSMUSG00000040407	0.821443	-0.171347	0.410181	-0.168318	-0.542553	-0.167226
ENSMUSG00000040410	0.318009	-0.085883	0.166718	0.087968	-0.655216	0.223420
ENSMUSG00000040413	-0.466851	0.137263	0.664235	0.921686	-0.266663	-0.139202
ENSMUSG00000040415	0.715997	-0.221683	0.389525	-0.146547	0.112522	0.194074
ENSMUSG00000040420	-0.542174	0.153948	-0.466317	-0.363473	-0.262136	0.099838
ENSMUSG00000040424	0.033214	0.159734	-0.107154	0.451574	0.267462	-0.287526
ENSMUSG00000040432	0.052505	-0.213500	0.235741	-0.090738	-0.104302	-0.059924
ENSMUSG00000040434	0.239047	-0.186024	0.081836	0.182697	0.055332	-0.175157
ENSMUSG00000040435	0.034282	-0.619017	0.212562	-0.031929	-0.268674	0.049561
ENSMUSG00000040446	0.021965	0.122732	0.551151	0.196368	0.175635	-0.369595
ENSMUSG00000040447	0.006540	-0.694408	-0.109124	-0.312187	0.278841	0.176449
ENSMUSG00000040451	0.089496	-0.177565	0.702093	0.855547	-0.895131	-0.140335
ENSMUSG00000040452	0.096084	0.048959	0.489063	0.312054	-0.297372	0.342648
ENSMUSG00000040455	-0.319955	-0.117305	0.413461	-0.616721	0.149749	-0.074931
ENSMUSG00000040462	0.058879	-0.007812	0.163050	0.197142	-0.258044	0.011961
ENSMUSG00000040463	0.057410	0.265222	-0.307797	0.431627	-0.063759	0.467532
ENSMUSG00000040466	-0.035762	-0.155220	0.095019	0.085650	-0.005235	-0.021324
ENSMUSG00000040471	0.186218	0.362967	-0.629262	0.648622	-0.659262	-0.266941
ENSMUSG00000040472	-0.224949	-0.086893	-0.006931	0.049441	0.110819	-0.126773
ENSMUSG00000040479	0.398364	0.314075	0.633664	0.211279	0.148863	0.138609
ENSMUSG00000040488	-0.155799	0.119032	0.061828	0.225238	-0.144454	-0.127178
ENSMUSG00000040490	0.515866	-0.119799	-0.119064	-0.772037	0.051688	-0.310683
ENSMUSG00000040495	0.051930	0.057424	0.205003	0.234660	-0.010675	-0.110817
ENSMUSG00000040505	-0.939619	-0.263590	-0.158131	-0.288816	-0.482732	-0.482084
ENSMUSG00000040506	0.174778	0.270491	-0.104891	-0.090160	0.045955	-0.729310
ENSMUSG00000040511	0.139517	0.405698	0.256497	-0.161121	0.277920	-0.269696
ENSMUSG00000040520	-0.170219	-0.673296	-0.073865	0.032902	0.755051	0.014137
ENSMUSG00000040522	-0.635345	-0.374009	0.024466	-0.225812	-0.098976	-0.176980
ENSMUSG00000040525	0.654320	-0.287410	0.426272	-0.064783	0.584211	-0.506887
ENSMUSG00000040533	-0.755380	-0.465033	-0.332986	0.089558	0.405152	-0.036050
ENSMUSG00000040537	-0.080078	-0.049327	-0.378382	-0.480149	0.674090	0.022171
ENSMUSG00000040543	0.414645	0.420740	0.053621	-0.597481	-0.238100	-0.268564
ENSMUSG00000040548	0.426411	0.125535	0.075685	0.142230	-0.179037	0.560990
ENSMUSG00000040552	-0.497510	-0.015492	-0.376536	0.391382	0.656021	-0.280203
ENSMUSG00000040554	0.211701	0.061839	0.160913	0.310420	0.252734	0.036697
ENSMUSG00000040562	-0.268177	-0.107178	-0.318092	0.444342	0.232044	0.210821
ENSMUSG00000040563	-0.448952	-0.184683	0.076312	-0.183956	0.581736	-0.743219
ENSMUSG00000040564	0.203015	0.088799	0.017258	-0.436156	-0.353885	0.019726
ENSMUSG00000040569	0.400034	-0.040651	0.068675	-0.410639	0.575931	0.394326
ENSMUSG00000040583	0.217128	0.293706	0.406511	0.038007	-0.093112	-0.646258
ENSMUSG00000040584	-0.478469	0.105242	-0.231314	-0.241997	0.131501	0.239109
ENSMUSG00000040586	-0.282819	0.007932	-0.246579	0.471206	-0.122084	-0.503253
ENSMUSG00000040592	-0.065084	-0.532977	-0.506443	0.109387	0.738027	-0.250744
ENSMUSG00000040599	-0.382063	0.394808	-0.616807	0.043908	-0.702642	-0.340756
ENSMUSG00000040605	-0.468445	0.410559	0.378855	0.130469	-0.119576	0.080254
ENSMUSG00000040606	-0.349754	0.032080	-0.072319	-0.468289	-0.305849	-0.040961
ENSMUSG00000040613	0.125406	0.266818	0.038404	0.524905	0.823173	0.261095
ENSMUSG00000040618	-0.152711	0.227537	0.650746	-0.035180	-0.034951	0.327017
ENSMUSG00000040620	-0.314873	0.195152	0.090710	0.138736	0.426919	-0.358385
ENSMUSG00000040621	0.184072	-0.286121	-0.183179	0.017241	0.299147	-0.473121
ENSMUSG00000040631	0.221183	-0.193515	0.463838	0.338311	-0.332784	0.344749
ENSMUSG00000040648	0.403243	-0.372219	0.263473	0.023642	0.303745	0.266597
ENSMUSG00000040649	-0.468056	0.660822	-0.117055	0.090723	0.554195	0.174605
ENSMUSG00000040650	0.226921	0.043671	-0.106914	0.234356	-0.216008	0.100714
ENSMUSG00000040652	0.047785	-0.134952	-0.221525	-0.308536	-0.162274	-0.070678
ENSMUSG00000040658	-0.598372	0.742105	0.344442	-0.351797	0.223243	-0.108488
ENSMUSG00000040660	-0.357163	0.168199	-0.171217	0.176280	-0.055811	-0.660794
ENSMUSG00000040663	-0.067330	-0.108419	0.114817	-0.789667	-0.051934	0.035052
ENSMUSG00000040667	-0.538777	0.531249	-0.221580	0.069326	-0.706265	-0.822489
ENSMUSG00000040669	0.097291	-0.047179	0.489348	-0.324419	-0.099926	0.169120
ENSMUSG00000040675	-0.515272	0.107776	-0.018775	-0.376355	0.373434	0.076572
ENSMUSG00000040680	-0.176131	0.399213	0.694829	-0.139093	0.045818	-0.062871
ENSMUSG00000040687	0.358391	0.334709	0.125909	-0.062270	0.072353	0.095799
ENSMUSG00000040688	0.568144	0.417442	-0.127129	0.268346	0.467770	0.497768
ENSMUSG00000040690	-0.464955	0.081616	0.274780	-0.049613	-0.060263	-0.086255
ENSMUSG00000040693	0.548608	0.289769	-0.156126	-0.467315	0.133995	-0.357710
ENSMUSG00000040694	-0.616500	-0.083861	-0.224235	0.382043	0.205509	-1.118567
ENSMUSG00000040701	-0.359060	-0.016955	0.528636	-0.090161	-0.615981	0.095648
ENSMUSG00000040703	-0.101518	-0.142252	-0.020018	0.867036	0.100209	-0.258091
ENSMUSG00000040706	0.630266	0.132544	-0.223133	0.005548	-0.206649	0.094755
ENSMUSG00000040710	0.373485	-0.195137	-0.297282	-0.443750	0.186930	-0.139151
ENSMUSG00000040713	-0.040139	0.221762	0.376131	-0.029988	0.141738	0.169252
ENSMUSG00000040714	-0.010065	-0.374323	0.306877	-0.019011	-0.079656	0.158876
ENSMUSG00000040717	0.427780	-0.665979	0.097864	-0.003353	0.272764	-0.179008
ENSMUSG00000040724	0.863283	-0.317557	0.732033	-0.029902	0.527361	-0.078642
ENSMUSG00000040731	0.319392	0.141874	0.020944	-0.262775	0.094478	0.176090
ENSMUSG00000040734	-0.153901	0.703602	-0.503682	-0.190509	-0.362614	-0.275102
ENSMUSG00000040738	0.568073	-0.014315	0.281684	0.104401	-0.026986	1.261998
ENSMUSG00000040747	-0.136356	0.022551	0.582661	0.060115	-0.134478	0.380171
ENSMUSG00000040749	0.306174	0.058456	-0.512819	-0.047670	-0.270111	0.095468
ENSMUSG00000040751	0.838375	0.116717	-0.357908	-0.257488	0.057002	0.138428
ENSMUSG00000040752	-0.303656	0.160861	-0.478533	-0.431013	0.314806	-0.126879
ENSMUSG00000040760	-0.014683	0.110631	-0.033036	0.041558	-0.069799	0.393153
ENSMUSG00000040761	-0.359321	-0.552272	0.235634	-0.004534	-0.141396	0.604029
ENSMUSG00000040767	-0.371106	0.491322	0.256044	0.211938	-0.060008	-0.276174
ENSMUSG00000040770	0.105542	0.043528	0.532068	0.140818	-0.075818	0.091615
ENSMUSG00000040774	0.259878	0.164968	-0.064937	0.311038	0.416810	-0.079803
ENSMUSG00000040782	-0.315225	-0.384854	-0.573704	-1.007370	-1.372568	-1.115834
ENSMUSG00000040808	-0.021681	0.380613	-0.331838	-0.282965	0.028400	-0.022526
ENSMUSG00000040813	-0.788082	0.402730	-0.077846	-0.045089	0.107668	-0.028391
ENSMUSG00000040818	-0.509810	-0.478471	0.221533	0.326757	-0.133007	0.382022
ENSMUSG00000040820	-0.133574	-0.376150	-0.160843	-0.028798	-0.347562	0.503056
ENSMUSG00000040824	0.503391	0.221630	0.185216	-0.175067	0.050943	0.441514
ENSMUSG00000040828	0.505891	-0.619066	-0.393586	-0.512685	-0.622994	-0.155195
ENSMUSG00000040836	-0.125779	-0.217476	-0.125761	0.000649	-0.056418	0.181145
ENSMUSG00000040855	-0.023350	0.444261	-0.324970	0.043890	-0.247920	-0.330860
ENSMUSG00000040865	0.168823	-0.525973	-0.233046	0.237374	0.223043	0.594675
ENSMUSG00000040875	0.913483	0.462301	0.152257	0.010176	0.244003	-0.062698
ENSMUSG00000040891	-0.587667	0.106690	-0.161691	0.225491	0.002654	-0.386967
ENSMUSG00000040896	-0.698722	0.579047	0.786257	-0.180846	0.355900	-0.214049
ENSMUSG00000040899	0.085677	-0.016948	0.324460	0.141995	0.933492	-0.384048
ENSMUSG00000040901	-0.291741	0.233331	0.283400	0.015417	0.412192	0.106160
ENSMUSG00000040907	-0.405210	-0.505714	0.296552	0.192643	0.028536	0.136453
ENSMUSG00000040913	-0.069340	-0.227574	-0.011501	-0.044656	-0.154600	-0.428115
ENSMUSG00000040918	0.428770	-0.423381	-0.176395	-0.053818	0.139100	0.539948
ENSMUSG00000040935	0.037428	-0.476074	0.931014	-0.304073	0.221563	-0.193198
ENSMUSG00000040940	0.271506	0.119032	0.910373	1.333823	0.969275	1.188478
ENSMUSG00000040945	0.005599	0.276009	0.098783	0.417240	0.157004	0.130601
ENSMUSG00000040952	0.719353	-0.212501	0.112375	0.197433	0.297458	0.460264
ENSMUSG00000040957	0.033302	0.584541	0.119858	-0.374021	0.003988	-0.426566
ENSMUSG00000040963	-0.611015	0.083114	-0.078942	-0.118754	0.017412	-0.251919
ENSMUSG00000040964	-0.061787	-0.847926	0.662211	-0.295141	0.006084	-0.165420
ENSMUSG00000040966	-0.015753	0.009604	-0.014489	0.275737	0.031543	0.303560
ENSMUSG00000040969	-0.494873	0.052702	-0.221319	-0.170475	0.262758	-0.421857
ENSMUSG00000040990	0.452045	-0.099283	-0.146401	-0.487752	-0.453900	0.039809
ENSMUSG00000040997	0.105801	0.233704	0.272404	-0.145619	0.140229	0.201411
ENSMUSG00000040998	-0.025767	0.216121	0.129616	0.148878	-0.444637	-0.759653
ENSMUSG00000041014	-0.624894	0.283019	0.237628	0.216137	0.429073	0.163607
ENSMUSG00000041046	0.540935	-0.285892	0.306733	0.256522	0.745486	-0.515268
ENSMUSG00000041057	0.067678	-0.330382	-0.506233	-0.359603	-0.050511	-0.523306
ENSMUSG00000041058	0.557749	0.161693	-0.050204	-0.452304	-0.628235	0.869690
ENSMUSG00000041064	-0.245232	-0.063469	0.275135	0.216486	-0.159984	-0.336826
ENSMUSG00000041075	-0.276320	0.555901	-0.512210	-0.198315	-0.089104	-0.114791
ENSMUSG00000041078	-0.240730	-0.335388	-0.308798	0.299036	0.244044	-0.294856
ENSMUSG00000041079	-0.051179	0.231910	0.222677	0.189584	-0.137178	0.410713
ENSMUSG00000041084	0.283096	0.026731	-0.374570	0.102738	-0.248791	-0.587269
ENSMUSG00000041112	0.285077	0.052374	-0.263109	0.096458	-0.083374	0.824659
ENSMUSG00000041119	-0.019553	-0.466457	0.653996	-0.193239	0.249742	0.241044
ENSMUSG00000041120	-0.418805	-0.281675	0.416673	0.167909	0.156627	0.114293
ENSMUSG00000041126	-0.862544	0.369390	0.708174	0.227812	-0.001162	-0.590237
ENSMUSG00000041130	0.339649	0.238431	0.146991	-0.135496	-0.013278	0.002253
ENSMUSG00000041133	0.252628	0.632124	-0.767901	0.047986	-0.160413	0.223164
ENSMUSG00000041135	-0.596377	-0.187175	-0.496697	-0.875181	-0.719834	-1.000687
ENSMUSG00000041144	-0.886736	0.176486	0.183146	-0.249902	0.036383	-0.055873
ENSMUSG00000041147	-0.037821	0.154361	-0.170371	-0.267662	-0.623238	0.068945
ENSMUSG00000041161	-0.211280	-0.004666	0.055393	0.382720	0.231834	-0.078138
ENSMUSG00000041168	-0.635390	0.104063	0.099002	0.209134	-0.899014	0.667252
ENSMUSG00000041180	0.193174	0.511464	-0.073374	-0.107958	-0.049912	0.072951
ENSMUSG00000041187	-0.063484	0.037368	0.400002	0.190763	0.251749	0.262237
ENSMUSG00000041189	-0.578699	-0.054624	-0.027145	0.067454	-0.207498	-0.176742
ENSMUSG00000041193	-0.430303	-0.089519	-0.089910	-0.670206	-0.043269	0.624874
ENSMUSG00000041202	-0.197421	-0.017996	-0.592011	-0.928574	0.274540	-0.207020
ENSMUSG00000041215	0.272480	-0.183000	0.817606	0.223563	0.310164	0.565540
ENSMUSG00000041216	-0.522872	0.068671	-0.720214	-0.380404	0.414629	-0.821103
ENSMUSG00000041219	-0.249216	0.363622	-0.071156	-0.107022	0.112555	-0.395673
ENSMUSG00000041220	-0.382827	-0.631844	-0.225876	0.313422	-0.350577	0.142850
ENSMUSG00000041225	0.233644	-0.522692	0.144195	0.395536	0.174113	0.498011
ENSMUSG00000041229	0.168661	-0.250898	-0.398038	-0.041304	-0.469447	0.123303
ENSMUSG00000041236	0.136299	-0.570470	0.289612	-0.519481	-0.223485	-0.813856
ENSMUSG00000041237	0.088813	0.526804	-0.002859	-0.451122	0.278257	0.216938
ENSMUSG00000041238	-0.517500	0.129801	0.142299	-0.203660	0.529936	0.034419
ENSMUSG00000041241	0.174092	0.387284	0.900461	0.172977	-0.513864	-0.292404
ENSMUSG00000041245	0.217468	0.064998	0.038459	0.402440	0.051281	0.072146
ENSMUSG00000041248	-0.122313	-0.423768	-0.401959	0.057411	0.052228	0.040524
ENSMUSG00000041261	0.263885	0.675000	0.541780	0.473761	-0.252898	-0.030752
ENSMUSG00000041297	0.099212	0.263808	0.010078	0.447465	0.300945	-0.022588
ENSMUSG00000041301	0.272283	0.381340	-0.441926	0.250732	0.021947	0.078939
ENSMUSG00000041303	-0.221501	-0.721705	0.053986	0.291166	-0.005988	-0.207716
ENSMUSG00000041308	-0.601093	0.414800	0.109595	-0.142287	-0.084844	-0.248253
ENSMUSG00000041313	0.951854	-0.361617	0.325880	-0.268223	0.361647	-0.055834
ENSMUSG00000041319	0.341516	-0.340925	-0.370963	0.203795	0.416764	0.398254
ENSMUSG00000041323	0.448869	0.012193	0.289612	-0.067672	-0.495694	-0.134433
ENSMUSG00000041324	0.569032	0.428791	-0.264532	-0.057465	-0.869176	0.016456
ENSMUSG00000041328	0.297976	0.342659	-0.431570	-0.879420	-0.589717	0.234215
ENSMUSG00000041329	0.014987	-0.237535	0.124086	0.211149	-0.363967	0.061230
ENSMUSG00000041341	0.223342	0.191713	0.033010	-0.140042	0.133075	0.179086
ENSMUSG00000041346	-0.436477	0.205077	0.170394	-0.375136	0.393959	-0.102195
ENSMUSG00000041347	0.076001	-0.512145	0.147012	-0.526212	-0.218290	-0.248321
ENSMUSG00000041351	0.442881	0.006605	0.238421	-0.227711	-0.349680	0.158740
ENSMUSG00000041354	0.636025	-0.100274	-0.155859	0.356740	-0.502284	-0.233416
ENSMUSG00000041359	0.237649	-0.440756	0.130018	0.636510	0.039053	-0.045421
ENSMUSG00000041372	-0.086474	-0.041861	-0.142172	-0.230116	0.777402	0.741469
ENSMUSG00000041378	-0.085619	-0.052186	-0.330612	0.108534	0.024088	0.049670
ENSMUSG00000041380	-0.031387	-0.149517	0.460892	-0.051504	-0.663816	-0.337763
ENSMUSG00000041406	-0.011357	-0.420293	-0.279753	-0.240020	0.078821	-0.215169
ENSMUSG00000041408	0.084985	0.261761	-0.113793	-0.136189	0.734070	-0.295462
ENSMUSG00000041415	-0.471539	-0.058571	-0.307967	-0.573356	-0.434537	-0.068605
ENSMUSG00000041417	0.351642	0.509077	0.466276	0.607717	0.322249	1.034043
ENSMUSG00000041423	0.168561	-0.303830	0.288019	-0.515323	0.205377	0.139854
ENSMUSG00000041426	-0.106228	0.137384	-0.140924	-0.100966	0.337046	0.330328
ENSMUSG00000041429	-0.099334	-0.230302	-0.517069	0.018005	0.417568	0.543517
ENSMUSG00000041431	0.000549	0.299970	-0.115330	-0.221336	0.068978	0.125600
ENSMUSG00000041438	-0.949743	0.236068	-0.374259	-0.253573	-0.116741	-0.702975
ENSMUSG00000041444	0.220401	-0.117811	0.026765	-0.230283	0.363861	-0.122832
ENSMUSG00000041445	0.059990	-0.094943	0.224765	0.111046	0.000380	0.247181
ENSMUSG00000041453	-0.587951	0.070673	0.294691	0.709744	-0.009702	0.276845
ENSMUSG00000041459	-0.036643	-0.368022	0.260051	-0.619021	0.424548	-0.167293
ENSMUSG00000041460	0.543137	0.008705	-0.098459	-0.046224	-0.065675	-0.328137
ENSMUSG00000041488	-0.208305	0.280444	-0.032045	0.161730	-0.552803	0.061194
ENSMUSG00000041491	-0.201859	-0.372148	-0.209058	0.095101	0.000456	-0.060464
ENSMUSG00000041498	-0.112245	-0.481962	0.140595	-0.274552	-0.314152	-0.937782
ENSMUSG00000041506	0.222228	0.746337	-0.226717	-0.790281	0.421729	-0.181685
ENSMUSG00000041515	-0.273942	0.293152	-0.098974	0.347263	-0.249515	0.018413
ENSMUSG00000041528	0.146620	-0.331697	-0.272544	0.383138	0.242694	-0.305478
ENSMUSG00000041530	-0.121275	-0.498792	-0.047580	0.052537	-0.022671	0.080874
ENSMUSG00000041534	0.219889	0.027824	-0.641100	0.060732	0.127711	-0.235162
ENSMUSG00000041538	0.022585	0.281941	0.340491	0.054312	0.102247	0.091518
ENSMUSG00000041548	-0.330583	0.319798	0.510526	-0.459220	-0.249927	0.426890
ENSMUSG00000041550	0.146427	0.205890	0.117730	-0.059265	-0.690009	0.470011
ENSMUSG00000041556	0.089662	-0.201660	-0.164696	0.081245	0.114635	0.052753
ENSMUSG00000041559	-0.151810	0.269828	0.035761	-0.409450	0.086388	-0.162565
ENSMUSG00000041577	0.190862	0.357528	0.073504	0.183564	0.057716	0.515433
ENSMUSG00000041592	-0.529717	0.573334	0.101807	0.540095	0.177980	-0.036988
ENSMUSG00000041598	-1.192651	-0.178678	0.254219	-0.189476	0.200918	0.068899
ENSMUSG00000041607	0.163528	-0.382923	-0.132630	-0.163303	0.240234	-0.358099
ENSMUSG00000041608	0.221740	0.085244	-0.619177	0.566901	0.029097	0.243665
ENSMUSG00000041616	0.225207	-0.054519	0.475982	-0.034619	-0.260118	0.049622
ENSMUSG00000041620	-0.176351	-0.410526	-0.439748	-0.156446	0.137465	-0.641615
ENSMUSG00000041624	0.039466	-0.309407	-0.371114	-0.040710	-0.147270	0.005024
ENSMUSG00000041632	0.103699	0.141776	0.073888	0.203511	-0.109968	0.059430
ENSMUSG00000041642	0.193918	-0.580944	-0.146363	-0.511571	0.199275	0.122152
ENSMUSG00000041644	0.843201	0.556272	-0.097491	-0.192922	0.242612	0.172178
ENSMUSG00000041650	-0.357924	0.440238	0.008509	0.259466	0.833372	0.099568
ENSMUSG00000041653	0.360691	0.447200	-0.042347	0.401651	-0.214865	-0.248777
ENSMUSG00000041658	-0.064470	-0.126357	0.015330	0.314934	0.065679	-0.590389
ENSMUSG00000041660	-0.422971	-0.117814	0.397234	0.588349	0.308389	0.195958
ENSMUSG00000041670	-0.343965	-0.194717	0.133005	0.297438	0.045383	-0.126678
ENSMUSG00000041681	0.334383	0.265638	0.394453	0.677002	0.546680	0.674159
ENSMUSG00000041685	-0.449303	-0.234946	0.073717	-0.842730	-0.031628	0.352031
ENSMUSG00000041688	-0.071201	-0.455354	-0.056104	0.345637	0.067785	0.750778
ENSMUSG00000041695	-0.353170	0.241310	0.159505	0.092392	-0.648201	-0.287738
ENSMUSG00000041697	0.703073	-0.530149	-0.384576	0.446546	-1.251897	0.089356
ENSMUSG00000041698	0.071793	-0.142193	-0.618791	0.795221	0.082955	0.307857
ENSMUSG00000041710	0.545638	-0.085526	-0.378546	0.736031	-0.654726	-0.345495
ENSMUSG00000041718	-0.340775	-0.149074	-0.189482	-0.297329	0.082900	-0.686201
ENSMUSG00000041720	0.371325	0.134932	0.188362	-0.252177	-0.275950	-0.381827
ENSMUSG00000041733	0.307134	-0.134090	-0.066200	0.360659	0.516094	-0.352107
ENSMUSG00000041734	-0.100680	-0.118027	-0.199090	0.100801	0.222923	0.377290
ENSMUSG00000041736	-0.247280	0.248345	-0.394440	-0.229025	0.222738	0.029300
ENSMUSG00000041741	0.417383	-0.525558	-0.064025	-0.294576	-0.307238	-0.536104
ENSMUSG00000041747	0.259314	0.006876	0.469520	-0.575344	-0.694838	-0.154103
ENSMUSG00000041750	-0.485705	-0.166849	-0.262425	0.355785	-0.101004	0.589846
ENSMUSG00000041757	0.010656	-0.067209	-0.031294	-0.463593	-0.172277	0.600902
ENSMUSG00000041763	0.227215	0.053940	0.179934	0.042182	-0.156818	0.284123
ENSMUSG00000041769	0.032084	0.213079	-0.072998	0.071411	-0.242525	-0.158658
ENSMUSG00000041771	0.117514	0.048550	-0.481074	-0.037098	0.105646	-0.143174
ENSMUSG00000041777	-0.250407	-0.211801	-0.267304	0.307983	0.018177	0.305192
ENSMUSG00000041781	-0.064630	-0.520523	-0.264282	-0.297272	0.865005	0.052205
ENSMUSG00000041791	0.111937	-0.145693	-0.131890	-0.115994	-0.304937	0.192469
ENSMUSG00000041794	0.259740	-0.041124	0.069173	-0.085284	0.091943	-0.352513
ENSMUSG00000041797	0.273276	-1.005298	0.434380	-0.491172	0.758522	-0.128870
ENSMUSG00000041798	-0.172062	-0.266469	0.828194	0.168811	-0.406653	-0.550680
ENSMUSG00000041815	-0.174647	-0.287452	0.209360	-0.928820	0.132100	0.086025
ENSMUSG00000041817	-0.021588	-0.887896	-0.602126	0.147586	0.674845	-0.124191
ENSMUSG00000041827	-0.044033	-0.307378	-0.594995	-0.223105	-0.116630	0.051422
ENSMUSG00000041840	0.579074	-0.579980	0.228940	-0.033051	-0.068754	-0.585246
ENSMUSG00000041841	-0.101567	0.991289	0.423415	-0.015029	0.061512	0.355220
ENSMUSG00000041845	0.155494	0.033392	-0.472538	0.416147	0.217553	0.136445
ENSMUSG00000041846	1.105231	-0.304573	0.385128	0.568109	0.103652	-0.731691
ENSMUSG00000041849	-0.265776	-0.108816	0.528099	0.335760	0.547170	-0.024837
ENSMUSG00000041859	-0.552343	-0.144566	0.386018	0.724983	0.206669	0.434569
ENSMUSG00000041872	0.276305	-0.797592	0.267891	-0.257224	-0.257463	0.033147
ENSMUSG00000041881	-0.029688	0.132581	0.003185	-0.471138	0.200536	0.459504
ENSMUSG00000041890	-0.106944	-0.319776	-0.113558	-0.002326	0.134234	-0.140464
ENSMUSG00000041891	-0.309281	0.006527	0.232874	0.369578	0.063733	0.120710
ENSMUSG00000041895	0.175690	-0.020150	-0.084547	-0.123963	-0.481366	-0.526034
ENSMUSG00000041936	-0.375084	-0.684341	-0.190081	-0.160636	-0.290972	-0.024266
ENSMUSG00000041939	-0.088092	-0.122042	-0.369156	-0.237923	0.225564	-0.208860
ENSMUSG00000041954	-0.081641	0.071334	0.571319	0.147245	0.182231	0.552705
ENSMUSG00000041957	0.112214	-0.178571	-0.499159	-0.450784	-0.053714	-0.008013
ENSMUSG00000041958	-0.471863	0.190954	0.730759	0.039692	0.732575	-0.037888
ENSMUSG00000041959	-0.376428	-0.416712	0.411704	0.191300	-0.132093	-0.143018
ENSMUSG00000041961	0.325208	-0.235521	0.016420	0.140625	-0.152915	-0.083990
ENSMUSG00000041966	0.242272	0.010971	0.752622	-0.415037	0.127712	0.172634
ENSMUSG00000041974	0.181794	0.578623	-0.065550	0.041876	-0.050423	0.258331
ENSMUSG00000041977	-0.006753	0.085138	-0.214326	-0.322231	-0.073406	0.340719
ENSMUSG00000041984	-0.061911	-0.453236	-0.047745	-0.330725	-0.193291	-0.133251
ENSMUSG00000041992	0.138912	0.093286	0.415888	-0.384810	-0.760571	0.066162
ENSMUSG00000042010	0.353198	0.292530	0.260416	0.441243	0.139087	-0.011051
ENSMUSG00000042015	-0.345197	0.098007	0.419532	0.377812	-0.308791	-0.660115
ENSMUSG00000042029	0.014581	0.337659	0.060365	-0.235320	0.109102	0.179206
ENSMUSG00000042032	-0.536755	-0.171326	-0.403902	0.986903	0.517445	0.644013
ENSMUSG00000042042	-0.338142	0.039903	0.014367	0.043278	0.022459	-0.299114
ENSMUSG00000042045	-0.026180	-0.057675	-0.355240	-0.033139	-0.117415	-0.084818
ENSMUSG00000042050	-0.274398	-0.097391	0.292741	0.635260	-0.103160	-0.259149
ENSMUSG00000042055	0.311231	0.302763	-0.075956	0.204312	-0.070260	0.170393
ENSMUSG00000042063	-0.351116	0.312500	0.154154	-0.299311	0.139760	-0.129367
ENSMUSG00000042079	0.034373	-0.151802	-0.342501	0.256355	-0.045947	-0.319148
ENSMUSG00000042082	0.184882	-0.122853	0.655292	0.057304	0.090151	-0.027302
ENSMUSG00000042096	-0.535479	0.547817	-0.195101	-0.311787	-0.597174	-1.018094
ENSMUSG00000042102	-0.011642	0.066142	-0.468334	-0.356586	-0.178538	0.678576
ENSMUSG00000042105	0.027175	-0.282266	-0.145063	-0.202439	0.121053	0.415226
ENSMUSG00000042111	-0.066678	-0.546731	-0.510410	-0.248017	-0.197084	-0.083736
ENSMUSG00000042116	-0.117102	0.025151	0.309775	-0.180365	0.082957	-0.335408
ENSMUSG00000042118	-0.132561	0.017678	0.295936	0.204292	-0.260020	-0.031896
ENSMUSG00000042121	0.073362	-0.565805	0.480156	-0.153921	-0.190504	0.599760
ENSMUSG00000042129	0.004864	0.191744	0.658660	-0.073924	-0.705862	0.478809
ENSMUSG00000042148	0.240379	-0.267225	0.086469	-0.281814	-0.400228	0.535670
ENSMUSG00000042156	-0.102324	-0.509854	0.229668	-0.178468	-0.355325	0.296541
ENSMUSG00000042179	0.582715	-0.443251	0.286113	-0.615244	-0.062788	0.057666
ENSMUSG00000042185	-0.288234	-0.225752	-0.689962	0.264566	0.042442	0.228679
ENSMUSG00000042190	0.860477	0.232094	0.240670	0.306039	0.326501	0.370307
ENSMUSG00000042207	-0.444077	0.801334	0.632480	0.063845	0.232036	0.038396
ENSMUSG00000042215	-0.576305	0.356637	0.057680	-0.324525	-0.232171	0.485425
ENSMUSG00000042219	0.239292	-0.065060	0.068097	0.003880	-0.103869	-0.140640
ENSMUSG00000042228	-0.432410	0.285772	0.560497	-0.001344	-0.743608	-0.120467
ENSMUSG00000042243	0.202202	0.121805	-0.472686	0.202610	-0.179843	-0.509440
ENSMUSG00000042244	-0.289071	0.173520	0.583715	-0.422909	0.488934	-0.467392
ENSMUSG00000042248	-0.206180	-0.011555	0.420846	0.332921	0.146988	-0.010910
ENSMUSG00000042249	-0.064950	0.201998	0.595263	0.007272	-0.059581	-0.267345
ENSMUSG00000042250	0.137756	-0.045603	0.159376	-0.385289	0.506178	-0.313741
ENSMUSG00000042251	-0.604504	-0.520015	0.243718	-0.338797	0.611373	-0.267433
ENSMUSG00000042262	0.134142	-0.239975	-0.452163	-0.436627	0.639359	0.534388
ENSMUSG00000042265	-0.540049	0.601988	-0.066629	-0.139725	-0.070357	-0.477264
ENSMUSG00000042268	0.038009	-0.931790	-0.444209	0.476912	0.702947	0.100388
ENSMUSG00000042271	0.150315	-0.289005	0.316440	0.889751	0.117841	0.413127
ENSMUSG00000042275	-0.088103	0.022162	-0.164024	0.202109	-0.054915	0.829396
ENSMUSG00000042282	0.638486	-0.121847	-0.167043	-0.025293	0.060655	-1.079736
ENSMUSG00000042284	-0.922185	0.460394	-0.169857	-0.118352	0.515212	-0.201935
ENSMUSG00000042286	-0.663809	0.156815	-0.505048	0.427152	-0.486771	0.565252
ENSMUSG00000042289	-0.168266	0.257509	-0.301116	0.000335	0.282147	0.187854
ENSMUSG00000042292	-0.183922	-0.119242	0.454995	-0.988768	0.124465	-0.608099
ENSMUSG00000042298	-0.431395	0.192419	0.207026	0.382908	-0.248658	-0.593707
ENSMUSG00000042308	-0.078200	0.221974	-0.304307	-0.093066	0.183821	-0.011902
ENSMUSG00000042323	0.101890	-0.377553	-0.159053	-0.046887	0.250893	0.624259
ENSMUSG00000042328	0.349193	0.094567	-0.097765	-0.192616	0.461187	-0.033520
ENSMUSG00000042333	0.505439	0.159486	-0.092661	0.494250	-0.320441	-0.029407
ENSMUSG00000042340	-0.109160	-0.432200	0.060321	-0.198352	-0.162112	0.235794
ENSMUSG00000042349	-0.135945	0.226535	-0.339717	0.024048	0.318237	-0.136314
ENSMUSG00000042350	0.111845	0.421040	0.130613	0.281586	0.302230	-0.210663
ENSMUSG00000042351	0.179214	-0.094988	-0.027865	-0.551362	-0.017843	0.133136
ENSMUSG00000042354	-0.364511	0.147139	0.243748	-0.086765	0.376099	-0.055088
ENSMUSG00000042357	-0.216724	-0.297170	-0.558295	0.539491	-0.077325	-0.414207
ENSMUSG00000042359	0.338619	0.078783	0.114137	0.340313	-0.345799	-0.143441
ENSMUSG00000042364	-0.248491	-0.282378	0.271231	0.566380	-0.608640	0.351497
ENSMUSG00000042367	0.059810	0.338187	0.202026	0.107507	0.284296	0.407042
ENSMUSG00000042371	-0.043109	-0.464281	-0.070619	0.134244	0.467850	-0.029958
ENSMUSG00000042388	-0.218335	0.603913	-0.392742	0.069480	0.065787	0.113635
ENSMUSG00000042390	-0.297387	0.159853	0.380415	-0.129400	0.096105	0.182598
ENSMUSG00000042396	0.758501	-0.236613	-0.266482	0.138915	0.304587	0.667312
ENSMUSG00000042404	-0.426405	-0.099367	0.239554	-0.189080	-0.036991	-0.375643
ENSMUSG00000042406	-0.306383	0.017317	-0.147193	-0.101965	-0.234927	-0.143677
ENSMUSG00000042410	-0.116758	-0.149448	-0.444114	-0.230395	-0.466950	0.103100
ENSMUSG00000042425	0.197965	-0.018895	0.151361	0.238402	0.184546	-0.061212
ENSMUSG00000042428	0.094186	-0.334128	-0.082077	-0.247057	0.122365	0.780313
ENSMUSG00000042429	-0.096821	-0.613330	0.372292	-0.342955	-0.508841	0.120203
ENSMUSG00000042436	0.621687	0.045769	0.096114	-0.627921	0.167662	0.028842
ENSMUSG00000042447	-0.350863	-0.342803	0.458428	-0.826159	-0.385181	-0.015628
ENSMUSG00000042453	0.573186	0.158590	-0.319946	-0.327194	-0.839674	-0.601463
ENSMUSG00000042459	0.479958	-0.030277	-0.045170	0.202442	-0.332188	0.175130
ENSMUSG00000042460	-0.425288	0.213358	0.227019	-0.254381	0.606056	0.261759
ENSMUSG00000042462	-0.314380	0.413621	0.161677	-0.098505	0.612217	-0.263798
ENSMUSG00000042473	0.009827	-0.207756	0.281821	0.095555	-0.242335	0.015021
ENSMUSG00000042476	-0.020771	-0.140863	-0.063107	-0.181466	0.297453	-0.334661
ENSMUSG00000042477	0.145484	-0.323565	-0.497932	-0.210203	-0.361546	-0.030426
ENSMUSG00000042487	0.858230	0.177098	-0.249063	0.096630	0.676652	0.073343
ENSMUSG00000042489	-0.118360	-0.133766	0.648706	0.162710	0.405536	-0.150182
ENSMUSG00000042492	-0.150893	-0.292996	-0.213846	0.111479	-0.609615	0.033525
ENSMUSG00000042500	0.124053	0.263579	0.055696	0.704383	0.383274	-0.445648
ENSMUSG00000042505	0.462436	-0.276741	-0.220347	0.193018	-0.162738	0.249220
ENSMUSG00000042506	-0.083871	0.140881	0.197954	0.183438	-0.304211	0.781511
ENSMUSG00000042523	0.614944	0.475404	0.285488	-0.271791	0.384141	0.143691
ENSMUSG00000042529	-0.098734	0.548071	0.029567	0.391168	-0.041507	-0.356094
ENSMUSG00000042540	-0.728580	0.138330	0.065654	0.157182	-0.373815	0.186495
ENSMUSG00000042541	-0.251522	0.045368	0.273964	0.671310	-1.450565	0.248579
ENSMUSG00000042548	-0.299362	-0.836159	-0.012069	-0.100469	-0.188735	-0.537304
ENSMUSG00000042554	-0.515091	-0.460965	0.082763	-0.271279	-0.357749	0.204004
ENSMUSG00000042557	-0.155264	0.425183	0.230488	-0.620044	-0.143766	0.287041
ENSMUSG00000042558	-0.215744	0.183024	0.414833	-0.138760	0.659138	0.399169
ENSMUSG00000042569	0.605574	-0.094166	0.669578	-0.330443	-0.805588	-0.077358
ENSMUSG00000042572	-0.323090	0.369822	-0.404685	-0.717983	-0.340459	-0.388643
ENSMUSG00000042581	-0.274943	-0.057491	-0.210557	-0.150799	-0.292008	0.149811
ENSMUSG00000042594	0.351235	-0.225907	-0.332452	0.641921	0.269160	0.649627
ENSMUSG00000042596	0.452322	-0.399110	-0.266235	-0.135083	0.240481	-0.088223
ENSMUSG00000042599	0.677015	0.200358	0.160692	0.265652	0.184511	-0.053395
ENSMUSG00000042604	-0.478467	-0.228438	-0.725398	0.194010	0.170389	-0.599762
ENSMUSG00000042605	0.066098	0.227904	-0.552094	-0.276977	0.139417	0.757030
ENSMUSG00000042607	0.073358	0.131037	-0.117433	0.501615	-0.040268	0.120474
ENSMUSG00000042626	0.275775	0.624254	1.373927	0.783532	0.457878	1.179473
ENSMUSG00000042628	-0.086690	-0.264536	-0.137281	0.169756	0.507995	-0.098721
ENSMUSG00000042631	0.405986	0.359592	0.190163	-0.189546	0.022604	-0.153917
ENSMUSG00000042632	-0.602805	-0.573839	-0.068180	-0.708293	-0.118516	0.316716
ENSMUSG00000042638	-0.299302	0.103147	0.418565	0.307258	-0.410924	-0.231603
ENSMUSG00000042642	0.642489	0.328476	-0.031420	-0.647687	0.241236	0.095995
ENSMUSG00000042644	-0.040158	-0.189786	0.019077	0.351322	-0.430306	0.554965
ENSMUSG00000042650	0.780295	-0.246854	0.329067	0.213230	0.360400	-0.593936
ENSMUSG00000042684	0.007815	0.268780	0.061885	-0.299544	-0.279490	0.489300
ENSMUSG00000042688	-0.084503	0.291316	-0.247535	-0.169002	0.010592	-0.080951
ENSMUSG00000042694	0.645374	0.069077	0.872493	-0.251283	0.545610	-0.145528
ENSMUSG00000042700	-0.163209	0.099047	-0.119918	-0.397270	0.113964	-0.298109
ENSMUSG00000042705	-0.135551	-0.274286	-0.173470	0.348235	0.008309	0.807938
ENSMUSG00000042707	-0.548323	0.043274	-0.036956	-0.780347	-0.087547	-0.731225
ENSMUSG00000042717	-0.151257	0.064398	-0.051157	0.150317	-0.090990	-0.056041
ENSMUSG00000042724	-0.085768	0.361786	0.474438	-0.288918	-0.286763	0.350762
ENSMUSG00000042737	0.432986	0.090316	0.502591	-0.281619	-0.133635	-0.250472
ENSMUSG00000042742	0.401056	-0.297736	0.350997	0.675293	0.008818	0.406005
ENSMUSG00000042745	0.675769	0.001467	-0.011233	0.513596	-0.151069	-0.088603
ENSMUSG00000042747	0.027388	-0.060237	0.310074	0.338173	-0.303844	-0.661545
ENSMUSG00000042751	-0.082017	-0.415827	0.465566	-0.128693	-0.189855	-0.391046
ENSMUSG00000042759	-0.245800	-0.099027	-0.318150	-0.211090	-0.274523	-0.336425
ENSMUSG00000042761	-0.142785	-0.227405	-0.292196	0.264019	-0.172312	0.662542
ENSMUSG00000042770	-0.496977	-0.241993	-0.296164	0.227699	-0.049691	-0.066593
ENSMUSG00000042772	0.043975	-0.490342	-0.240777	-0.138745	-0.154466	-0.060556
ENSMUSG00000042774	0.143727	0.324721	-0.239733	-0.030602	-0.169636	0.213542
ENSMUSG00000042784	0.572331	-0.168004	0.309434	-0.240187	-1.072078	-0.492416
ENSMUSG00000042793	0.155249	0.524151	-0.239045	-0.057168	0.196992	0.168119
ENSMUSG00000042796	-0.033533	-0.221148	0.514213	0.163650	-0.132237	0.364617
ENSMUSG00000042797	0.483206	-0.815124	0.113479	-0.002036	0.426434	0.166498
ENSMUSG00000042801	0.141907	0.632851	0.137517	-0.087119	-0.194949	0.456637
ENSMUSG00000042807	-0.557557	0.069391	-0.507414	-0.317885	-0.271521	0.829229
ENSMUSG00000042808	0.185457	0.541255	0.102376	0.224010	-0.033310	-0.725248
ENSMUSG00000042817	-0.353531	-0.433211	-0.914683	-0.169870	-1.069278	-0.928072
ENSMUSG00000042821	-0.623303	0.188637	0.141218	0.392883	0.012717	-0.043562
ENSMUSG00000042842	0.595967	0.006546	-0.163716	0.088647	-0.318422	0.334456
ENSMUSG00000042846	0.290686	-0.208058	-0.088522	-0.686396	-0.350223	-0.085068
ENSMUSG00000042849	0.564178	-0.540887	-0.106828	-0.093785	0.032769	0.536351
ENSMUSG00000042861	0.034632	0.333372	-0.285473	0.096473	0.067669	-0.863074
ENSMUSG00000042863	0.034751	0.263699	-0.919674	-0.072643	0.350034	-0.305128
ENSMUSG00000042869	-0.339386	0.255679	-0.427638	0.056021	0.312607	0.078268
ENSMUSG00000042870	-0.060388	-0.014401	0.429375	-0.026034	0.016540	0.212127
ENSMUSG00000042894	-0.470062	0.046168	0.066943	-0.789257	-0.221041	-0.528430
ENSMUSG00000042903	0.192502	-0.672586	0.860926	0.054402	0.500859	-0.749104
ENSMUSG00000042909	0.166606	0.325721	-0.342468	-0.437825	0.162838	-0.138425
ENSMUSG00000042988	-0.006179	0.487605	-0.404747	-0.054589	-0.888812	-0.257154
ENSMUSG00000042993	-0.649836	0.107031	-0.369436	-0.296651	0.589357	0.467451
ENSMUSG00000042997	-0.092989	0.619999	0.355499	0.770169	0.480104	-0.116010
ENSMUSG00000043004	-0.427782	0.276889	-0.428811	-0.704629	0.130901	-0.397133
ENSMUSG00000043013	0.140153	0.375487	-0.022860	0.836098	0.844573	-0.324952
ENSMUSG00000043017	-0.649004	0.429836	-0.063045	-0.047681	0.258366	-0.269091
ENSMUSG00000043029	-0.345742	-0.336106	-0.269701	-0.313218	0.573756	0.411794
ENSMUSG00000043079	0.458606	-0.086507	0.152804	-0.506349	0.030457	-0.063421
ENSMUSG00000043087	-0.079072	-0.223029	-0.186627	-0.071291	-0.112322	0.322298
ENSMUSG00000043088	0.044515	0.369168	-0.062810	0.624916	-0.138723	-0.104268
ENSMUSG00000043089	0.622258	0.255296	-0.983834	-0.211388	0.255116	0.068642
ENSMUSG00000043090	-0.161426	-0.270655	0.066884	0.288488	-0.095488	-0.095424
ENSMUSG00000043091	0.192769	0.234435	-0.280671	-0.076653	0.401020	-0.080640
ENSMUSG00000043099	-0.433751	0.067861	-0.804318	0.159566	-0.001942	0.483319
ENSMUSG00000043102	-0.027660	-0.522787	0.307909	0.138583	-0.235543	0.318236
ENSMUSG00000043119	0.386255	-0.310057	-0.041160	0.259070	0.443329	0.492739
ENSMUSG00000043131	-0.108065	-0.187730	-0.106374	-0.237099	-0.260384	0.328359
ENSMUSG00000043140	-0.255744	0.280816	-0.152294	-1.123922	-0.384012	-0.010989
ENSMUSG00000043153	-0.132854	-0.295337	0.006635	-0.075092	-0.133308	-0.071887
ENSMUSG00000043154	-0.016364	-0.425523	0.001341	-0.500945	0.023382	-0.019537
ENSMUSG00000043155	-0.227970	0.095715	0.224407	-0.515718	0.425310	-0.338224
ENSMUSG00000043162	-0.154950	-0.054449	0.190252	-0.636670	-0.726716	-0.056158
ENSMUSG00000043207	-0.368815	-0.267875	-0.192617	-0.157600	0.359729	0.123152
ENSMUSG00000043226	-0.086784	-0.522721	0.251151	0.129947	0.700217	0.120327
ENSMUSG00000043241	-0.029353	0.366135	0.162478	0.198677	0.223911	0.056212
ENSMUSG00000043257	-0.306076	0.180853	0.389815	0.205882	0.612490	0.753205
ENSMUSG00000043267	-0.350688	0.046180	0.174494	1.043451	-0.278472	-0.054083
ENSMUSG00000043274	0.453746	-0.110152	-0.221740	0.109566	-0.422651	0.095644
ENSMUSG00000043279	0.236597	-0.982567	-1.023170	-1.124775	-1.346680	-0.894959
ENSMUSG00000043300	0.377615	-0.147574	0.076388	0.021767	0.014803	-0.180718
ENSMUSG00000043301	0.324941	0.414427	0.002316	0.033496	0.393417	0.023380
ENSMUSG00000043310	-0.409078	0.180997	0.107466	0.627532	-0.337523	0.671344
ENSMUSG00000043312	-0.099620	0.309460	-0.153675	-0.070249	0.630885	-0.142288
ENSMUSG00000043314	-0.485504	-0.561009	-0.139176	-0.084512	-0.336341	0.105894
ENSMUSG00000043319	0.113362	-0.550344	-0.481125	-0.358855	0.245354	0.432955
ENSMUSG00000043331	-0.015311	0.323475	-0.388177	0.716218	0.625315	-0.185330
ENSMUSG00000043354	0.032552	0.017032	0.543924	0.412329	-0.254567	-0.235546
ENSMUSG00000043357	-0.423917	-0.024621	0.202041	0.060702	0.074358	0.506176
ENSMUSG00000043366	-0.350692	0.431979	0.237156	0.179177	-0.280577	-0.052492
ENSMUSG00000043383	-0.432719	-0.245237	0.047948	-0.004493	-0.503741	-0.182368
ENSMUSG00000043385	-0.374233	0.135933	0.193078	0.085778	0.181456	-0.244832
ENSMUSG00000043411	0.306824	-0.186898	0.595389	0.257054	-0.382200	0.354830
ENSMUSG00000043415	0.212707	0.129882	-0.138849	-0.539183	-0.506964	-0.194967
ENSMUSG00000043421	0.352124	0.441049	0.495041	0.021717	0.463436	-0.146338
ENSMUSG00000043424	-0.426264	-0.223460	-0.537203	-0.495944	0.808217	-0.201745
ENSMUSG00000043445	0.418830	0.134504	0.188226	-0.485397	-0.263561	-0.441431
ENSMUSG00000043448	0.360281	-0.718346	-0.418522	0.463971	0.009825	-0.258887
ENSMUSG00000043461	0.550057	-0.025014	-0.200958	0.306338	-0.172365	0.335263
ENSMUSG00000043463	-0.058522	0.106383	0.779355	0.522048	-0.187488	-0.087497
ENSMUSG00000043468	-0.311868	-0.223009	0.381556	0.402527	-0.083402	-0.316597
ENSMUSG00000043485	-0.164965	-0.053007	0.212813	-0.326509	-0.079790	-0.006145
ENSMUSG00000043529	-0.127589	-0.432321	-0.086622	0.455348	0.056647	-0.972854
ENSMUSG00000043556	-0.344799	-0.439589	-0.475908	-0.735796	-1.564425	-0.722932
ENSMUSG00000043557	-0.454734	-0.392472	-0.153845	-0.087853	-1.019670	0.173719
ENSMUSG00000043569	0.098950	0.441539	-0.382460	0.057384	0.372871	-0.072292
ENSMUSG00000043572	0.223744	0.315679	-0.090992	-0.023407	0.162227	0.251898
ENSMUSG00000043587	-0.205646	-0.250691	-0.439031	-0.140225	-0.138198	0.537846
ENSMUSG00000043605	0.464203	-0.150678	-0.452483	0.329765	-0.428831	-0.135242
ENSMUSG00000043613	0.318019	-0.258058	0.209162	0.352304	-0.470851	-0.469825
ENSMUSG00000043614	-0.399983	-0.034263	0.382761	-0.163245	0.537805	0.329474
ENSMUSG00000043648	0.247133	-0.155304	0.050497	-0.196830	-0.270435	-0.836969
ENSMUSG00000043659	0.146802	0.098018	-0.181841	0.649890	-0.200424	-0.284329
ENSMUSG00000043673	0.166881	-0.283912	0.794772	-0.566464	-0.090484	0.519787
ENSMUSG00000043683	-0.176201	-0.365758	-0.307881	-0.308989	0.330835	0.077840
ENSMUSG00000043692	0.123338	-0.479764	-0.582858	-0.296717	0.069907	0.234404
ENSMUSG00000043698	-0.372012	-0.448572	0.130371	0.050802	-0.353120	-0.050925
ENSMUSG00000043702	-0.026164	0.348951	0.405120	0.460792	-0.257687	0.213124
ENSMUSG00000043715	-0.333629	-0.121528	0.182473	-0.114881	-0.355529	0.290380
ENSMUSG00000043716	0.159316	-0.024643	0.210283	-0.386509	0.117400	0.685405
ENSMUSG00000043719	-0.190621	0.320567	0.301854	-0.188934	-0.223532	0.190155
ENSMUSG00000043733	0.150824	-0.180990	0.408988	0.520576	-0.420859	0.361290
ENSMUSG00000043822	-0.433768	0.225613	0.501713	0.107566	-0.478857	0.124747
ENSMUSG00000043855	0.334862	0.646391	0.125232	-0.182474	-0.091232	0.137943
ENSMUSG00000043857	-0.061556	0.330647	-0.826046	-0.614940	-0.062743	0.144775
ENSMUSG00000043865	-0.127065	0.177808	-0.290464	0.117107	-0.055511	-0.239701
ENSMUSG00000043866	0.255250	0.660066	-0.581013	-0.009769	-0.160015	-0.469249
ENSMUSG00000043880	-0.184874	0.370555	0.008622	-0.272755	0.190938	0.586717
ENSMUSG00000043881	-0.002056	0.915463	-0.039846	-0.423311	-0.502672	-0.152108
ENSMUSG00000043892	-0.136106	0.439714	-0.323004	0.289240	0.419768	-0.051254
ENSMUSG00000043895	-0.035390	-0.048758	-0.682906	0.084364	0.416343	0.601847
ENSMUSG00000043909	0.301851	-0.422360	0.490884	-0.058707	0.372348	-0.146317
ENSMUSG00000043911	0.389864	-0.224315	-0.089926	-0.345136	-0.083754	0.587354
ENSMUSG00000043925	-0.110588	-0.176845	0.028655	0.087910	0.313202	-0.018586
ENSMUSG00000043940	-0.072421	-0.319078	0.468666	0.124460	-0.663821	-0.009113
ENSMUSG00000043943	0.367616	-0.156885	0.542254	0.296274	0.087760	0.350401
ENSMUSG00000043948	-0.772205	0.003918	-0.236720	0.506089	0.048924	-0.138836
ENSMUSG00000043953	0.188052	0.243996	-0.436085	-0.463328	-0.277529	-0.162148
ENSMUSG00000043964	-0.485540	0.014404	-0.364071	0.289951	0.509730	-0.189563
ENSMUSG00000043972	-0.293956	-0.528510	-0.467111	-0.319931	-0.438858	-0.194399
ENSMUSG00000043982	0.378870	-0.371527	-0.075284	-0.364702	0.113035	-0.525342
ENSMUSG00000043998	0.035221	0.346613	0.076572	-0.173255	0.526305	0.047850
ENSMUSG00000044005	-0.080967	-0.467229	0.063764	-0.176702	-0.332636	0.850280
ENSMUSG00000044014	-0.552745	0.287799	-0.529166	0.100610	0.177841	0.054370
ENSMUSG00000044018	0.073041	-0.362945	0.693953	-0.085442	0.032956	0.436655
ENSMUSG00000044025	0.155682	0.457102	-0.298169	0.056070	-0.378851	0.009596
ENSMUSG00000044029	0.453108	-0.585500	-0.127107	-0.354524	0.143266	-0.146562
ENSMUSG00000044034	-0.319494	-0.221961	0.063107	0.109711	-0.077527	0.355189
ENSMUSG00000044037	-0.084295	0.363383	-0.238040	0.159366	0.011162	-0.433632
ENSMUSG00000044039	0.812568	0.073695	-0.034417	-0.852347	0.583222	-0.022645
ENSMUSG00000044040	0.391509	-0.030572	0.069251	0.351284	-0.384287	0.275083
ENSMUSG00000044041	-0.250212	0.402230	-0.305141	-0.366743	0.272538	0.298251
ENSMUSG00000044052	0.280590	0.302602	-0.521624	-0.042987	-0.349503	0.562434
ENSMUSG00000044061	0.592875	0.229728	-0.661155	0.362135	0.179529	0.222923
ENSMUSG00000044080	0.162207	0.011370	0.194507	-0.046415	0.003009	0.286747
ENSMUSG00000044103	-0.029085	0.182262	0.034468	-0.413473	0.086117	-0.179401
ENSMUSG00000044106	0.055994	0.330381	0.045668	0.329418	0.382085	-0.108727
ENSMUSG00000044120	-0.039462	0.312403	-0.007720	-0.184421	-0.103385	0.398465
ENSMUSG00000044147	-0.366218	-0.307861	0.800657	-0.146515	-0.264417	0.321523
ENSMUSG00000044155	0.245257	-0.117418	0.575102	0.160735	0.003020	-0.025507
ENSMUSG00000044164	0.324759	-0.121317	0.091807	-0.116283	-0.305253	0.162955
ENSMUSG00000044167	-0.133662	0.386662	0.046575	0.285898	0.133088	-0.023504
ENSMUSG00000044170	-0.125011	0.114044	-0.465193	0.463292	0.034492	0.139790
ENSMUSG00000044199	-1.042567	-0.456761	-0.066397	0.095060	0.166815	0.653068
ENSMUSG00000044201	-0.482822	0.319537	-0.235223	0.393890	-0.178815	0.080832
ENSMUSG00000044205	-0.047191	-0.415954	0.344040	0.132383	0.318882	0.303671
ENSMUSG00000044206	0.454724	0.187803	0.292685	-0.555775	0.057175	-0.223388
ENSMUSG00000044213	-0.965970	-0.143220	-0.108041	-0.626512	0.130899	0.292636
ENSMUSG00000044216	0.346745	-0.124804	-0.102726	0.085173	-0.031926	-0.032677
ENSMUSG00000044217	0.011356	-0.122379	-0.501282	-0.273180	0.086343	0.086555
ENSMUSG00000044227	-0.203546	-0.631761	0.452076	-0.047174	-0.388784	-0.515054
ENSMUSG00000044244	0.190940	-0.231246	0.542324	0.027435	0.574227	0.299520
ENSMUSG00000044252	-0.237003	0.242183	-0.061112	-0.461086	-0.325354	0.035820
ENSMUSG00000044254	-0.227213	-0.114212	0.456500	-0.220150	0.445735	0.094327
ENSMUSG00000044279	0.127741	-0.239061	0.083600	0.150254	-0.440773	0.061851
ENSMUSG00000044286	0.501338	-0.210084	-0.456663	-0.491410	0.004787	0.584266
ENSMUSG00000044287	0.351284	-0.033223	-0.459105	0.175213	-0.359173	-0.460659
ENSMUSG00000044288	-0.126108	-0.364819	0.174104	0.462639	-0.032133	0.433528
ENSMUSG00000044292	0.681644	-0.133541	0.247989	-0.376554	0.175405	-0.467232
ENSMUSG00000044293	0.665349	-0.420887	-0.424786	0.008889	0.182849	0.536009
ENSMUSG00000044294	-0.014017	0.251108	-0.407858	-0.033840	-0.318881	-0.099654
ENSMUSG00000044303	0.069979	0.426084	-0.439517	-0.551493	0.106839	-0.399789
ENSMUSG00000044309	0.133359	-0.029484	-0.297246	-0.303892	0.318233	-0.251188
ENSMUSG00000044312	-0.027212	-0.083030	0.665499	0.043252	-0.569264	0.296169
ENSMUSG00000044317	-0.204763	-0.398484	-0.021207	-0.036102	0.511620	0.035533
ENSMUSG00000044322	0.021433	0.109474	-0.683790	0.613154	-0.029804	-0.011113
ENSMUSG00000044337	0.336164	0.339711	-0.100071	-0.060056	-0.570185	0.297053
ENSMUSG00000044338	-0.136813	0.291444	0.034797	0.818673	-0.128933	0.320577
ENSMUSG00000044340	0.759540	0.659051	0.131654	0.132942	0.124792	-0.220304
ENSMUSG00000044350	-0.150942	0.261796	-0.840772	-0.030808	-1.080666	0.050951
ENSMUSG00000044359	0.156585	0.342998	-0.526544	-0.282966	0.391202	0.504173
ENSMUSG00000044365	-0.307259	-0.264440	-0.150594	-0.071627	0.251260	-0.226111
ENSMUSG00000044393	-0.041108	0.066554	0.646219	-0.223189	0.466639	-0.032591
ENSMUSG00000044408	0.462161	-0.284994	0.547951	-0.325974	0.044188	-0.321353
ENSMUSG00000044430	0.158978	-0.426571	-0.321108	0.196161	0.027966	0.370626
ENSMUSG00000044441	-0.183489	0.210629	-0.238408	-0.006184	-0.536757	-0.038684
ENSMUSG00000044442	-0.066248	0.128643	-0.547395	0.183822	-0.131474	-0.249779
ENSMUSG00000044444	-1.086624	-0.544488	-0.303487	0.322703	0.339574	0.392172
ENSMUSG00000044447	0.772816	-0.626551	-0.227259	0.220240	-0.064458	-0.121856
ENSMUSG00000044453	-0.557464	-0.062304	0.301950	-0.262725	0.033534	0.524951
ENSMUSG00000044454	-0.240352	0.009944	-0.240413	0.493991	0.021704	0.038881
ENSMUSG00000044456	0.147270	0.060133	0.244976	-0.123296	0.114981	-0.275828
ENSMUSG00000044469	0.507851	0.065736	-0.030928	-0.104290	0.222693	-0.043001
ENSMUSG00000044485	0.245153	0.303309	-0.147440	0.064081	-0.305463	-0.427339
ENSMUSG00000044487	-0.519252	0.639647	0.170363	-0.249623	-0.864901	0.183305
ENSMUSG00000044499	-0.060813	-0.273248	-0.072219	0.220298	0.531059	0.494028
ENSMUSG00000044533	0.639086	-0.084144	0.176812	-0.239731	-0.028154	-0.332271
ENSMUSG00000044534	0.410502	-0.217676	0.543536	-0.077999	-0.113959	-0.529339
ENSMUSG00000044537	-0.610257	-0.179211	-0.502366	-0.410039	-0.148694	-0.539437
ENSMUSG00000044548	0.154620	0.080617	-0.125456	0.573802	-0.469427	0.145940
ENSMUSG00000044560	0.536039	-0.364672	-0.268351	0.168188	0.017594	0.056685
ENSMUSG00000044562	-0.498268	-0.158374	0.595372	-0.079450	0.172954	-0.360611
ENSMUSG00000044573	0.382372	0.193803	-0.194056	0.030357	0.075713	0.189639
ENSMUSG00000044583	0.058836	-0.009162	-0.174188	-0.053944	0.565806	0.513985
ENSMUSG00000044594	-0.669954	-0.018823	0.088532	-0.082480	0.275330	0.103023
ENSMUSG00000044626	0.460954	0.419284	-0.198194	-0.497557	0.258465	-0.108107
ENSMUSG00000044641	0.453998	-0.078217	-0.127076	0.651700	0.462948	0.028395
ENSMUSG00000044649	-0.027745	0.061024	0.129298	-0.127460	-0.393449	-0.602442
ENSMUSG00000044667	0.441589	-0.575678	0.537882	-0.284574	-0.304876	0.052105
ENSMUSG00000044674	0.176486	0.164848	0.104947	-0.063460	0.361962	0.291389
ENSMUSG00000044676	-0.448901	0.418061	0.100201	-0.587838	-0.021466	-0.111659
ENSMUSG00000044678	-0.369583	-0.220266	-0.079480	-0.647237	-0.032857	-0.842752
ENSMUSG00000044701	-0.122374	0.538354	0.418545	0.202841	-0.033015	0.778773
ENSMUSG00000044702	-0.087060	0.222874	0.223268	0.061051	0.316037	0.132390
ENSMUSG00000044705	0.350213	-0.337955	0.334659	0.650261	0.560825	0.008802
ENSMUSG00000044708	0.299295	0.390802	-0.507989	0.208255	0.026757	-0.288835
ENSMUSG00000044709	-0.635435	0.614672	0.196296	0.091438	0.043648	0.252796
ENSMUSG00000044734	-0.593512	-0.267466	0.222076	0.138647	-0.107353	-0.556896
ENSMUSG00000044737	0.116731	0.321799	0.173743	-0.623620	0.104521	0.055440
ENSMUSG00000044748	-0.023156	-0.259625	0.409657	-0.845787	0.082661	-0.457611
ENSMUSG00000044749	-0.358324	-0.013881	0.453252	0.494900	-0.444545	0.532616
ENSMUSG00000044786	0.497642	-0.288521	-0.440090	0.794292	-0.089014	0.220008
ENSMUSG00000044791	-0.312711	0.002486	-0.153015	0.503402	-0.280703	-0.065202
ENSMUSG00000044792	0.038642	-0.069802	0.022672	0.379852	-0.164336	0.101778
ENSMUSG00000044798	0.396687	0.029117	-0.127214	-0.246851	0.039457	0.072484
ENSMUSG00000044801	-0.156938	0.334429	-0.057130	0.094321	-0.195339	0.279650
ENSMUSG00000044807	-0.090209	0.131639	0.182573	-0.043034	0.271498	-0.071818
ENSMUSG00000044811	0.087262	0.302124	0.500847	-0.092083	0.371681	-0.296499
ENSMUSG00000044813	1.074358	-0.263524	-0.529249	-0.161074	0.237418	0.654538
ENSMUSG00000044814	0.212356	-0.309444	0.186438	-0.101884	-0.453069	0.259533
ENSMUSG00000044819	0.723425	0.346724	-0.095829	-0.126394	0.252337	0.198620
ENSMUSG00000044824	-0.051487	0.369493	0.092848	0.008199	0.294547	-0.169836
ENSMUSG00000044827	0.011206	0.433659	-0.192510	-0.254468	-0.506996	0.161952
ENSMUSG00000044847	-0.400264	0.031829	0.955169	0.450052	-0.003114	-0.208349
ENSMUSG00000044863	0.324224	-0.195674	-0.185050	0.264835	-0.075353	0.199386
ENSMUSG00000044894	-0.186696	0.321803	-0.573109	0.129907	0.654196	-0.116791
ENSMUSG00000044897	0.503101	0.071091	-0.001207	0.308198	0.014927	-0.054028
ENSMUSG00000044899	0.413330	0.118912	0.143729	-0.392919	0.551233	-0.512742
ENSMUSG00000044903	0.247757	0.114502	0.279698	-0.048905	0.061317	0.054174
ENSMUSG00000044923	-0.450499	0.071417	0.411658	-0.080790	-0.089727	0.198074
ENSMUSG00000044933	0.164595	0.353004	-0.437848	0.018152	-0.158151	0.418042
ENSMUSG00000044951	0.380975	-0.242229	-0.406359	-0.202410	-0.160273	0.120213
ENSMUSG00000044985	-0.120574	0.178287	0.498445	-0.905092	0.313609	0.265387
ENSMUSG00000044986	-0.004543	-0.293736	0.251866	0.576820	0.159252	-0.394731
ENSMUSG00000044988	0.124090	0.218317	0.181400	-0.685318	-0.362010	-0.311075
ENSMUSG00000044994	0.836866	-0.069771	-0.131305	-0.025619	-0.069461	-0.741480
ENSMUSG00000045005	-0.786618	0.721391	0.353858	0.264555	-0.041412	-0.556145
ENSMUSG00000045007	0.311776	0.500661	0.097103	-0.541178	-0.145484	0.501233
ENSMUSG00000045013	0.334042	0.233984	-0.196383	-0.228771	-0.078673	-0.004724
ENSMUSG00000045019	-0.200009	0.238022	0.090174	-0.107155	0.232158	0.316002
ENSMUSG00000045022	-0.069653	0.111757	-0.060324	-0.244706	-0.279129	-0.066083
ENSMUSG00000045030	-0.085612	0.740659	0.699753	0.129438	-0.077420	-0.357115
ENSMUSG00000045038	-0.316916	-0.181539	-0.041652	0.125710	0.086736	-0.170981
ENSMUSG00000045039	0.636666	-0.611971	-0.019358	-0.144172	-0.145227	0.156861
ENSMUSG00000045045	-0.216037	-0.382942	0.531874	-0.524704	-0.359815	0.198221
ENSMUSG00000045052	0.364133	-0.847643	-0.199433	0.071913	0.053831	0.767880
ENSMUSG00000045053	-0.079494	-0.270213	0.317707	0.091305	-0.648356	0.269360
ENSMUSG00000045087	0.180006	-0.194692	0.398270	0.197009	-0.126049	0.143984
ENSMUSG00000045091	-0.157287	-0.030863	0.069671	0.176443	0.360241	-0.081357
ENSMUSG00000045092	0.377231	-0.959165	0.725912	0.765924	-0.209270	-0.138481
ENSMUSG00000045094	-0.021559	-0.156466	-0.075144	-0.541610	0.719925	-0.207290
ENSMUSG00000045095	0.094091	-0.103371	-0.244209	0.218851	-0.118157	0.294257
ENSMUSG00000045098	0.079304	-0.037856	-0.467960	0.231990	-0.114375	0.159604
ENSMUSG00000045100	-0.013646	-0.472793	-0.238040	0.171848	-0.241922	-0.075695
ENSMUSG00000045102	-0.190411	-0.204596	-0.533241	0.440738	0.020954	-0.089144
ENSMUSG00000045103	-0.036227	-0.271161	-0.940510	-0.543404	-0.427101	-0.098866
ENSMUSG00000045109	0.005577	1.081936	0.492795	-0.437028	0.187526	-0.076700
ENSMUSG00000045111	-0.195884	-0.151830	-0.058108	-0.206765	-0.054767	-0.418701
ENSMUSG00000045126	0.081731	0.074458	-0.486907	-0.245217	0.176782	-0.163565
ENSMUSG00000045128	-0.052240	-0.200685	0.234384	-0.304057	0.151537	0.441032
ENSMUSG00000045132	0.372796	-0.470936	0.215352	-0.048637	-0.037235	0.791906
ENSMUSG00000045136	0.441736	0.559386	0.041709	0.363771	0.024430	0.213750
ENSMUSG00000045140	0.800114	0.230822	-0.103594	0.396691	0.033079	0.572927
ENSMUSG00000045148	-0.439005	0.613756	0.277442	0.177540	0.398641	-0.145969
ENSMUSG00000045150	0.164415	-0.098659	-0.707422	-0.170647	-0.705747	-0.011792
ENSMUSG00000045202	-0.071334	0.084364	0.318992	-0.012547	-0.078496	-0.123736
ENSMUSG00000045204	0.295267	0.287204	-0.003914	-0.514237	-0.096151	-0.026444
ENSMUSG00000045210	0.400232	-0.116204	-0.281044	0.210737	0.519839	-0.251648
ENSMUSG00000045211	0.727570	0.155573	0.097225	0.195760	-0.150733	0.124067
ENSMUSG00000045216	-0.378902	0.236518	-0.347916	0.199957	-0.554514	0.082653
ENSMUSG00000045225	-0.216818	0.594739	-0.453211	-0.197623	0.933708	0.206238
ENSMUSG00000045232	-0.341363	0.035492	0.071059	-0.455950	-0.370180	0.566941
ENSMUSG00000045236	-0.111489	-0.525762	0.825533	0.430094	0.091187	0.035615
ENSMUSG00000045246	0.128704	0.349426	-0.354630	-0.526752	0.013701	-0.117911
ENSMUSG00000045251	0.179312	-0.578921	0.808308	-0.653135	0.018091	-0.274000
ENSMUSG00000045267	-0.059853	0.014776	-0.341157	0.035617	0.157951	0.064431
ENSMUSG00000045273	-0.262468	-0.035462	-0.072443	-0.348543	0.350385	0.427172
ENSMUSG00000045282	-0.722905	0.270307	-0.430887	-0.102898	-0.339949	-0.512957
ENSMUSG00000045302	0.024867	0.341425	-0.047514	0.251661	0.303295	-0.399525
ENSMUSG00000045306	0.424216	-0.288451	0.322191	0.427988	-0.149636	0.234454
ENSMUSG00000045312	0.325240	-0.468231	0.119404	-0.138275	0.083381	0.257841
ENSMUSG00000045316	-0.164702	0.309182	0.091254	-0.496092	-0.238036	0.112118
ENSMUSG00000045318	-0.169039	-1.012062	0.019888	-0.020388	-0.054202	0.161428
ENSMUSG00000045322	-0.260397	0.243851	-0.317144	-0.179984	0.393418	0.506778
ENSMUSG00000045328	0.078920	0.012968	-0.178240	-0.091545	-0.151367	-0.252557
ENSMUSG00000045341	-0.460974	-0.382433	-0.223531	0.158458	-0.277002	-0.235724
ENSMUSG00000045364	0.686317	-0.129132	0.050958	-0.573617	0.361304	-0.303450
ENSMUSG00000045381	0.485882	-0.167074	-0.137197	0.187301	0.259419	-0.133673
ENSMUSG00000045382	-0.388409	0.008799	-0.060660	0.199075	-0.048710	0.327074
ENSMUSG00000045392	0.240750	0.315567	0.704224	0.095103	0.004644	-0.097454
ENSMUSG00000045394	0.041101	-0.226434	0.156661	-0.572899	-0.087836	0.306808
ENSMUSG00000045395	-0.252973	-0.195214	0.226659	0.083315	0.731281	0.281794
ENSMUSG00000045404	-0.429813	-0.071155	-0.247465	0.134284	0.362346	0.413869
ENSMUSG00000045410	0.262800	0.284971	0.059344	0.010856	0.335215	0.147679
ENSMUSG00000045421	-0.314984	0.274345	-0.193282	-0.352604	0.158329	-0.508609
ENSMUSG00000045427	0.286017	0.151157	0.146859	0.173101	-0.367054	0.308138
ENSMUSG00000045438	-0.071117	-0.476272	0.067489	0.146651	0.593716	0.290194
ENSMUSG00000045467	-0.288136	0.090117	0.240628	-0.172333	0.558798	-0.267240
ENSMUSG00000045471	-0.653962	0.548677	0.035446	-0.139496	0.067967	0.448008
ENSMUSG00000045474	-0.545503	-0.304865	0.141618	0.622615	0.255282	0.258498
ENSMUSG00000045479	0.514871	0.582789	0.046557	0.223595	-0.128417	-0.255903
ENSMUSG00000045502	0.112768	0.108330	-0.151814	0.167359	-0.230790	-0.317975
ENSMUSG00000045503	-0.065678	0.050349	-0.440377	0.635431	0.135660	-0.750003
ENSMUSG00000045508	-0.617843	-0.427440	0.510583	0.038718	0.597409	0.615499
ENSMUSG00000045514	-0.233260	-0.116247	-0.200013	-0.602420	0.142835	0.190074
ENSMUSG00000045528	-0.097911	0.456884	-0.038550	-0.376438	-0.083270	-0.168668
ENSMUSG00000045534	-0.145246	-0.113613	0.032375	-0.023940	-0.050691	-0.366371
ENSMUSG00000045539	0.479548	-0.287031	0.460037	-0.343700	0.171105	0.225602
ENSMUSG00000045540	-0.079307	0.474285	-0.180143	-0.221229	0.224534	0.263502
ENSMUSG00000045545	0.142155	-0.083718	0.087333	-0.014221	0.103839	-0.485122
ENSMUSG00000045551	-0.290140	0.067422	0.544015	0.064329	0.345718	-0.431402
ENSMUSG00000045559	-0.147071	-0.010384	-0.330698	0.414023	0.168245	0.433570
ENSMUSG00000045569	0.488874	0.612056	0.008862	-0.615875	-0.040947	-0.415780
ENSMUSG00000045573	0.408669	0.478001	0.104179	-0.231747	0.275725	-0.675462
ENSMUSG00000045581	0.523635	0.455547	0.179634	0.337475	-0.707379	0.450049
ENSMUSG00000045584	0.539043	0.405501	0.085412	0.037141	-0.285045	0.022144
ENSMUSG00000045594	-0.046329	-0.063228	-0.004376	0.053711	0.440326	-0.371044
ENSMUSG00000045613	-0.377703	0.098406	0.101158	-0.209011	0.028748	-1.102396
ENSMUSG00000045625	-0.669040	0.200966	-0.001437	0.304385	-0.037850	0.104841
ENSMUSG00000045664	0.094753	0.133864	-0.220826	0.076649	-0.309779	0.005900
ENSMUSG00000045671	-0.190647	-0.581575	-0.722962	-0.036147	-0.856981	0.228239
ENSMUSG00000045678	0.166972	0.121510	-0.145666	-0.073202	0.102751	0.068920
ENSMUSG00000045691	-0.535069	-0.257826	0.260728	0.371397	0.805238	0.073150
ENSMUSG00000045708	-0.618501	0.211564	-0.172072	0.039093	0.225564	-0.016452
ENSMUSG00000045730	0.307964	-0.135555	0.136330	-0.245676	0.299448	-0.087590
ENSMUSG00000045731	-0.651821	0.532986	-0.333302	-0.841182	-0.038056	-0.042297
ENSMUSG00000045733	0.412605	-0.273291	-0.008326	-0.332843	-0.133930	-0.350443
ENSMUSG00000045763	-0.047126	0.377621	-0.012766	0.089833	-0.226709	0.352204
ENSMUSG00000045780	-0.234509	0.183137	0.373545	-0.104970	0.358883	0.290222
ENSMUSG00000045792	-0.108020	-0.128766	-0.493261	-0.212959	-0.199813	-0.003664
ENSMUSG00000045795	0.669056	-0.118612	-0.470655	0.169514	0.465358	0.185306
ENSMUSG00000045812	-0.346192	-0.286700	0.081540	0.094694	-0.033022	0.194292
ENSMUSG00000045817	-0.518912	0.472166	0.177820	0.188603	0.027805	-0.307169
ENSMUSG00000045824	-0.151183	-0.229159	-0.085630	0.262385	0.743731	0.420672
ENSMUSG00000045827	0.164622	-0.359157	0.020090	-0.185556	0.055835	0.214597
ENSMUSG00000045854	0.502460	-0.570354	0.596515	-0.393811	-0.010079	-0.188577
ENSMUSG00000045867	-0.096642	0.063956	0.277690	-0.091230	0.225707	-0.097385
ENSMUSG00000045871	0.406111	-0.090412	0.012898	-0.076340	-0.338222	-0.177478
ENSMUSG00000045875	-0.246397	-0.323978	-0.100692	0.188802	0.577539	0.298623
ENSMUSG00000045883	0.003976	-0.082122	0.093045	-0.006003	0.150095	0.456773
ENSMUSG00000045903	-0.029410	-0.164521	0.344339	-0.434852	-0.651619	-0.206662
ENSMUSG00000045948	0.154371	0.432412	-0.555904	0.553807	0.671601	0.175269
ENSMUSG00000045962	-0.087779	-0.063233	0.213268	0.278888	-0.160305	-0.371002
ENSMUSG00000045973	-0.063819	-0.069374	0.069137	-0.586997	0.060784	0.328740
ENSMUSG00000045983	-0.352823	-0.296717	0.035761	-0.066306	-0.003761	-0.077697
ENSMUSG00000045994	0.005570	0.170875	0.073474	0.177952	0.183344	-0.349938
ENSMUSG00000045996	0.251145	0.061182	0.191475	-0.050360	0.437114	-0.183833
ENSMUSG00000046008	-0.354223	0.059746	-0.703012	0.618359	0.180047	0.394662
ENSMUSG00000046010	-0.082053	0.105488	0.021211	-0.438260	-0.284487	0.161299
ENSMUSG00000046016	-0.097405	0.050562	0.171084	0.348712	0.018739	0.194296
ENSMUSG00000046027	0.012205	-0.069846	0.440131	-0.426465	-0.269306	-0.194948
ENSMUSG00000046034	0.000346	-0.891070	0.067911	0.379901	-0.237692	-0.602027
ENSMUSG00000046041	0.089710	-0.501395	0.515988	0.471872	-0.583393	0.143430
ENSMUSG00000046070	-0.578232	-0.036069	0.082584	0.229133	0.272393	-0.723946
ENSMUSG00000046079	-0.355165	-0.679513	-0.155260	-0.016217	0.033139	-0.182374
ENSMUSG00000046095	0.615436	0.765081	-0.765633	-0.411488	0.006839	-0.660162
ENSMUSG00000046096	-0.774996	0.076840	-0.202336	-0.189953	0.356846	0.432374
ENSMUSG00000046108	0.138846	0.210189	0.013668	-0.175712	0.331147	0.206148
ENSMUSG00000046110	0.171385	0.050311	-0.378897	0.181847	0.246126	0.465926
ENSMUSG00000046139	0.732604	0.208630	-0.093742	-0.274006	-0.270795	0.060844
ENSMUSG00000046150	0.454205	-0.334626	0.224053	0.557227	0.471008	0.047389
ENSMUSG00000046152	0.118717	0.304396	-0.331382	0.078188	-0.104787	-0.779058
ENSMUSG00000046159	-0.570517	0.307287	-0.341120	-0.197272	-0.273364	-0.143644
ENSMUSG00000046167	0.147908	-0.226994	0.089345	-0.084358	-0.244858	-0.059059
ENSMUSG00000046169	-0.235734	-0.028374	-0.451769	0.069856	-0.104086	0.068148
ENSMUSG00000046173	-0.153951	0.280559	0.008120	-0.731743	-0.521282	-0.350842
ENSMUSG00000046179	-0.740831	0.156628	-0.181029	0.293857	-0.561605	0.147108
ENSMUSG00000046185	-0.062222	-0.363484	0.513507	-0.075471	-0.052649	0.296417
ENSMUSG00000046186	0.007319	-0.642613	-0.289942	-0.018233	0.153160	0.120858
ENSMUSG00000046207	0.437840	-0.203451	-0.121579	-0.471824	-0.190658	-0.129058
ENSMUSG00000046210	0.424751	-0.083495	0.129116	-0.170149	0.098854	0.569792
ENSMUSG00000046223	-0.264564	0.337792	0.193812	0.033357	0.116143	0.453710
ENSMUSG00000046245	0.188402	0.496969	0.309176	0.429595	0.210776	0.049853
ENSMUSG00000046272	-0.183431	0.342045	0.086980	-0.742686	-0.594416	0.120167
ENSMUSG00000046300	0.131652	-0.191423	-0.050213	-0.326764	0.251504	-0.653866
ENSMUSG00000046321	-0.326254	0.160536	-0.168108	0.130228	0.447956	0.063166
ENSMUSG00000046330	-0.303499	-0.355601	0.324758	0.341347	-0.317154	0.199826
ENSMUSG00000046334	-0.541479	0.047423	-0.036075	0.593770	0.063408	0.264500
ENSMUSG00000046338	0.194889	0.184005	0.437965	0.041008	0.015639	0.562316
ENSMUSG00000046352	0.254525	-0.169792	-0.084014	-0.249963	0.187910	0.317990
ENSMUSG00000046354	0.071348	-0.474996	-0.091548	-0.287266	0.007107	-0.465365
ENSMUSG00000046364	0.013852	-0.330748	0.404986	-0.192685	0.443351	0.044864
ENSMUSG00000046396	0.281678	-0.307595	0.242931	-0.051989	0.261117	-0.408331
ENSMUSG00000046402	0.103347	-0.095278	-0.323236	-0.094302	-0.318830	-0.674049
ENSMUSG00000046404	0.555254	-0.334345	-0.263911	-0.132881	0.308835	0.394570
ENSMUSG00000046410	-0.659819	0.837600	-0.161568	0.082286	0.056077	0.116110
ENSMUSG00000046431	0.060844	0.392427	-0.016344	-0.584372	-0.079853	0.108868
ENSMUSG00000046432	0.044061	-0.028311	0.012086	0.272074	-0.430812	-0.493117
ENSMUSG00000046434	0.149144	0.052357	0.554519	0.159155	0.014387	0.115918
ENSMUSG00000046450	-0.433873	0.241943	0.348199	-0.245357	0.233746	0.400743
ENSMUSG00000046474	0.111156	-0.274817	-0.091330	0.378086	-0.116821	-0.574130
ENSMUSG00000046480	-0.188842	0.305296	-0.254958	-0.206834	-0.123180	0.126603
ENSMUSG00000046486	0.140772	-0.140767	-0.180801	0.178968	-0.853631	-0.333222
ENSMUSG00000046493	-0.095402	-0.477997	-0.590061	-0.030829	-0.479985	0.234468
ENSMUSG00000046516	0.159999	0.081632	0.270324	0.434968	-0.136828	-0.031729
ENSMUSG00000046532	-0.416302	-0.355493	0.105646	0.030430	-0.190373	0.115380
ENSMUSG00000046561	0.338053	-0.105990	-0.277099	-0.287723	-0.016326	0.199582
ENSMUSG00000046562	0.026786	-0.169650	-0.128387	0.134158	0.347601	-0.821756
ENSMUSG00000046573	-0.472929	-0.093911	0.384658	0.120704	0.563796	0.233486
ENSMUSG00000046589	0.568630	-0.425056	-0.121556	0.014517	0.111572	-0.015652
ENSMUSG00000046590	-0.142549	0.162652	-0.264786	0.534920	0.211001	-0.160204
ENSMUSG00000046591	0.123901	-0.368525	0.063784	0.122419	-0.212950	-0.215315
ENSMUSG00000046598	-0.286076	-0.134605	-0.294856	0.498383	-0.243131	0.250508
ENSMUSG00000046605	-0.515535	0.041044	-0.027617	-0.200392	-0.151271	0.222035
ENSMUSG00000046607	-0.084055	-0.134482	-0.090679	-0.251964	0.426665	-0.146211
ENSMUSG00000046623	0.344850	-0.094318	-0.196157	0.365257	-0.250126	0.376490
ENSMUSG00000046643	-0.198735	-0.184584	0.367654	0.126780	-0.116571	0.031364
ENSMUSG00000046650	-0.109192	-0.076757	-0.041372	-0.625662	-0.560455	0.440735
ENSMUSG00000046678	0.681317	-0.363020	-0.550053	-0.335217	0.012818	0.133698
ENSMUSG00000046688	-0.301811	0.227358	-0.795899	-0.881722	-1.766056	-1.568151
ENSMUSG00000046691	-0.124881	-0.052764	0.029943	0.378507	0.071559	-0.194196
ENSMUSG00000046697	0.108210	-0.353312	-0.284979	-0.568842	0.195289	0.169519
ENSMUSG00000046699	0.198079	-0.259948	0.060958	-0.054036	0.209075	0.475835
ENSMUSG00000046707	0.216725	0.131420	-0.117592	0.288075	-0.473045	0.551946
ENSMUSG00000046709	-0.612903	0.517172	0.172159	0.341014	0.184501	-0.568459
ENSMUSG00000046717	-0.395379	-0.263697	-0.047778	-0.154540	0.337703	0.052941
ENSMUSG00000046718	-0.320479	0.109410	0.562887	0.032389	-0.713702	-0.697813
ENSMUSG00000046727	0.236438	0.091763	-0.450572	0.589697	0.173584	-0.214773
ENSMUSG00000046743	0.287979	-0.099336	-0.072740	-0.537349	0.143904	-0.293003
ENSMUSG00000046755	-0.294571	0.135381	0.439325	-0.706268	0.238312	0.433892
ENSMUSG00000046756	0.320562	0.016006	0.320768	-0.091179	-0.521805	-0.157390
ENSMUSG00000046768	0.057718	-0.273780	-0.170348	-0.526435	0.338278	0.061756
ENSMUSG00000046790	-0.056131	0.533060	-0.285936	0.336168	0.330070	-0.553676
ENSMUSG00000046791	-0.225044	0.468839	-0.130991	-0.320750	-0.066825	-0.407187
ENSMUSG00000046794	0.285902	-0.037872	-0.214043	0.331729	-0.010050	0.030238
ENSMUSG00000046798	0.354165	-0.221931	0.113151	-0.070112	0.079206	-0.001983
ENSMUSG00000046808	0.216302	-0.655213	-0.164793	0.133508	0.068030	-0.379358
ENSMUSG00000046814	-0.122558	-0.581291	-0.138948	0.013440	0.112164	-0.110830
ENSMUSG00000046822	-0.235830	-0.261247	0.322868	-0.413438	0.214044	-0.105963
ENSMUSG00000046834	0.180717	0.312727	0.518564	0.455913	0.031361	-0.556570
ENSMUSG00000046841	-0.019712	-0.352366	-0.418043	0.642617	0.468573	-0.551564
ENSMUSG00000046845	0.339004	-0.379602	0.303939	-0.065141	0.393814	0.367432
ENSMUSG00000046854	0.387298	0.325518	-0.649664	0.273182	-0.772110	0.192764
ENSMUSG00000046861	-0.741137	-0.335153	-0.286864	-0.228424	0.152299	0.248388
ENSMUSG00000046865	-0.210270	-0.291186	0.067027	0.304456	-0.119833	-0.086090
ENSMUSG00000046873	0.457947	0.488871	-0.313838	-0.567612	0.333854	-0.331726
ENSMUSG00000046876	0.169490	-0.073668	-0.381425	-0.209073	0.022712	-0.218003
ENSMUSG00000046879	-0.143937	-0.022249	-0.188664	-0.124432	-0.176261	0.023106
ENSMUSG00000046881	-0.136685	0.146205	0.153376	-0.023253	-0.777473	-0.444524
ENSMUSG00000046897	-0.326154	-0.595966	0.241300	0.654922	-0.440396	0.143592
ENSMUSG00000046908	-0.746220	0.188160	-0.324849	-0.737762	0.194836	0.707057
ENSMUSG00000046913	0.092443	0.494835	0.114596	-0.115622	0.144733	0.221877
ENSMUSG00000046934	-0.527995	0.667210	-0.325724	-0.144978	-0.250441	0.632591
ENSMUSG00000046949	-0.246722	-0.540128	-0.365865	0.201285	-0.127634	-0.224526
ENSMUSG00000046959	0.210607	-0.165384	0.397824	0.053477	0.167544	-0.201303
ENSMUSG00000046961	-0.215542	-0.294167	-0.345741	-0.151307	0.277791	-0.140335
ENSMUSG00000046971	0.169305	0.078685	-0.786311	-0.304432	0.619185	0.099000
ENSMUSG00000046975	-0.258644	0.190437	0.444699	-0.534063	-0.105377	0.423515
ENSMUSG00000046994	0.056860	-0.068564	0.117752	0.636783	-0.011973	0.493613
ENSMUSG00000046997	0.272565	-0.559950	-0.052607	-0.182646	-0.181109	-0.766556
ENSMUSG00000047013	0.278194	0.517351	-0.004412	0.140360	0.221185	-0.173839
ENSMUSG00000047014	0.033228	0.078799	-0.026996	-0.144813	-0.023038	0.148603
ENSMUSG00000047026	0.463522	-0.356261	-0.096444	0.158310	0.262139	0.604663
ENSMUSG00000047030	-0.224765	-0.269751	-0.291172	0.458411	-0.147526	-0.189545
ENSMUSG00000047037	0.102713	0.227034	-0.028474	0.174114	-0.501491	-0.318507
ENSMUSG00000047039	0.188778	-0.061847	-0.012370	-0.221346	0.607597	-0.287126
ENSMUSG00000047048	-0.260400	-0.123608	0.078017	-0.218670	0.231786	-0.604771
ENSMUSG00000047050	0.173229	0.343797	-0.148138	-0.065959	-0.643316	0.095952
ENSMUSG00000047085	-0.070749	-0.595763	0.080294	-0.555975	0.172171	-0.321293
ENSMUSG00000047098	-0.324930	0.082508	-0.045890	0.500128	-0.460027	-0.323814
ENSMUSG00000047102	-0.394088	0.569434	-0.137267	0.144134	0.055251	-0.098448
ENSMUSG00000047109	-0.632390	-0.048178	-0.224521	-0.025739	-0.426950	0.062559
ENSMUSG00000047123	-0.152100	0.277504	-0.235945	0.554397	0.495838	-0.319824
ENSMUSG00000047126	-0.404507	-0.359923	0.491683	0.267944	0.181231	0.614687
ENSMUSG00000047139	-0.639707	0.112410	-0.187092	0.322716	0.239736	-0.223599
ENSMUSG00000047149	-0.359455	-0.405146	-0.323716	-0.212261	-0.512751	-0.547828
ENSMUSG00000047161	0.460225	0.200524	-0.178130	-0.211698	0.192693	-0.217124
ENSMUSG00000047182	1.158152	0.492418	-0.417313	-0.267725	0.303064	0.231670
ENSMUSG00000047187	0.398109	0.842640	-0.326355	-0.210083	-0.333475	-0.193843
ENSMUSG00000047193	-0.084258	-0.054905	0.146077	0.105909	-0.546689	-0.013591
ENSMUSG00000047197	-0.162298	-0.324768	0.360964	0.037129	0.503470	-0.348118
ENSMUSG00000047207	0.296563	0.092899	0.259046	-0.252107	-0.204854	0.408984
ENSMUSG00000047215	0.025568	0.116556	0.583155	0.075203	-0.074975	0.272951
ENSMUSG00000047222	-0.521119	0.134593	0.129362	-0.252418	0.370007	-0.985847
ENSMUSG00000047225	0.518467	0.153784	-0.229264	-0.174701	-0.254415	0.518610
ENSMUSG00000047230	0.482856	-0.145165	-0.506732	-0.498042	0.152851	-0.109057
ENSMUSG00000047242	-0.613162	0.081416	0.021855	-0.123213	0.143218	-0.205971
ENSMUSG00000047246	0.210987	0.069030	0.226094	0.085798	0.341591	-0.116810
ENSMUSG00000047248	0.333328	-0.123750	-0.157832	-0.172383	0.192144	0.039957
ENSMUSG00000047250	0.163602	0.163404	0.186446	-0.125639	-0.039082	0.037304
ENSMUSG00000047253	-0.132401	0.120470	0.324649	0.464248	0.870765	0.045635
ENSMUSG00000047259	0.000465	-0.162144	-0.387247	0.703972	0.045298	0.381059
ENSMUSG00000047261	-0.503319	0.016564	0.236465	0.297585	-0.304832	-0.058886
ENSMUSG00000047281	0.199170	0.190758	0.111737	0.221551	0.202092	-0.281515
ENSMUSG00000047286	0.073850	0.205736	0.221985	-0.052017	-0.536642	0.793953
ENSMUSG00000047298	-0.206989	-0.384506	-0.068338	-0.123869	0.173938	-0.192005
ENSMUSG00000047330	0.172894	-0.715098	0.360678	-0.538277	0.256459	-0.020269
ENSMUSG00000047352	0.337927	0.077066	-0.071267	0.307629	-0.224090	-0.203997
ENSMUSG00000047368	-0.066711	0.107481	0.604921	0.125738	-0.069796	0.175314
ENSMUSG00000047369	-0.369309	0.557494	0.381010	-0.095081	-0.323955	-0.092256
ENSMUSG00000047379	0.268459	-0.025218	0.490955	-0.231108	0.074497	0.273141
ENSMUSG00000047407	-0.230428	0.391030	-0.978874	-0.363681	0.391469	1.275980
ENSMUSG00000047414	-0.420036	0.518964	0.375473	-0.391973	0.201926	0.313728
ENSMUSG00000047415	-0.350143	0.030255	0.542990	0.053479	-0.005589	0.109454
ENSMUSG00000047444	0.402200	0.737446	-0.224438	-0.302073	0.186024	0.520458
ENSMUSG00000047454	0.429051	-0.503677	0.234819	-0.214267	0.419966	-0.513711
ENSMUSG00000047459	0.291723	0.078474	0.068016	-0.090027	0.615861	0.344844
ENSMUSG00000047492	0.709739	0.162340	-0.048336	-0.251518	-0.373382	0.374018
ENSMUSG00000047495	0.151078	-0.443875	-0.234340	0.454741	-0.449656	-0.163374
ENSMUSG00000047496	0.069484	-1.000400	-0.143144	-1.038190	-0.089777	-0.791970
ENSMUSG00000047497	-0.578711	-0.061780	0.265677	-0.048883	-0.335849	-0.647622
ENSMUSG00000047501	-0.257001	0.433461	-0.533164	-0.248905	0.210671	-0.213340
ENSMUSG00000047511	0.321517	0.482438	-0.027295	-0.148112	0.172122	-0.127195
ENSMUSG00000047517	0.125046	-0.348427	-0.585157	0.152243	-0.794561	0.226623
ENSMUSG00000047534	-0.767581	-0.035369	-0.473169	-0.234091	-0.345677	-0.159924
ENSMUSG00000047535	0.619732	0.522514	-0.174634	0.033833	0.112106	-0.145525
ENSMUSG00000047544	0.193482	0.184934	0.039723	0.335682	0.278936	0.257885
ENSMUSG00000047545	0.056148	-0.102840	-0.094174	0.395498	0.037396	0.066115
ENSMUSG00000047547	0.093214	-0.034679	0.192864	0.061158	-0.035556	0.025221
ENSMUSG00000047562	-0.099751	-0.100064	0.056761	-0.551684	0.405592	0.170093
ENSMUSG00000047564	0.589998	-0.361959	0.231843	0.312643	-0.307711	-0.534380
ENSMUSG00000047591	0.208439	0.205442	0.021823	0.306586	0.000049	0.118655
ENSMUSG00000047594	0.638724	0.253834	-0.631924	-0.390005	0.719493	0.008650
ENSMUSG00000047604	-0.273550	0.006948	-0.125632	-0.479676	-0.040927	0.067503
ENSMUSG00000047626	-0.160948	-0.553863	0.731069	0.119297	0.249561	-0.260248
ENSMUSG00000047632	-0.260874	0.072935	0.162221	-0.049803	-0.326224	-0.531092
ENSMUSG00000047638	0.286977	0.882529	-0.362854	-0.260056	0.514232	-0.206733
ENSMUSG00000047641	-0.304691	0.134096	-0.153122	-0.663331	-0.097169	0.296298
ENSMUSG00000047648	0.055688	0.033481	0.282198	0.167233	-0.462813	0.711278
ENSMUSG00000047649	0.131547	0.179404	0.591012	0.207937	-0.039858	0.011730
ENSMUSG00000047667	0.195323	0.082975	0.250611	0.383337	0.044107	0.217375
ENSMUSG00000047674	0.285305	-0.778302	-0.109720	0.538560	-0.191784	-0.437310
ENSMUSG00000047675	0.333596	-0.295979	0.252043	-0.397855	0.080350	0.900241
ENSMUSG00000047694	0.392994	0.145589	0.399254	0.036915	-0.141525	-0.277826
ENSMUSG00000047702	0.488635	0.498400	0.258669	0.065986	0.202495	0.754305
ENSMUSG00000047712	0.111022	-0.005982	-0.149324	-0.650225	-0.642808	-0.298685
ENSMUSG00000047716	-0.393082	0.448928	0.140226	0.069074	-0.000535	0.412368
ENSMUSG00000047719	-0.224475	-0.032084	-0.075737	-0.304128	0.225499	0.553947
ENSMUSG00000047746	-0.291347	-0.037313	-0.774561	0.421800	0.263980	-0.413042
ENSMUSG00000047757	-0.340697	0.156691	-0.089030	-0.450295	-0.046918	-0.063300
ENSMUSG00000047759	0.194615	-0.197660	-0.408464	0.489260	0.308898	-0.013029
ENSMUSG00000047767	0.443286	-0.428274	-0.161613	0.364149	0.395099	-0.653821
ENSMUSG00000047787	-0.047779	0.066004	0.373255	-0.150818	-0.016306	0.097754
ENSMUSG00000047789	0.196399	0.034281	-0.382033	-0.171224	0.296903	0.524953
ENSMUSG00000047794	0.333743	-0.335381	0.439445	-0.123445	0.076999	0.242152
ENSMUSG00000047797	0.014757	0.599540	0.497298	0.228932	-0.229243	-0.274487
ENSMUSG00000047822	-0.337136	0.532963	-0.117707	-0.418583	-0.285629	-0.867639
ENSMUSG00000047843	-0.550920	-0.599061	0.236174	0.513595	-0.389914	0.730622
ENSMUSG00000047868	0.041118	-0.194311	-0.212874	-0.044010	0.607901	-0.153246
ENSMUSG00000047878	-0.099720	0.116184	-0.245677	0.368769	0.065674	-0.536485
ENSMUSG00000047879	-0.429838	0.296935	-0.260436	0.108291	-0.055091	-0.054416
ENSMUSG00000047880	0.260224	-0.253018	0.371482	-0.674946	-0.186202	0.282644
ENSMUSG00000047888	0.187554	0.389165	0.250079	0.268516	0.352645	0.223222
ENSMUSG00000047898	0.578333	-0.723828	-0.295418	-0.372682	-0.330761	0.264724
ENSMUSG00000047904	-0.422763	-0.722243	0.126145	-0.172350	0.699146	0.606410
ENSMUSG00000047921	-0.072979	-0.112508	-0.415521	-0.101297	0.266201	-0.140633
ENSMUSG00000047945	-0.056863	0.258418	0.804304	-0.146279	0.002287	0.207681
ENSMUSG00000047953	0.020025	0.170460	-0.311133	-0.357077	0.295982	0.095334
ENSMUSG00000047959	0.323153	-0.058934	0.040556	0.199293	-0.723433	0.563858
ENSMUSG00000047960	1.025805	0.574858	0.364729	-0.165656	-0.170870	-0.748340
ENSMUSG00000047963	-0.191189	0.400572	0.504569	-0.519807	-0.466565	-0.498087
ENSMUSG00000047969	-0.387677	0.155905	0.346015	-0.015225	-0.051296	-0.163896
ENSMUSG00000047976	0.042247	0.049825	-0.540962	0.301561	0.035591	0.310733
ENSMUSG00000047980	-0.330364	0.083658	0.581741	0.025398	0.080976	-0.381808
ENSMUSG00000047989	0.294590	0.367749	-0.160296	-0.082250	-0.807052	0.145758
ENSMUSG00000048001	-0.711268	-0.364935	-0.044377	0.454485	-0.325144	-0.677387
ENSMUSG00000048003	0.323984	-0.135027	-0.297795	0.731248	-0.278746	0.055228
ENSMUSG00000048012	-0.414653	-0.305943	0.596991	-0.172991	-0.037930	-0.227010
ENSMUSG00000048013	0.773401	0.917179	-0.425994	-0.003978	0.037125	0.243244
ENSMUSG00000048027	0.048546	0.019965	0.301359	-0.180532	0.018890	0.607425
ENSMUSG00000048029	-0.320462	0.297673	0.296316	0.278779	0.086682	0.098278
ENSMUSG00000048039	-0.523812	0.453121	0.588351	-0.219675	0.274825	0.150101
ENSMUSG00000048062	-0.273055	0.327077	0.359238	0.487696	-0.051944	-0.342271
ENSMUSG00000048065	0.730023	0.065392	0.451177	-0.036869	-0.368737	0.515777
ENSMUSG00000048067	-0.059186	-0.333541	0.518142	-0.443914	-0.378524	0.358588
ENSMUSG00000048076	-0.290694	-0.159637	-0.554386	-0.052677	-0.007269	0.040322
ENSMUSG00000048080	0.152452	-0.148406	-0.017813	0.514619	0.021825	-0.156019
ENSMUSG00000048087	-0.343151	-0.707791	-0.662595	-1.145292	-0.769523	-0.057277
ENSMUSG00000048096	0.484962	-0.104913	-0.071614	0.277988	-0.044597	-0.277694
ENSMUSG00000048100	-0.270801	0.301936	0.683531	-0.054440	0.081239	-0.016229
ENSMUSG00000048101	-0.386446	0.358749	-0.695658	0.202087	-0.137588	-0.458387
ENSMUSG00000048118	0.485726	-0.060594	0.301799	-0.374954	-0.592844	-0.513542
ENSMUSG00000048120	-0.166697	-0.405813	-0.227762	0.126136	-0.309693	0.221859
ENSMUSG00000048126	0.227479	0.479921	-0.246538	-0.236045	-0.002463	0.304837
ENSMUSG00000048142	-0.240464	0.133413	0.138789	0.486321	-0.298411	-0.013013
ENSMUSG00000048153	0.422363	0.024770	-0.034872	-0.090671	0.344643	-0.209756
ENSMUSG00000048154	-0.130538	0.299864	-0.086817	-0.194861	0.408790	-0.462012
ENSMUSG00000048155	-0.646939	-0.208689	-0.095666	0.739966	0.029955	0.316623
ENSMUSG00000048163	0.377470	0.488434	-0.395850	-0.008073	0.296002	-0.335210
ENSMUSG00000048173	0.244980	0.445397	-0.184605	0.077622	-0.162969	0.334851
ENSMUSG00000048175	0.115118	0.074052	-0.396863	-0.001736	0.555307	0.007785
ENSMUSG00000048197	0.607660	-0.054211	-0.080778	0.130176	-0.067206	0.295076
ENSMUSG00000048217	0.598218	0.131685	-0.110213	-0.267853	0.017509	-0.261331
ENSMUSG00000048218	0.198187	0.539096	-0.018235	-0.299864	0.477982	0.198860
ENSMUSG00000048222	-0.367635	-0.354648	0.113282	0.176366	-0.350899	0.004028
ENSMUSG00000048226	-0.877947	-0.031431	0.442519	0.057480	0.721236	0.057843
ENSMUSG00000048230	-0.044764	-0.059934	0.236654	-0.224123	-0.476115	-0.408875
ENSMUSG00000048231	-0.861518	-0.101618	-0.351364	0.037311	0.338372	0.300775
ENSMUSG00000048232	-0.064354	-0.360378	-0.233572	-0.062188	-0.035665	0.151179
ENSMUSG00000048240	0.141949	-0.046930	0.291338	-0.530735	0.033017	-0.119431
ENSMUSG00000048249	0.251181	-0.514803	0.126692	0.281683	0.088546	0.227118
ENSMUSG00000048251	0.405405	-0.155006	-0.198226	0.435401	0.139919	-0.123629
ENSMUSG00000048280	0.748584	0.174590	0.221053	-0.076987	0.368002	-0.140137
ENSMUSG00000048284	-0.344109	0.798271	0.250342	0.134270	0.115058	-0.165204
ENSMUSG00000048285	0.600779	-0.059806	-0.251803	0.263416	0.145539	0.416407
ENSMUSG00000048292	0.248653	0.137783	-0.615613	0.029767	-0.125606	0.211517
ENSMUSG00000048294	-0.553324	0.142775	0.491630	-0.027881	0.145799	-0.001805
ENSMUSG00000048299	0.532705	0.788638	-0.037102	0.438488	0.111512	-0.066913
ENSMUSG00000048304	0.203006	0.545298	0.438353	-0.115612	0.557081	0.802634
ENSMUSG00000048337	-0.032390	-0.007345	-0.005669	-0.256391	0.216775	-0.253918
ENSMUSG00000048349	-0.282339	-0.274553	-0.647228	-0.109669	-0.117500	-0.316428
ENSMUSG00000048356	-0.113275	-0.434490	0.276376	-0.271298	0.339471	-0.094603
ENSMUSG00000048368	0.086828	-0.139576	1.238499	0.127846	-0.309384	-0.437606
ENSMUSG00000048371	-0.689554	0.111991	0.205567	-0.096905	-0.196297	-0.036173
ENSMUSG00000048373	0.291878	0.092343	0.220690	-0.023671	-0.396272	-0.075539
ENSMUSG00000048376	0.165632	0.163336	0.330301	-0.072290	-0.566204	0.321492
ENSMUSG00000048378	-0.211515	0.243529	-0.641599	-0.177134	0.146193	-0.147861
ENSMUSG00000048379	-0.037707	-0.039056	-0.274956	-0.392129	-0.300806	-0.039026
ENSMUSG00000048391	0.041605	0.259270	-0.783804	0.651003	0.158219	-0.291833
ENSMUSG00000048402	-0.139147	-0.075777	-0.238598	-0.080486	0.032989	-0.647947
ENSMUSG00000048425	-0.140592	-0.633846	0.393213	-0.605066	0.001955	-0.164013
ENSMUSG00000048439	0.314049	0.368593	0.051394	-0.444509	0.160477	-0.161588
ENSMUSG00000048456	0.362410	-0.526517	0.365619	-0.021379	-0.083829	-0.130676
ENSMUSG00000048469	-0.073616	0.185047	-0.504670	-0.070495	0.433716	0.117368
ENSMUSG00000048480	-0.223607	0.548196	0.731266	-0.424077	-0.136145	0.328061
ENSMUSG00000048482	0.556779	-0.870080	0.001046	-0.370278	0.078329	-0.462477
ENSMUSG00000048486	-0.394778	-0.398170	-0.553831	-0.458017	-0.150650	0.548730
ENSMUSG00000048489	-0.337228	-1.060095	-1.031798	-0.265617	-0.462331	-0.186711
ENSMUSG00000048490	0.510032	-0.065281	0.004975	0.009633	-0.414702	-0.180125
ENSMUSG00000048498	-0.269807	-0.174317	-0.196593	0.015341	-0.320329	-0.532878
ENSMUSG00000048501	0.221993	-0.468029	0.099940	0.294844	-0.394284	-0.301628
ENSMUSG00000048520	-0.119726	0.205893	-0.162067	0.139342	-0.260537	0.229535
ENSMUSG00000048521	-0.580627	0.141204	0.139989	0.410036	0.208981	-0.103210
ENSMUSG00000048534	-0.064028	-0.062492	-0.222164	-0.131803	-0.329094	0.578925
ENSMUSG00000048546	-0.765932	0.084517	-0.706502	0.245088	-0.162794	-0.217642
ENSMUSG00000048574	-0.209074	-0.335070	0.353336	0.219610	-0.596450	-0.451445
ENSMUSG00000048578	-0.230475	-0.259411	-0.343097	0.137252	-0.401657	-0.155763
ENSMUSG00000048582	-0.331871	-0.514826	0.365044	-0.076490	-0.007734	-0.142942
ENSMUSG00000048583	-0.061135	0.017601	-0.854552	-0.364985	0.643268	0.580507
ENSMUSG00000048616	0.290040	0.616507	0.478233	0.413135	-0.444252	0.272894
ENSMUSG00000048620	-0.478576	-0.465161	-0.596638	0.227025	-0.210118	-0.157015
ENSMUSG00000048661	0.754837	-0.435637	-0.250791	-0.096120	-0.294545	0.283876
ENSMUSG00000048677	0.422660	-0.144732	-0.087546	-0.447729	-0.550079	-0.340735
ENSMUSG00000048693	-0.417073	-0.055055	-0.365404	-0.247363	0.292136	-0.604655
ENSMUSG00000048699	-0.320322	-0.589754	-0.235706	0.109351	-0.196767	-0.722941
ENSMUSG00000048701	0.235025	0.774250	0.177215	0.485264	0.230490	-0.072981
ENSMUSG00000048732	-0.612206	0.191534	-0.193648	0.395379	0.295133	-0.261734
ENSMUSG00000048745	0.029950	-0.202420	0.227231	0.011834	-0.665322	-0.396770
ENSMUSG00000048755	0.239985	-0.280443	-0.453150	-0.063519	-0.290165	0.419206
ENSMUSG00000048756	-0.090660	-0.316918	-0.120513	-0.268989	-0.623756	0.065092
ENSMUSG00000048758	0.261755	0.588873	-0.042684	-0.170046	-0.250135	0.207440
ENSMUSG00000048772	0.060364	0.288298	-0.208163	0.184311	0.734416	-0.451570
ENSMUSG00000048775	-0.383524	-0.010615	0.139815	0.098212	0.438174	0.032648
ENSMUSG00000048776	-0.260687	0.333727	0.385727	0.441910	-0.184024	0.131650
ENSMUSG00000048779	-0.222431	0.072122	0.054509	-0.158755	0.842942	0.353826
ENSMUSG00000048787	0.161921	-0.351451	-0.377968	-0.242480	-0.032549	0.387201
ENSMUSG00000048806	-0.480349	-0.273540	-0.386171	-0.442836	-0.313447	-1.046955
ENSMUSG00000048810	0.563630	-0.187940	0.272366	-0.462985	-0.015113	-0.092751
ENSMUSG00000048827	-0.067746	-0.223108	0.110959	-0.804492	0.191037	0.446074
ENSMUSG00000048830	-0.376948	-0.692661	-0.206539	0.206504	-0.644837	-0.516908
ENSMUSG00000048832	-0.213978	-0.152104	-0.083319	-0.025143	0.645404	0.150906
ENSMUSG00000048865	-0.041303	-0.368957	0.404800	0.405812	-0.526630	-0.136403
ENSMUSG00000048875	0.432469	0.496221	-0.120374	-0.048206	-0.281566	-0.146053
ENSMUSG00000048895	-0.532582	-0.474157	-0.181694	0.328717	0.438046	0.140050
ENSMUSG00000048897	0.527484	-0.901085	0.489535	0.334427	0.154133	0.151107
ENSMUSG00000048899	0.128603	-0.664629	0.137393	0.064022	-0.087783	0.518093
ENSMUSG00000048915	-0.074231	0.378088	0.096922	0.314494	-0.054915	0.097819
ENSMUSG00000048919	0.201641	0.345612	-0.181868	0.123607	-0.292594	-0.319597
ENSMUSG00000048920	0.444961	0.158312	-0.187550	0.752747	-0.172351	-0.603369
ENSMUSG00000048921	-0.009237	-0.528134	0.155488	-0.034929	-0.307971	0.007684
ENSMUSG00000048930	-0.199511	0.710804	0.012654	-0.017900	0.386290	-0.337046
ENSMUSG00000048933	-0.239035	0.660568	0.287362	0.335018	-0.429513	-0.474708
ENSMUSG00000048939	0.071496	-0.064990	0.182287	0.461809	-0.132887	-0.625622
ENSMUSG00000048960	0.107524	-0.937819	-0.737732	-1.488000	-2.093076	-1.385687
ENSMUSG00000048970	-0.148601	0.092961	-0.388014	-0.105543	-0.023701	-0.326288
ENSMUSG00000048981	-0.493831	-0.007047	-0.366524	-0.639063	0.297084	-0.161147
ENSMUSG00000048982	-0.296908	-0.164598	0.028951	0.402911	0.780239	0.273927
ENSMUSG00000048994	-0.256284	0.093180	0.384277	0.282693	0.440948	0.219347
ENSMUSG00000048996	0.043972	0.203898	0.179058	0.333929	-0.525530	0.134375
ENSMUSG00000049010	0.243324	0.141512	-0.333599	-0.238458	-0.239894	0.339206
ENSMUSG00000049011	-0.073503	0.116631	0.439711	-0.038674	0.157120	-0.743502
ENSMUSG00000049015	-0.231445	0.332617	0.082647	0.640053	-0.431539	0.482625
ENSMUSG00000049018	-0.236986	0.398699	-0.488254	-0.534602	0.080120	0.205567
ENSMUSG00000049028	0.484541	-0.117455	-0.311910	-0.064788	0.536047	-0.122138
ENSMUSG00000049041	-0.219268	0.283670	0.188895	0.045097	-0.029948	-0.632153
ENSMUSG00000049044	0.713044	0.192051	-0.033188	-0.074019	0.874533	0.089079
ENSMUSG00000049047	-0.347056	0.217538	-0.160710	-0.214397	-0.043260	0.417590
ENSMUSG00000049052	-0.296191	-0.462477	-0.362498	-0.032784	0.015998	-0.117552
ENSMUSG00000049057	0.358506	0.526947	0.126656	0.831968	0.800273	0.219713
ENSMUSG00000049073	0.283615	-0.004566	0.037643	-0.191645	-0.176016	-0.150199
ENSMUSG00000049090	-0.115410	-0.348082	0.343502	0.516339	0.888963	0.338403
ENSMUSG00000049091	0.259517	0.110861	-0.251091	0.491537	-0.162111	-0.304591
ENSMUSG00000049093	0.277015	0.050631	-0.349898	0.127336	-0.208591	-0.199207
ENSMUSG00000049098	-0.104471	0.393195	0.632948	0.150832	0.414755	-0.474645
ENSMUSG00000049103	-0.583753	0.311576	0.230305	-0.358250	0.019631	0.147295
ENSMUSG00000049106	0.221231	0.187002	0.592707	0.414293	-0.348992	0.060580
ENSMUSG00000049107	0.206773	0.135315	0.155066	-0.390770	0.096873	0.176604
ENSMUSG00000049112	-0.513185	-0.482065	-0.081215	-0.143595	0.123058	-0.704961
ENSMUSG00000049115	0.297717	-0.717414	0.094320	0.181813	-0.005736	0.387736
ENSMUSG00000049130	0.006770	-0.194090	0.010707	-0.498746	-0.250814	-0.496086
ENSMUSG00000049133	-0.462936	0.458095	0.128058	-0.245692	0.803510	0.413202
ENSMUSG00000049149	0.390163	0.012728	-0.294536	-0.246970	-0.165347	0.264196
ENSMUSG00000049152	0.347620	0.025947	-0.018312	-0.264175	-0.178529	-0.022080
ENSMUSG00000049168	-0.208185	-0.202662	-0.110933	0.186139	-0.728239	-0.104787
ENSMUSG00000049217	0.068453	-0.075232	0.020321	0.181738	0.491644	-0.384248
ENSMUSG00000049225	-0.740882	0.037491	0.353333	0.093933	-0.102641	0.208662
ENSMUSG00000049241	-0.074624	-0.473846	0.298051	0.693292	-0.181728	0.086075
ENSMUSG00000049265	-0.026478	0.714560	-0.031190	0.080380	-0.492715	0.107150
ENSMUSG00000049280	0.030077	0.655886	0.188657	-0.056250	0.200392	0.599683
ENSMUSG00000049299	-0.330430	-0.569187	-0.136363	-0.298328	-0.324728	-0.053223
ENSMUSG00000049300	0.405013	-0.039755	-0.146913	0.896416	0.336629	-0.251484
ENSMUSG00000049307	-0.026984	-0.057051	0.045951	-0.096993	0.043850	-0.248321
ENSMUSG00000049315	-0.089590	-0.410749	0.356750	-0.228421	-0.307416	-0.221322
ENSMUSG00000049321	-0.262364	0.146770	0.288194	-0.218720	0.019988	-0.158435
ENSMUSG00000049323	0.101312	-0.365382	-0.427083	-0.031611	-0.090764	0.477251
ENSMUSG00000049327	-0.219875	0.161602	0.163844	0.536073	-0.466775	0.008037
ENSMUSG00000049334	0.004944	-0.188788	-0.375220	-0.201870	0.261982	0.328344
ENSMUSG00000049354	0.020228	-0.200026	0.444938	0.140979	-0.187845	0.066426
ENSMUSG00000049362	0.026432	0.252735	-0.207346	0.215620	-0.465984	-0.171768
ENSMUSG00000049372	0.544548	-0.096335	0.307821	-0.184384	-0.266509	0.230349
ENSMUSG00000049382	0.387173	0.035298	-0.354786	0.081203	0.536720	-0.506958
ENSMUSG00000049387	0.087745	-0.493571	-0.180080	-0.483665	0.131717	0.200309
ENSMUSG00000049396	-0.346109	-0.523713	0.288539	0.268098	0.039478	-0.029597
ENSMUSG00000049401	0.157321	0.339292	-0.169655	0.061338	-0.063716	0.100658
ENSMUSG00000049409	-0.187884	0.331725	0.082612	-0.152791	-0.212845	0.184767
ENSMUSG00000049422	0.175787	-0.053198	0.140451	-0.591238	-0.258798	-0.126638
ENSMUSG00000049456	0.231215	-0.003046	-0.043962	0.073578	-0.175361	0.346066
ENSMUSG00000049470	0.255388	-0.141493	-0.398530	0.325673	0.248993	0.156634
ENSMUSG00000049482	-0.190414	0.273378	0.292646	-0.158442	0.910675	-0.104106
ENSMUSG00000049488	-0.147509	0.210558	-0.088758	-0.160248	0.414493	-0.114694
ENSMUSG00000049498	0.476269	0.601506	-0.006495	0.328741	0.085080	-0.185964
ENSMUSG00000049502	0.110621	0.778764	0.507338	0.276870	0.002306	-0.105434
ENSMUSG00000049511	0.083002	-0.418838	-0.224888	0.171951	-0.143120	0.655001
ENSMUSG00000049517	0.326712	0.085659	-0.028785	-0.171649	0.078889	-0.049806
ENSMUSG00000049521	0.262645	-0.206740	0.028622	0.031312	0.579008	-0.096981
ENSMUSG00000049528	0.156717	-0.105115	-0.048308	-0.199025	-0.160929	-0.525048
ENSMUSG00000049537	0.608882	-0.356691	0.523925	0.291930	0.168298	0.291638
ENSMUSG00000049538	-0.239446	0.126523	-0.308984	-0.289097	0.530121	-0.248250
ENSMUSG00000049539	0.074614	-0.099100	0.431577	-0.238168	0.155795	0.133707
ENSMUSG00000049548	0.158673	0.755527	0.170076	-0.289696	-0.631143	0.229039
ENSMUSG00000049550	-0.124718	0.353506	-0.545062	-0.078634	0.213610	0.084266
ENSMUSG00000049551	-0.140724	-0.137738	0.481465	0.074774	-0.193371	-0.274870
ENSMUSG00000049553	0.521631	-0.054706	0.024477	0.015177	0.223141	0.055687
ENSMUSG00000049556	-0.367963	-0.378116	-0.089173	-0.073826	0.794529	0.283879
ENSMUSG00000049561	-0.399551	0.310556	-0.011862	-0.086285	-0.081765	-0.154924
ENSMUSG00000049573	-0.180087	-0.481246	0.223988	-0.042609	0.142412	-0.225506
ENSMUSG00000049577	0.266880	0.317827	-0.196078	-0.004629	-0.128109	-0.028884
ENSMUSG00000049583	0.042259	0.316022	-1.240659	-0.112436	-0.012041	0.375160
ENSMUSG00000049605	-0.374871	0.592743	-0.540002	0.030817	-0.148664	0.233023
ENSMUSG00000049608	0.559787	-0.175714	-0.262305	0.209853	-0.433824	0.123975
ENSMUSG00000049612	-0.281339	0.306235	0.460249	0.077226	0.001410	0.001005
ENSMUSG00000049618	-0.038557	0.165965	-0.309728	0.212607	-0.553745	-0.034152
ENSMUSG00000049624	-0.739144	0.022408	-0.007567	0.197967	-0.147132	-0.018299
ENSMUSG00000049648	-0.444290	0.275216	-0.110052	-0.263410	-0.171876	0.233095
ENSMUSG00000049658	0.185559	0.523757	-0.132962	-0.066764	-0.253210	-0.811907
ENSMUSG00000049674	-0.921556	0.244911	0.349177	0.627751	-0.871153	0.826271
ENSMUSG00000049676	0.112403	0.230704	0.429947	0.056309	0.207479	0.050760
ENSMUSG00000049686	0.242963	-0.504146	-0.950119	0.010770	-0.003928	0.990988
ENSMUSG00000049699	-0.439615	0.015202	-0.295765	-0.336294	-0.024115	-0.114058
ENSMUSG00000049708	0.855832	0.079450	0.183300	-0.286188	-0.160480	0.159006
ENSMUSG00000049717	0.868239	-0.080067	0.253061	0.341939	-0.154681	0.415394
ENSMUSG00000049721	-0.198049	0.170607	0.222031	0.019528	-0.345516	-0.742960
ENSMUSG00000049723	0.069769	0.088205	-0.062358	-0.714647	-0.011680	-0.164619
ENSMUSG00000049734	-0.082847	0.108777	-0.254414	0.202007	-0.157026	-0.342977
ENSMUSG00000049737	0.120742	-0.192640	0.324889	-0.085569	0.204598	-0.177558
ENSMUSG00000049741	-0.341438	-0.354219	-0.109574	0.180921	0.288025	0.219955
ENSMUSG00000049744	-0.198316	-0.123494	0.314627	-0.168443	0.242679	0.628972
ENSMUSG00000049751	-0.284172	-0.013602	-0.056970	-0.121559	0.458085	0.531985
ENSMUSG00000049758	0.083250	-0.157128	0.608464	-0.382803	0.160543	-0.311688
ENSMUSG00000049775	0.094921	0.068278	0.201961	-0.642876	-0.024052	0.120889
ENSMUSG00000049791	0.336345	-0.231759	-0.344750	-0.091937	-0.285090	0.208382
ENSMUSG00000049792	0.207989	0.136620	0.062354	0.456031	0.221483	-0.713083
ENSMUSG00000049796	-0.046081	0.159741	0.422481	-0.112215	-0.295838	0.041426
ENSMUSG00000049797	-0.383982	-0.317133	-0.045500	0.465025	0.448450	-0.201872
ENSMUSG00000049806	-0.503953	0.309619	0.157619	-0.211636	0.186193	0.149029
ENSMUSG00000049807	-0.050563	0.021638	-0.087857	-0.452458	-0.281667	0.259691
ENSMUSG00000049809	-0.018835	-0.134695	-0.077036	-0.141367	-0.470651	-0.000446
ENSMUSG00000049843	-0.183700	-0.823859	0.625972	0.078958	-0.555413	0.078893
ENSMUSG00000049858	0.090395	-0.319533	0.056762	-0.409413	-0.250233	-0.035306
ENSMUSG00000049864	-0.160188	-0.523314	-0.713287	-0.231859	-0.040035	-0.219591
ENSMUSG00000049882	-0.334546	0.465670	-0.164946	0.071992	-0.411868	0.128977
ENSMUSG00000049892	0.199543	0.160605	0.370346	-0.302140	-0.010835	0.234700
ENSMUSG00000049894	0.100318	-0.280953	0.251948	-0.284399	0.267197	0.304100
ENSMUSG00000049908	-0.268772	-0.517248	0.318043	0.485435	-0.263092	-0.318824
ENSMUSG00000049922	-0.022004	-0.086807	-0.043757	-0.024347	-0.196993	0.093046
ENSMUSG00000049926	0.100207	-0.091185	-0.044289	0.701137	0.309012	-0.065322
ENSMUSG00000049928	0.414499	0.200789	-0.468774	0.592677	-0.188058	0.259153
ENSMUSG00000049929	0.190687	-0.173528	0.227307	0.249399	-0.188072	-0.217337
ENSMUSG00000049932	-0.040669	0.201552	-0.250532	-0.513814	-0.192556	0.074911
ENSMUSG00000049939	-0.272182	-0.174607	-0.128822	-0.242811	0.139026	-0.377673
ENSMUSG00000049940	-0.280310	0.115442	0.620348	0.315784	-0.128640	0.013318
ENSMUSG00000049960	-0.266028	0.130277	0.238496	0.039832	-0.504796	-0.659802
ENSMUSG00000049999	0.351472	0.134028	-0.313243	-0.341402	-0.096429	0.112170
ENSMUSG00000050002	-0.208915	-0.169203	-0.298886	0.130450	0.262460	0.284331
ENSMUSG00000050014	-0.379265	0.368671	-0.109599	0.077812	1.182570	-0.130592
ENSMUSG00000050015	-0.217677	-0.639175	-0.713840	0.671952	0.097313	-0.147888
ENSMUSG00000050017	0.382622	-0.082778	0.259335	-0.294729	0.275838	0.322178
ENSMUSG00000050023	0.086008	0.248717	0.328821	-0.017032	-0.041065	-0.015360
ENSMUSG00000050028	0.301169	0.081041	0.100786	-0.272735	0.323747	0.113562
ENSMUSG00000050029	-0.274837	-0.064626	0.524189	-0.057897	-0.177391	0.328076
ENSMUSG00000050030	0.126029	-0.135143	-0.198313	-0.135104	0.214407	-0.304520
ENSMUSG00000050069	-0.310416	0.427461	-0.392880	-0.229321	0.099513	-0.636280
ENSMUSG00000050085	-0.312172	-0.108186	-0.082864	0.256960	0.726487	-0.179674
ENSMUSG00000050088	-0.354185	0.149924	0.391596	-0.173058	-0.080484	-0.637966
ENSMUSG00000050097	0.210608	-0.648425	-0.330243	-0.103360	-0.319721	-0.146596
ENSMUSG00000050103	0.658638	-0.810026	0.055694	0.007321	0.426744	0.248200
ENSMUSG00000050114	0.057208	0.320827	-0.070618	-0.583620	0.146902	-0.247392
ENSMUSG00000050128	0.108322	-0.083656	0.081150	0.122531	-0.399021	-0.236648
ENSMUSG00000050132	-0.312508	-0.025541	0.043628	-0.034830	-0.330373	-0.532927
ENSMUSG00000050134	-0.079034	0.498256	-0.219250	-0.094400	0.412530	0.660138
ENSMUSG00000050138	0.425270	-0.576596	-0.219815	-0.036070	0.575541	0.020252
ENSMUSG00000050147	0.456091	-0.648315	-0.354908	0.546626	0.382051	0.227886
ENSMUSG00000050148	-0.241654	0.028291	-0.268966	-0.341775	-0.326747	0.041341
ENSMUSG00000050158	0.413411	-0.012013	-0.308393	0.422536	-0.142248	0.290390
ENSMUSG00000050164	0.048739	0.092360	-0.971081	0.626349	-0.094350	-0.524446
ENSMUSG00000050188	-0.376633	-0.126944	0.127310	0.339716	0.005438	0.046081
ENSMUSG00000050192	0.641814	0.020958	0.402201	-0.125742	-0.041245	0.504371
ENSMUSG00000050195	-0.201498	0.155459	-0.526227	0.263447	0.862954	-0.444460
ENSMUSG00000050198	0.549716	0.483768	0.730847	-0.102096	0.293476	-0.585058
ENSMUSG00000050199	0.391479	0.087001	-0.028226	-0.033492	0.257521	-0.041661
ENSMUSG00000050211	-0.218982	0.232254	-0.070725	0.344214	-0.679222	-0.176660
ENSMUSG00000050213	0.052287	0.197490	-0.479812	-0.438270	-0.096389	0.178186
ENSMUSG00000050215	-0.090763	-0.566798	-0.548022	0.048553	-0.677767	0.428103
ENSMUSG00000050222	0.203651	0.217983	0.315244	-0.327006	-0.695323	-0.203190
ENSMUSG00000050224	0.895009	0.060500	-0.562859	0.005500	0.073538	0.340231
ENSMUSG00000050229	-0.291503	0.389851	0.164387	0.087969	-0.340352	0.295341
ENSMUSG00000050232	0.402759	0.610158	-0.739587	0.206054	0.235762	-0.064626
ENSMUSG00000050234	-0.251520	-0.301781	-0.037227	0.182464	0.370436	-0.101001
ENSMUSG00000050239	0.602431	-0.018911	0.854439	-0.174354	-0.163000	-0.358483
ENSMUSG00000050244	0.580246	0.044992	0.213343	0.155389	-0.117564	-0.119625
ENSMUSG00000050248	0.458997	0.283986	-0.240760	-0.542589	0.758416	-0.079501
ENSMUSG00000050251	-0.437028	-0.300957	0.022556	0.157859	-0.007850	-0.051652
ENSMUSG00000050266	-0.186653	0.342757	-0.049783	0.582083	0.164831	-0.161038
ENSMUSG00000050271	0.157850	-0.112445	0.555064	0.087585	0.157670	0.335742
ENSMUSG00000050272	-0.240275	-0.032266	0.263016	0.444096	-0.274044	0.140712
ENSMUSG00000050281	0.178389	-0.138969	-0.352318	-0.435925	-0.246377	-0.165214
ENSMUSG00000050288	-0.300831	-0.459105	-0.112774	0.346434	0.446489	-0.133484
ENSMUSG00000050296	-0.806599	-0.383303	-0.177819	0.104576	-0.002154	-0.426962
ENSMUSG00000050304	-0.073261	0.322197	0.130304	0.037113	-0.021040	-0.497570
ENSMUSG00000050310	0.105463	0.102264	-0.244815	0.021108	-0.286070	0.343236
ENSMUSG00000050323	0.305892	-0.434230	-0.126455	-0.064852	-0.284931	-0.333720
ENSMUSG00000050332	-0.244873	0.555881	0.092631	0.282010	-0.262600	-0.074126
ENSMUSG00000050343	0.011245	0.499898	-0.100174	-0.148200	-0.297232	-0.149958
ENSMUSG00000050350	0.481141	0.356088	-0.052620	-0.632690	-0.419025	0.002285
ENSMUSG00000050366	-0.149960	-0.491501	0.228959	-0.521535	-0.228391	0.034781
ENSMUSG00000050368	0.004982	0.472698	-0.260938	0.830083	-0.315424	-1.093294
ENSMUSG00000050370	-0.081954	0.327212	0.325048	-0.213798	0.356058	-0.159602
ENSMUSG00000050377	0.151929	0.681731	0.001308	0.114083	0.205669	0.111037
ENSMUSG00000050382	-0.592170	-0.071700	0.236300	0.095562	-0.225217	0.089633
ENSMUSG00000050383	-0.264275	1.179402	-0.289799	0.185707	0.026782	0.180155
ENSMUSG00000050395	-0.358972	0.297140	-0.238048	-0.126254	-0.031673	-0.150581
ENSMUSG00000050397	0.548331	0.231905	0.192694	0.149484	0.305685	-0.127147
ENSMUSG00000050440	0.051362	-0.102209	-0.228855	-0.617073	-0.037664	-0.474910
ENSMUSG00000050445	-0.279317	0.072882	-0.008905	0.583807	-0.528603	-0.251864
ENSMUSG00000050447	-0.602909	-0.497348	-0.332070	0.342210	0.552700	0.686205
ENSMUSG00000050463	-0.064535	-0.508576	-0.493263	0.300718	-0.503992	0.811829
ENSMUSG00000050478	0.149336	-0.549924	-0.552670	0.194725	-0.585248	-0.237031
ENSMUSG00000050504	-0.116138	0.855161	0.371338	0.094277	0.613662	0.009812
ENSMUSG00000050511	0.248257	0.117535	-0.191110	0.424658	0.274967	0.070693
ENSMUSG00000050520	0.058484	0.806481	-0.197701	-0.119607	0.339855	0.458948
ENSMUSG00000050534	0.453989	-0.032191	1.085861	-0.223581	0.206780	0.244908
ENSMUSG00000050541	-0.322012	-0.188378	0.050369	0.744870	-0.111477	0.304472
ENSMUSG00000050552	0.509811	0.152424	-0.444378	0.445764	0.123208	0.286427
ENSMUSG00000050553	-0.430755	-1.044049	-0.109920	-0.393995	-0.043697	0.519783
ENSMUSG00000050556	0.172029	0.172520	0.456595	0.639286	-0.290035	0.158531
ENSMUSG00000050558	0.271890	-0.283218	-0.419019	-0.187106	0.292915	0.167612
ENSMUSG00000050567	-0.409454	0.019285	-0.552908	0.310430	0.142539	-0.430168
ENSMUSG00000050578	0.288869	0.031056	-0.552103	-0.282433	-0.225056	0.022202
ENSMUSG00000050587	-0.177212	0.096787	-0.005761	0.190036	-0.057188	0.515894
ENSMUSG00000050603	0.091797	0.456633	0.575195	-0.316552	-0.081008	-0.013062
ENSMUSG00000050605	-0.039248	0.646875	-0.409154	-0.207305	0.320917	-0.134286
ENSMUSG00000050613	0.677932	-0.027381	-0.147200	0.200290	0.670562	0.161253
ENSMUSG00000050621	-0.003053	0.036047	-0.394487	0.405952	-0.469221	0.350117
ENSMUSG00000050627	-0.310203	0.286769	0.218366	0.136624	-0.121481	0.140284
ENSMUSG00000050645	-0.204299	-0.261680	0.241766	-0.316889	-0.283683	-0.035894
ENSMUSG00000050654	0.574842	-0.764481	0.117406	-0.255402	0.031324	0.251675
ENSMUSG00000050675	-0.261912	0.223707	-0.148973	0.025273	0.095988	0.043509
ENSMUSG00000050697	0.498602	0.451631	-0.138549	0.171168	0.185761	-0.289123
ENSMUSG00000050700	0.506914	-0.659244	-0.319356	0.009414	0.165324	-0.272443
ENSMUSG00000050704	-0.236685	-0.387554	0.062941	-0.106131	0.287312	-0.117481
ENSMUSG00000050708	1.002543	-0.447564	0.074644	0.861656	-0.331456	0.066241
ENSMUSG00000050711	0.149895	-0.832345	0.668071	0.761595	-0.277152	0.288339
ENSMUSG00000050721	0.287685	-0.148698	-0.082464	0.064519	-0.252492	-0.382398
ENSMUSG00000050730	0.227396	-0.307232	-0.090220	0.106090	0.318356	-0.046876
ENSMUSG00000050732	-0.362246	0.387014	-0.143430	-0.416790	0.713277	0.503480
ENSMUSG00000050737	0.352750	-0.485012	0.156375	0.329479	0.673952	0.051532
ENSMUSG00000050742	0.291605	0.375945	-0.037249	-0.050930	0.715117	-0.140709
ENSMUSG00000050756	-0.425923	0.725663	-0.086864	-0.217159	0.631290	0.171747
ENSMUSG00000050761	-0.022971	-0.233651	-0.518329	0.177626	-0.510598	0.317360
ENSMUSG00000050763	0.114556	-0.073088	-0.573074	0.083525	0.121260	-0.161870
ENSMUSG00000050772	0.144372	-0.138793	0.137950	-0.114149	0.042090	0.154994
ENSMUSG00000050776	0.016712	-0.285914	-0.480091	-0.425594	0.121148	-0.194495
ENSMUSG00000050783	-0.258979	0.187288	-0.210359	0.042339	0.053393	-0.443081
ENSMUSG00000050788	-0.115845	0.101212	0.011016	0.220885	0.195421	0.333829
ENSMUSG00000050796	0.009265	-0.244395	-0.101987	0.042840	-0.174552	0.484964
ENSMUSG00000050799	-0.089105	-0.215811	0.130363	0.512290	-0.203796	0.431286
ENSMUSG00000050803	-0.156156	0.293302	0.060075	0.054185	-0.291364	0.242064
ENSMUSG00000050808	0.109658	0.188878	-0.405227	-0.175765	0.242086	0.167608
ENSMUSG00000050813	0.467274	-0.274282	-0.292019	-0.371306	0.515530	-0.111308
ENSMUSG00000050815	-0.042970	0.854152	-0.141880	-0.039922	0.223406	-0.684278
ENSMUSG00000050818	0.258387	0.229657	0.164160	-0.490341	-0.046514	-0.111334
ENSMUSG00000050822	-0.323819	-0.245517	-0.232170	0.678791	-0.229073	-0.458817
ENSMUSG00000050824	0.058190	0.597651	-0.155116	-0.110113	0.610124	0.179913
ENSMUSG00000050853	0.702476	0.708899	0.124598	0.048477	0.011926	-0.039890
ENSMUSG00000050855	-0.571850	0.124171	-0.176428	0.061246	0.476024	-0.146306
ENSMUSG00000050856	-0.011727	-0.096040	0.411678	-0.050794	-0.328036	-0.171330
ENSMUSG00000050860	0.346980	0.240129	0.188661	0.272383	0.102102	-0.060112
ENSMUSG00000050865	0.164315	0.123618	-0.770193	0.290636	-0.460861	-0.115618
ENSMUSG00000050896	0.342872	-0.207063	0.234045	-0.003551	-0.503245	0.044160
ENSMUSG00000050901	-0.171565	0.136938	-0.464535	0.076041	-0.251187	0.482650
ENSMUSG00000050917	-0.189285	-0.165463	-0.163965	-0.012082	0.118698	-0.016188
ENSMUSG00000050921	0.137483	0.193113	0.393353	-0.182004	-0.152166	0.142617
ENSMUSG00000050931	0.491221	0.050560	0.263011	-0.091727	0.095735	0.239268
ENSMUSG00000050953	0.671661	-0.253943	0.241198	-0.057181	-0.428163	-0.381196
ENSMUSG00000050954	0.075449	-0.703369	0.039346	0.303819	0.674575	0.286292
ENSMUSG00000050963	0.226308	-0.114485	-0.042849	0.194922	-0.409300	0.025499
ENSMUSG00000050965	0.049545	-0.225714	-0.105032	0.334067	-0.697011	0.269372
ENSMUSG00000050978	-0.126500	-0.029623	-0.328186	-0.616930	-0.257685	0.052428
ENSMUSG00000050982	-0.753696	-0.172474	-0.297901	-0.262420	-0.434231	-0.824168
ENSMUSG00000050996	-0.095656	-0.031670	0.212822	-0.341526	-0.141349	0.129401
ENSMUSG00000051003	0.341750	0.189055	-0.031208	0.109133	-0.058576	0.003462
ENSMUSG00000051022	0.286750	-0.221877	0.430251	0.561697	0.410923	0.676445
ENSMUSG00000051034	-0.302885	0.219228	-0.108058	0.036993	0.377688	0.210742
ENSMUSG00000051037	0.184721	0.146419	0.461584	0.031510	-0.164028	-0.677041
ENSMUSG00000051046	0.236939	-0.479578	0.005686	0.125786	0.146547	-0.592560
ENSMUSG00000051048	-0.410522	-0.283645	0.182519	0.409885	0.896468	0.423180
ENSMUSG00000051051	0.181894	0.499769	0.142039	-0.117145	0.017588	0.349525
ENSMUSG00000051056	-0.651789	0.077571	0.004060	0.104078	-0.248483	-0.560133
ENSMUSG00000051081	0.167656	-0.108165	-0.167619	-0.404971	-0.754317	-0.346967
ENSMUSG00000051095	-0.076334	0.186099	0.382957	0.087780	0.257007	0.011921
ENSMUSG00000051098	0.050238	-0.210879	-0.186898	0.163325	0.115945	0.142747
ENSMUSG00000051111	0.449882	0.223846	-0.234716	-0.365857	-0.307034	-0.566573
ENSMUSG00000051118	0.143935	0.211000	-0.307463	-0.486093	-0.560818	0.093337
ENSMUSG00000051136	-0.115186	-0.522262	0.184418	0.760601	-0.403076	0.260929
ENSMUSG00000051147	-0.182655	0.689290	-0.427038	0.101803	0.269376	0.550320
ENSMUSG00000051154	0.143494	-0.490991	-0.540797	0.066086	0.446517	0.025714
ENSMUSG00000051156	0.334209	-0.613046	0.324270	-0.238006	-0.714621	-0.907160
ENSMUSG00000051159	-0.211490	0.112453	0.315906	-0.116117	0.690583	0.324946
ENSMUSG00000051160	0.103819	-0.177579	-0.257739	-0.127057	0.197787	0.226463
ENSMUSG00000051172	-0.301483	0.387458	-0.277153	0.070546	0.360670	-0.102895
ENSMUSG00000051177	0.103133	0.552602	0.621909	0.351789	-0.134032	0.040319
ENSMUSG00000051180	0.576072	-0.529078	0.062939	0.103048	0.191470	-0.126635
ENSMUSG00000051182	0.228478	-0.288938	0.453790	-0.569909	-0.443668	-0.452284
ENSMUSG00000051190	-0.383493	0.434106	0.175534	0.331636	0.183736	-0.463135
ENSMUSG00000051200	0.429439	0.210124	-0.082213	-0.016541	0.408133	-0.128097
ENSMUSG00000051207	0.022817	-0.365461	0.298109	-0.231396	0.153507	0.269695
ENSMUSG00000051209	-0.131656	-0.460991	0.137740	-0.504056	0.039967	0.649395
ENSMUSG00000051212	-0.862999	0.091248	-0.487740	-0.335954	0.108391	-0.136331
ENSMUSG00000051220	-0.475665	0.115036	0.261474	-0.019801	-0.565014	-0.101173
ENSMUSG00000051225	0.208535	-0.104102	-0.497643	-0.433117	-0.881806	0.652874
ENSMUSG00000051234	-0.054649	0.159576	0.018424	0.598539	0.261890	0.077497
ENSMUSG00000051235	0.130673	-0.576751	0.100729	-0.446135	0.101815	-0.243243
ENSMUSG00000051258	0.037936	-0.294644	0.359344	-0.531514	0.534417	0.097376
ENSMUSG00000051262	-0.363952	0.874677	-0.378414	-0.683354	0.271095	0.322444
ENSMUSG00000051279	0.117468	-0.412047	0.256778	0.364692	-0.628979	-0.011733
ENSMUSG00000051306	0.277523	0.375178	-0.264758	0.238893	-0.378715	-0.356007
ENSMUSG00000051313	0.338878	-0.063078	0.495947	0.041254	-0.087500	-0.113727
ENSMUSG00000051314	-0.061918	0.067833	-0.051777	-0.447396	-0.042176	0.052511
ENSMUSG00000051316	0.286037	0.057068	0.289725	0.514210	-0.129066	0.265896
ENSMUSG00000051329	0.000378	0.378962	0.177188	-0.153031	-0.176158	-0.588484
ENSMUSG00000051331	-0.022618	0.295026	0.858117	0.182874	-0.055283	0.058919
ENSMUSG00000051335	-0.750031	0.199361	-0.817832	-0.241157	-0.842299	0.275514
ENSMUSG00000051340	-0.311383	-0.354346	-0.085054	0.026904	0.090141	0.495636
ENSMUSG00000051343	-0.154872	0.113876	0.231939	0.629181	0.405774	0.407068
ENSMUSG00000051355	0.306051	0.491225	-0.376617	0.009621	0.290284	0.087546
ENSMUSG00000051359	0.505513	-0.530544	0.479653	0.992577	-0.036187	0.313725
ENSMUSG00000051362	-0.328112	0.093398	0.055212	0.291131	0.356035	0.236811
ENSMUSG00000051378	0.215454	-0.052948	-0.679173	0.686651	0.300256	0.205011
ENSMUSG00000051379	-0.360902	0.060868	0.040636	0.033912	0.221429	-0.089330
ENSMUSG00000051391	0.275695	0.236738	-0.392062	-0.055961	0.464108	0.153427
ENSMUSG00000051392	0.032048	-0.475207	0.516043	0.026608	-0.318079	-0.304418
ENSMUSG00000051414	-0.101605	-0.549292	0.027423	0.466979	-0.369777	-0.337682
ENSMUSG00000051424	-0.549219	0.251017	0.460353	0.249782	0.395476	0.115131
ENSMUSG00000051439	0.167693	-0.259945	0.408346	0.096676	0.221353	-0.755707
ENSMUSG00000051457	0.404092	-0.317663	0.594419	0.317873	-0.479172	0.092400
ENSMUSG00000051481	-0.163452	0.335648	0.070539	-0.420553	0.353580	-0.120194
ENSMUSG00000051483	0.310166	0.273744	-0.213045	-0.343570	-0.402054	0.075316
ENSMUSG00000051493	0.065893	0.506375	0.039669	0.190774	-0.000355	0.067306
ENSMUSG00000051497	-0.576000	-0.305439	-0.134477	0.094126	0.107937	-0.621407
ENSMUSG00000051498	-0.269142	-0.111965	-0.382004	0.184517	-0.073746	0.271380
ENSMUSG00000051499	-0.093254	-0.072073	0.066187	-0.493137	0.491489	-0.138205
ENSMUSG00000051509	0.012158	0.078931	0.256341	0.306694	-0.056577	-0.115669
ENSMUSG00000051517	-0.104116	0.695084	0.313228	0.099555	-0.180018	-0.146862
ENSMUSG00000051518	-0.163561	0.191657	0.209695	-0.491000	-0.289871	-0.477638
ENSMUSG00000051527	-0.077060	-0.274810	-0.141003	-0.073898	-0.098110	0.205013
ENSMUSG00000051528	0.644591	0.423661	-0.444349	0.406546	0.162693	0.161937
ENSMUSG00000051591	0.004697	0.022703	-0.347566	-0.003931	0.258803	-0.832528
ENSMUSG00000051592	-0.406993	0.151407	-0.118237	0.112523	0.343557	-0.180975
ENSMUSG00000051593	-0.627294	-0.877136	-0.063693	0.307124	-0.105475	-0.064264
ENSMUSG00000051611	-0.286761	0.181353	0.248189	-0.087700	-0.172584	-0.623618
ENSMUSG00000051617	0.300114	0.715084	-0.120583	-0.212207	0.020482	-0.298276
ENSMUSG00000051627	0.211513	0.335613	0.184747	0.154211	0.017713	-0.555571
ENSMUSG00000051650	-0.108508	-0.166419	-0.162821	0.078003	-0.423370	-0.485594
ENSMUSG00000051674	-0.381205	-0.291321	-0.038377	0.480206	0.476397	-0.193308
ENSMUSG00000051675	0.032533	-1.041808	-0.724821	-1.254252	-0.942843	-0.648986
ENSMUSG00000051680	0.051312	-0.170690	0.064760	0.209352	0.392331	-0.246933
ENSMUSG00000051682	-0.057411	0.612551	0.273255	-0.125287	0.915039	-0.411804
ENSMUSG00000051695	-0.247994	-0.055511	-0.617615	-0.107783	0.315206	-0.228873
ENSMUSG00000051705	0.030678	-0.224146	0.058016	0.461852	0.506383	-0.466765
ENSMUSG00000051706	0.188900	0.445587	-0.233502	0.167190	0.211644	-0.117794
ENSMUSG00000051726	0.513324	0.932813	0.093285	0.038896	-0.398885	-0.040500
ENSMUSG00000051732	0.263192	0.404429	-0.537363	-0.058320	0.037208	0.098076
ENSMUSG00000051735	0.339301	-0.133996	-0.216930	-0.133603	-0.065141	0.278729
ENSMUSG00000051768	0.015332	-0.267308	-0.309736	0.297979	-0.514568	-0.259806
ENSMUSG00000051786	-0.176337	0.367898	0.004727	-0.521808	0.314574	-0.093814
ENSMUSG00000051790	0.332088	0.124956	0.053114	-0.560604	0.398223	0.402239
ENSMUSG00000051793	0.022016	-0.124401	-0.246636	0.283990	-0.019017	-0.157402
ENSMUSG00000051802	0.038441	-0.202393	0.407925	-0.354157	-0.267840	0.856195
ENSMUSG00000051811	0.051015	0.020184	0.431263	0.041647	0.006482	-0.038155
ENSMUSG00000051853	0.305735	-0.053257	0.158531	0.694080	0.648873	-0.028969
ENSMUSG00000051879	0.241568	0.699960	-0.660893	-0.795308	0.185721	-0.527011
ENSMUSG00000051885	-0.056896	0.285551	0.320513	-0.491704	-0.030000	0.397612
ENSMUSG00000051906	-0.328193	-0.399913	0.495962	0.323800	0.100346	-0.598910
ENSMUSG00000051910	-0.092294	0.525064	0.027990	0.230335	-0.005575	-0.719280
ENSMUSG00000051917	-0.192888	0.109219	-0.161141	0.055909	-0.512126	0.157545
ENSMUSG00000051920	0.464072	-0.317429	0.630886	0.004633	0.138948	-0.201701
ENSMUSG00000051950	0.144726	-0.313226	0.735279	0.389632	-0.033675	0.208704
ENSMUSG00000051951	0.225909	-0.092426	-0.124900	-0.357354	-0.252909	0.239514
ENSMUSG00000051952	-0.151958	-0.196272	-0.252107	-0.356147	0.419272	-0.338111
ENSMUSG00000051969	0.170064	0.028048	0.023441	-0.054957	0.784639	0.356235
ENSMUSG00000051977	0.255877	-0.080904	0.003952	0.248321	0.171185	0.211326
ENSMUSG00000051980	-0.294972	-0.638860	-0.391619	0.399377	0.553558	0.229343
ENSMUSG00000051984	0.049641	-0.227995	-0.099341	-0.258535	-0.155019	0.235232
ENSMUSG00000052012	0.164674	-0.075171	-0.214354	0.447056	-0.289757	0.683147
ENSMUSG00000052013	0.029568	0.228478	0.356649	-0.419269	0.125294	0.642896
ENSMUSG00000052026	-0.915869	-0.094281	0.471791	-0.223122	0.118428	0.736864
ENSMUSG00000052058	-0.337781	0.599444	-0.273816	-0.158776	-0.118351	0.279796
ENSMUSG00000052085	-0.124504	0.029735	-0.129890	-0.099885	-0.232579	-0.359870
ENSMUSG00000052087	0.220944	-0.351145	-0.154848	-0.672313	0.353584	-0.334728
ENSMUSG00000052102	-0.176748	0.339195	0.209981	-0.473424	0.268096	-0.077721
ENSMUSG00000052131	-0.037625	-0.269788	0.589281	-0.204202	0.414648	-0.177959
ENSMUSG00000052133	0.064072	-0.570569	0.090533	0.094136	-0.191426	-0.131913
ENSMUSG00000052135	0.031388	0.259272	-0.586866	-0.084723	0.234346	-0.457100
ENSMUSG00000052139	-0.489072	-0.135320	0.556984	-0.047374	0.170460	0.587602
ENSMUSG00000052142	0.536205	-0.116279	0.186887	0.761928	0.634824	-0.383562
ENSMUSG00000052146	-0.087823	-0.259283	0.111215	-0.461757	0.289289	-0.122890
ENSMUSG00000052151	0.677346	-0.143763	-0.066698	-0.520069	0.125065	0.313204
ENSMUSG00000052155	0.053702	0.269942	-0.465581	-0.146984	0.136985	-0.437960
ENSMUSG00000052160	-0.221632	-0.066926	0.087646	-0.189521	-0.087207	-0.094241
ENSMUSG00000052180	-0.066811	0.405211	0.103298	0.769547	0.576357	-0.050355
ENSMUSG00000052182	0.114633	-0.305206	0.397687	-0.135577	0.293017	-0.145478
ENSMUSG00000052212	-0.089042	0.067257	-0.498540	-0.288869	-0.521206	-0.038511
ENSMUSG00000052229	-0.161229	-0.039928	-0.021330	-0.161742	0.640574	0.483370
ENSMUSG00000052234	0.419252	-0.345159	-0.132280	0.070428	-0.316160	-0.199421
ENSMUSG00000052270	0.420880	0.411919	0.888826	0.349204	-0.441005	-0.370434
ENSMUSG00000052273	-0.164388	-0.109874	0.345951	0.217055	-0.455407	-0.068377
ENSMUSG00000052296	-0.124024	0.377800	-0.537144	-0.009999	0.116299	-0.071858
ENSMUSG00000052299	-0.156594	0.139005	-0.126474	0.335188	0.088580	-0.114547
ENSMUSG00000052305	-0.102889	-0.279409	-0.248984	0.204276	-0.635770	0.261162
ENSMUSG00000052310	-0.105006	0.416311	0.561497	0.070652	0.024393	-0.130397
ENSMUSG00000052336	-0.244124	0.467982	-0.537357	0.431523	-0.216312	0.190937
ENSMUSG00000052353	-0.294068	0.112202	-0.191021	0.146143	-0.048040	-0.153784
ENSMUSG00000052372	0.385164	0.011291	0.052540	0.190934	0.253931	-0.115803
ENSMUSG00000052373	-0.276102	-0.016121	-0.415375	-0.519784	0.504719	-0.443171
ENSMUSG00000052374	0.075716	0.659196	-0.039439	0.537529	0.239211	0.330489
ENSMUSG00000052384	-0.236002	-0.335301	-0.096052	0.556708	0.246717	-0.209689
ENSMUSG00000052392	-0.219752	0.286350	0.460732	-0.462865	-0.196072	0.357441
ENSMUSG00000052396	0.060496	0.394637	0.386976	0.301142	-0.428831	0.501108
ENSMUSG00000052397	-0.178659	0.072888	-0.024237	0.374245	0.647194	0.477377
ENSMUSG00000052415	0.344145	0.029977	-0.359862	-0.119480	0.280584	-0.532166
ENSMUSG00000052417	0.263416	0.297368	0.239936	-0.332422	-0.368481	0.336582
ENSMUSG00000052423	0.607259	-0.044887	-0.459893	-0.286294	0.197010	0.414118
ENSMUSG00000052430	0.502183	-0.317794	0.089193	-0.595515	0.167700	0.761140
ENSMUSG00000052435	-0.855575	-0.320768	0.344994	-0.607476	-0.196107	0.361430
ENSMUSG00000052446	0.402725	0.002044	-0.005145	0.122461	-0.339755	0.136093
ENSMUSG00000052459	0.083521	0.060020	0.233854	-0.118558	0.243164	-0.218517
ENSMUSG00000052468	-0.118599	-0.651304	-0.083374	-0.059484	0.577739	0.094773
ENSMUSG00000052504	-0.216912	-0.530059	1.179580	-0.077586	0.517291	0.231579
ENSMUSG00000052508	0.012368	0.066592	0.466036	-0.601471	-0.061086	0.156447
ENSMUSG00000052516	-0.339112	0.261871	0.284784	-0.073930	0.108148	-0.152694
ENSMUSG00000052520	-0.650426	-0.198026	0.674200	-0.745250	-0.027648	-0.130162
ENSMUSG00000052525	-0.107486	-0.445743	0.284717	0.100386	-0.124296	0.110172
ENSMUSG00000052533	0.364414	-0.185150	0.181752	0.103145	-0.215349	-0.319534
ENSMUSG00000052534	-0.343203	0.262157	-0.047329	0.409831	-0.512162	0.831539
ENSMUSG00000052537	-0.267577	-0.474781	0.256142	-0.512486	0.856806	-0.458556
ENSMUSG00000052539	0.313328	0.528562	0.882700	-0.899930	0.293305	0.226766
ENSMUSG00000052544	0.203849	0.166195	0.105204	0.481076	-0.136749	0.126361
ENSMUSG00000052557	-0.098265	0.353421	0.094466	0.287791	0.109484	-0.547599
ENSMUSG00000052560	-0.618221	0.254702	-0.104362	0.037480	-0.084712	0.151484
ENSMUSG00000052572	-0.025697	0.044917	-0.293036	0.405499	0.090509	-0.597150
ENSMUSG00000052581	0.098511	0.276948	-0.083792	-0.567474	-0.492260	0.020034
ENSMUSG00000052593	0.494391	-0.007377	0.567356	0.793218	-0.054746	0.328390
ENSMUSG00000052595	-0.855065	0.155557	-0.092248	0.018346	-0.225838	0.110818
ENSMUSG00000052609	0.437658	0.599144	-0.284944	-0.593931	-0.197800	0.111469
ENSMUSG00000052625	-0.438373	-0.248417	0.378492	0.015031	-0.174235	0.224461
ENSMUSG00000052632	-0.107653	-0.100513	-0.618324	-0.094412	-0.325555	0.279883
ENSMUSG00000052675	-0.120131	0.416457	-0.037272	-0.741276	0.414442	0.083245
ENSMUSG00000052681	0.367842	0.260667	0.458554	-0.057583	0.782814	0.457318
ENSMUSG00000052684	-0.049617	0.281247	0.015375	0.284812	0.005040	-0.285812
ENSMUSG00000052688	-0.227211	-0.337195	0.217991	-0.235627	-0.458061	0.658632
ENSMUSG00000052698	0.254261	-0.109765	0.028366	-0.394582	0.146218	0.177153
ENSMUSG00000052707	-0.082288	-0.472582	0.017320	-0.134754	-0.141010	-0.396138
ENSMUSG00000052736	-0.016587	0.168591	-0.277368	0.002628	0.365809	-0.104745
ENSMUSG00000052738	0.066980	-0.512879	0.109954	0.221145	-0.956865	0.216556
ENSMUSG00000052776	0.496601	-0.139591	0.069070	0.042987	0.225221	-0.147826
ENSMUSG00000052783	0.052318	-0.579588	0.172018	-0.503756	-0.103669	-0.441458
ENSMUSG00000052798	-0.326129	-0.019303	0.255943	-0.007253	-0.319549	0.014987
ENSMUSG00000052818	0.011591	0.654541	0.012570	-0.408156	0.370260	0.311309
ENSMUSG00000052819	-0.201280	0.324166	0.308435	0.083432	0.057865	0.157624
ENSMUSG00000052821	0.537528	0.100298	0.492617	-0.214922	0.340227	0.092105
ENSMUSG00000052833	-0.397246	-0.116870	0.079842	-0.281633	0.042063	0.367846
ENSMUSG00000052837	-0.106520	-0.365380	-0.612284	0.339957	0.084134	0.401163
ENSMUSG00000052850	0.461794	0.015167	-0.118882	0.287464	0.225952	-0.323289
ENSMUSG00000052861	0.026229	-0.256781	0.071964	0.119589	-0.029139	0.104379
ENSMUSG00000052889	-0.064758	0.546993	0.022579	0.186557	-0.103538	-0.417823
ENSMUSG00000052906	-0.681800	-0.600059	-0.413126	0.005549	-0.033729	-0.280982
ENSMUSG00000052911	0.291978	-0.301856	-0.662145	0.008052	0.057405	-0.517323
ENSMUSG00000052914	0.112614	0.211090	-0.147076	0.249765	0.059401	-0.132502
ENSMUSG00000052915	0.038966	0.149104	0.033149	-0.779099	-0.229015	0.359243
ENSMUSG00000052920	0.109577	-0.402339	-0.004017	-0.126336	0.283312	-0.153738
ENSMUSG00000052921	-0.196465	0.095572	0.477987	0.187517	0.745951	0.434125
ENSMUSG00000052922	-0.557005	-0.265699	0.296547	0.015870	0.383667	0.114878
ENSMUSG00000052934	-0.717864	-0.157248	0.327912	0.356048	0.735943	-0.327519
ENSMUSG00000052957	0.023900	-0.433558	0.269079	-0.227343	-0.269954	-0.098867
ENSMUSG00000052962	-0.476028	-0.089490	-0.190664	0.338178	-0.430543	0.278209
ENSMUSG00000052974	0.307967	-0.366070	0.617520	-0.144189	-0.630133	-0.276661
ENSMUSG00000052997	0.026213	0.595951	0.182633	-0.048978	0.319077	0.527534
ENSMUSG00000053004	0.097943	0.286189	1.030780	0.013008	-0.215093	-0.192178
ENSMUSG00000053007	-0.104116	-0.267078	-0.462686	0.019597	0.465496	0.627883
ENSMUSG00000053024	-0.433684	0.535650	-0.285744	-0.263127	-0.436281	-0.220104
ENSMUSG00000053025	-0.350388	0.218878	0.221089	0.557337	-0.393362	-0.204829
ENSMUSG00000053040	0.066736	-0.496711	0.087539	0.030270	-0.140531	0.289824
ENSMUSG00000053044	-0.236697	-0.421502	0.146867	0.477478	-0.391052	0.119357
ENSMUSG00000053062	-0.100403	-0.054839	-0.218646	0.448522	-0.460660	-0.236275
ENSMUSG00000053063	-0.047559	-0.481405	-0.456273	0.447412	-0.197322	0.011673
ENSMUSG00000053093	0.285775	-0.009401	0.571615	-0.118561	-0.495084	-0.000132
ENSMUSG00000053110	0.314808	-0.637286	0.452257	0.172781	0.013790	0.031889
ENSMUSG00000053113	0.014646	-0.392174	-0.326809	0.074661	-0.214212	-0.144515
ENSMUSG00000053119	-0.356548	-0.008381	0.272613	-0.313662	0.326175	-0.314587
ENSMUSG00000053137	-0.356968	0.102778	1.387963	0.640884	1.018093	1.198319
ENSMUSG00000053146	0.001172	0.397908	-0.321007	0.395805	-0.209719	0.108588
ENSMUSG00000053158	-0.353973	0.207876	-0.183857	0.327617	-0.199670	-0.273478
ENSMUSG00000053175	-0.015574	-0.484884	0.759143	-0.518101	0.243433	-0.181572
ENSMUSG00000053178	0.048759	-0.429627	-0.406052	-0.366078	0.021229	-0.190611
ENSMUSG00000053199	0.755691	0.515750	-0.228842	-0.104359	0.128893	0.055282
ENSMUSG00000053216	-0.046389	0.285731	0.179153	0.045062	-0.541145	-0.907291
ENSMUSG00000053217	-0.532887	-0.402726	-0.207711	-0.061144	-0.338724	0.091948
ENSMUSG00000053219	-0.256852	-0.294875	0.313910	0.123347	0.268672	0.491752
ENSMUSG00000053251	-0.145643	-0.355279	-0.337522	0.205637	-0.271503	-0.347696
ENSMUSG00000053268	0.114114	-0.150949	0.700443	0.141928	-0.109200	0.026448
ENSMUSG00000053279	-0.611489	-0.483094	-0.035526	0.378259	-0.362219	0.222073
ENSMUSG00000053287	0.389672	-0.568982	0.437724	-0.353044	-0.093802	-0.119532
ENSMUSG00000053291	-0.457384	0.363912	0.230773	-0.304148	-0.903447	0.007092
ENSMUSG00000053293	-0.032757	-0.028168	-0.097855	-0.223655	-0.170360	0.201961
ENSMUSG00000053317	0.602185	-0.349210	-0.013051	-0.284148	0.674885	-0.586039
ENSMUSG00000053338	0.173466	-0.127881	-0.114801	-0.059515	0.301749	0.394899
ENSMUSG00000053368	-0.034522	0.236228	0.336406	0.516216	0.156411	0.189700
ENSMUSG00000053375	0.322163	-0.487514	0.438935	0.317248	-0.572800	-0.765894
ENSMUSG00000053388	-0.003022	0.095424	0.128681	0.298378	-0.014222	0.094519
ENSMUSG00000053391	0.449139	0.603145	-0.016582	-0.266579	0.052114	-0.243274
ENSMUSG00000053395	0.059953	0.098202	0.130553	-0.229560	-0.512425	0.946113
ENSMUSG00000053398	0.027778	0.087956	-0.012795	0.124800	-0.423184	-0.365828
ENSMUSG00000053399	0.364533	-0.359031	-0.029502	-0.545511	-0.730594	-0.011033
ENSMUSG00000053436	0.018620	0.592645	-0.093112	0.830968	0.450945	1.349610
ENSMUSG00000053441	0.616907	-0.080127	-0.411247	0.039764	-0.164937	0.147406
ENSMUSG00000053453	-0.095131	0.125432	-0.135820	0.237987	-0.125792	-0.236704
ENSMUSG00000053460	0.484523	0.168863	0.419159	-0.294462	-0.263591	0.078945
ENSMUSG00000053465	0.386547	-0.231496	0.204129	0.537753	0.292844	-0.202405
ENSMUSG00000053469	-0.360273	0.024353	-0.103327	-0.454017	0.007944	-0.149646
ENSMUSG00000053470	0.306182	0.098111	0.284743	-0.121358	0.308964	0.584361
ENSMUSG00000053475	-0.206629	-1.196770	-0.528585	0.077531	0.058447	0.203880
ENSMUSG00000053477	0.120107	-0.453832	-0.494213	-0.127965	-0.516965	-0.475254
ENSMUSG00000053483	-0.351410	0.708566	0.409825	0.083870	-0.370370	0.052780
ENSMUSG00000053519	0.505100	0.149041	-0.337892	-0.236653	-0.054405	0.721467
ENSMUSG00000053536	0.114732	0.444759	0.444143	-0.452585	0.354355	0.093619
ENSMUSG00000053565	-1.038142	0.382747	-0.191052	0.183707	-0.311748	0.230548
ENSMUSG00000053600	-0.366207	-0.079389	0.162913	-0.354049	-0.425979	-0.308323
ENSMUSG00000053604	-0.154652	0.207864	0.596835	0.715692	0.146206	0.695524
ENSMUSG00000053617	-0.216147	0.328222	0.317316	0.477529	-0.299998	0.023416
ENSMUSG00000053624	-0.150875	-0.672064	0.266606	-0.215796	-0.011087	-0.116921
ENSMUSG00000053641	-0.557643	-0.444558	0.076337	0.859945	-0.119096	0.432735
ENSMUSG00000053644	-0.180633	0.198640	0.220883	-0.012032	-0.059052	0.356950
ENSMUSG00000053646	-0.368492	-0.286437	-0.054597	0.218834	-0.000958	-0.525088
ENSMUSG00000053647	0.595459	0.765630	-0.232213	0.063385	0.676943	0.107013
ENSMUSG00000053654	-0.063375	-0.318764	0.037992	0.477358	0.086116	-0.494247
ENSMUSG00000053684	-0.053701	0.519089	0.022683	-0.379130	-0.851694	-0.354154
ENSMUSG00000053716	-0.375612	0.034607	0.234563	-0.348815	-0.007411	0.094050
ENSMUSG00000053719	-0.308092	0.214940	-0.173897	0.055993	0.246242	0.101537
ENSMUSG00000053754	0.013350	0.079641	-0.304762	-0.078190	0.027595	0.197064
ENSMUSG00000053773	0.013306	-0.012381	0.009251	-0.658978	-0.030028	-0.397997
ENSMUSG00000053774	0.316006	-0.534666	-0.671727	-0.518482	0.178975	-1.477839
ENSMUSG00000053797	0.294091	0.389385	-0.833690	-0.622186	-0.109216	0.051521
ENSMUSG00000053815	-0.008334	0.369104	-0.004178	-0.539535	-0.464367	0.001685
ENSMUSG00000053819	0.490530	0.355851	0.073318	-0.200824	0.525089	-0.318244
ENSMUSG00000053820	0.101576	-0.938395	-0.313355	-0.070270	0.249867	-0.042147
ENSMUSG00000053825	0.456910	-0.053677	-0.104408	-0.308422	-0.261808	-0.135791
ENSMUSG00000053835	0.288559	0.132147	0.395147	-0.373969	-0.073401	-0.114412
ENSMUSG00000053841	0.837477	-0.078858	-0.622873	0.222480	0.068349	-0.172949
ENSMUSG00000053846	0.060226	-0.222589	0.139227	0.067527	0.265790	0.062162
ENSMUSG00000053862	0.333102	-0.045313	0.584874	0.104432	-0.640881	-0.828348
ENSMUSG00000053863	0.299025	0.094749	-0.533783	-0.073444	-0.186829	0.054026
ENSMUSG00000053870	0.050403	0.464175	0.529692	-0.157931	0.800545	-0.739731
ENSMUSG00000053897	-0.006026	-0.138721	-0.140125	0.390070	0.055906	-0.083377
ENSMUSG00000053898	-0.289299	0.668617	-0.534220	0.006448	0.730828	0.199812
ENSMUSG00000053907	-0.324754	0.049665	-0.103994	-0.401946	-0.571651	0.158978
ENSMUSG00000053914	0.019346	0.047030	-0.210722	0.198366	0.232229	-0.123636
ENSMUSG00000053916	-0.135573	0.062048	0.241112	-0.115851	0.010682	0.295718
ENSMUSG00000053965	0.603145	-0.117106	0.816395	0.462829	0.077328	-0.041046
ENSMUSG00000053977	-0.070636	0.302608	-0.127505	0.170941	0.329552	-0.760462
ENSMUSG00000053985	-0.199815	-0.280610	0.019527	0.074809	-0.313147	-0.159714
ENSMUSG00000054008	0.278655	-0.244175	0.156917	-0.240080	-0.679100	0.295187
ENSMUSG00000054021	0.441914	0.348906	-0.571816	0.271962	-0.388244	-0.344668
ENSMUSG00000054036	0.128856	0.081502	-0.029510	-0.420230	-0.075056	0.311417
ENSMUSG00000054046	-0.002267	-0.636661	-0.068741	-0.114843	0.532380	-0.117880
ENSMUSG00000054051	0.053961	0.410457	0.087728	-0.159103	-0.326531	-0.195475
ENSMUSG00000054052	0.244155	-0.286251	0.343716	0.002271	-0.954578	-0.009807
ENSMUSG00000054054	0.130354	-0.015961	-0.162725	-0.694822	-0.370991	0.082303
ENSMUSG00000054065	0.164239	0.350168	0.302682	0.194229	0.043157	0.270021
ENSMUSG00000054079	-0.541320	-0.703951	0.389046	0.970849	-0.543645	0.436961
ENSMUSG00000054091	0.051441	0.015785	-0.206847	-0.075233	0.250472	-0.047630
ENSMUSG00000054106	-0.364891	-0.163245	0.244332	-0.002578	-0.457510	0.730443
ENSMUSG00000054115	-0.342581	-0.819205	-0.176566	-1.427280	-0.376482	-1.665053
ENSMUSG00000054128	0.114342	0.226188	-0.175221	0.137129	0.025550	0.038321
ENSMUSG00000054136	0.332397	0.171035	-0.066435	-0.006147	-0.096932	0.319540
ENSMUSG00000054141	-0.433272	-0.137928	-0.319101	0.455216	0.159121	-0.149323
ENSMUSG00000054146	-0.421110	0.081001	-0.229382	0.038886	0.171724	-0.099695
ENSMUSG00000054162	-0.614245	-0.171047	0.431449	0.171167	0.487343	0.675904
ENSMUSG00000054200	0.326297	0.068276	0.177883	0.182154	0.345414	0.356081
ENSMUSG00000054203	0.523708	-0.533291	-0.344601	0.166612	0.302076	0.140975
ENSMUSG00000054204	1.030197	-0.929514	-0.087222	-0.111439	-0.246505	0.340226
ENSMUSG00000054236	-0.294050	0.814971	0.341569	0.240225	0.657706	-0.290656
ENSMUSG00000054252	0.213907	-0.049020	-0.639043	0.401560	0.029123	0.066520
ENSMUSG00000054256	0.011920	-0.447505	0.242447	-0.178914	-0.089041	0.179294
ENSMUSG00000054263	-0.299710	0.042476	0.278813	-0.184020	0.627746	0.342750
ENSMUSG00000054266	-0.120453	-0.081408	0.366596	0.281955	0.008000	-0.121001
ENSMUSG00000054277	-0.031556	-0.625420	0.866643	-0.296014	-0.206885	0.431886
ENSMUSG00000054293	-0.221798	0.066633	0.261292	0.003436	-0.228047	-0.365881
ENSMUSG00000054309	-0.305924	-0.016943	0.292687	-0.502533	-0.434198	0.511771
ENSMUSG00000054312	-0.779917	-0.468449	-0.823396	-0.210249	-0.286906	-0.484734
ENSMUSG00000054321	0.033241	0.156740	-0.089560	0.087697	0.443327	-0.181093
ENSMUSG00000054342	0.045472	-0.005969	0.157236	0.029788	0.151361	-0.185910
ENSMUSG00000054364	-0.029672	-0.312863	-0.272199	0.324073	-0.095388	0.490298
ENSMUSG00000054381	0.022153	-0.180812	0.216004	-0.472557	-0.244346	0.410147
ENSMUSG00000054385	0.312693	0.102603	-0.324733	0.357850	0.707659	-0.042955
ENSMUSG00000054387	-0.073725	-0.605128	-0.781932	0.032115	-0.496949	-0.713868
ENSMUSG00000054406	0.340088	0.208708	-0.913452	0.527571	-0.068879	0.386696
ENSMUSG00000054408	0.495087	0.369277	-0.126726	0.758212	0.234765	-0.112406
ENSMUSG00000054417	0.108231	0.008378	-0.075315	0.556671	0.023862	-0.032279
ENSMUSG00000054422	-0.350671	-0.197366	-0.323262	0.488690	0.455144	-0.206742
ENSMUSG00000054431	0.265428	-0.452618	-0.540919	-0.300030	-0.141617	-0.499839
ENSMUSG00000054455	0.451463	0.547762	0.132702	0.204596	0.105751	-0.198998
ENSMUSG00000054469	0.247524	-0.229417	0.148822	-0.062814	-0.438270	0.260571
ENSMUSG00000054477	-0.255885	0.364478	0.354640	-0.576813	0.516555	-0.346960
ENSMUSG00000054497	0.239665	-0.021420	0.096670	0.290473	0.387593	0.432156
ENSMUSG00000054498	-0.199958	0.596861	0.147229	-0.272096	-0.761348	0.012385
ENSMUSG00000054509	0.089299	0.172561	0.364724	-0.813399	-0.061517	0.115234
ENSMUSG00000054519	-0.251195	0.350564	-0.388697	-0.466114	0.440130	-0.247455
ENSMUSG00000054520	0.448926	-0.440267	-0.390474	0.279513	-0.177524	-0.386073
ENSMUSG00000054526	-0.217457	0.165901	0.332453	0.255114	-0.160591	-0.028853
ENSMUSG00000054545	-0.122624	-0.342456	-0.163861	0.430580	-0.441124	0.159668
ENSMUSG00000054555	0.031108	0.164236	0.360284	0.150970	0.107215	-0.261445
ENSMUSG00000054568	-0.363473	0.220274	0.270704	0.239109	0.207044	0.412215
ENSMUSG00000054580	-0.328534	0.248195	-0.327682	0.416827	0.010509	-0.102929
ENSMUSG00000054582	0.654883	-0.778021	0.175537	0.227480	0.157644	-0.079293
ENSMUSG00000054594	-0.082659	-0.406281	-0.296392	-0.258334	-0.119143	-0.784002
ENSMUSG00000054611	0.058117	0.283853	0.501349	-0.051721	-0.046057	-0.354963
ENSMUSG00000054630	0.410330	-0.501107	-0.381694	-0.157773	-0.076630	-0.069570
ENSMUSG00000054640	0.201094	-0.115063	-0.616505	0.615916	0.352224	0.296985
ENSMUSG00000054641	-0.312950	0.221482	0.066963	-0.210878	0.174661	-0.110089
ENSMUSG00000054648	0.294699	0.082687	0.203961	-0.167858	0.401014	-0.255109
ENSMUSG00000054662	-0.152917	0.187946	0.394806	-0.286358	-0.599364	0.144261
ENSMUSG00000054666	-0.404770	-0.203425	0.445320	0.436074	0.480921	-0.156275
ENSMUSG00000054667	-0.222912	-0.096058	-0.572358	0.259486	-0.209810	0.592093
ENSMUSG00000054693	-0.465049	0.084053	-0.413900	0.796149	-0.511708	-0.649420
ENSMUSG00000054702	0.586577	-0.316479	-0.020248	-0.405445	0.063488	-0.319461
ENSMUSG00000054717	-0.153237	-0.335090	0.189977	0.156086	0.981967	0.192523
ENSMUSG00000054720	-0.222527	-0.374150	-0.235534	-0.631922	0.476189	-0.252674
ENSMUSG00000054733	-0.041474	-0.259764	0.300193	-0.458788	-0.660776	-0.490188
ENSMUSG00000054757	0.214132	-0.038468	0.273664	0.132132	-0.315188	-0.277184
ENSMUSG00000054759	-0.834684	-0.147256	-0.134717	-0.673749	-0.264618	0.377940
ENSMUSG00000054763	0.008271	-0.002565	0.315663	-0.385854	0.233946	-0.446090
ENSMUSG00000054764	0.184531	-0.112714	0.336499	-0.136682	0.175302	-0.320367
ENSMUSG00000054766	0.342076	0.179109	-0.086809	0.066100	0.481878	0.223356
ENSMUSG00000054793	0.059269	0.317978	0.260676	0.091163	-0.308182	-0.055304
ENSMUSG00000054808	0.521311	0.029683	-0.003715	0.073372	-0.065359	0.567546
ENSMUSG00000054823	0.095327	-0.359500	0.169031	0.043207	0.031545	0.217335
ENSMUSG00000054827	0.307721	0.499452	-0.162751	-0.066607	0.687963	-0.453406
ENSMUSG00000054855	-0.154940	0.490064	0.648977	-0.236362	-0.223671	0.190602
ENSMUSG00000054889	0.116172	-0.181549	0.181781	0.257031	0.253611	-0.303951
ENSMUSG00000054890	-0.195570	-0.263925	0.039458	-0.241749	0.222659	-0.468516
ENSMUSG00000054892	0.027313	0.457419	0.370112	-0.364751	-0.019541	0.464548
ENSMUSG00000054893	-0.393295	0.402844	-0.245581	0.088524	0.076135	0.324811
ENSMUSG00000054894	0.007750	0.608350	-0.160684	-0.425825	-0.036981	-0.657527
ENSMUSG00000054901	0.116797	0.049413	0.094572	-0.201391	-0.024982	-0.311955
ENSMUSG00000054931	0.188178	0.413152	0.022059	0.229500	-0.031912	0.243907
ENSMUSG00000054932	-0.266692	0.267547	-0.187853	-0.246256	-0.563038	-0.619493
ENSMUSG00000054934	-0.053683	0.277077	-0.319571	0.214482	-0.135425	-0.023526
ENSMUSG00000054938	-0.089004	-0.140427	0.009052	-0.364776	0.076301	-0.295911
ENSMUSG00000054940	0.851818	-0.308054	0.115912	-0.233279	-0.893771	-0.443373
ENSMUSG00000054942	0.026772	-0.425843	0.243716	-0.124060	-0.554878	0.172139
ENSMUSG00000054958	-0.009870	-0.604098	-0.156780	0.285303	0.097262	0.267048
ENSMUSG00000054967	-0.065396	0.080987	-0.472566	0.373279	0.067067	0.162398
ENSMUSG00000054978	0.305058	0.510943	0.472534	0.285929	0.027769	0.726793
ENSMUSG00000054988	-0.012843	-0.437816	0.089434	0.190692	0.369769	0.079888
ENSMUSG00000055022	-0.417609	-0.233687	0.410623	0.443841	-0.015022	-0.504148
ENSMUSG00000055024	0.259083	0.007742	0.216263	-0.412862	0.151884	0.053076
ENSMUSG00000055026	0.024732	0.280948	0.600187	0.197972	0.490813	-0.017558
ENSMUSG00000055027	0.316986	-0.147985	0.133647	0.300031	-0.006067	-0.140387
ENSMUSG00000055033	-0.493069	0.165812	0.477347	0.098667	0.092572	0.215258
ENSMUSG00000055065	-0.310981	0.353116	0.180369	0.558196	0.281008	-0.075694
ENSMUSG00000055067	-0.042709	-0.026978	-0.161109	-0.322977	-0.057911	0.403711
ENSMUSG00000055069	-0.023892	-0.424625	-0.561733	0.140965	-0.539148	0.162978
ENSMUSG00000055078	-0.455331	0.101040	-0.418036	-0.384099	0.065357	0.061107
ENSMUSG00000055088	0.675903	-0.181762	-0.234831	0.332615	-0.033113	-0.364200
ENSMUSG00000055095	-0.727807	0.183818	-0.051875	-0.038757	0.187017	-0.058342
ENSMUSG00000055116	-0.072133	0.107920	-0.113724	0.228452	0.386201	-0.213776
ENSMUSG00000055148	-0.293582	0.372356	-0.050634	0.179434	0.266049	-0.063777
ENSMUSG00000055150	0.101307	-0.229089	0.124141	0.093723	0.531870	-0.107144
ENSMUSG00000055170	-0.067573	0.271622	-0.021743	0.247936	-0.079152	-0.079876
ENSMUSG00000055172	-0.085645	0.512453	0.420977	-0.015142	-0.089550	-0.035812
ENSMUSG00000055239	0.680570	0.371027	0.179533	0.276008	-0.071464	0.621798
ENSMUSG00000055254	-0.166190	-0.158345	0.270679	0.231661	-0.267304	0.159199
ENSMUSG00000055301	0.484739	-0.964677	-0.599725	0.584113	0.033684	-0.146628
ENSMUSG00000055320	0.236456	0.068216	-0.214533	0.432762	0.063561	0.110106
ENSMUSG00000055334	-0.332675	0.525733	-0.102390	-0.204110	-0.213648	0.478429
ENSMUSG00000055341	0.285450	0.722466	-0.138586	0.273608	0.472350	0.258651
ENSMUSG00000055368	0.007512	-0.979127	0.271060	0.052731	0.336157	-0.227013
ENSMUSG00000055371	-0.253023	0.203139	-0.476462	0.743151	-0.051906	0.737530
ENSMUSG00000055373	0.438965	0.478233	0.858009	0.217831	-0.264964	0.299881
ENSMUSG00000055401	0.502315	0.041183	0.498217	0.426767	-0.065570	-0.417316
ENSMUSG00000055415	-0.357304	0.040413	-0.123176	0.538541	0.364528	-0.039293
ENSMUSG00000055435	0.411967	-0.486588	0.175165	0.054551	-0.208211	-0.541169
ENSMUSG00000055436	0.136771	0.270968	0.041491	-0.135053	-0.178125	-0.096600
ENSMUSG00000055447	-0.052313	-0.321525	-0.428632	0.017816	0.005212	0.481319
ENSMUSG00000055471	0.445241	-0.379331	0.135814	0.474049	-0.611649	-0.190909
ENSMUSG00000055480	-0.324079	-0.152783	-0.004111	-0.038240	-0.094203	0.007084
ENSMUSG00000055489	-0.349561	-0.210157	0.622978	0.176628	-0.283961	0.068462
ENSMUSG00000055523	0.869871	-0.072206	-0.943357	0.340943	-0.120473	-0.059188
ENSMUSG00000055531	0.324692	0.551647	0.292538	-0.125197	-0.519500	0.253668
ENSMUSG00000055540	0.398265	-0.127275	-0.201524	-0.580571	0.264232	0.226953
ENSMUSG00000055541	-0.271717	-0.196407	0.012951	0.045492	0.276504	-0.055280
ENSMUSG00000055546	0.229594	0.168588	-0.007458	0.052058	0.083304	0.155799
ENSMUSG00000055547	-0.032668	-0.058987	0.711345	-0.366083	0.592790	0.663921
ENSMUSG00000055561	0.128432	0.292166	0.721568	0.653001	0.238479	-0.319492
ENSMUSG00000055567	-0.205409	-0.778288	0.076717	-0.083111	0.270063	0.117903
ENSMUSG00000055571	-0.011663	-0.252838	-0.384952	-0.200586	-0.430284	-0.096207
ENSMUSG00000055610	0.329334	-0.471095	-0.668084	-0.110221	-0.330430	0.168192
ENSMUSG00000055629	-0.114327	0.523082	0.408402	0.315985	0.168023	-0.318381
ENSMUSG00000055652	-0.036089	-0.327298	0.067629	-0.378008	0.122677	0.015866
ENSMUSG00000055653	-0.667927	-0.328328	0.040644	-0.869611	0.075149	-0.179972
ENSMUSG00000055681	-0.108048	-0.759106	-0.608825	0.115591	0.101157	0.441451
ENSMUSG00000055723	0.013788	-0.157320	0.215861	0.302147	-0.268092	0.059191
ENSMUSG00000055725	0.261208	0.151358	-0.128247	-0.200471	-0.047754	0.671504
ENSMUSG00000055737	0.417351	0.048573	0.127217	-0.092702	-0.857636	-0.891839
ENSMUSG00000055760	0.129794	0.402983	-0.486159	0.198939	0.203905	-0.071754
ENSMUSG00000055762	0.173145	0.505334	0.215531	-0.792404	-0.414835	-0.443046
ENSMUSG00000055775	-0.007839	0.365014	0.448689	-0.501853	-0.184507	-0.335806
ENSMUSG00000055780	0.059862	-0.255215	0.469131	-0.164533	-0.562349	-0.222681
ENSMUSG00000055782	0.664217	0.668322	-0.884247	0.175761	0.372662	-0.466566
ENSMUSG00000055799	-0.439247	0.206931	0.238368	0.440008	-0.649376	0.082315
ENSMUSG00000055805	-0.033325	-0.311393	0.284870	0.080984	-0.105649	0.140780
ENSMUSG00000055811	0.670193	-0.050455	0.003261	-0.131235	0.144001	0.350455
ENSMUSG00000055817	-0.035589	-0.307215	-0.534424	0.589126	0.147840	0.161974
ENSMUSG00000055820	-0.012448	-0.817526	-0.073600	-0.417817	0.123191	0.328671
ENSMUSG00000055835	0.027582	0.038641	0.642274	-0.251929	-0.384089	0.253511
ENSMUSG00000055838	0.069884	0.505561	-0.017684	-0.705557	-0.035588	0.069477
ENSMUSG00000055839	0.388763	-0.259023	-0.284063	0.254532	-0.236354	0.404760
ENSMUSG00000055850	0.789152	-0.210413	-0.487900	-0.329362	-0.110536	0.123797
ENSMUSG00000055862	-0.441172	0.122892	0.034704	-0.242284	-0.494380	-0.265381
ENSMUSG00000055866	0.150334	-0.179290	-0.273294	-0.166557	-0.504854	0.263408
ENSMUSG00000055884	0.202512	-0.210844	0.831369	-0.553208	0.070219	0.417972
ENSMUSG00000055932	-0.003965	0.171142	-0.207264	-0.281337	-0.500058	0.032592
ENSMUSG00000055937	-0.070584	0.026785	0.107051	0.167423	-0.231570	0.345028
ENSMUSG00000055971	0.131573	-0.381044	0.330981	-0.084018	-0.108218	0.304564
ENSMUSG00000055976	0.087807	0.001656	0.755656	-0.236774	0.161638	0.667524
ENSMUSG00000055978	-0.073428	-0.265321	-0.327634	-0.147486	0.189694	0.008076
ENSMUSG00000055980	-0.133296	0.295606	0.358908	0.015621	0.218109	0.099212
ENSMUSG00000055991	-0.087616	0.023464	-0.832825	-0.066286	0.167095	-0.513156
ENSMUSG00000055994	-0.274610	-0.251736	0.465920	0.269802	0.024613	-0.472206
ENSMUSG00000056025	-0.074375	-0.304973	-0.203197	0.194605	-0.091085	0.746204
ENSMUSG00000056035	-0.228731	0.046528	0.412812	0.170843	-0.250624	-0.034717
ENSMUSG00000056043	0.332053	0.537233	-0.648444	0.231986	-0.315784	-0.202328
ENSMUSG00000056050	0.219187	0.006559	-0.006012	-0.286083	0.156871	-0.194417
ENSMUSG00000056054	0.354989	-0.904985	-0.062853	0.095201	0.380227	-0.294621
ENSMUSG00000056055	-0.021014	-0.244872	0.143668	-0.102810	-0.246189	0.313750
ENSMUSG00000056071	0.347237	-0.357456	-0.035164	-0.241932	-0.198085	0.208290
ENSMUSG00000056073	0.351558	-0.326140	0.153580	0.026403	-0.661668	-0.001692
ENSMUSG00000056076	-0.624175	0.298446	-0.331227	0.309436	-0.714097	0.116937
ENSMUSG00000056078	0.226919	-0.040177	0.473142	0.592121	-0.218054	-0.266775
ENSMUSG00000056091	0.051507	-0.014705	-0.023727	0.087310	-0.368357	-0.429290
ENSMUSG00000056116	0.270764	0.005676	-0.167982	-0.204521	0.086045	0.379608
ENSMUSG00000056124	0.545336	0.015136	0.177165	-0.000215	0.032057	0.534357
ENSMUSG00000056130	0.133934	-0.040856	-0.213530	0.301654	0.053579	0.059414
ENSMUSG00000056131	0.245918	0.598075	-0.269941	0.170233	-0.470896	-0.379233
ENSMUSG00000056148	-0.191457	-0.862855	0.047112	-0.035366	0.216660	-0.378620
ENSMUSG00000056153	0.176669	-0.160434	-0.639124	-0.058133	-0.195201	-0.533340
ENSMUSG00000056162	-0.309176	0.476705	0.270192	0.792345	-0.426791	-0.352444
ENSMUSG00000056167	0.151496	0.056705	0.366426	-0.423808	0.147361	-0.518397
ENSMUSG00000056174	0.106887	0.187473	0.204121	-0.315090	0.250457	0.394908
ENSMUSG00000056184	-0.295115	0.065018	0.790230	0.039028	0.193808	-0.675395
ENSMUSG00000056201	-0.377172	-0.393638	-0.229000	0.421871	-0.286828	0.189794
ENSMUSG00000056203	-0.085340	0.430534	0.064164	-0.041799	0.601006	-0.026486
ENSMUSG00000056214	0.265382	0.238690	-0.015651	0.346711	-0.471203	-0.203452
ENSMUSG00000056216	-0.287744	0.153645	-0.871951	-0.569104	-0.304557	-0.475075
ENSMUSG00000056220	0.679305	0.302652	-0.512333	0.116606	-0.309125	-0.278715
ENSMUSG00000056228	0.157424	0.240766	0.206298	-0.652597	-0.105705	0.895533
ENSMUSG00000056234	-0.147864	0.159145	0.717509	0.726284	0.697880	0.273148
ENSMUSG00000056258	-0.351181	0.061463	0.431843	-0.054869	0.006900	0.601998
ENSMUSG00000056267	-0.239657	0.104292	-0.077599	0.016545	-0.408740	0.251045
ENSMUSG00000056268	0.570221	-0.124820	-0.135162	0.011623	-0.099775	-0.128996
ENSMUSG00000056271	-0.332186	0.513310	0.221378	-0.334206	-0.297819	-0.105225
ENSMUSG00000056281	0.162493	0.366689	0.092677	0.007011	0.075739	-0.101512
ENSMUSG00000056305	0.352793	-0.182614	-0.035426	-0.147835	0.272553	-0.219013
ENSMUSG00000056342	-0.205521	0.468037	-0.322787	0.358858	0.259375	-0.395342
ENSMUSG00000056350	-0.302926	0.476775	0.422496	0.294053	-0.665157	-0.047230
ENSMUSG00000056367	-0.137997	0.112473	-0.254245	0.139710	0.027392	0.057583
ENSMUSG00000056370	0.028644	-0.218725	-0.019535	0.112506	0.319919	-0.231058
ENSMUSG00000056379	0.126757	0.230081	-0.192477	0.235512	-0.237201	0.069147
ENSMUSG00000056380	-0.083961	0.253899	0.151187	0.609666	0.531535	0.044006
ENSMUSG00000056394	0.248417	0.106772	-0.056073	0.019998	0.026836	0.480514
ENSMUSG00000056423	0.206220	-0.310384	0.296876	0.276505	0.041140	0.535220
ENSMUSG00000056426	-0.498822	-0.198379	-1.076706	-0.387293	0.569793	-0.298401
ENSMUSG00000056427	0.129996	-0.607065	-0.147048	-0.211236	0.110877	-0.085863
ENSMUSG00000056429	-0.036737	-0.121700	0.066381	0.234693	0.313499	0.271048
ENSMUSG00000056436	-0.603402	-0.260826	0.887611	-0.020448	-0.190814	0.273288
ENSMUSG00000056476	0.679774	-0.030625	0.002911	-0.151963	-0.455823	0.532724
ENSMUSG00000056486	-0.065241	0.127698	-0.178140	0.332961	0.635217	0.029470
ENSMUSG00000056492	0.106237	-0.151837	0.147224	-0.511532	0.118274	0.007150
ENSMUSG00000056493	-0.550824	-0.682745	0.323762	-0.397524	-0.340739	-0.282974
ENSMUSG00000056494	0.566103	-0.833922	0.318844	0.230840	0.154813	0.204346
ENSMUSG00000056501	0.184982	-0.261620	-0.454169	0.020896	-0.017102	0.276935
ENSMUSG00000056515	-0.456158	0.096157	-0.023438	0.537763	-0.763575	-0.206579
ENSMUSG00000056529	0.532051	-0.754516	-0.212302	-0.361473	0.186835	-0.171296
ENSMUSG00000056536	-0.089477	-0.210153	0.527683	-0.158814	0.055029	-0.084752
ENSMUSG00000056537	0.122614	0.386869	0.156312	0.398863	-0.003135	0.034642
ENSMUSG00000056544	-0.357872	-0.063112	-0.602523	0.210559	0.019098	-0.035244
ENSMUSG00000056553	-0.431407	0.151082	0.094772	-0.154594	-0.275165	-0.211308
ENSMUSG00000056564	0.131894	-0.070344	-0.019437	-0.081956	0.634043	0.042583
ENSMUSG00000056569	-0.014252	0.217642	0.177055	0.536899	-0.951408	-0.021735
ENSMUSG00000056592	0.260737	0.290244	0.145522	0.451714	-0.162527	0.573839
ENSMUSG00000056600	0.761149	-0.738663	0.200274	-0.083221	0.221507	0.726974
ENSMUSG00000056605	-0.013181	-0.161978	0.240909	-0.288257	-0.255393	0.082251
ENSMUSG00000056608	-0.318980	0.029288	-0.270536	-0.439654	0.403226	0.672775
ENSMUSG00000056632	-0.080155	-0.017517	-0.271058	0.039962	0.370479	0.267420
ENSMUSG00000056643	0.291172	-0.388174	-0.346318	-0.228437	0.291205	0.520921
ENSMUSG00000056656	-0.150932	-0.228978	0.099184	0.629002	-0.547422	0.078808
ENSMUSG00000056666	0.228241	-0.330409	0.549388	-0.369161	0.157325	0.213684
ENSMUSG00000056673	0.165505	-0.343934	0.196872	-0.438356	0.168794	-0.484717
ENSMUSG00000056696	-0.136650	0.069133	0.486867	1.101902	-0.632179	1.128335
ENSMUSG00000056749	0.340581	-0.161787	-0.068424	0.028096	-0.021201	0.390448
ENSMUSG00000056752	0.038570	-0.149594	-0.073038	0.225886	-0.699850	-0.223274
ENSMUSG00000056755	-0.079377	-0.529061	0.397973	0.589877	0.046034	0.048225
ENSMUSG00000056758	-0.684338	-0.495161	-0.330083	-0.468239	-0.213818	-0.394177
ENSMUSG00000056770	-0.200985	0.034073	-0.311431	-0.023160	-0.020503	0.111703
ENSMUSG00000056782	0.504052	-0.403683	-0.357193	-0.155612	-0.394055	0.171529
ENSMUSG00000056812	-0.567035	-0.007579	-0.186811	-0.537535	0.348637	-0.350995
ENSMUSG00000056820	-0.402263	-0.243135	-0.282073	0.000571	0.005216	0.420914
ENSMUSG00000056822	0.309571	0.288943	-0.019849	-0.172193	0.200492	0.479688
ENSMUSG00000056832	-0.111674	-0.760722	0.314332	-0.211922	-0.311187	-0.028501
ENSMUSG00000056851	0.169348	0.490102	0.092542	-0.095470	0.174672	0.327804
ENSMUSG00000056853	0.059244	0.616555	0.402586	-0.065570	0.319272	-0.033914
ENSMUSG00000056858	0.312065	-0.290884	-0.225767	0.439743	-0.130312	-0.217112
ENSMUSG00000056863	-0.099161	0.023439	-0.571029	-0.047530	-0.413419	-0.342893
ENSMUSG00000056870	0.307147	0.093116	0.353266	0.145118	0.074128	-0.120759
ENSMUSG00000056880	-0.290570	0.365278	-0.472145	0.309127	-0.102625	0.347075
ENSMUSG00000056883	-0.219894	0.240557	-0.424898	0.113123	-0.215337	-0.243610
ENSMUSG00000056885	-0.267022	-0.637765	0.125150	-0.441367	0.442785	-0.000123
ENSMUSG00000056888	-0.020423	0.010097	0.029316	-0.190512	0.343141	-0.333743
ENSMUSG00000056895	0.316681	0.040482	-0.079929	-0.144719	-0.728430	0.193995
ENSMUSG00000056900	-0.163854	-0.312121	0.404990	0.177123	0.322428	0.075164
ENSMUSG00000056917	0.251949	-0.296098	0.383812	-0.449697	-0.460775	0.376007
ENSMUSG00000056919	0.629425	-0.372920	-0.295420	0.528777	-0.254918	0.276482
ENSMUSG00000056921	-0.351007	0.970864	0.327501	0.155005	-0.001460	0.519088
ENSMUSG00000056941	-0.421702	-0.127473	-0.209393	-0.569375	-0.001030	-0.438785
ENSMUSG00000056946	-0.967954	0.365213	-0.445051	-0.406424	-0.162116	0.940143
ENSMUSG00000056959	-0.539583	-0.655557	-0.316211	0.255042	-0.343308	0.757800
ENSMUSG00000056961	0.227668	-0.373153	0.228777	0.551591	0.580374	0.051651
ENSMUSG00000056962	0.299483	-0.027806	-0.113177	-0.048157	-0.265512	-0.116058
ENSMUSG00000056973	-0.025213	0.145648	0.215035	0.290998	0.161267	0.598040
ENSMUSG00000056978	-0.147986	-0.760797	0.086860	-0.023425	0.178821	0.208105
ENSMUSG00000056995	-0.720790	0.148933	0.185757	-0.229945	-0.507646	-0.505637
ENSMUSG00000057000	-0.400429	0.511918	-0.087859	-0.474579	0.298291	-0.053703
ENSMUSG00000057037	0.088269	0.014087	-0.004916	0.356320	-0.351400	0.138019
ENSMUSG00000057050	0.145403	-0.039101	0.430653	0.930824	-0.395604	0.228585
ENSMUSG00000057058	0.279660	0.102082	-0.385584	-0.489158	0.008116	-0.088845
ENSMUSG00000057067	0.134172	-0.230518	-0.135612	-0.128954	-0.194694	-0.036267
ENSMUSG00000057069	0.307169	-0.440320	-0.733568	-0.141427	0.037855	-0.232442
ENSMUSG00000057074	-0.146203	-0.340745	-0.553473	-0.339116	0.523737	-0.242981
ENSMUSG00000057092	0.438402	0.112825	-0.033819	0.075317	-0.217127	0.538382
ENSMUSG00000057101	-0.730731	0.245043	0.145669	0.306264	-0.310295	0.782399
ENSMUSG00000057103	-0.135459	-0.561024	-0.398141	0.342494	0.149876	-0.804227
ENSMUSG00000057113	-0.599196	-0.378614	0.269145	0.044690	-0.062380	-0.629844
ENSMUSG00000057116	0.297871	0.716675	-0.547454	-0.555205	0.552288	0.213947
ENSMUSG00000057123	-0.014382	0.422300	0.421218	-0.069458	-1.147065	0.389596
ENSMUSG00000057134	0.195308	-0.284805	0.330795	-0.223886	0.489856	-0.215253
ENSMUSG00000057143	0.360281	0.102743	0.328949	0.160149	-0.108337	0.458957
ENSMUSG00000057147	0.237019	0.063904	0.494376	-0.234218	0.017919	-0.148314
ENSMUSG00000057149	0.413723	0.022000	0.176060	-0.065530	-0.252625	0.599240
ENSMUSG00000057163	-0.120317	0.238469	-0.269786	0.073118	0.443912	0.319919
ENSMUSG00000057177	0.580777	-0.099720	0.346762	-0.021965	0.160923	0.247804
ENSMUSG00000057179	-0.475032	-0.044693	-0.076549	-0.594340	0.075587	0.075827
ENSMUSG00000057182	-0.195276	-0.103442	-0.257403	0.201854	0.723230	-0.104279
ENSMUSG00000057193	0.344221	0.590698	-0.266127	0.141802	-0.099731	-0.168836
ENSMUSG00000057207	-0.974938	-0.846555	0.143263	-0.007754	-0.230513	-0.424212
ENSMUSG00000057228	0.296363	0.472120	-0.371886	-0.114065	-1.069416	0.623196
ENSMUSG00000057229	0.776034	-0.485518	0.126439	-0.369230	0.027929	-0.915015
ENSMUSG00000057230	-0.662981	0.026067	0.075862	0.073994	0.575242	-0.185952
ENSMUSG00000057236	0.285939	0.159547	0.295975	-0.341822	-0.106580	-0.082333
ENSMUSG00000057244	-0.656055	0.180874	1.230422	-0.204680	0.570962	0.208782
ENSMUSG00000057270	-0.268364	-0.433222	-0.150357	0.014317	0.018491	0.065858
ENSMUSG00000057278	0.331905	-0.220250	0.056764	0.193413	-0.130709	0.000872
ENSMUSG00000057286	0.290805	0.112611	0.386061	0.068426	-0.158244	0.304176
ENSMUSG00000057315	-0.008354	-0.208209	0.083904	0.099923	-0.427626	0.546920
ENSMUSG00000057321	0.044433	-0.520136	0.072948	-0.762229	-0.043130	-0.570043
ENSMUSG00000057322	-0.055316	0.358647	-0.216946	-0.386102	0.251327	0.142407
ENSMUSG00000057329	0.055896	0.142304	0.116757	-0.358629	-0.101068	0.281846
ENSMUSG00000057337	-0.126005	0.116827	0.034902	0.079281	-0.036545	0.370303
ENSMUSG00000057342	0.040436	-0.214460	0.375497	-0.333065	-0.152049	0.444606
ENSMUSG00000057346	-0.222970	0.221558	0.085549	-0.143415	0.741622	0.564255
ENSMUSG00000057349	-0.010733	-0.159445	-0.460364	0.005994	-0.783856	0.501292
ENSMUSG00000057363	-0.338741	0.114539	-0.618577	0.127996	-0.142825	-0.187292
ENSMUSG00000057367	-0.306936	-0.367679	-1.465742	-0.407136	-1.330517	-1.231752
ENSMUSG00000057378	0.494419	-0.070254	0.436968	0.185996	0.021272	0.050019
ENSMUSG00000057388	0.597145	0.181070	-0.112783	-0.122576	-0.306247	0.372757
ENSMUSG00000057396	-0.094952	0.084087	-0.009884	0.895334	0.123807	0.199435
ENSMUSG00000057400	-0.355213	-0.661112	-0.345875	0.329445	0.225804	-0.405838
ENSMUSG00000057406	-0.057427	0.263275	-0.328720	0.397782	-0.437297	-0.158488
ENSMUSG00000057409	0.404355	-0.053959	0.000585	-0.062995	-0.233096	0.041375
ENSMUSG00000057421	-0.620309	-0.024732	0.540049	0.366589	0.032345	0.452345
ENSMUSG00000057424	0.245516	0.678171	0.365401	0.260898	0.097568	-0.296830
ENSMUSG00000057425	-0.082404	0.373980	-0.033465	0.321495	-0.378218	0.161791
ENSMUSG00000057439	-0.235949	0.318203	0.403665	0.120530	-0.510284	0.063714
ENSMUSG00000057440	0.563036	0.405405	0.193502	-0.282094	0.205515	0.163094
ENSMUSG00000057443	-0.008380	0.169560	-0.174943	-0.150886	-0.048305	-0.427638
ENSMUSG00000057444	0.078209	0.156783	-0.541813	-0.005395	-0.544526	-0.205754
ENSMUSG00000057447	-0.768556	-0.292176	-0.098432	-0.099330	-0.097019	0.331678
ENSMUSG00000057454	-0.000625	-0.005856	-0.052974	-0.162045	-0.435671	0.027135
ENSMUSG00000057461	0.598394	0.384111	-0.178696	0.118937	0.549185	-0.114018
ENSMUSG00000057464	-0.378329	-0.059086	0.000270	0.298147	-0.361191	-0.348031
ENSMUSG00000057469	-0.018901	-0.116975	0.022009	-0.296748	0.094854	-0.335210
ENSMUSG00000057503	0.054964	-0.529635	-0.143616	0.047404	0.174481	0.722392
ENSMUSG00000057522	-0.576035	0.130859	0.122116	-0.226748	0.496432	0.030437
ENSMUSG00000057530	-0.038690	0.030575	0.258579	-0.329385	-0.232135	0.603670
ENSMUSG00000057531	-0.390118	0.251476	0.097882	0.746569	-0.486303	-0.212801
ENSMUSG00000057540	0.588176	0.122829	0.888791	0.098118	-0.154514	-0.598114
ENSMUSG00000057551	0.382953	0.249155	0.164540	0.444259	-0.619172	-0.281993
ENSMUSG00000057564	0.266119	-0.129101	0.148736	-0.083668	-0.014543	0.234418
ENSMUSG00000057596	0.003161	-0.247128	0.189576	-0.399642	0.211703	0.431876
ENSMUSG00000057604	-0.028753	0.155710	0.080850	0.287347	-0.030764	0.532581
ENSMUSG00000057614	0.611947	0.422761	-0.127583	0.298907	-0.245102	-0.375949
ENSMUSG00000057637	0.036500	-0.442008	-0.080709	-0.153177	0.096961	0.358038
ENSMUSG00000057649	-0.454677	0.272054	0.253263	0.302960	0.139154	-0.342258
ENSMUSG00000057650	0.222242	0.181230	-0.399327	-0.769043	0.093328	0.212257
ENSMUSG00000057654	0.623653	0.304185	0.210482	-0.208750	0.362990	0.300038
ENSMUSG00000057666	-0.011482	0.006114	0.169553	0.531816	-0.058907	0.385855
ENSMUSG00000057667	0.080372	-0.086503	-0.670259	-0.214636	-0.169786	0.234366
ENSMUSG00000057672	0.227538	-0.039628	-0.379663	0.446392	-0.132832	0.761191
ENSMUSG00000057674	0.198975	0.298145	0.122436	-0.397492	-0.257108	-0.007500
ENSMUSG00000057691	0.420929	0.197833	0.448304	0.056828	0.032532	-0.534164
ENSMUSG00000057699	0.446453	0.543992	-0.434643	-0.287629	0.238245	-0.158536
ENSMUSG00000057722	-0.033557	-0.144474	0.347399	-0.013382	-0.070239	0.068195
ENSMUSG00000057723	0.215669	0.340816	-0.073008	-0.552299	-0.349148	-0.359081
ENSMUSG00000057726	-0.622017	-0.176697	0.269869	-0.184328	0.526676	0.060675
ENSMUSG00000057729	0.178367	0.084929	-0.427694	-0.759381	-0.161051	-0.214592
ENSMUSG00000057735	0.283783	0.159808	0.327088	-0.379670	0.006847	0.216628
ENSMUSG00000057738	-0.169062	-0.732594	-0.355588	0.564970	0.096242	0.209754
ENSMUSG00000057754	0.166551	-0.074925	0.423012	-0.419041	0.018889	-0.269216
ENSMUSG00000057761	-0.453613	0.712513	0.020129	-0.448872	0.502168	-0.353400
ENSMUSG00000057770	-0.013360	0.709419	-0.840759	0.152317	-0.328932	0.148064
ENSMUSG00000057788	0.029756	0.186917	0.396028	-0.101221	0.102181	-0.150697
ENSMUSG00000057789	-0.142172	-0.253712	-0.529263	-0.269640	-0.016852	-0.228071
ENSMUSG00000057801	-0.131100	-0.125952	0.386877	-0.370549	-0.251778	0.099578
ENSMUSG00000057817	-0.302310	0.368249	0.245667	-0.046127	-0.208910	-0.353091
ENSMUSG00000057841	-0.333866	0.131873	0.019121	0.117832	-0.005482	-0.544237
ENSMUSG00000057855	0.176272	0.320479	0.577086	-0.138967	-0.408489	0.533440
ENSMUSG00000057863	0.534409	0.177350	0.509391	-0.144528	-0.085690	-0.062440
ENSMUSG00000057880	-0.301205	0.268672	0.418266	-0.582574	0.209159	-0.173523
ENSMUSG00000057890	-0.228772	-0.182073	-0.163004	0.319996	-0.144112	-0.772104
ENSMUSG00000057897	-0.330669	-0.211524	-0.036648	0.501570	-1.033499	-0.349271
ENSMUSG00000057903	0.012932	-0.334053	0.195954	-0.214666	0.156113	-0.522814
ENSMUSG00000057914	-0.043966	-0.617959	-0.008605	0.037720	-0.532918	-0.377170
ENSMUSG00000057933	0.369090	-0.279589	0.072172	0.310722	0.255126	-0.800951
ENSMUSG00000057948	-0.150091	0.454069	-0.001733	0.451668	0.011702	-0.736029
ENSMUSG00000057963	0.111877	0.067328	-0.127969	0.442221	-0.383815	0.034185
ENSMUSG00000057967	0.246765	-0.275278	0.016002	-0.109339	0.141298	0.077412
ENSMUSG00000057969	-0.244031	0.406246	-0.310272	0.160932	-0.839061	0.180639
ENSMUSG00000057997	-0.337819	0.311953	-0.014676	0.114663	0.263628	-0.109792
ENSMUSG00000058005	-0.087285	0.522698	0.003669	0.074333	0.657103	0.108288
ENSMUSG00000058014	-0.203407	-0.076536	0.363843	0.068039	0.101789	-0.039771
ENSMUSG00000058017	0.115113	0.288417	-0.264936	-0.284194	-0.042396	-0.701361
ENSMUSG00000058071	0.335390	0.720564	0.097882	0.394304	0.299788	0.039266
ENSMUSG00000058076	0.260363	-0.563761	-0.919211	0.100698	-0.118758	0.259314
ENSMUSG00000058084	-0.473112	-0.249874	-0.046667	0.123788	-0.113635	-0.601269
ENSMUSG00000058099	0.077871	0.787127	-0.686822	-0.049003	-0.273159	-0.070369
ENSMUSG00000058114	-0.006985	0.274927	0.181398	-0.580761	0.572571	0.116502
ENSMUSG00000058119	-0.508147	-0.406126	0.073084	0.189517	0.446018	0.826433
ENSMUSG00000058124	-0.559617	-0.507438	0.172828	-0.446432	0.196999	0.646360
ENSMUSG00000058135	0.346478	0.078466	-0.149439	0.206202	-0.086550	0.326794
ENSMUSG00000058145	-0.267563	-0.115178	0.737014	-0.103543	-0.118425	-0.306333
ENSMUSG00000058152	-0.373845	-0.389954	-0.290230	-0.305785	0.375784	0.131373
ENSMUSG00000058188	0.091355	-0.080890	0.308012	-0.393639	0.043464	-0.024462
ENSMUSG00000058192	0.009610	0.314483	-0.259506	0.438912	0.277556	0.247999
ENSMUSG00000058194	-0.253925	-0.217128	-1.173218	0.219522	-0.038634	-0.052836
ENSMUSG00000058200	0.152958	0.217350	-0.523567	0.615059	0.154581	-0.172031
ENSMUSG00000058216	-0.797893	0.190002	-0.512754	-0.389055	-0.133529	-0.218275
ENSMUSG00000058230	-0.420684	-0.662862	-0.288920	-0.291527	0.042871	-0.107788
ENSMUSG00000058239	-0.417686	-0.261408	0.229823	-0.153477	-0.205657	0.526020
ENSMUSG00000058244	-0.229458	-0.055611	-0.277062	-0.178597	0.074161	0.125914
ENSMUSG00000058250	-0.240317	-0.449894	0.554591	-0.136561	-0.163790	-0.037109
ENSMUSG00000058251	-0.150534	-0.554868	0.025786	-0.650147	0.088470	0.479741
ENSMUSG00000058254	-0.051643	-0.100388	0.679201	-0.038725	0.466872	0.389661
ENSMUSG00000058258	-0.138465	0.141266	-0.217149	0.332783	-0.148888	-0.176842
ENSMUSG00000058267	-0.156007	-0.169299	-0.180355	-0.142229	-0.222548	-0.124135
ENSMUSG00000058270	0.300656	-0.034856	-0.113224	-0.071441	-0.066749	0.330981
ENSMUSG00000058275	0.341551	-0.055667	0.126871	0.451342	-0.002671	0.106248
ENSMUSG00000058290	0.107193	0.044017	0.206211	-0.222450	-0.066015	0.511373
ENSMUSG00000058301	-0.766033	-0.572008	0.284834	0.373516	0.118198	0.571503
ENSMUSG00000058317	0.669416	1.019130	0.276832	0.681264	0.270711	-0.425652
ENSMUSG00000058325	0.007804	-0.328583	0.827345	0.527390	1.254188	1.259196
ENSMUSG00000058331	0.427844	0.643530	-0.232079	-0.347689	0.628662	0.047928
ENSMUSG00000058354	0.273115	0.033830	0.361045	0.103199	-0.155092	0.768577
ENSMUSG00000058355	-0.135315	0.115057	-0.024745	0.079811	0.325087	0.216603
ENSMUSG00000058385	0.467548	0.020766	0.447008	-0.748982	0.041951	0.028873
ENSMUSG00000058400	0.003969	0.744845	-0.064259	0.357240	0.506063	-0.394251
ENSMUSG00000058402	0.071953	-0.378296	-0.690123	0.167690	-0.370866	-0.598374
ENSMUSG00000058427	-0.057383	-0.169554	-0.026865	-0.205995	0.814609	0.013562
ENSMUSG00000058440	0.136511	0.131532	0.285765	0.443580	-0.330072	0.532129
ENSMUSG00000058441	-0.310520	0.152028	0.443523	-0.145845	0.304272	-0.214075
ENSMUSG00000058444	0.329588	0.236183	0.032961	0.472843	0.140211	0.000316
ENSMUSG00000058446	-0.575176	-0.214274	0.111969	-0.071948	0.111217	0.145626
ENSMUSG00000058454	-0.049835	0.092247	-0.288192	1.105799	0.259636	-0.350691
ENSMUSG00000058488	-0.455743	-0.356366	-0.021614	0.504290	0.294152	-0.117381
ENSMUSG00000058491	-0.005673	0.680652	-0.542075	-0.207112	-0.464823	0.375393
ENSMUSG00000058499	-0.240401	0.308261	0.084838	0.094952	0.148041	-0.190350
ENSMUSG00000058513	0.104384	-0.022405	-0.369224	-0.320963	-0.365596	0.031652
ENSMUSG00000058515	0.352365	-0.261847	0.472034	0.550061	-0.101815	0.296698
ENSMUSG00000058546	0.055573	-0.132953	-0.072605	0.091671	-0.155935	0.306998
ENSMUSG00000058558	-0.024842	-0.449596	-0.025383	0.375401	-0.672423	-0.180190
ENSMUSG00000058569	-0.628216	-0.184191	0.134265	-0.067420	0.475465	-0.207417
ENSMUSG00000058571	-0.093729	-0.615491	-0.027732	0.009612	0.582103	0.279667
ENSMUSG00000058579	-0.254594	-0.746438	-0.601901	0.712709	0.135262	0.471016
ENSMUSG00000058587	0.106305	-0.151829	-0.178764	0.121465	0.502219	0.041988
ENSMUSG00000058600	0.052623	0.574056	0.021851	-0.132729	0.111667	-0.108726
ENSMUSG00000058618	-0.064185	-0.544684	0.269261	-0.095603	0.418136	-0.224004
ENSMUSG00000058620	0.763262	0.654013	-0.143569	-0.690429	-0.120393	0.160238
ENSMUSG00000058624	-0.217199	-0.207182	0.328277	-0.177864	-0.185515	0.365590
ENSMUSG00000058628	0.042145	0.381742	-0.687599	0.363768	0.293558	-0.234281
ENSMUSG00000058638	0.044488	0.653427	-0.317735	0.104370	0.582696	-0.765311
ENSMUSG00000058655	0.073099	-0.258869	-0.392653	0.373714	0.007416	0.555268
ENSMUSG00000058659	-0.479141	0.603120	0.081287	-0.214859	-0.121088	0.496799
ENSMUSG00000058662	-0.196499	-0.144733	0.040113	-0.266595	0.186267	0.029684
ENSMUSG00000058672	0.491719	0.661454	0.292237	0.140914	0.428628	-0.293343
ENSMUSG00000058692	-0.500452	0.270900	0.062898	0.315546	-0.140227	0.269433
ENSMUSG00000058704	-0.343989	-0.295898	0.223629	0.564881	0.291564	0.033877
ENSMUSG00000058709	-0.440186	-0.234109	0.301235	0.199795	-0.078873	-0.347875
ENSMUSG00000058715	0.047085	-0.369930	-0.757730	-0.099011	-0.223598	-0.252141
ENSMUSG00000058729	-0.272813	-0.683783	0.179697	0.293818	0.523208	-0.637040
ENSMUSG00000058743	0.050363	0.456591	-0.144135	-0.214674	0.228512	0.103888
ENSMUSG00000058755	-0.318925	0.211118	0.575846	-0.806255	-0.177793	-0.115233
ENSMUSG00000058756	-0.494250	0.419148	-0.357169	-0.762426	-0.233426	0.328017
ENSMUSG00000058773	-0.032338	-1.187905	-0.251186	-0.154038	0.344275	-0.341159
ENSMUSG00000058793	0.037104	-0.354448	0.204388	0.579129	0.186978	-0.689538
ENSMUSG00000058802	0.279457	0.408812	0.270826	-0.194157	-0.233368	0.372732
ENSMUSG00000058806	0.318290	-0.402009	-0.083963	0.044406	0.944679	-0.517488
ENSMUSG00000058807	-0.306635	0.314381	-0.045139	-0.195170	-0.332613	0.147850
ENSMUSG00000058818	-0.162137	-0.310088	-0.088106	-0.394058	-0.353521	-0.361765
ENSMUSG00000058820	0.170129	-0.051705	-0.175500	-0.348838	-0.230146	-0.188728
ENSMUSG00000058831	0.787175	0.213049	-0.146262	-0.047705	-0.057229	-0.706721
ENSMUSG00000058835	0.136040	-0.378333	-0.227185	-0.284231	0.746890	-0.183722
ENSMUSG00000058856	-0.864478	-0.063428	0.175919	-0.316598	-0.136948	-0.792243
ENSMUSG00000058881	0.151345	0.213120	-0.091312	0.356349	0.221138	0.069409
ENSMUSG00000058883	0.244993	0.088642	0.282845	-0.127487	0.654817	0.569140
ENSMUSG00000058897	-0.574834	-0.108039	-0.051967	-0.255850	0.149971	-0.205623
ENSMUSG00000058900	0.155159	0.223543	0.138603	-0.081255	-0.026148	0.539161
ENSMUSG00000058904	0.767780	-0.821958	-0.184990	-0.157655	-0.138935	0.536639
ENSMUSG00000058908	0.248202	0.080933	0.809738	0.054777	0.012996	0.232399
ENSMUSG00000058952	-0.441303	0.654015	0.383829	-0.264120	-0.228657	0.061441
ENSMUSG00000058975	-0.359399	0.331187	-0.470990	-0.453472	0.076609	0.017914
ENSMUSG00000058976	0.249623	-0.506675	-0.106674	0.366449	-0.978673	-0.055020
ENSMUSG00000058981	0.187055	-0.339823	-0.297595	-0.105066	-0.462827	0.022611
ENSMUSG00000059003	-0.228894	0.313002	0.202206	0.638482	0.124645	-0.205527
ENSMUSG00000059005	0.363902	0.650161	0.285526	-0.119605	-0.368967	-0.274435
ENSMUSG00000059023	-0.200586	0.076164	-0.507364	0.321023	-0.184485	-0.117947
ENSMUSG00000059030	-0.273818	0.105689	-0.189776	0.139663	0.686617	-0.129654
ENSMUSG00000059031	0.071382	-0.035739	0.048990	0.228505	0.552554	-0.640754
ENSMUSG00000059040	0.230584	-0.295484	0.060440	-0.389102	0.803215	0.195794
ENSMUSG00000059042	0.358347	0.288672	-0.435770	-0.420870	-0.103932	0.851201
ENSMUSG00000059043	-0.147186	-0.448649	0.060153	0.435974	0.124272	-0.396615
ENSMUSG00000059049	-0.063464	-0.087317	0.069525	0.332957	0.358616	0.169362
ENSMUSG00000059060	-0.482825	-0.152742	-0.269697	0.385813	0.110361	-0.120529
ENSMUSG00000059069	-0.892232	-0.080224	-0.630904	0.180525	-0.588604	-0.044731
ENSMUSG00000059070	-0.144817	-0.165727	0.312719	0.648929	-0.175349	0.293171
ENSMUSG00000059077	0.390458	0.579139	-0.057948	0.411480	0.592499	-0.702980
ENSMUSG00000059087	0.192397	-0.030130	0.028783	0.011490	-0.325765	0.715855
ENSMUSG00000059089	-0.054957	-0.081742	0.274565	-0.220725	0.252089	-0.242339
ENSMUSG00000059105	-0.845000	-0.006013	-0.859030	0.348412	0.192971	0.558553
ENSMUSG00000059106	-0.284382	-0.160120	0.159245	-0.429993	0.481005	0.226325
ENSMUSG00000059112	0.027210	-0.443500	-0.067272	-0.205548	0.197062	-0.782562
ENSMUSG00000059113	-0.487036	0.211278	0.194717	-0.396277	-0.103456	0.331115
ENSMUSG00000059128	0.087377	0.595731	0.810405	0.148185	0.198034	-0.310635
ENSMUSG00000059134	0.525177	-0.651110	0.087702	-0.497670	-0.495817	0.192266
ENSMUSG00000059136	0.087651	0.290599	0.305123	0.236363	-0.095088	-0.822382
ENSMUSG00000059146	0.050683	-0.001616	-0.261854	-0.076881	-0.303979	-0.189243
ENSMUSG00000059169	-0.606528	0.337431	-0.289749	-0.276583	0.031984	0.030527
ENSMUSG00000059173	0.032470	-0.435989	-0.239833	0.258733	0.062146	-0.012960
ENSMUSG00000059182	-0.743688	0.024123	0.357404	0.466807	0.091869	0.408998
ENSMUSG00000059183	0.159640	0.264834	-0.271202	-0.489005	-0.125415	0.156169
ENSMUSG00000059189	-0.106313	-0.202373	-0.724225	-0.147917	-0.476781	0.160833
ENSMUSG00000059201	0.303592	-0.155418	0.585481	0.122351	-0.635417	0.379854
ENSMUSG00000059203	0.010957	-0.148743	-0.141324	0.076979	0.159138	0.319871
ENSMUSG00000059205	0.419470	-0.159577	0.076415	0.717826	-0.127558	-0.373536
ENSMUSG00000059230	0.006964	0.474841	0.372220	-0.358094	-0.086667	0.239055
ENSMUSG00000059251	-0.408549	0.093892	0.148903	0.004330	-0.419983	0.235493
ENSMUSG00000059263	-0.024029	-0.448949	0.271680	0.226822	0.227497	-0.238993
ENSMUSG00000059273	0.423774	-0.381458	-0.079325	0.114660	-0.356016	0.136286
ENSMUSG00000059279	-0.205623	-0.695942	0.166646	-0.698887	-0.238831	-0.133911
ENSMUSG00000059280	0.402977	-0.071299	0.087191	0.196431	-0.388404	0.203175
ENSMUSG00000059291	-0.433003	0.199385	-0.345055	0.410579	0.137886	0.188475
ENSMUSG00000059303	-0.039912	0.013768	0.554943	-0.152503	0.343790	-0.176112
ENSMUSG00000059316	-0.388603	-0.414513	-0.033745	-0.137505	-0.148563	-0.293468
ENSMUSG00000059319	-0.167870	-0.082423	0.516669	0.324324	0.013282	-0.261497
ENSMUSG00000059326	-0.096636	0.184799	-0.526444	-0.385699	0.239216	-0.041296
ENSMUSG00000059327	0.347612	0.131483	0.172399	-0.047157	-0.307910	0.443914
ENSMUSG00000059334	0.180978	0.022133	-0.452805	-0.245070	-0.025751	0.416226
ENSMUSG00000059336	-0.139767	0.127252	-0.164336	-0.090954	-0.539622	0.507628
ENSMUSG00000059343	0.655998	-0.157514	0.446406	0.082900	-0.016293	0.126859
ENSMUSG00000059363	0.137416	-0.153241	0.447782	0.161172	0.009656	0.089942
ENSMUSG00000059366	-0.469452	-0.051239	0.146369	-0.215323	0.352177	0.269317
ENSMUSG00000059371	-0.262181	0.128199	0.193009	0.248706	0.319863	0.930861
ENSMUSG00000059379	-0.038298	0.277881	-0.153135	0.421359	-0.481516	-0.189391
ENSMUSG00000059382	0.037218	0.334903	-0.050708	-0.091343	-0.342056	0.093600
ENSMUSG00000059397	0.597605	0.445118	-0.253868	0.086973	-0.362182	0.348319
ENSMUSG00000059401	0.310536	0.166761	-0.141663	0.084729	-0.555082	0.420046
ENSMUSG00000059409	-0.151295	0.624817	0.484531	0.036480	0.180127	-0.286204
ENSMUSG00000059411	-0.450874	-0.659430	0.345074	0.184761	0.291578	-0.144723
ENSMUSG00000059412	-0.603361	0.249872	0.412534	-0.082041	-0.355368	-0.372409
ENSMUSG00000059429	-0.357848	-0.653825	-0.077256	-0.148951	-0.293174	0.068809
ENSMUSG00000059430	-0.371923	0.401179	0.176271	0.631986	0.067406	-0.329919
ENSMUSG00000059434	-0.225102	0.268283	0.214393	0.160437	0.467986	-0.171572
ENSMUSG00000059436	0.035420	0.130761	0.707528	-0.385444	-0.163713	0.481517
ENSMUSG00000059447	0.410422	0.136307	0.030069	-0.289117	-0.389352	-0.282982
ENSMUSG00000059456	-0.059528	-0.134347	0.905451	1.500145	0.792341	0.744036
ENSMUSG00000059460	-0.007827	0.669693	-0.126409	-0.547182	-0.485433	-0.225596
ENSMUSG00000059473	0.161497	-0.552884	0.323616	0.185293	-0.135641	0.434318
ENSMUSG00000059475	-0.190339	-0.421431	0.190689	-0.050671	0.453345	0.189697
ENSMUSG00000059479	-0.255574	0.165813	0.060168	0.055042	-0.122124	-0.023361
ENSMUSG00000059481	0.256860	-0.154731	0.060618	-0.348245	0.593910	-0.139079
ENSMUSG00000059483	0.157625	0.142641	-0.852865	0.098666	-0.179776	-0.213017
ENSMUSG00000059488	-0.160448	0.572901	0.054994	-0.145050	-0.367284	-0.178607
ENSMUSG00000059495	0.720608	0.304136	0.522820	0.376587	1.301935	0.604392
ENSMUSG00000059498	0.042266	-0.220295	0.403965	0.264269	0.542293	0.146415
ENSMUSG00000059503	-0.236231	-0.094445	0.291851	-0.319580	-0.181739	-0.167002
ENSMUSG00000059504	-0.127043	-0.367311	-0.285040	0.089786	-0.392818	-0.550113
ENSMUSG00000059534	-0.167623	0.545532	0.144861	-0.366774	0.092770	-0.254621
ENSMUSG00000059552	-0.549596	-0.305923	-1.066678	-0.554195	-0.834206	-0.984431
ENSMUSG00000059555	0.360098	-0.151418	-0.144058	-0.409003	0.190735	-0.121709
ENSMUSG00000059586	0.165852	0.089454	-0.028838	0.532913	0.087148	-0.166356
ENSMUSG00000059588	-0.173426	-0.042632	0.662931	0.203468	-0.182147	0.024676
ENSMUSG00000059595	-0.024126	-0.065880	0.556961	-0.106311	0.052964	0.306020
ENSMUSG00000059602	0.126567	0.396323	-0.003113	-0.506743	-0.064475	-0.135414
ENSMUSG00000059606	-0.191082	-0.147295	-0.181872	0.126389	0.365324	-0.039695
ENSMUSG00000059610	-0.762099	0.193488	0.016723	-0.227372	-0.165505	0.085533
ENSMUSG00000059623	-0.566766	-0.042291	-0.100407	-0.429504	-0.198042	0.452230
ENSMUSG00000059632	-0.568082	0.122534	0.197429	0.614958	0.180244	-0.205091
ENSMUSG00000059657	0.036704	0.155607	-0.264009	-0.420988	0.004660	-0.322269
ENSMUSG00000059668	0.582449	-0.118492	-0.167440	-0.049392	0.212718	-0.165089
ENSMUSG00000059669	0.867981	0.042819	-0.032616	-0.283387	-0.128273	-0.340014
ENSMUSG00000059674	-0.290363	0.534987	0.191013	0.084330	-0.366586	0.531476
ENSMUSG00000059687	-0.038145	0.115545	-0.435984	-0.382763	0.127588	0.526887
ENSMUSG00000059714	-0.225813	0.116337	-0.352867	0.074269	0.001167	-0.096840
ENSMUSG00000059729	-0.623858	-0.130474	-0.093483	0.227383	-0.111726	-0.006001
ENSMUSG00000059734	0.191816	0.389437	0.065542	0.029841	0.095260	-0.019247
ENSMUSG00000059741	0.386060	0.370758	0.195976	0.567456	-0.358544	-0.111013
ENSMUSG00000059742	0.189796	-0.117222	-0.305414	0.667876	0.080836	0.369802
ENSMUSG00000059743	-0.148733	0.318934	0.279592	0.423708	-0.217154	0.064642
ENSMUSG00000059762	0.013168	0.205110	-0.325836	-0.140717	-0.379648	0.248069
ENSMUSG00000059763	0.337357	0.555217	-0.389636	-0.098632	-0.135877	-0.101564
ENSMUSG00000059772	0.271082	-0.402876	0.156411	-0.227324	-0.061201	0.539215
ENSMUSG00000059776	-0.211487	0.174355	-0.255455	0.428897	0.520600	-0.095826
ENSMUSG00000059796	0.392918	-0.328478	0.079935	-0.054800	0.256479	0.195409
ENSMUSG00000059810	0.154644	0.215855	0.247716	-0.277166	0.423066	-0.861005
ENSMUSG00000059821	-0.339038	-0.209963	0.091318	-0.520768	-0.127725	-0.353976
ENSMUSG00000059824	-0.408412	-0.205372	-0.170838	0.523136	0.146775	0.028351
ENSMUSG00000059834	0.233444	0.057433	-0.330329	0.309252	-0.240030	0.789097
ENSMUSG00000059839	-0.403537	0.296944	-0.629959	0.354584	-0.497490	-0.167807
ENSMUSG00000059845	0.284963	-0.236931	0.337513	0.222135	-0.123687	-0.393547
ENSMUSG00000059851	0.630855	-0.129913	-0.306915	0.022563	0.307967	0.177427
ENSMUSG00000059852	0.059105	-0.393829	-0.076502	-0.305477	-0.711320	0.220861
ENSMUSG00000059857	0.396136	0.243365	0.001076	-0.640182	-0.299947	0.379821
ENSMUSG00000059862	-0.221127	-0.642861	0.216801	-0.173969	-0.426075	-0.012500
ENSMUSG00000059864	0.313881	0.690852	0.214719	0.362868	0.146073	-0.685263
ENSMUSG00000059866	0.159195	-0.617347	-0.231563	-0.185829	0.060876	0.559956
ENSMUSG00000059867	0.095501	0.241973	0.323048	0.094139	-0.140025	0.124058
ENSMUSG00000059873	-0.051561	-0.326971	-0.023932	0.191269	0.573847	0.228874
ENSMUSG00000059874	0.210403	-0.078978	0.040238	0.244128	0.139646	-0.107137
ENSMUSG00000059883	-0.024817	0.140557	-0.048722	-0.001258	0.400211	-0.160805
ENSMUSG00000059887	-0.384812	0.442088	-0.348724	-0.939955	0.081974	-0.180971
ENSMUSG00000059890	0.749001	-0.109621	-0.128487	0.339634	0.203148	0.368035
ENSMUSG00000059898	-0.206336	0.647012	-0.014420	0.046374	-0.015362	0.009631
ENSMUSG00000059910	0.082732	-0.204502	0.149449	-0.159658	-0.173927	0.176820
ENSMUSG00000059921	0.539836	0.991223	0.558374	1.369817	0.785641	1.200177
ENSMUSG00000059923	0.583309	0.759025	0.812832	0.458816	1.375794	0.463204
ENSMUSG00000059956	-0.264704	0.023255	0.110583	0.634243	0.422710	0.299933
ENSMUSG00000059964	0.045035	-0.545078	0.165437	0.135332	-0.018623	-0.176075
ENSMUSG00000059970	-0.058046	-0.048596	0.094221	-0.273169	0.148335	-0.132671
ENSMUSG00000059974	0.424053	0.152405	-0.126479	-0.178032	-0.084336	-0.042292
ENSMUSG00000059975	-0.153488	0.248073	0.358735	0.265285	0.335848	0.111605
ENSMUSG00000059981	0.107580	-0.127510	0.326852	-0.189291	-0.474070	0.263581
ENSMUSG00000060002	0.484367	-0.463164	0.167052	-0.298602	0.067483	-0.054492
ENSMUSG00000060017	-0.389895	-0.004346	0.030616	0.103081	0.115095	-0.192422
ENSMUSG00000060030	-0.227397	-0.348322	-0.449780	0.283365	0.065730	0.084170
ENSMUSG00000060032	0.519382	-0.622682	0.295493	-0.219472	0.101088	-0.063162
ENSMUSG00000060034	0.012066	0.344233	0.441750	-0.627090	0.249959	-0.566176
ENSMUSG00000060036	-0.143016	0.094115	-0.247439	-0.409240	-0.107021	-0.443819
ENSMUSG00000060038	0.074317	-0.100405	0.246551	-0.066659	0.051357	0.033542
ENSMUSG00000060049	0.730102	0.026947	-0.064584	0.122669	0.128180	0.372335
ENSMUSG00000060057	0.151000	-0.298385	0.420240	0.353394	-0.131971	0.146066
ENSMUSG00000060063	-0.423543	0.215249	0.524974	0.429861	-0.236974	-0.267558
ENSMUSG00000060070	0.067363	0.008234	0.458914	-0.069733	0.102116	-0.270450
ENSMUSG00000060073	0.340975	0.662538	-0.359574	0.340573	-0.007591	-0.142378
ENSMUSG00000060081	-0.184679	0.681406	0.133160	0.195275	0.225541	0.313104
ENSMUSG00000060084	-0.625912	-0.164910	0.192886	0.288471	0.116624	-0.683539
ENSMUSG00000060090	-0.116792	0.072316	-0.049484	-0.473784	-0.020911	0.187600
ENSMUSG00000060093	0.516615	0.049130	0.129113	0.304909	0.662989	0.271112
ENSMUSG00000060098	-0.220276	0.155548	-1.191118	-0.850076	-0.905588	0.193144
ENSMUSG00000060105	0.090519	0.414397	-0.286517	0.610808	0.207057	0.022871
ENSMUSG00000060112	-0.110512	0.152575	-0.099479	0.172508	-0.383031	-0.278869
ENSMUSG00000060114	0.565868	0.228242	0.305318	0.327505	-0.087596	-0.786729
ENSMUSG00000060121	0.725792	0.094788	-0.545692	0.174513	0.331431	-0.011763
ENSMUSG00000060131	-0.214658	-0.683433	-0.231736	0.433245	-0.219110	0.101866
ENSMUSG00000060147	-0.676010	-0.064852	-0.370872	0.643428	0.276624	-0.073948
ENSMUSG00000060166	-0.193316	0.016493	-0.003128	-0.019621	0.214534	-0.109073
ENSMUSG00000060170	0.122576	-0.111633	-0.236816	-0.560136	0.353609	0.002652
ENSMUSG00000060176	-0.749683	0.240005	0.068793	-0.233577	-0.284087	0.227766
ENSMUSG00000060177	0.014295	-0.005299	-0.114684	0.051061	0.755206	-0.535173
ENSMUSG00000060205	-0.355509	-0.209898	0.115809	0.513601	-0.018897	-0.279804
ENSMUSG00000060216	0.094988	-0.328215	0.112079	-0.252908	0.305869	0.118078
ENSMUSG00000060244	-0.062629	0.050664	0.186214	-0.607106	0.198068	0.059376
ENSMUSG00000060254	-0.195579	0.441767	0.215748	-0.032080	-0.165109	-0.530373
ENSMUSG00000060256	0.201052	-0.499935	0.466840	-0.196538	-0.205576	-0.005233
ENSMUSG00000060261	-0.364618	-0.099482	-0.514670	0.415046	0.365996	-0.067330
ENSMUSG00000060275	-0.095874	-0.558072	0.352125	0.137681	0.337925	-0.425343
ENSMUSG00000060279	0.497110	-0.448064	0.447132	0.193104	-0.030244	0.119333
ENSMUSG00000060288	-0.114431	0.079644	-0.584646	0.009621	0.420230	-0.407103
ENSMUSG00000060303	0.070073	-0.043494	0.435973	-0.334674	0.207971	0.411541
ENSMUSG00000060317	-0.135036	-0.371968	-0.232854	-0.565177	0.103579	0.552352
ENSMUSG00000060335	-0.504401	-0.266987	-0.358285	-0.710156	-0.680433	0.449173
ENSMUSG00000060336	-0.156322	0.868707	-0.286352	0.423716	-0.508147	-0.572339
ENSMUSG00000060373	0.183630	-0.353746	0.203457	0.280604	-0.260519	0.181936
ENSMUSG00000060376	0.095868	0.677588	-0.141908	0.068897	0.651184	0.164125
ENSMUSG00000060402	0.359318	-0.656295	0.228743	-0.225158	0.259829	0.411527
ENSMUSG00000060404	-0.813377	0.059842	-0.313394	0.000778	0.123759	-0.333245
ENSMUSG00000060407	-0.324091	-0.271091	0.045031	0.685411	0.042628	0.163084
ENSMUSG00000060427	-0.246887	-0.526376	0.040149	-0.238269	0.535899	0.035050
ENSMUSG00000060429	0.052776	-0.496348	0.594216	-0.139360	0.372364	-0.260458
ENSMUSG00000060441	-0.753325	0.074021	0.137701	0.404127	0.565344	-0.276093
ENSMUSG00000060450	-0.137374	0.499878	-0.349370	0.024760	0.439017	0.014964
ENSMUSG00000060459	0.176643	0.320702	0.451318	-0.305749	-0.370247	0.239829
ENSMUSG00000060469	0.243303	-0.368441	0.107273	0.020102	0.512682	0.392804
ENSMUSG00000060470	0.306330	0.172906	-0.027599	0.234488	0.011250	-0.082217
ENSMUSG00000060475	-0.345720	0.358911	-0.111788	-0.152579	0.409840	-0.002106
ENSMUSG00000060477	-1.113411	-0.792697	-0.800499	-1.191867	-0.805827	-0.794124
ENSMUSG00000060480	0.130311	0.006772	-0.048841	0.151831	-0.558843	-0.394411
ENSMUSG00000060499	0.480513	-0.232797	0.080864	0.172637	-0.411684	0.138935
ENSMUSG00000060503	0.231280	0.105058	-0.236774	0.046326	-0.194351	0.111300
ENSMUSG00000060509	0.743007	-0.604411	0.404250	-0.409629	-0.256924	-0.285744
ENSMUSG00000060523	0.200975	-0.338138	0.126008	-0.270193	0.030791	0.679358
ENSMUSG00000060534	0.471057	-0.033823	0.527499	0.673653	0.887595	1.400416
ENSMUSG00000060538	0.320260	-0.058528	-0.214724	-0.105576	-0.306792	0.285632
ENSMUSG00000060550	-0.630525	0.326512	-0.464776	0.380705	0.336658	-0.289770
ENSMUSG00000060556	-0.083797	-0.261892	0.227678	-0.856014	-0.043462	0.043446
ENSMUSG00000060572	0.150947	-0.119764	-0.375328	-0.601777	0.486457	-0.180582
ENSMUSG00000060579	-0.314086	0.003564	-0.090034	-0.286732	0.493485	-0.103049
ENSMUSG00000060583	-0.130961	0.406232	0.258949	0.158892	-0.573391	-0.421185
ENSMUSG00000060586	0.222232	0.054032	-0.101490	-0.197509	-0.116738	-0.047656
ENSMUSG00000060591	-0.316678	-0.018177	-0.445411	0.375358	-0.667836	-0.051824
ENSMUSG00000060600	-0.040512	0.542074	-0.209076	-0.171618	0.355391	-0.064124
ENSMUSG00000060601	-0.315441	-0.002019	0.150434	0.015549	-0.198946	-0.351911
ENSMUSG00000060613	0.619730	-0.510817	0.534431	-0.325928	0.090636	-0.056340
ENSMUSG00000060630	0.187104	0.224676	0.023860	-0.343451	0.691437	0.203721
ENSMUSG00000060636	0.391357	-0.160847	-0.046748	0.328964	0.383992	0.199365
ENSMUSG00000060639	-0.027627	0.340613	-0.138041	0.096224	0.577820	-0.359222
ENSMUSG00000060663	-0.277958	0.670549	0.228789	0.032971	0.157407	0.739742
ENSMUSG00000060671	0.085902	0.263271	0.660829	0.216710	-0.250316	0.681269
ENSMUSG00000060673	0.563600	-0.182682	-0.565253	-0.564508	0.006630	-0.620617
ENSMUSG00000060675	0.197539	-0.290490	0.089318	0.213355	0.202553	0.073512
ENSMUSG00000060678	0.352146	-0.168580	0.178973	0.520963	0.138550	0.026947
ENSMUSG00000060679	-0.060626	-0.098142	-0.329650	0.166545	0.250286	0.408510
ENSMUSG00000060681	-0.293728	0.257534	0.295144	0.237782	0.062192	-0.230901
ENSMUSG00000060688	-0.218529	0.342240	0.697910	0.352948	0.498675	-0.195709
ENSMUSG00000060701	-0.141212	-0.449487	-0.319780	0.609079	-0.151800	-0.070683
ENSMUSG00000060708	-0.132735	0.133368	-0.722708	-0.422566	-0.186996	-0.320709
ENSMUSG00000060733	-0.068944	0.256624	0.803198	-0.254897	-0.019678	-0.235477
ENSMUSG00000060735	-0.365592	-0.139733	-0.466922	0.689542	0.130617	0.349546
ENSMUSG00000060742	0.129405	-0.131959	-0.548715	-0.102074	-0.393040	-0.271446
ENSMUSG00000060743	-0.052434	0.321048	0.205334	-0.534375	-0.147680	0.181650
ENSMUSG00000060747	0.214954	-0.648778	-0.184295	0.054142	-0.112669	0.418461
ENSMUSG00000060759	-0.095852	-0.063711	0.091964	-0.157600	0.249213	-0.056900
ENSMUSG00000060765	-0.595360	-0.478874	0.089099	0.359147	-0.564782	-0.256212
ENSMUSG00000060780	-0.059098	-0.231682	-0.105300	-0.164263	-0.141625	-0.220298
ENSMUSG00000060787	0.341343	0.234077	0.015543	-0.342034	0.421787	-0.192725
ENSMUSG00000060791	-0.359300	-0.484264	-0.107040	-0.074555	0.351455	-0.813319
ENSMUSG00000060798	0.276447	0.286362	-0.046600	0.273243	0.205828	-0.660630
ENSMUSG00000060802	0.116936	-0.236640	0.984945	0.003523	0.008137	-0.305576
ENSMUSG00000060803	-0.264644	0.031662	-0.256720	0.824866	0.280207	0.099857
ENSMUSG00000060807	0.725199	0.372094	-0.141570	-0.200615	-0.282659	-0.029226
ENSMUSG00000060827	-0.288190	-0.144889	0.549929	-0.326445	0.506884	-0.275954
ENSMUSG00000060843	-0.065280	0.404124	-0.168193	-0.225947	0.293946	-0.472881
ENSMUSG00000060860	0.356300	-0.020483	0.430272	0.482406	0.039523	-0.498621
ENSMUSG00000060863	-0.270144	-0.442250	0.551966	0.591802	-0.020567	0.238425
ENSMUSG00000060878	0.044041	0.286750	0.242785	0.908075	0.032002	-0.886091
ENSMUSG00000060882	-0.609227	-0.581830	-0.118701	-0.094388	0.089325	0.108612
ENSMUSG00000060888	-0.175510	0.289599	0.268666	-0.146834	-0.126818	-0.242665
ENSMUSG00000060904	-0.211551	-0.009314	-0.316087	-0.490721	-0.241034	-0.242715
ENSMUSG00000060918	-0.020806	-0.399595	0.120200	0.858669	-0.026486	0.178917
ENSMUSG00000060923	0.008987	-0.023605	-0.218131	-0.021045	0.038682	0.229656
ENSMUSG00000060938	0.462157	0.261693	0.633979	0.302532	-0.310452	0.612218
ENSMUSG00000060961	0.059495	0.024508	-0.080986	0.155130	-0.584018	-0.046855
ENSMUSG00000060974	-0.241375	-0.037995	-0.030637	-0.027275	-0.278667	-0.269281
ENSMUSG00000060981	0.365768	0.436728	-0.080037	-0.077447	-0.073885	-0.331122
ENSMUSG00000060988	-0.046009	-0.445901	0.124357	-0.271889	0.134537	0.059241
ENSMUSG00000060992	-0.081929	0.141179	0.417171	-0.016948	-0.239509	0.637855
ENSMUSG00000061000	0.029342	-0.105025	-0.198809	0.926342	0.470143	0.184299
ENSMUSG00000061039	-0.567354	-0.531444	-0.125704	0.197860	-0.032051	-0.314970
ENSMUSG00000061048	-0.058864	0.073897	0.667110	-0.001368	-0.239734	-0.391042
ENSMUSG00000061065	0.573801	0.161294	-0.241628	-0.250740	0.108494	-0.035948
ENSMUSG00000061068	0.201473	0.180295	0.043721	0.329845	0.034410	0.244037
ENSMUSG00000061079	-0.202019	-0.618987	-0.031855	-0.090567	0.047474	0.454307
ENSMUSG00000061086	0.619611	-0.015168	-0.394247	-0.173577	-0.019471	-0.109329
ENSMUSG00000061099	0.205970	-0.108416	-0.094896	-0.018980	-0.279102	0.076036
ENSMUSG00000061119	0.330339	-0.345651	0.351631	-0.406638	-0.016243	-0.077067
ENSMUSG00000061126	-0.278266	0.188191	0.325813	0.475953	0.106644	0.283568
ENSMUSG00000061130	-0.171761	-0.338418	0.124528	-0.024280	-0.319412	0.253381
ENSMUSG00000061132	0.094161	-0.445073	0.446630	0.032104	0.107040	0.471185
ENSMUSG00000061136	0.353125	-0.103416	0.021483	-0.652581	0.089554	0.711970
ENSMUSG00000061143	0.179321	0.112580	-0.202809	0.171549	-0.131816	-0.542960
ENSMUSG00000061165	-0.029187	0.012628	-0.051002	-0.657964	-0.055947	0.174140
ENSMUSG00000061175	-0.109762	-0.468571	0.211769	-0.404609	-0.181944	0.490595
ENSMUSG00000061195	0.223732	0.202457	0.174669	-0.037120	-0.258575	0.682855
ENSMUSG00000061210	-0.028403	-0.782030	0.237323	0.101667	-0.023087	0.347862
ENSMUSG00000061232	0.226694	0.129708	0.003659	-0.221580	0.241337	0.024818
ENSMUSG00000061244	-0.285370	-0.057529	-0.085918	-0.338998	0.041515	-0.401607
ENSMUSG00000061286	-0.259262	-0.086312	-0.034775	0.402596	-0.050620	-0.435118
ENSMUSG00000061288	-0.117077	0.238173	0.437378	0.156084	0.772941	0.107191
ENSMUSG00000061292	0.532183	0.305517	-0.464556	-0.338051	0.366918	0.147594
ENSMUSG00000061295	-0.290919	0.203791	0.249294	0.121045	-0.581530	-0.738967
ENSMUSG00000061311	0.162141	0.163488	-0.290514	-0.272108	-0.146061	0.285172
ENSMUSG00000061313	-0.223732	-0.232179	-0.133397	-0.290569	0.287041	-0.451417
ENSMUSG00000061315	0.526932	0.543251	0.548354	-0.154950	-0.376333	-0.031443
ENSMUSG00000061322	0.324385	0.024032	0.709051	-0.157492	0.241290	-0.375667
ENSMUSG00000061336	0.309861	0.109733	-0.860864	-0.152040	0.335543	-0.214402
ENSMUSG00000061342	0.393647	1.341120	-0.172256	0.454573	0.106773	-0.005278
ENSMUSG00000061353	-0.164408	0.057298	0.081346	0.390410	0.276356	0.203093
ENSMUSG00000061360	0.177500	0.252188	-0.020785	-0.158830	0.294235	0.297065
ENSMUSG00000061361	0.055534	-0.231499	0.194764	0.077019	-0.185474	0.204004
ENSMUSG00000061367	0.117738	-0.108708	-0.788310	-0.088395	0.170651	0.068014
ENSMUSG00000061387	-0.213180	-0.319718	-0.038427	0.099972	0.586149	0.002198
ENSMUSG00000061393	-0.510078	0.044529	-0.168509	-0.527542	-0.211047	0.019292
ENSMUSG00000061397	0.742962	0.170781	-0.136171	0.371811	-0.066391	-0.068316
ENSMUSG00000061414	-0.108538	0.563246	-0.517149	-0.260291	0.153139	-0.342684
ENSMUSG00000061436	0.077669	0.049971	-0.612722	-0.148184	-0.550260	0.210348
ENSMUSG00000061455	0.198504	-0.313058	-0.065739	-0.228698	-0.239231	-0.241741
ENSMUSG00000061457	0.330637	0.135803	-0.025364	0.024716	0.696555	0.566366
ENSMUSG00000061461	0.216635	0.026345	-0.173802	0.541928	-0.399150	0.197532
ENSMUSG00000061474	-0.449947	-0.589846	0.431698	0.150492	-0.072219	-0.254087
ENSMUSG00000061477	0.266428	-0.105118	-0.245986	-0.282500	-0.266928	-0.121339
ENSMUSG00000061479	-0.055846	-0.614869	-0.621224	0.113048	-0.064196	-0.019410
ENSMUSG00000061482	0.211707	-0.157038	-0.078720	0.150014	0.262280	0.558277
ENSMUSG00000061489	-0.153646	0.648113	0.082813	0.479559	0.170465	-0.211218
ENSMUSG00000061518	0.420558	0.213273	-0.046803	-0.294652	1.026062	-0.087480
ENSMUSG00000061520	-0.336660	-0.483069	0.032402	0.015858	0.421262	0.321754
ENSMUSG00000061527	-0.129421	-0.242654	0.286696	0.130681	0.232304	-0.011540
ENSMUSG00000061536	0.343227	0.203771	-0.023871	0.239789	0.057562	-0.120171
ENSMUSG00000061540	0.056545	0.257948	0.031827	-0.461676	-0.409075	-0.213100
ENSMUSG00000061544	0.090639	0.325110	-0.003761	-0.545151	0.288870	0.266611
ENSMUSG00000061549	-0.707194	-0.506640	0.557447	-0.584857	-0.030665	-0.474928
ENSMUSG00000061559	0.089281	-0.005226	-0.183486	0.564056	-0.307192	0.084579
ENSMUSG00000061561	-0.407617	0.426789	-0.106465	0.671955	0.105702	-0.245244
ENSMUSG00000061578	0.131155	0.112758	0.602008	0.590005	-0.003321	0.095478
ENSMUSG00000061589	-0.078361	0.015985	-0.633999	-0.519931	-0.311487	0.153046
ENSMUSG00000061601	-0.401352	0.330151	-0.138248	0.117822	0.256433	-0.207796
ENSMUSG00000061607	-0.435081	0.454185	-0.546297	-0.410844	-0.182764	0.567090
ENSMUSG00000061613	0.382838	-0.580864	-0.114210	-0.035717	-0.293994	0.364977
ENSMUSG00000061614	-0.502618	0.269142	-0.364110	-0.293752	-0.439952	-0.830604
ENSMUSG00000061615	-0.130142	-0.002321	-0.091121	-0.266733	0.156903	0.301296
ENSMUSG00000061616	-0.433214	0.417523	0.602604	0.222787	0.086288	0.177847
ENSMUSG00000061626	-0.040657	0.140104	0.647897	-0.145972	-0.264298	-0.264066
ENSMUSG00000061637	-0.142396	0.341122	0.324413	-0.093591	0.542132	-0.152828
ENSMUSG00000061665	0.150575	-0.029420	0.187717	0.514562	-0.363397	-0.235463
ENSMUSG00000061666	0.262183	0.197929	-0.373446	-0.342106	0.536266	-0.399003
ENSMUSG00000061689	-0.593678	0.241011	-0.080351	0.622450	-0.281935	-0.336141
ENSMUSG00000061718	-0.474095	0.044682	0.236867	-0.337958	-0.185113	0.215931
ENSMUSG00000061731	-0.001237	0.167513	-0.019048	0.152094	0.148488	-0.031084
ENSMUSG00000061740	0.337471	0.063369	0.377079	-0.124911	-0.242165	0.071804
ENSMUSG00000061742	0.146120	0.176951	-0.045604	-0.026968	0.008047	-0.313529
ENSMUSG00000061751	0.267660	0.353423	0.146286	0.049859	-0.603699	0.110694
ENSMUSG00000061755	0.004305	-0.028733	0.435120	-0.114524	-0.099885	0.261947
ENSMUSG00000061758	-0.234835	-0.023903	0.261021	-0.548147	-0.192763	-0.296393
ENSMUSG00000061762	-0.559474	0.312527	-0.001286	-0.277614	0.124285	-0.030608
ENSMUSG00000061778	0.217474	-0.684081	0.387240	-0.047967	-0.156805	1.258944
ENSMUSG00000061780	0.943435	-0.688460	0.720997	-0.171838	-0.321624	0.117666
ENSMUSG00000061787	-0.054865	0.480657	-0.254292	0.042593	0.036179	0.142322
ENSMUSG00000061798	0.339738	-0.103442	-0.153392	0.226468	0.263435	0.376699
ENSMUSG00000061808	0.300340	0.181908	-0.325302	0.497559	-0.442319	0.415749
ENSMUSG00000061809	-0.381368	0.128321	-0.008674	-0.222213	0.353783	-0.480617
ENSMUSG00000061816	0.237206	0.459346	-0.580905	0.155730	-0.278901	-0.488950
ENSMUSG00000061825	-0.342176	0.541838	0.008730	0.429150	-0.082628	0.066990
ENSMUSG00000061838	-0.597978	-0.001634	-0.503901	0.437961	-1.480922	-0.403594
ENSMUSG00000061845	0.314480	-0.564469	-0.502209	0.310217	0.271654	0.091280
ENSMUSG00000061859	-0.877962	-0.316229	-0.400578	0.219712	0.265499	0.589737
ENSMUSG00000061875	0.099242	-0.170444	-0.346424	-0.137152	-0.397407	0.037442
ENSMUSG00000061878	-0.207348	-0.072709	-0.424318	0.041763	0.493890	0.010803
ENSMUSG00000061906	-1.006556	0.196406	-0.328197	-0.622479	0.882720	-0.094786
ENSMUSG00000061928	0.171906	0.235337	0.455549	-0.109536	0.310865	-0.770782
ENSMUSG00000061947	0.269325	-0.372991	-0.676306	0.287773	0.217064	0.312331
ENSMUSG00000061952	-0.146737	-0.782503	-0.188196	0.072669	-0.584589	0.713547
ENSMUSG00000061958	-0.165156	0.204443	-0.551487	0.598823	0.105909	-0.436092
ENSMUSG00000061959	0.454843	-0.159101	0.310109	-0.744276	-0.257788	-0.070857
ENSMUSG00000061961	-0.358582	0.095899	0.240058	0.470702	-0.601059	-0.332961
ENSMUSG00000061972	-0.150628	-0.502700	0.245407	0.210830	-0.254381	-0.113387
ENSMUSG00000061974	-0.209522	-0.261102	0.131157	0.544364	-0.457058	0.136498
ENSMUSG00000061981	0.114007	-0.173894	-0.263340	0.370776	0.283252	-0.286238
ENSMUSG00000061983	0.054734	0.048998	-0.344623	-0.355506	0.272507	0.040857
ENSMUSG00000061984	-0.139684	-0.333024	0.328997	0.526040	0.319573	0.269519
ENSMUSG00000061991	0.030868	-0.079501	-0.193568	0.223885	-0.123149	0.276643
ENSMUSG00000062006	0.410567	0.212848	-0.054435	-0.792307	0.197217	-0.735820
ENSMUSG00000062012	-0.324875	0.445445	0.081567	-0.223148	0.005908	0.433464
ENSMUSG00000062037	0.169993	0.125366	-0.352101	0.294678	0.092274	-0.288564
ENSMUSG00000062040	-0.678374	0.307870	0.641467	-0.459973	-0.139779	0.362118
ENSMUSG00000062042	0.107706	0.151796	0.484138	-0.038139	-0.165901	-0.012724
ENSMUSG00000062070	0.066876	-0.371307	-0.205944	0.119460	0.057666	0.186516
ENSMUSG00000062075	-0.021073	-0.560443	0.348187	0.131248	0.318502	-0.044675
ENSMUSG00000062103	-0.260965	0.395135	0.427043	0.469379	0.073835	0.431931
ENSMUSG00000062105	-0.244037	-0.425723	-0.746320	-0.470916	0.090765	0.634169
ENSMUSG00000062116	0.076310	0.481602	0.098722	-0.230765	-0.066191	-0.271734
ENSMUSG00000062121	0.009404	-0.389288	-0.272007	-0.106939	0.457939	0.024599
ENSMUSG00000062128	0.820973	0.218005	-0.224376	-0.134446	0.065831	0.498959
ENSMUSG00000062142	0.150273	-0.688801	-0.928435	0.323529	-0.167517	-0.004427
ENSMUSG00000062148	0.334181	-0.398062	0.492076	-0.457036	-0.495227	-0.327728
ENSMUSG00000062157	-0.366926	-0.274916	0.345626	0.494301	0.039097	-0.083314
ENSMUSG00000062168	0.556630	-0.012368	-0.193000	-0.154831	-0.007766	0.196288
ENSMUSG00000062175	0.219171	-0.641034	0.206729	-0.178380	0.112810	0.089531
ENSMUSG00000062181	-0.526638	-0.520473	0.001177	0.647532	-0.532366	-0.102331
ENSMUSG00000062184	0.410134	0.572298	-0.043872	-0.024122	0.047939	0.172201
ENSMUSG00000062186	-0.141761	0.705463	0.384619	0.375235	-0.613524	-0.270196
ENSMUSG00000062199	0.300368	-0.181599	0.037770	0.347209	0.109002	-0.166888
ENSMUSG00000062203	0.858662	0.636728	-0.017925	0.373403	-0.469760	0.277288
ENSMUSG00000062204	-0.091720	0.139939	0.083084	0.250081	0.067917	-0.465225
ENSMUSG00000062209	-0.216087	-0.333598	-0.971870	-1.154837	-1.347654	-0.570373
ENSMUSG00000062210	-0.347641	0.144561	-0.084831	-0.250750	-0.858931	0.101849
ENSMUSG00000062232	-0.166092	-0.515365	-0.372857	0.998511	-0.068789	0.304951
ENSMUSG00000062234	-0.355619	0.559694	-0.288242	0.145341	0.035719	0.066291
ENSMUSG00000062245	0.123690	0.024938	0.358002	-0.680645	0.312249	0.340216
ENSMUSG00000062248	-0.219669	-0.390191	-0.078468	-0.060860	-0.039065	-0.491454
ENSMUSG00000062272	-0.140754	-0.069169	0.411458	-0.141265	-0.083480	-0.077226
ENSMUSG00000062278	0.904286	-0.112013	0.416563	-0.573845	-0.065402	-0.429158
ENSMUSG00000062300	1.117607	0.282153	0.137559	-0.424066	0.520032	0.226490
ENSMUSG00000062309	0.631340	-0.110856	-0.054769	0.011956	0.234190	0.221670
ENSMUSG00000062312	-0.561885	0.535987	-0.044067	-0.428355	-0.001969	-0.152254
ENSMUSG00000062314	-0.235027	-0.083571	-0.510670	0.473853	-0.075944	-0.125660
ENSMUSG00000062328	-0.084538	-0.027222	0.137620	0.039881	0.047531	-0.139043
ENSMUSG00000062342	0.104752	-0.061185	-0.317823	0.282083	-0.306859	0.469380
ENSMUSG00000062345	0.041113	-0.181493	-0.174152	-0.007242	-0.268200	-0.559403
ENSMUSG00000062369	-0.749095	0.063050	-0.296123	0.621777	-0.072909	-0.296122
ENSMUSG00000062380	0.426374	-0.182421	-0.643069	0.261173	0.648769	0.365101
ENSMUSG00000062382	-0.340795	-0.693303	-0.175592	0.166139	-0.375072	-0.285619
ENSMUSG00000062393	-0.016369	-0.064466	-0.381728	0.030863	0.224842	-0.490126
ENSMUSG00000062397	0.553032	-0.023484	0.425913	0.138515	-0.577809	-0.701432
ENSMUSG00000062400	-0.441010	-0.435971	0.212612	0.477787	0.782299	-0.160832
ENSMUSG00000062410	-0.363782	-0.467111	-0.207147	-0.010209	0.268360	0.338772
ENSMUSG00000062421	0.131103	0.260326	-0.190906	-0.219404	0.082025	-0.527328
ENSMUSG00000062426	-0.150701	0.100051	0.014071	0.153635	-0.312256	0.355449
ENSMUSG00000062432	-0.017430	0.372654	-0.173580	0.639223	-0.412076	0.034117
ENSMUSG00000062434	0.334642	0.095797	-0.064828	-0.648707	0.111538	-0.628320
ENSMUSG00000062480	-0.465457	-0.386750	-0.324488	0.002758	0.239296	-0.185140
ENSMUSG00000062497	0.037307	-0.089761	0.253684	-0.286363	-0.021802	0.667027
ENSMUSG00000062515	0.811392	0.669209	0.277832	0.335995	0.068748	0.162872
ENSMUSG00000062519	-0.427966	0.066515	0.515459	0.278270	-0.118927	0.190242
ENSMUSG00000062524	-0.086420	0.306533	-0.389742	-0.468090	-0.039135	0.051718
ENSMUSG00000062526	0.428246	0.712248	-0.355119	-0.040414	-0.046324	0.114013
ENSMUSG00000062527	-0.210772	0.028057	0.119795	0.191244	-0.642060	-0.428037
ENSMUSG00000062542	-0.672174	0.077947	-0.340516	-0.101045	0.663102	0.235789
ENSMUSG00000062553	0.305576	0.447866	-0.511816	0.383755	-0.460983	0.073774
ENSMUSG00000062585	0.440334	0.058722	0.268859	-0.048894	0.019241	-0.280796
ENSMUSG00000062591	0.117474	0.365596	-0.075924	0.296871	0.354573	-0.582946
ENSMUSG00000062608	0.143650	-0.113030	-0.167478	0.224127	-0.639476	0.500207
ENSMUSG00000062609	0.127543	0.331679	-0.507460	-0.308205	-0.439186	0.200772
ENSMUSG00000062621	-0.280862	-0.396668	-0.094890	0.060781	0.577363	0.345507
ENSMUSG00000062624	0.515807	-0.326736	-0.230082	0.253814	0.224494	0.019580
ENSMUSG00000062627	-0.013287	-0.145200	-0.493807	0.333979	0.028640	0.316684
ENSMUSG00000062629	-0.406654	0.470098	0.109577	0.397855	-0.645324	-0.449093
ENSMUSG00000062646	-0.619126	-1.085308	0.548562	0.525067	0.025764	0.277146
ENSMUSG00000062647	0.499371	-0.656533	0.141909	0.400806	-0.054702	0.264680
ENSMUSG00000062649	0.221349	-0.042522	-0.228372	0.371021	0.802796	-0.275161
ENSMUSG00000062651	-0.009546	-0.003836	0.365647	0.173686	-0.727228	-1.268591
ENSMUSG00000062683	-0.409475	0.140580	-0.131268	0.313211	-0.309890	0.015783
ENSMUSG00000062687	0.642476	-0.165539	0.470185	0.389816	0.088093	-0.084077
ENSMUSG00000062694	0.423774	0.073713	-0.228848	0.137461	0.598939	-0.337402
ENSMUSG00000062712	-0.073493	0.030883	-0.275971	0.080160	0.695876	0.228115
ENSMUSG00000062727	0.177627	-0.378683	0.176458	0.008671	0.051734	0.058557
ENSMUSG00000062729	-0.242203	-0.319671	0.283912	0.871454	-0.104517	0.573458
ENSMUSG00000062732	-0.132035	-0.308032	0.050277	-0.187397	0.059429	-0.355416
ENSMUSG00000062743	-0.369561	0.088221	-0.203003	0.106856	-0.447904	0.070096
ENSMUSG00000062751	-0.033486	0.025843	0.246846	0.198684	0.389176	-0.192028
ENSMUSG00000062757	-0.070978	0.062371	0.212159	-0.164458	0.281285	0.209705
ENSMUSG00000062762	0.339669	-0.592372	-0.226162	0.933205	1.120300	-0.406259
ENSMUSG00000062773	0.134107	0.378244	0.058202	-0.294874	-0.323278	-0.094058
ENSMUSG00000062778	-0.101030	0.785438	-0.238667	0.162561	-0.500236	-0.190262
ENSMUSG00000062782	-0.139064	0.053411	-0.337476	-0.057036	-0.248526	-0.616539
ENSMUSG00000062785	0.006234	-1.259971	0.135885	-0.507937	0.025772	-0.228754
ENSMUSG00000062793	-0.003883	-0.135587	0.467418	0.730847	-0.243950	0.076544
ENSMUSG00000062797	-0.339629	0.063463	0.114738	-0.068569	0.780969	-0.131084
ENSMUSG00000062825	-0.070061	-0.286697	-0.217375	-0.483887	0.230576	0.571704
ENSMUSG00000062844	0.376229	0.207677	-0.300244	-0.243089	-0.005310	0.010689
ENSMUSG00000062861	-0.541516	0.270113	-0.292867	-0.003972	0.390872	-0.105349
ENSMUSG00000062867	-0.548092	-0.168775	-0.137928	0.646114	0.580930	-0.405536
ENSMUSG00000062868	0.253567	0.002785	0.034319	-0.261374	-0.200328	-0.360720
ENSMUSG00000062873	-0.087737	-0.213503	-0.530227	0.319965	-0.215976	0.274170
ENSMUSG00000062878	-0.182821	0.288728	0.020022	0.030640	-0.158324	-0.250406
ENSMUSG00000062892	-0.034575	0.138809	0.150756	-0.649765	0.409354	-0.613519
ENSMUSG00000062906	-0.106144	0.166877	0.655542	-0.123549	0.348051	0.238926
ENSMUSG00000062908	-0.155388	0.003825	0.099588	-0.152086	-0.385823	0.361089
ENSMUSG00000062914	0.105170	0.204647	-0.188038	0.408436	0.233709	0.095052
ENSMUSG00000062929	0.160346	0.090564	0.265942	-0.486357	-0.104192	-0.123014
ENSMUSG00000062931	-0.397877	-0.647459	-0.137197	0.335969	-0.338030	0.064796
ENSMUSG00000062937	0.649334	0.005985	-0.299396	0.373101	-0.072061	0.605115
ENSMUSG00000062939	-0.660594	-0.260770	0.117942	-0.139274	-0.438030	-0.536954
ENSMUSG00000062944	-0.105892	0.462253	0.297131	0.300572	-0.529035	0.311313
ENSMUSG00000062949	-0.000236	0.284226	0.140906	-0.118602	0.134120	0.468622
ENSMUSG00000062960	0.137514	-0.009298	-0.660197	-0.001141	0.576208	0.267859
ENSMUSG00000062981	-0.221021	0.148212	-0.370141	-0.089805	-0.628410	-0.300022
ENSMUSG00000062987	-0.127061	-0.127577	-0.225033	-0.428532	-0.098871	-0.035780
ENSMUSG00000062991	0.029720	-0.156100	0.323094	0.179969	-0.476008	0.109127
ENSMUSG00000062997	-0.289519	0.055165	0.315330	-0.136278	-0.500671	0.495729
ENSMUSG00000063011	-0.069769	0.240474	0.042287	0.570224	0.262692	-0.728817
ENSMUSG00000063020	-0.305965	0.325872	-0.555760	0.204544	0.337207	-0.186509
ENSMUSG00000063021	-0.758521	-0.047450	0.156116	0.073650	0.028767	-0.411157
ENSMUSG00000063047	0.511428	0.280655	0.325364	0.209715	-0.420526	-0.411992
ENSMUSG00000063049	0.906276	0.177456	0.004008	-0.319891	0.352245	-0.186068
ENSMUSG00000063060	-0.169176	-0.231614	-0.406684	-0.338921	-0.076676	-0.402972
ENSMUSG00000063063	-0.031071	-0.028272	-0.153126	-0.303839	-0.139116	0.716904
ENSMUSG00000063065	0.080764	-0.172948	0.695103	1.178477	1.307185	1.051035
ENSMUSG00000063077	-0.376754	0.065637	0.132318	-0.123886	0.156374	-0.293254
ENSMUSG00000063089	-0.038688	0.210755	0.025810	0.338581	0.243733	0.346836
ENSMUSG00000063106	0.069488	-0.236607	-0.320113	0.591341	0.378566	-0.417298
ENSMUSG00000063116	-0.614965	0.017775	-0.199030	0.832010	-0.228606	0.042220
ENSMUSG00000063120	-0.122997	-0.145069	0.145731	-0.273804	-0.335248	0.488896
ENSMUSG00000063129	0.189978	0.073124	0.573468	-0.301786	0.361165	0.038120
ENSMUSG00000063130	0.264658	-0.118261	0.330718	-0.359671	-0.237532	0.029397
ENSMUSG00000063133	0.672153	0.373928	0.011065	0.125849	-0.185768	-0.060906
ENSMUSG00000063137	0.134508	0.212934	0.387390	0.134656	0.113177	-0.118139
ENSMUSG00000063142	-0.371075	-0.206234	0.053178	0.268140	0.102386	-0.265901
ENSMUSG00000063145	0.762603	-0.213724	0.291753	0.216195	-0.281102	0.838733
ENSMUSG00000063157	0.396437	-0.179253	0.514020	-0.134575	-0.247762	0.055506
ENSMUSG00000063160	0.287019	0.065639	-0.828615	-0.241108	-0.492210	0.266893
ENSMUSG00000063172	-0.024097	-0.338404	0.096866	-0.404865	-0.042341	-0.053926
ENSMUSG00000063173	-0.356303	0.266494	-0.170766	-0.405882	0.732939	-0.120305
ENSMUSG00000063176	-0.133202	0.104436	0.085785	0.495368	0.526098	0.082082
ENSMUSG00000063177	0.264614	-0.264632	-0.300329	0.335414	-0.141202	-0.130493
ENSMUSG00000063179	0.249126	0.103169	-0.571181	-0.422431	-0.002023	0.277559
ENSMUSG00000063188	-0.288173	-0.296181	0.495915	-0.185285	0.215968	0.632502
ENSMUSG00000063193	-0.194234	0.269967	-0.677382	-0.208542	-0.167485	0.588988
ENSMUSG00000063206	-0.429912	-0.482872	0.383529	-0.249757	0.084658	0.057624
ENSMUSG00000063216	-0.201729	-0.335438	0.700767	0.344365	-0.095588	0.033167
ENSMUSG00000063221	-0.773853	0.718859	-0.272521	-0.026858	0.133841	0.141671
ENSMUSG00000063225	0.370249	0.044209	-0.126461	-0.404199	-0.373528	0.037964
ENSMUSG00000063229	-0.535609	-1.072054	-0.773459	-1.037797	-0.825250	-1.297120
ENSMUSG00000063230	-0.301143	0.042031	0.023433	0.026246	0.253875	0.557954
ENSMUSG00000063239	0.182832	-0.693990	-0.178185	-0.079170	-0.297970	0.476391
ENSMUSG00000063240	-0.084018	-0.568094	-0.703814	0.319593	0.314334	-0.023898
ENSMUSG00000063251	0.435007	0.451725	-0.138280	-0.140182	-0.542706	-0.140976
ENSMUSG00000063253	0.550948	-0.021012	-0.465860	-0.183110	-0.352275	0.154071
ENSMUSG00000063275	0.523067	0.381289	0.699631	-0.160101	0.084111	0.038326
ENSMUSG00000063281	-0.232252	0.039742	0.544289	-0.013999	0.328259	-0.310856
ENSMUSG00000063316	-0.558671	0.242270	-0.167552	-0.513914	-0.153413	0.227369
ENSMUSG00000063334	-0.126422	-0.047955	-0.321513	-0.228507	-0.259445	0.089750
ENSMUSG00000063350	0.375745	-0.014709	-0.378732	0.358043	0.111864	-0.832999
ENSMUSG00000063354	0.030819	-0.242812	-0.419127	-0.058675	-0.571661	0.140216
ENSMUSG00000063358	0.652173	0.651734	1.094259	0.892027	1.065523	0.929173
ENSMUSG00000063362	-0.370507	0.459718	0.071313	0.083115	-0.101696	0.219577
ENSMUSG00000063374	0.023079	-0.104710	-0.197844	0.348128	-0.423215	0.318376
ENSMUSG00000063376	-0.007976	-0.001860	-0.041597	-0.001141	0.161528	0.158727
ENSMUSG00000063380	0.086440	-0.073407	0.143603	-0.551587	0.380852	0.061970
ENSMUSG00000063382	0.208837	-0.318861	-0.082936	0.443234	0.020959	-0.020666
ENSMUSG00000063386	0.141556	0.191807	-0.047290	0.452242	0.161262	-0.176699
ENSMUSG00000063394	0.223689	-0.669089	-0.293790	-0.186685	0.332232	-0.244492
ENSMUSG00000063406	-0.065591	-0.080228	-0.005373	0.258879	0.338155	0.313027
ENSMUSG00000063410	0.254507	0.200536	0.860192	0.063732	0.063057	-0.467610
ENSMUSG00000063415	0.209568	0.246507	-0.529396	0.168229	0.229525	-0.118418
ENSMUSG00000063428	0.359037	-0.135710	0.281895	-0.110580	0.487754	-0.044344
ENSMUSG00000063439	0.088765	-0.068991	-0.026460	0.064756	0.007234	0.447046
ENSMUSG00000063445	0.485537	-0.387324	-0.316889	0.257292	0.106075	-0.682517
ENSMUSG00000063446	-0.621563	0.018668	-0.144553	0.180185	0.473216	-0.320027
ENSMUSG00000063457	-0.456685	0.495325	0.199913	0.087263	0.055217	0.213714
ENSMUSG00000063480	-0.055090	0.502461	-0.605952	0.205405	-0.163547	0.103126
ENSMUSG00000063488	-0.090259	0.391147	-0.043209	0.671101	0.484952	0.237657
ENSMUSG00000063506	-0.398789	-0.042794	0.164489	-0.108974	-0.354581	0.019239
ENSMUSG00000063511	0.001846	0.194882	-0.376689	-0.457458	0.177890	-0.097298
ENSMUSG00000063524	0.610251	-0.697527	0.205536	0.396191	-0.093488	-0.201554
ENSMUSG00000063531	0.216832	0.511050	0.174736	0.034309	-0.306297	-0.135057
ENSMUSG00000063535	0.209058	0.528274	-1.149963	-0.803132	-0.184087	0.079602
ENSMUSG00000063549	0.463928	-0.595633	0.034532	-0.247049	0.100388	-0.174666
ENSMUSG00000063550	-0.467554	0.151441	-0.589843	-0.117715	-0.157358	-0.138483
ENSMUSG00000063558	0.170629	0.304510	0.559219	-0.598348	-0.330257	0.257622
ENSMUSG00000063564	0.445297	-0.825546	-0.030361	-0.364678	-0.041776	-0.440886
ENSMUSG00000063582	0.184422	0.765470	-0.654739	0.287708	-0.013262	-0.143141
ENSMUSG00000063583	-0.224271	0.131119	0.051429	0.410850	0.129714	-0.004033
ENSMUSG00000063594	0.164218	0.451667	0.656872	-0.070072	0.340625	-0.237475
ENSMUSG00000063615	0.689142	0.147129	-0.050983	-0.219361	-0.411437	-0.537921
ENSMUSG00000063626	0.090051	0.865466	0.468894	1.153519	0.635769	1.386277
ENSMUSG00000063652	0.035981	0.321866	0.170256	0.111940	0.325713	0.284664
ENSMUSG00000063660	-0.069932	0.186313	0.949470	-0.065621	0.056034	-0.315357
ENSMUSG00000063661	-0.194779	-0.044915	-0.182747	-0.474875	0.825972	-0.205719
ENSMUSG00000063681	-0.297274	-0.153754	0.038891	-0.257651	-0.261715	0.023109
ENSMUSG00000063683	0.206586	0.265089	-0.270827	0.066928	0.604654	-0.025420
ENSMUSG00000063689	-0.578724	-0.062141	-0.158389	-0.435073	-0.776145	-0.213316
ENSMUSG00000063694	0.065923	-0.466762	0.687899	0.284050	-0.726872	0.112137
ENSMUSG00000063704	0.248498	-0.335531	0.354485	-0.613302	-0.137811	-0.246765
ENSMUSG00000063713	-0.399763	-0.035765	-0.625579	-0.249138	-0.215192	0.214940
ENSMUSG00000063715	0.027633	0.352502	0.152756	-0.131549	0.178916	0.351380
ENSMUSG00000063727	-0.017952	-0.248394	0.404394	0.297631	-0.221477	0.423740
ENSMUSG00000063730	-0.672553	-0.393517	0.232886	-0.489223	-0.452227	-0.058506
ENSMUSG00000063739	0.043050	0.430760	0.197441	0.464285	-0.024147	-0.264184
ENSMUSG00000063760	-0.138992	0.172373	0.164831	0.254248	0.166832	-0.081419
ENSMUSG00000063764	-0.746439	0.107863	-0.285858	-0.299553	0.144441	-0.397346
ENSMUSG00000063777	-0.004166	0.319530	0.169166	0.584898	-0.269121	-0.389337
ENSMUSG00000063780	0.134057	0.127291	-0.595430	0.635474	-0.270394	0.415297
ENSMUSG00000063785	-0.304037	0.163856	0.015135	0.221294	-0.203091	-0.527694
ENSMUSG00000063787	-0.393897	0.498097	0.339355	0.270255	-0.437547	0.237780
ENSMUSG00000063796	-0.245996	0.142659	-0.241376	0.370471	0.493725	0.214045
ENSMUSG00000063800	0.126426	-0.169239	-0.791180	-0.120614	-0.070923	0.897876
ENSMUSG00000063808	0.007869	-0.242592	-0.124867	0.165113	-0.526258	-0.337258
ENSMUSG00000063810	0.561207	0.322739	-0.633410	0.324993	0.175132	-0.104694
ENSMUSG00000063823	0.790894	0.077326	-0.068718	-0.643260	-0.541671	0.250574
ENSMUSG00000063827	0.383048	0.108006	-0.330111	0.624684	0.000148	-0.061043
ENSMUSG00000063838	-0.063778	0.403136	0.489623	0.526968	0.004325	0.150368
ENSMUSG00000063842	-0.089729	-0.220442	0.153187	-0.199430	-0.635986	-0.079421
ENSMUSG00000063844	0.038277	0.266030	0.071665	-0.188982	0.282899	0.065959
ENSMUSG00000063849	0.077271	0.030417	-0.020486	0.606777	0.038010	-0.215584
ENSMUSG00000063856	-0.274366	0.553207	-0.603464	-0.155666	-0.428465	-0.116671
ENSMUSG00000063867	0.336028	0.588115	0.249047	-0.228178	-0.037756	-0.401275
ENSMUSG00000063870	-0.099169	-0.239652	-0.433347	0.108406	0.154703	-0.208599
ENSMUSG00000063873	0.066010	0.332452	0.047712	-0.472890	0.067984	-0.621989
ENSMUSG00000063881	0.379162	-0.228913	-0.206781	-0.285852	-0.261559	0.150415
ENSMUSG00000063882	-0.097717	0.156847	-0.115891	0.383378	0.010952	-0.619756
ENSMUSG00000063884	-0.349167	-0.068321	-0.208100	-0.183686	0.354126	0.563949
ENSMUSG00000063887	-0.175693	-0.208123	0.353034	-0.285032	0.114980	0.900196
ENSMUSG00000063889	0.270242	-0.199889	-0.080456	0.095633	0.182713	-1.125983
ENSMUSG00000063903	-0.119247	-0.132451	0.977365	0.766592	0.278851	-0.053528
ENSMUSG00000063929	0.166107	0.049959	-0.103659	0.049471	-0.508079	0.359899
ENSMUSG00000063952	-0.381229	0.335490	0.449552	-0.573049	-0.067160	0.061734
ENSMUSG00000063953	0.032939	-0.301279	0.209570	-0.165274	-0.185670	0.090510
ENSMUSG00000063954	0.222687	-0.150189	0.195304	-0.313972	0.524752	0.359431
ENSMUSG00000063972	-0.175800	-0.482280	-0.766278	0.088071	0.718599	0.476086
ENSMUSG00000063975	0.493972	-0.342456	0.578664	-0.175753	-0.746204	-0.749753
ENSMUSG00000063994	0.471331	-0.588093	-0.489802	0.018683	0.067388	0.189931
ENSMUSG00000064006	0.731696	-0.107635	0.535511	-0.263331	0.072040	0.449724
ENSMUSG00000064023	0.281120	0.380308	0.279163	-0.229201	0.087896	0.001193
ENSMUSG00000064039	0.515935	-0.352393	-0.360788	0.093028	-0.942196	0.160823
ENSMUSG00000064044	0.398928	-0.626823	-0.120406	0.030418	0.450453	0.214035
ENSMUSG00000064063	0.271489	0.045725	-0.068606	0.472376	-0.013529	-0.090513
ENSMUSG00000064068	-0.302308	-0.291391	0.327337	0.158370	0.574208	-0.404086
ENSMUSG00000064080	-0.285218	-0.197363	-0.272848	0.016689	-0.273249	-0.723378
ENSMUSG00000064084	0.413743	0.604938	0.061117	0.078534	0.607926	0.505553
ENSMUSG00000064090	0.503936	-0.386267	0.107437	0.945702	-0.520039	0.085497
ENSMUSG00000064109	-0.223106	-0.103974	0.037064	-0.014148	-0.469176	0.097428
ENSMUSG00000064110	-0.098351	0.249914	0.139254	0.110296	-0.217240	0.159283
ENSMUSG00000064115	-0.070075	0.537711	-0.384362	-0.294966	-0.266019	-0.252174
ENSMUSG00000064120	0.109464	0.535886	0.244240	-0.638220	0.171450	0.172293
ENSMUSG00000064121	-0.255364	0.542296	0.137213	-0.132951	0.386644	-0.667221
ENSMUSG00000064127	0.385047	0.090542	0.364090	-0.254772	0.667392	-0.191179
ENSMUSG00000064128	-0.741464	0.294444	-0.195211	0.544078	0.029583	0.166531
ENSMUSG00000064141	0.390620	-0.340159	0.150082	-0.343653	0.430082	0.199118
ENSMUSG00000064145	-0.345048	0.459871	0.169729	0.112305	0.116408	0.729983
ENSMUSG00000064147	0.383422	-0.460741	0.003791	-0.012486	-0.191034	0.156191
ENSMUSG00000064158	0.508663	0.369081	0.100265	-0.317793	-0.355430	0.089204
ENSMUSG00000064165	-1.097858	-0.647962	0.116874	-0.286313	-0.007732	-0.394187
ENSMUSG00000064177	0.350227	-0.026366	-0.311038	0.608189	0.246300	-0.101202
ENSMUSG00000064179	-0.210980	-0.587463	-0.351005	0.830624	-0.075755	-0.152645
ENSMUSG00000064181	0.203286	-0.204610	-0.071608	0.040255	-0.442683	-0.069909
ENSMUSG00000064201	-0.216347	-0.197305	-0.081300	0.124327	-0.499157	0.536468
ENSMUSG00000064210	0.158198	-0.217590	0.463387	-0.020737	-0.035894	0.112361
ENSMUSG00000064213	0.284980	-0.602448	-0.601081	-0.392139	0.196588	-0.203933
ENSMUSG00000064220	0.437187	0.104667	-0.015472	0.844331	0.177369	0.002730
ENSMUSG00000064223	-0.369949	-0.157557	-0.393226	0.190243	0.247855	0.459177
ENSMUSG00000064225	-0.524324	-0.169586	0.321721	0.074634	0.180748	-0.074258
ENSMUSG00000064232	0.195001	0.326204	-0.036250	0.169541	-0.091660	0.092221
ENSMUSG00000064246	0.740824	0.035836	0.085005	-0.043764	-0.579521	-0.076511
ENSMUSG00000064252	-0.098204	-0.140089	-0.300434	0.578496	0.333547	0.446973
ENSMUSG00000064254	0.406680	0.374339	0.157462	-0.345207	-0.033404	0.553564
ENSMUSG00000064267	-0.053730	0.015755	-0.159483	-0.397827	-0.560281	0.275417
ENSMUSG00000064272	0.113854	-0.253395	0.189906	-0.256595	0.156376	-0.294251
ENSMUSG00000064288	-0.344310	-0.063550	-0.094774	-0.361221	-0.101523	-0.330083
ENSMUSG00000064289	0.178462	-0.063338	0.391789	-0.246602	0.427119	-0.104381
ENSMUSG00000064294	0.193579	0.053283	0.783330	0.124393	0.130219	-0.162398
ENSMUSG00000064302	0.020450	0.749186	-0.103207	-0.037811	-0.151847	-0.026114
ENSMUSG00000064325	0.251621	0.284708	0.099007	0.328325	-0.157386	-0.382613
ENSMUSG00000064326	-0.280096	0.544147	0.084387	-0.293990	0.236980	-0.512067
ENSMUSG00000064329	-0.339202	0.098107	0.547388	0.176476	0.158156	0.141765
ENSMUSG00000064330	-0.096362	-0.372527	-0.147339	0.305289	0.380264	0.028080
ENSMUSG00000064333	0.091335	0.636474	-0.191950	-0.268592	0.144597	0.038690
ENSMUSG00000064341	0.603921	0.561909	0.055494	-0.162334	0.119118	0.557080
ENSMUSG00000064345	-0.426879	0.275740	0.410798	0.114281	-0.178978	0.157751
ENSMUSG00000064351	-0.029931	-0.122269	0.279705	0.151008	0.143722	-0.441459
ENSMUSG00000064354	-0.111325	-0.251403	-0.623680	-0.158572	0.336064	-0.062889
ENSMUSG00000064356	0.437065	0.382473	-0.605084	-0.190954	-0.326985	0.313443
ENSMUSG00000064357	0.140076	-0.294840	-0.609619	0.855879	0.652828	0.417377
ENSMUSG00000064358	-0.008215	0.017517	0.012729	0.420897	0.388528	-0.035488
ENSMUSG00000064360	-0.082467	0.042437	0.138041	-0.252167	-0.803932	0.164759
ENSMUSG00000064363	-0.297022	0.426292	0.132437	1.065078	-0.788273	-0.300323
ENSMUSG00000064367	0.562268	-0.709591	-0.248361	0.118132	-0.042911	-0.170688
ENSMUSG00000064368	0.511980	0.276444	0.534676	-0.055574	-0.382356	-0.227056
ENSMUSG00000064370	-0.004445	-0.003829	-0.270460	-1.269159	-0.037420	-0.236114
ENSMUSG00000064373	0.431395	-0.157468	0.001104	-0.221653	0.015212	0.094082
ENSMUSG00000065396	0.720704	0.027868	-0.643971	0.203375	-0.261882	-0.690674
ENSMUSG00000065397	0.467993	-0.690875	0.106494	-0.118240	0.219511	0.295950
ENSMUSG00000065399	0.124181	0.216011	0.051573	-0.437977	-0.130700	-0.549399
ENSMUSG00000065400	-0.209850	0.644729	0.143453	0.075583	-0.196159	0.239894
ENSMUSG00000065402	-0.551474	-0.071587	0.058524	-0.195155	-0.296301	-0.120504
ENSMUSG00000065403	-0.313527	0.333851	-0.360163	0.303496	-0.913605	0.511484
ENSMUSG00000065405	-0.083515	0.300836	-0.102372	-0.083945	-0.121515	0.012390
ENSMUSG00000065406	-0.095019	0.140300	-0.126149	0.038835	0.550072	0.169978
ENSMUSG00000065407	-0.374524	0.373554	-0.145299	0.595156	0.164858	-0.145729
ENSMUSG00000065408	-0.407151	0.573407	-0.280961	0.176189	0.646116	0.368960
ENSMUSG00000065411	0.260892	-0.169367	-0.131938	-0.234112	0.147172	-0.147802
ENSMUSG00000065412	0.329058	0.203789	0.024761	-0.296895	-0.345894	0.708414
ENSMUSG00000065415	-0.526023	-0.449869	0.004227	0.580320	-0.176162	0.031428
ENSMUSG00000065416	-0.386907	-0.534483	0.269025	0.274446	-0.526121	0.597902
ENSMUSG00000065421	0.033935	-0.818474	0.537281	-0.020528	0.174749	-0.253055
ENSMUSG00000065422	-0.104843	0.252630	-0.444950	0.463229	-0.271951	0.057658
ENSMUSG00000065423	-0.025812	0.291345	-0.326435	-0.311397	0.322178	0.021455
ENSMUSG00000065424	0.072134	0.009632	0.347423	-0.049921	-0.052557	0.131100
ENSMUSG00000065429	-0.402740	0.567053	-0.460553	0.659021	0.263572	0.012107
ENSMUSG00000065430	-0.282497	0.321650	0.007353	-0.107282	-0.036007	0.589237
ENSMUSG00000065434	-0.118756	-0.508649	0.236742	-0.004460	-0.109790	0.047648
ENSMUSG00000065435	0.171477	0.427282	0.346847	-0.534083	0.152529	-0.322017
ENSMUSG00000065437	0.481101	0.020244	0.556840	-0.693993	0.400533	0.165599
ENSMUSG00000065440	-0.135413	0.124990	-0.336901	0.219496	-0.582212	-0.200943
ENSMUSG00000065441	-0.372113	-0.123054	0.041184	0.081934	0.094241	0.517287
ENSMUSG00000065442	0.281799	0.164321	-0.190207	-0.042153	-0.531844	0.431395
ENSMUSG00000065445	-0.723104	0.483729	0.094793	0.366114	0.590620	-0.142831
ENSMUSG00000065451	-0.263404	-0.414991	0.612140	0.340730	-0.191386	0.115812
ENSMUSG00000065453	0.221135	0.512611	0.197144	0.245414	-0.239635	0.359564
ENSMUSG00000065454	-0.401388	0.056715	0.186319	-0.102545	0.497422	-0.051431
ENSMUSG00000065455	-0.372799	-0.163820	-0.519578	-0.321888	0.334256	0.091331
ENSMUSG00000065456	0.637486	-0.116540	0.098749	0.088454	-0.494757	-0.402610
ENSMUSG00000065458	-0.566064	-0.773217	-0.114185	-0.171029	-0.336600	0.459747
ENSMUSG00000065460	-0.042377	0.318133	0.087143	0.211165	0.065222	0.942000
ENSMUSG00000065462	0.205896	-0.238694	-0.107523	-0.027124	-0.481323	0.258359
ENSMUSG00000065468	-0.183739	0.208931	0.934353	-0.276867	0.741521	-0.065289
ENSMUSG00000065469	0.003636	0.370268	-0.339492	0.271268	0.106189	0.370009
ENSMUSG00000065471	0.246761	0.180170	0.102644	0.270486	0.204471	0.259962
ENSMUSG00000065472	0.129240	0.124090	-0.397128	0.300839	0.008383	0.048023
ENSMUSG00000065473	-0.301355	-0.098956	-0.101044	0.545191	-0.254208	-0.530243
ENSMUSG00000065474	0.232387	-0.106779	-0.328137	0.216659	0.084397	0.568323
ENSMUSG00000065476	-0.147257	0.572691	0.044156	0.334353	0.057544	-0.162287
ENSMUSG00000065479	-0.148040	-0.912802	0.171926	0.557855	0.209218	0.133608
ENSMUSG00000065480	0.509214	-0.655588	-0.231199	-0.420073	-0.289548	-0.175645
ENSMUSG00000065483	-0.037679	0.580453	0.397737	0.240303	-0.019654	-0.239406
ENSMUSG00000065490	0.473898	0.121440	0.240409	0.521562	-0.273230	0.201506
ENSMUSG00000065491	-0.379583	-0.226196	0.040084	-0.128760	0.081101	-0.269654
ENSMUSG00000065492	-0.276368	-0.109342	0.406056	-0.122354	0.337027	-0.052486
ENSMUSG00000065493	1.202005	0.003738	-0.349158	0.309741	0.320279	-0.324319
ENSMUSG00000065500	-0.239075	-0.199794	-0.165038	0.080390	-0.392343	0.143365
ENSMUSG00000065501	0.047936	-0.346514	0.183377	0.260069	0.522725	0.194259
ENSMUSG00000065508	0.110670	0.234213	0.213143	-0.220584	-0.386873	-0.233418
ENSMUSG00000065511	-0.036281	0.267137	0.365962	-0.146956	0.102978	0.570403
ENSMUSG00000065513	0.435452	-0.059197	-0.241514	0.609028	0.136270	0.313269
ENSMUSG00000065514	-0.128298	0.402804	0.207298	-0.196857	0.176935	0.046299
ENSMUSG00000065515	0.002253	-0.354110	-0.791833	0.090477	-0.287751	-0.236911
ENSMUSG00000065516	0.296175	0.316903	0.302180	0.027337	-0.038246	-0.167997
ENSMUSG00000065519	0.388551	0.234906	-0.013894	-0.138500	-0.097054	-0.703382
ENSMUSG00000065520	-0.020583	0.096437	0.095386	0.840452	-0.229175	1.054750
ENSMUSG00000065524	-0.090157	0.573929	-0.304415	0.731345	-0.272807	0.051415
ENSMUSG00000065530	0.209937	0.162389	-0.515497	0.399293	0.449727	-0.204569
ENSMUSG00000065533	-0.013177	0.448876	-0.227761	0.156785	-1.029534	0.198418
ENSMUSG00000065536	-0.162002	0.047881	0.347423	0.042058	-0.148889	-0.128571
ENSMUSG00000065540	0.270560	-0.259207	0.190779	0.550550	0.039160	-0.295594
ENSMUSG00000065542	0.832578	-0.342959	-0.186407	-0.300974	0.520058	-0.285559
ENSMUSG00000065543	-0.455137	-0.288885	-0.579905	-0.540378	-0.453983	-0.514348
ENSMUSG00000065544	0.307007	-0.180317	0.146012	-0.586588	-0.049692	0.365824
ENSMUSG00000065547	-0.138084	-0.347683	0.457643	0.364273	-0.154635	-0.203704
ENSMUSG00000065548	-0.033429	0.127711	0.135552	0.288341	0.561541	0.116613
ENSMUSG00000065549	0.421497	0.462975	-0.116435	0.030729	0.173568	-0.249865
ENSMUSG00000065551	-0.015561	0.032554	0.551045	-0.214360	0.251579	-0.040136
ENSMUSG00000065553	-0.196906	0.229247	0.609081	0.064896	0.251016	0.253630
ENSMUSG00000065556	-0.353862	-0.301491	-0.497411	-0.971833	-0.672050	0.387485
ENSMUSG00000065557	-0.540347	-0.303164	0.694262	-0.415076	0.306566	-0.103867
ENSMUSG00000065563	1.021512	-0.047025	0.404325	-0.631012	-0.278996	0.054191
ENSMUSG00000065564	-0.367343	0.560816	0.613523	0.414142	-0.026263	-0.363108
ENSMUSG00000065565	-0.095580	-0.264472	-0.261813	0.275086	0.183719	0.278946
ENSMUSG00000065567	0.284223	0.089787	0.264638	0.005219	-0.017714	-0.309867
ENSMUSG00000065569	-0.029877	-0.235359	0.064750	-0.298601	-0.207244	-0.075854
ENSMUSG00000065575	0.627183	-0.346298	0.110658	0.043991	-0.150510	0.089126
ENSMUSG00000065578	-0.169462	0.007942	0.306250	-0.120122	-0.023796	-0.164523
ENSMUSG00000065580	-0.056632	0.223581	0.177048	-0.256564	0.459199	-0.117764
ENSMUSG00000065587	0.267296	0.615958	0.097549	-0.047305	-0.290241	-0.402159
ENSMUSG00000065592	0.510969	-0.522414	-0.063429	0.170293	0.142061	0.081927
ENSMUSG00000065594	-0.345719	0.327452	0.075555	-0.090570	0.181148	0.115919
ENSMUSG00000065597	-0.223528	-0.025170	0.524820	0.278503	-0.418375	-0.470651
ENSMUSG00000065599	0.898649	-0.543038	0.102188	0.355485	0.176565	-0.473740
ENSMUSG00000065601	-0.355040	0.068992	-0.042297	-0.522214	0.154603	0.543100
ENSMUSG00000065602	0.252203	-0.671157	-0.035839	0.070340	0.007198	-0.195124
ENSMUSG00000065604	0.313354	-0.122288	0.333758	-0.483745	0.043586	0.033910
ENSMUSG00000065606	-0.290579	-0.557323	-0.425175	-0.204135	0.503460	-0.346092
ENSMUSG00000065607	-0.160132	0.513989	0.214099	-0.534404	-0.142363	0.338356
ENSMUSG00000065608	0.344948	-0.200595	0.489656	0.024428	0.701846	0.787766
ENSMUSG00000065609	-0.138799	0.257463	0.429462	-0.266724	-0.529636	0.332584
ENSMUSG00000065610	0.067837	0.102621	0.257981	0.028684	-0.247196	0.147053
ENSMUSG00000065611	0.158819	-0.474727	0.207350	0.773529	0.269587	-0.015527
ENSMUSG00000065613	-0.256461	0.245639	0.228315	-0.322694	-0.243644	0.149276
ENSMUSG00000065619	-0.201613	-0.195368	0.258938	-0.332193	0.770482	0.437380
ENSMUSG00000065947	-0.331550	0.072147	-0.310283	0.271416	0.351785	0.212405
ENSMUSG00000065956	-0.173257	0.022792	0.324916	0.183977	0.540763	0.156984
ENSMUSG00000065979	-0.228683	-0.433325	0.091614	-0.140231	0.397160	0.221831
ENSMUSG00000065987	-0.309885	0.192410	-0.140056	-0.638822	-0.018327	-0.436838
ENSMUSG00000065990	0.468444	0.052034	0.666449	-0.575300	-0.333267	0.239486
ENSMUSG00000066026	0.656504	-0.420862	-0.072429	0.213269	0.007197	0.184594
ENSMUSG00000066036	-0.046987	-0.234562	0.015625	-0.251362	-0.191069	0.443089
ENSMUSG00000066037	-0.659036	-0.230835	0.501380	0.371723	0.182635	0.198983
ENSMUSG00000066058	-0.421355	-0.372437	-0.030952	0.105263	-0.138936	0.196208
ENSMUSG00000066061	0.169548	-0.441207	0.585521	0.358495	0.150459	0.330012
ENSMUSG00000066071	0.210810	0.190547	0.336854	-0.157494	-0.232743	0.148564
ENSMUSG00000066072	0.019906	-0.504168	-0.147955	-0.128533	0.491537	0.220862
ENSMUSG00000066090	-0.568586	-0.286999	-0.090799	0.775689	0.623961	0.104126
ENSMUSG00000066097	0.671372	0.475399	-0.096133	-0.037807	-0.510767	-0.183313
ENSMUSG00000066100	-0.618019	0.583231	-0.176315	-0.171694	-0.033697	-0.406043
ENSMUSG00000066108	-0.586062	0.375105	0.309199	0.256603	0.341014	-0.054598
ENSMUSG00000066122	-0.125235	-0.655103	-0.049884	0.485169	-0.172244	0.031578
ENSMUSG00000066148	-0.072438	0.270280	0.101979	-0.194294	-0.168437	-0.326853
ENSMUSG00000066149	-0.146692	0.217011	-0.044930	0.129502	-0.122522	0.660667
ENSMUSG00000066150	0.112573	-0.212816	-0.117930	-0.051980	-0.118843	-0.332860
ENSMUSG00000066189	-0.614881	0.330057	-0.534019	0.471675	-0.654650	0.120890
ENSMUSG00000066235	-0.473991	-0.078638	0.329954	0.292319	-0.088524	0.232342
ENSMUSG00000066239	-0.054331	-0.170784	-0.234200	-0.263703	-0.092362	0.238958
ENSMUSG00000066240	-0.172446	-0.203965	-0.650351	0.271393	-0.661427	-0.081764
ENSMUSG00000066241	0.008317	0.395495	-0.359320	-0.026544	-0.182541	0.040988
ENSMUSG00000066242	-0.664433	0.231766	-0.195123	-0.178658	0.186415	-0.072739
ENSMUSG00000066257	-0.265443	0.308234	-0.371952	0.570462	0.234540	-0.224289
ENSMUSG00000066262	0.387251	0.434963	0.173356	0.110316	0.066292	0.144756
ENSMUSG00000066263	-0.233649	0.178185	0.316704	0.212165	-0.121206	-0.400564
ENSMUSG00000066268	-0.811885	-0.177030	-0.699663	-0.225752	-0.381185	0.104191
ENSMUSG00000066269	-0.036412	0.295219	0.129852	-0.204496	0.033340	0.017773
ENSMUSG00000066272	1.138270	-0.833858	-0.489910	0.093811	-0.017890	-0.395469
ENSMUSG00000066273	-0.441213	-0.560396	0.248053	0.211503	0.595002	-0.262838
ENSMUSG00000066278	-0.039121	0.477199	-0.011672	-0.372322	-0.573703	0.373258
ENSMUSG00000066279	0.005807	0.477643	0.024927	-0.272053	0.483955	-0.229575
ENSMUSG00000066306	-0.132647	-0.464519	0.071185	0.035508	0.458178	-0.318766
ENSMUSG00000066324	0.004636	-0.616771	-0.450932	-0.295910	-0.064126	0.172634
ENSMUSG00000066357	-0.367153	-0.242448	0.602169	0.781844	0.266026	0.180189
ENSMUSG00000066359	-0.376455	-0.197981	0.118295	-0.652693	0.123884	0.079163
ENSMUSG00000066363	0.133727	0.049708	0.057926	-0.385458	-0.152479	-0.475944
ENSMUSG00000066366	0.104476	0.296801	0.098635	-0.157617	0.054013	-0.197791
ENSMUSG00000066392	0.105753	-0.675997	-0.172942	0.085293	0.894781	0.072056
ENSMUSG00000066406	0.576602	0.240848	0.116871	-0.105194	0.159346	0.181843
ENSMUSG00000066415	-0.105274	-0.327002	0.070234	0.118938	0.298272	-0.671524
ENSMUSG00000066441	-0.013252	-0.242098	-0.336110	0.315297	0.090335	0.080479
ENSMUSG00000066442	0.035144	-0.639502	0.332193	0.374365	0.189564	-0.613199
ENSMUSG00000066475	0.136956	0.449168	1.221335	0.057650	0.325537	0.391216
ENSMUSG00000066500	0.091876	0.050040	-0.051142	0.073288	-0.243378	0.544051
ENSMUSG00000066512	-0.830222	0.138687	0.344483	-0.052122	-0.047878	0.180157
ENSMUSG00000066513	0.356504	-0.209108	0.283327	-0.691686	0.059773	-0.307557
ENSMUSG00000066515	0.441290	-0.327958	0.440685	0.100507	0.255152	0.313572
ENSMUSG00000066516	-0.348675	0.275172	0.089387	-0.237015	-0.439723	-0.257977
ENSMUSG00000066551	-0.222730	0.315273	-0.124762	-0.124676	0.117796	0.497277
ENSMUSG00000066571	-0.351661	0.047380	0.456926	-0.143285	-0.285251	-0.224131
ENSMUSG00000066595	-0.729285	-0.428982	-0.644084	-0.526001	-0.452577	-0.099754
ENSMUSG00000066613	0.519378	-0.537018	-0.868594	-0.069544	0.158593	0.785347
ENSMUSG00000066643	0.208189	0.199134	-0.117834	-0.118818	-0.732873	-0.137484
ENSMUSG00000066652	-0.031287	0.432555	0.217694	0.908464	-0.320142	0.615708
ENSMUSG00000066671	-0.162764	0.609395	0.092569	-0.155518	0.152304	-0.039313
ENSMUSG00000066672	0.234583	-0.172641	-0.206027	-0.394390	-0.168408	0.187794
ENSMUSG00000066682	-0.383762	0.284575	-0.213058	0.580107	0.286674	-0.307419
ENSMUSG00000066684	-0.227149	0.250520	-0.466045	-0.770387	0.053646	0.831087
ENSMUSG00000066687	0.207879	0.929487	-0.245021	-0.658144	-0.751260	0.024487
ENSMUSG00000066704	0.182975	-0.307097	-0.102010	0.507488	0.320971	0.007789
ENSMUSG00000066705	0.070021	0.342626	0.187051	0.541685	-0.295134	-0.337755
ENSMUSG00000066714	-0.260816	0.192414	0.556894	0.190901	0.345491	0.268761
ENSMUSG00000066720	0.202138	0.277939	-0.446467	0.569594	0.138413	0.351885
ENSMUSG00000066735	-0.403981	-0.022064	0.359048	0.112179	-0.063649	-0.220535
ENSMUSG00000066747	-0.192977	-0.622502	0.159264	0.085059	0.734979	0.303434
ENSMUSG00000066748	0.016821	0.192777	0.615042	0.154719	0.135718	0.280160
ENSMUSG00000066749	0.280897	-0.084810	-0.454908	-0.180524	-0.020493	0.477044
ENSMUSG00000066750	-0.880687	-0.568784	0.038402	-0.110363	0.644020	0.085262
ENSMUSG00000066755	0.143389	-0.175217	0.424413	-0.223277	-0.050055	-0.234914
ENSMUSG00000066800	-0.534791	-0.436635	-0.179535	-0.299231	0.008158	0.473773
ENSMUSG00000066838	0.269203	-0.473811	-0.224898	-0.193442	0.025369	-0.618852
ENSMUSG00000066839	0.076432	0.588147	-0.263597	-0.344735	0.160066	-0.104618
ENSMUSG00000066861	-0.160562	-0.347700	-0.416101	0.281297	0.112354	-0.097952
ENSMUSG00000066877	-0.222159	0.235265	-0.057647	-0.124484	0.054234	-0.932910
ENSMUSG00000066880	0.077585	-0.425159	0.486303	-0.252458	0.152265	0.724969
ENSMUSG00000066892	0.003938	-0.010132	-0.001959	0.180160	-0.308427	0.494978
ENSMUSG00000066896	0.437219	0.467708	0.375658	0.120618	0.349239	-0.025484
ENSMUSG00000066897	0.803330	0.350158	0.452327	-0.265361	0.173613	0.079632
ENSMUSG00000066899	-0.481249	-0.914700	-0.339003	0.766392	0.087258	0.530984
ENSMUSG00000066900	0.552992	-0.649781	-0.208241	0.616220	0.091512	0.418017
ENSMUSG00000066905	-0.450131	-0.118811	0.100134	0.236402	-0.220432	0.371454
ENSMUSG00000066979	0.786162	0.009736	-0.154206	0.488936	0.033653	-0.128512
ENSMUSG00000067006	-0.139250	-0.032918	-0.272225	0.569916	0.706998	0.057770
ENSMUSG00000067058	0.282475	-0.031100	0.378149	-0.175446	-0.439446	0.053129
ENSMUSG00000067064	0.237042	-0.369705	-0.338999	0.109168	-0.216120	-0.071445
ENSMUSG00000067071	-0.623621	-0.665227	0.010711	0.613828	0.327274	-0.231277
ENSMUSG00000067081	0.626683	-0.225908	0.578764	-0.036702	-0.205951	0.022322
ENSMUSG00000067144	0.442318	-0.092035	-0.121173	0.058723	-0.227334	0.204833
ENSMUSG00000067148	-0.014103	-0.216160	-0.183163	-0.163189	-0.316418	0.235856
ENSMUSG00000067149	-0.088591	0.077108	0.160612	0.406860	0.058997	0.240953
ENSMUSG00000067158	0.529673	-0.062034	-0.358382	0.107794	-0.050785	-0.115602
ENSMUSG00000067186	-0.009631	-0.719832	0.449706	0.286757	0.381066	0.402269
ENSMUSG00000067194	-0.328501	0.498625	-0.254603	-0.390846	-0.115736	0.245994
ENSMUSG00000067199	0.147784	-0.223404	-0.112376	-0.388104	-0.242573	0.311514
ENSMUSG00000067201	0.256340	-0.696801	-0.556741	-0.873216	-0.019907	0.416776
ENSMUSG00000067212	-0.401304	-0.443728	0.382514	-0.032787	-0.287656	-0.047322
ENSMUSG00000067219	-0.178901	-0.241718	-0.048433	-0.134075	-0.336832	0.215655
ENSMUSG00000067220	-0.160920	-0.339375	0.226057	-0.110881	-0.492239	0.158519
ENSMUSG00000067225	0.598582	0.562096	-0.171199	0.121710	-0.330978	-0.088467
ENSMUSG00000067229	0.055504	-0.233200	-0.156667	-0.005896	0.458405	0.354637
ENSMUSG00000067231	-0.358979	0.010341	0.498527	0.045389	-0.255863	-0.053746
ENSMUSG00000067235	-1.068738	-0.015892	0.235591	0.078489	-0.179135	-0.208931
ENSMUSG00000067242	-0.192645	-0.760652	-0.039560	-0.818458	0.212618	-0.121576
ENSMUSG00000067274	-0.575017	0.113789	0.146426	0.280994	0.079892	-0.245213
ENSMUSG00000067279	-0.298914	-0.519397	-0.509439	-0.525011	-0.066886	0.129596
ENSMUSG00000067288	-0.161172	-0.064636	-0.067527	-0.173952	-0.160680	0.053729
ENSMUSG00000067297	0.120090	0.151996	-0.310031	0.525713	-0.929171	-0.289548
ENSMUSG00000067336	0.036634	0.290450	-0.148480	-0.424165	0.188315	0.146780
ENSMUSG00000067338	-0.057749	0.465611	0.181096	0.205026	-0.216984	-0.553101
ENSMUSG00000067341	1.007144	-0.340151	0.313831	0.579119	-0.126132	-0.379779
ENSMUSG00000067370	-0.012300	-0.852396	0.502830	-0.131873	-0.071077	0.158342
ENSMUSG00000067424	-0.114165	-0.270021	-0.138737	-0.104519	-0.491987	-0.147490
ENSMUSG00000067441	0.071712	-0.195742	-0.239399	0.072317	0.208686	-0.199940
ENSMUSG00000067455	0.171590	0.382638	-0.971453	0.308239	-0.717813	-0.085995
ENSMUSG00000067513	0.486396	0.138103	-0.497488	-0.806534	-0.404089	0.516786
ENSMUSG00000067519	0.039717	0.037629	-0.642588	0.614367	-0.243884	0.238437
ENSMUSG00000067522	0.015814	0.627785	0.015711	0.293718	-0.035923	-0.107085
ENSMUSG00000067524	0.407995	-0.148323	0.232613	0.045137	-0.221292	-0.130409
ENSMUSG00000067525	0.062021	-0.028363	-0.819861	-0.239102	0.420098	0.331763
ENSMUSG00000067526	0.093775	0.174500	0.146186	-0.131209	0.147363	0.078593
ENSMUSG00000067528	0.361670	0.145737	-0.548412	0.299314	0.581587	0.652995
ENSMUSG00000067529	0.011940	-0.022810	0.492656	-0.564926	-0.096908	-0.084170
ENSMUSG00000067545	0.479199	-0.207667	0.287166	0.305617	-0.178605	0.488025
ENSMUSG00000067567	0.149163	0.405150	-0.704867	0.466899	-0.350681	0.436418
ENSMUSG00000067586	0.257653	-0.334083	-0.016965	0.622020	0.198236	0.225715
ENSMUSG00000067591	0.664661	-0.104718	0.031871	0.165680	0.458716	-0.433830
ENSMUSG00000067594	0.253746	0.307082	0.098396	-0.048554	-0.021977	-0.398436
ENSMUSG00000067597	-0.269073	-0.060208	0.109242	0.763770	-0.251938	0.556816
ENSMUSG00000067599	-0.114237	0.855035	-0.332298	-0.417249	0.254353	0.434960
ENSMUSG00000067604	0.136644	-0.623588	-0.511618	-0.336315	-0.017651	-0.134309
ENSMUSG00000067613	0.098492	0.117947	0.465492	0.195329	0.563987	-0.101763
ENSMUSG00000067614	0.177217	-0.492671	-0.074730	0.177206	0.411733	0.212104
ENSMUSG00000067615	0.369073	-0.431612	-0.066954	-0.535974	0.286138	-0.443889
ENSMUSG00000067629	0.080781	-0.673992	-0.243935	0.080386	0.154692	0.452014
ENSMUSG00000067702	0.403988	-0.392438	-0.298601	-0.811429	-0.023354	0.066983
ENSMUSG00000067713	-0.633746	-0.119205	-0.484052	0.303091	-0.190647	-0.079916
ENSMUSG00000067714	0.055984	0.050217	0.996498	0.360470	-0.007490	-0.104332
ENSMUSG00000067767	-0.067982	0.117106	-0.076942	-0.146994	-0.449196	-0.800942
ENSMUSG00000067813	0.206648	-0.133157	-0.140914	0.128550	-0.209704	0.086970
ENSMUSG00000067818	0.216559	-0.281862	0.636132	-0.478803	-0.682072	-0.029766
ENSMUSG00000067825	1.016717	0.049030	-0.174601	-0.313348	0.178433	-0.234833
ENSMUSG00000067873	0.457634	-0.035182	-0.160994	0.452015	-0.281856	-0.100239
ENSMUSG00000067889	0.156881	0.230681	-0.302911	0.134686	0.120212	-0.186412
ENSMUSG00000067928	0.871143	0.326370	-0.093821	0.056028	-0.308587	0.723900
ENSMUSG00000067942	-0.047455	-0.857897	-0.302705	0.290512	0.534851	0.108211
ENSMUSG00000067971	0.462733	-0.216096	0.289509	0.005022	0.072491	0.137422
ENSMUSG00000067995	-0.476868	0.620353	-0.074326	0.080870	0.247514	0.618722
ENSMUSG00000068009	0.241961	0.206802	-0.335421	-0.373216	-0.362598	0.175855
ENSMUSG00000068036	0.498679	-0.407998	-0.514327	0.339323	0.170358	-0.086890
ENSMUSG00000068037	0.448457	-0.143312	-0.977872	-0.079393	-0.288681	-0.026389
ENSMUSG00000068039	-0.201515	-0.116580	-0.233443	-0.677716	-0.124935	0.224054
ENSMUSG00000068068	-0.144740	-0.114600	0.528827	0.168842	-0.318232	0.143039
ENSMUSG00000068074	0.663481	0.044859	0.081331	0.335378	0.347409	-0.053710
ENSMUSG00000068075	-0.144455	-0.416982	-0.125607	-0.512689	-0.489985	0.248157
ENSMUSG00000068078	-0.343309	0.040224	-0.034873	0.338584	-0.034258	0.092582
ENSMUSG00000068083	-0.123828	0.074433	0.121343	0.033220	-0.041921	0.185029
ENSMUSG00000068085	-0.346690	-0.221989	0.228761	-0.329058	0.130973	-0.236692
ENSMUSG00000068086	-0.039014	-0.831967	-0.199350	0.127664	0.531215	0.920899
ENSMUSG00000068101	0.152014	-0.081665	-0.011017	0.183341	0.201243	0.374551
ENSMUSG00000068105	-0.488150	0.661741	-0.351637	0.121586	0.179332	-0.318879
ENSMUSG00000068115	0.198399	0.169377	-0.482418	0.148270	-0.324983	0.046534
ENSMUSG00000068122	0.066211	0.184127	-0.291396	-0.145233	-0.466037	0.520596
ENSMUSG00000068130	0.228317	0.157274	0.252730	0.491708	0.136485	-0.616794
ENSMUSG00000068182	0.490927	-0.123755	-0.114101	0.247752	-0.510977	-0.076076
ENSMUSG00000068184	0.143544	0.258288	-0.040067	0.199028	-0.408751	-0.225748
ENSMUSG00000068196	0.018770	-0.088711	0.296699	-0.089787	0.414623	-0.464622
ENSMUSG00000068220	0.193490	-0.507581	-0.195322	0.017847	0.065858	-0.366771
ENSMUSG00000068227	-0.416265	-0.563200	-0.068096	-0.160833	0.089719	0.168730
ENSMUSG00000068246	-0.156388	-0.205981	-0.537102	-0.162615	-0.450338	0.171513
ENSMUSG00000068252	-0.158797	0.139141	-0.410279	0.506063	-0.147074	-0.406034
ENSMUSG00000068259	0.804961	-0.568838	0.219330	0.191243	0.111887	-0.063483
ENSMUSG00000068290	-0.455749	-0.081570	-0.190547	0.487309	-0.546650	0.073854
ENSMUSG00000068324	0.881940	-0.157677	0.223004	-0.014705	-0.614538	-0.457506
ENSMUSG00000068329	0.155191	-0.949957	0.396549	0.337737	-0.232153	-0.211092
ENSMUSG00000068335	-0.450584	-0.358172	0.304951	-0.370845	1.064524	0.389445
ENSMUSG00000068341	0.634191	0.316008	0.185813	0.103923	-0.395139	0.087609
ENSMUSG00000068394	0.334467	-0.220747	0.503146	0.337960	-0.007863	0.385334
ENSMUSG00000068417	-0.114724	-0.252395	-0.096182	0.022194	-0.042952	-0.694442
ENSMUSG00000068431	-0.010929	-0.031450	0.131516	-0.023167	-0.283486	0.755627
ENSMUSG00000068437	-0.041750	0.219889	0.364355	0.218611	0.326894	-0.124396
ENSMUSG00000068452	0.408217	0.093881	0.011448	0.094610	0.492166	-0.515873
ENSMUSG00000068523	0.106147	-0.015831	0.043953	-0.124240	0.454068	0.378834
ENSMUSG00000068535	0.154154	0.058549	-0.532728	-0.026544	-0.247396	-0.274765
ENSMUSG00000068536	0.193482	-0.417375	0.341837	-0.486673	0.066342	-0.228120
ENSMUSG00000068547	-0.032356	-0.274088	0.925214	-0.498308	0.484817	0.085137
ENSMUSG00000068574	0.191118	0.084844	-0.264099	0.491659	0.003784	0.120898
ENSMUSG00000068587	0.270899	0.304334	0.083604	-0.163613	0.240794	-0.117242
ENSMUSG00000068614	0.160477	-0.608006	0.330019	0.272418	-0.067585	0.029249
ENSMUSG00000068615	0.311162	-0.433778	-0.458446	0.334212	0.582637	-0.112563
ENSMUSG00000068647	-0.395620	0.573941	-0.378593	0.422585	-0.449509	-0.296897
ENSMUSG00000068686	0.409074	0.147196	-0.562406	0.285046	-0.053965	-0.732691
ENSMUSG00000068699	-0.434245	0.144003	0.336588	0.301537	-0.087372	0.185694
ENSMUSG00000068739	-0.039484	-0.140722	0.125084	-0.030419	0.647395	0.186059
ENSMUSG00000068742	-0.742991	0.265151	0.172498	-0.589173	-0.406047	0.328195
ENSMUSG00000068747	-0.336683	0.076896	-0.283746	0.379347	-0.206271	-0.120078
ENSMUSG00000068748	-0.539816	0.191329	-0.063107	0.506316	0.147103	0.162824
ENSMUSG00000068749	-0.204173	-0.021937	0.302842	-0.807995	-0.085811	0.243983
ENSMUSG00000068758	0.045607	-1.165228	-0.305569	-0.337418	-0.851336	-0.010870
ENSMUSG00000068762	0.080875	-0.616221	0.501326	0.690653	0.468818	0.115443
ENSMUSG00000068794	0.055425	-0.085168	-0.749429	0.565644	-0.226257	0.009933
ENSMUSG00000068798	0.056805	-0.193824	-0.124702	-0.096156	0.757111	-0.467389
ENSMUSG00000068806	0.124590	0.632957	0.190432	-0.123699	0.098160	-0.113714
ENSMUSG00000068808	0.014021	0.280466	-0.075397	0.066707	0.479566	0.536109
ENSMUSG00000068809	-0.022618	0.370728	-0.120355	-0.079543	0.388940	-0.160506
ENSMUSG00000068814	-0.121054	-0.338410	0.034564	0.396855	0.404048	0.093086
ENSMUSG00000068815	-0.511456	0.677098	-0.215169	0.078678	-0.202248	-0.106227
ENSMUSG00000068816	0.818843	-0.579848	0.068219	-0.052372	-0.171635	-0.090632
ENSMUSG00000068817	-0.085622	0.285492	-0.284290	-0.190174	-0.582008	0.256394
ENSMUSG00000068818	-0.395026	-0.079202	0.143997	0.407504	0.602612	-0.255594
ENSMUSG00000068819	-0.005337	0.139425	-0.114239	-0.127829	-0.022046	0.180088
ENSMUSG00000068824	-0.163019	-0.123793	-0.380233	-0.280053	-0.165279	0.281033
ENSMUSG00000068854	-0.293216	0.711186	0.454421	-0.016081	0.086993	-0.272882
ENSMUSG00000068855	-0.240687	0.099123	-0.061366	0.078657	0.014389	-0.318697
ENSMUSG00000068856	0.086341	-0.054375	-0.193479	-0.233316	0.320166	-0.237909
ENSMUSG00000068874	-0.199196	-0.226198	-0.137536	-0.335415	0.585943	-0.587719
ENSMUSG00000068876	-0.451307	-0.064209	0.352646	0.120989	0.520159	0.005486
ENSMUSG00000068877	-0.187080	-0.643234	-0.156887	0.647040	0.000341	0.299871
ENSMUSG00000068921	-0.175744	0.251668	-0.557305	-0.783000	-0.084808	-0.146328
ENSMUSG00000068923	0.155456	-0.252795	-0.115581	-0.427129	-0.274402	-0.483662
ENSMUSG00000068947	0.027692	0.435139	-0.493418	-0.490487	0.483540	-0.706390
ENSMUSG00000068950	0.121698	-0.186068	0.163236	-0.605898	-0.106374	-0.343097
ENSMUSG00000068959	0.004303	0.161351	0.604584	0.209748	0.040693	-0.032788
ENSMUSG00000069020	0.095478	0.281720	0.142057	0.283686	-0.212414	0.774789
ENSMUSG00000069038	-0.573136	-0.027296	-0.293374	-0.132840	-0.091767	0.336578
ENSMUSG00000069041	-0.021088	-0.267144	-0.381693	0.777290	-0.009087	0.854442
ENSMUSG00000069053	0.062708	-0.133997	0.676870	0.217413	0.525182	-0.040357
ENSMUSG00000069089	0.042675	0.053183	0.439097	0.040420	-0.074281	-0.379611
ENSMUSG00000069094	-0.005664	0.019010	-0.295116	-0.097582	-0.303575	-0.014114
ENSMUSG00000069135	0.455455	0.191423	0.166716	0.788865	-0.289173	-0.519542
ENSMUSG00000069189	0.547526	-0.421867	-0.202779	-0.125884	0.126447	0.116045
ENSMUSG00000069206	-0.066249	-0.058328	0.023615	0.179166	-0.498961	0.733207
ENSMUSG00000069248	0.005348	-0.046866	0.262175	0.504044	0.479817	0.028361
ENSMUSG00000069259	-0.038371	0.163473	0.119414	0.531115	0.197915	-0.375279
ENSMUSG00000069265	0.130434	0.531295	-0.101873	-0.062344	0.635356	-0.181033
ENSMUSG00000069266	-0.087308	-0.153886	0.373657	-0.230749	-0.544373	0.074766
ENSMUSG00000069267	-0.236088	0.183685	0.135041	-0.073516	0.808905	-0.313028
ENSMUSG00000069268	-0.084346	-0.237020	0.241098	-0.111882	0.568076	0.022841
ENSMUSG00000069270	0.285153	0.115997	0.438577	-0.579251	-0.370396	-0.282064
ENSMUSG00000069272	-0.661195	-0.390606	-0.091716	0.491291	-0.653511	-0.221808
ENSMUSG00000069273	-0.228276	0.738007	0.284613	-1.167821	0.058161	-0.211716
ENSMUSG00000069274	-0.060815	-0.033407	-0.170147	-0.047793	0.343047	0.369721
ENSMUSG00000069300	-0.610803	0.320297	-0.352962	-0.115960	-0.560338	0.442801
ENSMUSG00000069301	0.769277	-0.117074	0.361467	-0.153641	-0.124421	-0.466454
ENSMUSG00000069302	0.306337	-0.165431	0.052137	-0.000483	0.111414	-0.081664
ENSMUSG00000069303	-0.554563	0.163891	0.537530	0.532832	0.004993	0.053201
ENSMUSG00000069305	0.174979	0.484796	0.598733	-0.103642	-0.226663	-0.761953
ENSMUSG00000069306	0.048753	0.419338	-0.302953	-0.012547	0.330636	-0.302606
ENSMUSG00000069307	0.253926	-0.270929	0.191530	-0.379658	0.044663	0.864403
ENSMUSG00000069308	-0.216932	0.780199	-0.138334	-0.291432	-0.160909	-0.037371
ENSMUSG00000069309	-0.069049	-0.273077	0.195586	0.659672	-0.013142	-0.235714
ENSMUSG00000069310	0.268824	0.187005	0.176276	0.187763	-0.298844	0.215685
ENSMUSG00000069378	-0.067936	-0.139531	-0.205010	0.414039	-0.082446	0.190347
ENSMUSG00000069390	-0.494201	-0.443666	0.231806	-0.390239	0.343531	0.352750
ENSMUSG00000069421	-0.260145	0.251809	0.447303	0.151263	0.124221	-0.359883
ENSMUSG00000069430	0.451631	-0.185826	-0.013372	0.205951	0.302889	-0.362592
ENSMUSG00000069441	0.086888	0.335145	-0.316930	0.549166	-0.184814	0.276861
ENSMUSG00000069456	0.167578	0.611771	-0.446908	-0.573722	-0.183549	0.149713
ENSMUSG00000069516	-0.288081	-0.674615	0.202402	0.149898	-0.366798	0.626230
ENSMUSG00000069565	0.204586	0.312084	0.364680	-0.127511	-0.832943	-0.441292
ENSMUSG00000069582	0.510878	-0.082899	0.142609	0.444262	-0.046330	-0.355441
ENSMUSG00000069583	0.612544	0.174530	-0.063456	-0.508319	-0.127923	0.591825
ENSMUSG00000069601	-0.326923	-0.009579	0.116968	0.518021	0.598598	0.102191
ENSMUSG00000069631	-0.366383	0.086934	-0.250635	-0.039965	0.664423	0.329298
ENSMUSG00000069662	-0.548398	-0.535669	0.064483	-0.500154	0.715969	-0.155270
ENSMUSG00000069706	0.115109	-0.022928	-0.345133	-0.094474	0.978128	-0.105039
ENSMUSG00000069707	0.325649	0.124906	-0.717399	-0.189009	-0.026613	0.834297
ENSMUSG00000069708	-0.092962	0.549857	-0.750844	0.303360	0.267562	-0.352130
ENSMUSG00000069712	-0.531624	0.133328	-0.543130	-0.105476	0.467935	0.135951
ENSMUSG00000069717	-0.393298	-0.142135	-0.005340	0.227481	-0.144759	0.211148
ENSMUSG00000069718	-0.300102	-0.243945	0.184556	-0.018981	0.341851	0.144702
ENSMUSG00000069722	-0.470686	-0.517899	-0.350101	0.139060	0.258253	0.159247
ENSMUSG00000069727	-0.156615	0.392051	-0.137774	-0.187177	-0.699163	-0.133709
ENSMUSG00000069729	-0.271244	0.061062	0.363243	0.357058	0.042830	-0.037265
ENSMUSG00000069744	0.030361	0.150202	0.429610	0.440736	-1.193572	0.474092
ENSMUSG00000069769	0.509717	-0.279423	-0.290755	-0.218358	0.513003	-0.060266
ENSMUSG00000069805	-0.699484	-0.361937	-0.293558	0.217703	0.004200	-0.121359
ENSMUSG00000069806	0.242922	-0.058030	0.197915	0.295909	0.778980	-0.120222
ENSMUSG00000069816	0.837053	0.249664	-0.179578	0.147325	-0.286860	0.003849
ENSMUSG00000069818	-0.591262	-0.150001	-0.024939	0.130051	0.230984	0.288765
ENSMUSG00000069823	0.307738	0.020504	-0.416496	-0.326553	0.247532	-0.263295
ENSMUSG00000069830	0.285757	-0.570080	0.312810	0.684511	0.097263	-0.278762
ENSMUSG00000069833	-0.611971	0.396131	-0.224953	-0.210598	0.295867	-0.069806
ENSMUSG00000069835	0.662175	-0.548814	0.749754	0.375432	0.094099	0.548029
ENSMUSG00000069844	-0.082605	-0.119948	0.874021	0.417543	-0.278592	-0.027919
ENSMUSG00000069873	0.004231	-0.286847	0.001854	0.006045	0.436042	-0.552576
ENSMUSG00000069874	-0.053372	0.116634	0.009382	-0.239335	-0.119383	0.045392
ENSMUSG00000069895	0.348618	0.094529	-0.427815	0.557221	0.141757	0.243650
ENSMUSG00000069910	-0.175647	-0.196867	-0.235104	0.077083	-0.193768	-0.231748
ENSMUSG00000069920	0.236195	-0.503204	-0.168355	0.087839	-0.122718	0.100166
ENSMUSG00000069922	0.023829	0.333718	0.247405	-0.600334	-0.706748	0.583227
ENSMUSG00000069998	0.257729	-0.071875	0.212846	-0.111503	0.021255	-0.204928
ENSMUSG00000070000	0.032755	-0.292513	0.067492	-0.099102	-0.045391	-0.101877
ENSMUSG00000070002	0.073279	-0.175011	0.101205	0.258886	0.072275	-0.134748
ENSMUSG00000070126	-0.542924	0.348874	-0.021551	-0.430430	0.763334	0.356243
ENSMUSG00000070127	-0.662639	-0.573660	-0.098718	-0.477413	-0.354508	-0.222538
ENSMUSG00000070144	0.125032	0.226908	-0.229029	-0.237237	0.514443	-0.320453
ENSMUSG00000070283	0.529471	0.293996	0.676971	-0.222680	0.273721	0.245832
ENSMUSG00000070284	0.170365	0.933936	0.357120	0.143302	-0.496120	-0.100507
ENSMUSG00000070311	0.252603	-0.315143	0.074448	-0.578251	0.036910	0.272254
ENSMUSG00000070319	-0.105833	0.019242	0.500446	0.256255	-0.034224	-0.104574
ENSMUSG00000070327	0.274530	-0.175448	-0.326593	0.167407	-0.223535	-0.352712
ENSMUSG00000070332	-0.464233	-0.157082	0.396176	0.015311	-0.500389	-0.275567
ENSMUSG00000070334	0.135022	0.095663	-0.513965	0.532172	-0.190966	-0.894645
ENSMUSG00000070335	-0.806367	-0.149817	-0.619113	-0.143907	0.107110	0.440546
ENSMUSG00000070348	0.677575	0.144751	0.507547	0.292747	-0.019594	0.334762
ENSMUSG00000070366	0.196810	0.278198	0.108273	-0.328303	-0.712390	-0.424218
ENSMUSG00000070368	-0.339881	-0.031898	-0.375879	0.323585	-0.035891	0.159335
ENSMUSG00000070369	0.135206	0.579964	-0.081706	-0.187257	-0.078545	-0.085587
ENSMUSG00000070374	0.253947	0.092009	0.121129	0.377840	-0.314183	-0.511809
ENSMUSG00000070375	-0.370348	-0.015123	-0.202206	0.275613	0.107630	0.606868
ENSMUSG00000070377	-0.637086	-0.038576	0.143400	-0.037809	0.596333	0.265146
ENSMUSG00000070378	-0.313235	-0.143991	0.275982	-0.253950	0.163992	0.812576
ENSMUSG00000070379	0.322574	-0.581407	0.309244	0.120399	-0.056107	-0.208544
ENSMUSG00000070380	0.804327	0.212435	0.418056	-0.042944	0.014212	-0.222635
ENSMUSG00000070382	1.026009	-0.054792	-0.156743	-0.202215	0.230719	0.161158
ENSMUSG00000070383	-0.300643	0.583966	-0.291481	-0.056610	-0.348873	0.153105
ENSMUSG00000070385	-0.501674	0.003696	0.294307	-0.175769	-0.029517	0.101117
ENSMUSG00000070390	-0.402553	0.499785	0.007242	0.016778	0.000007	0.413503
ENSMUSG00000070407	-0.012760	0.237434	0.000477	-0.293832	-0.060650	-0.184502
ENSMUSG00000070417	0.605360	-0.236553	-0.142771	0.281522	0.163708	-0.278742
ENSMUSG00000070419	-0.432701	-0.357971	0.221477	-0.318377	-0.300271	-0.087588
ENSMUSG00000070420	0.000831	-0.073548	0.183938	-0.337160	-0.059936	0.135648
ENSMUSG00000070421	-0.101069	0.498010	0.319441	0.123944	0.388321	0.101383
ENSMUSG00000070423	0.255725	0.247520	-0.443952	0.371948	-0.457557	0.030158
ENSMUSG00000070427	0.250002	-0.235230	-0.013547	0.205512	0.127147	0.171083
ENSMUSG00000070438	-0.056376	-0.133217	-0.074009	-0.138154	0.293773	-0.045647
ENSMUSG00000070459	0.366970	-0.605065	0.249186	-0.357108	-0.119338	0.697557
ENSMUSG00000070460	-0.001823	0.408634	-0.503928	-0.123598	-0.237291	0.307873
ENSMUSG00000070464	-0.410677	0.103395	-0.257391	-0.368202	0.109947	0.040917
ENSMUSG00000070469	-0.002850	0.159725	0.366143	-0.018227	-0.407633	0.128668
ENSMUSG00000070473	0.035746	-0.278308	-0.300902	-0.080438	-0.153211	0.314549
ENSMUSG00000070509	0.301143	0.521064	0.243405	0.671923	-0.393124	0.465813
ENSMUSG00000070520	0.174384	-0.298426	0.388380	-0.097798	-0.198468	0.478499
ENSMUSG00000070526	0.423894	-0.212165	0.458709	-0.265645	-0.234845	-0.116330
ENSMUSG00000070544	0.320463	-0.123735	-0.419755	-0.166706	-0.461034	0.104546
ENSMUSG00000070563	-0.237948	0.166643	0.283421	-0.118598	0.064147	-0.219254
ENSMUSG00000070565	-0.178818	-0.027924	-0.268902	-0.512515	0.557222	0.254047
ENSMUSG00000070570	-0.255788	0.395806	-0.051321	-0.355556	0.375122	-0.241069
ENSMUSG00000070594	-0.261175	-0.162869	-0.763971	-0.492584	0.422168	0.384374
ENSMUSG00000070639	-0.315445	0.514130	-0.096311	-0.340576	0.062060	0.078608
ENSMUSG00000070643	-0.080557	0.220070	0.359215	-0.353643	0.664072	0.276047
ENSMUSG00000070644	-0.427901	-0.196921	0.612737	-0.013368	0.310174	-0.061517
ENSMUSG00000070645	0.076283	0.178783	-0.314609	-0.358875	0.589187	-0.356684
ENSMUSG00000070687	0.123135	0.419569	-0.252536	0.306718	-0.441550	-0.101104
ENSMUSG00000070691	0.091904	0.112909	-0.582900	-0.524855	-1.070106	-0.462565
ENSMUSG00000070692	0.716611	0.283367	-0.166268	-0.095372	-0.674903	-0.141281
ENSMUSG00000070697	0.197932	0.178338	0.327348	0.021710	-0.351401	-0.037035
ENSMUSG00000070699	0.252789	-0.099116	0.492823	-0.267279	0.053308	-0.074259
ENSMUSG00000070702	0.152558	0.366388	-0.314809	0.356404	0.349888	0.069702
ENSMUSG00000070704	0.381857	-0.065844	-0.414427	-0.129751	-0.430253	-0.626201
ENSMUSG00000070719	0.346390	-0.264223	0.413166	0.279914	0.261247	0.621825
ENSMUSG00000070738	-0.462047	-0.243697	0.032204	0.513164	0.232816	-0.039890
ENSMUSG00000070803	0.300150	0.300338	0.451019	0.870893	-0.225607	0.186624
ENSMUSG00000070808	-0.488870	-0.070279	0.285051	-0.074148	-0.316327	0.057114
ENSMUSG00000070810	0.080236	-0.100030	-0.014137	0.669173	-0.326909	-0.591624
ENSMUSG00000070820	0.313188	-0.344945	0.198168	-0.084739	0.093110	-0.220222
ENSMUSG00000070821	0.380915	0.019275	0.174963	0.361402	-0.163084	-0.016500
ENSMUSG00000070852	0.157104	0.012593	-0.792797	0.488677	0.117628	-0.712574
ENSMUSG00000070853	0.220217	0.292192	0.097292	-0.191674	0.134822	0.207097
ENSMUSG00000070855	-0.030165	-0.361545	-0.439874	0.092818	-0.463610	-0.513575
ENSMUSG00000070856	1.039554	-0.355929	-0.449436	0.096181	-0.009971	0.823504
ENSMUSG00000070857	0.310768	-0.063486	-0.499905	-0.152667	0.018052	0.059607
ENSMUSG00000070873	-0.075375	-0.197832	-0.272550	-0.113469	-0.609388	-0.853765
ENSMUSG00000070875	-0.871765	0.394064	0.606115	0.074730	-0.077045	-0.344561
ENSMUSG00000070880	-0.282518	-0.374412	-0.017253	-0.008314	-0.060916	-0.253941
ENSMUSG00000070904	-0.323194	-0.347755	0.120532	-0.073058	-0.070935	0.208123
ENSMUSG00000070923	0.033168	0.192383	0.110142	0.128558	0.111306	-0.578684
ENSMUSG00000070934	-0.003932	-0.223621	-0.333682	-0.329653	-0.712752	-0.405158
ENSMUSG00000070939	-0.312058	0.349722	0.327999	-0.203569	-0.054434	-0.033292
ENSMUSG00000070942	-0.195150	0.117436	0.259059	0.263193	0.244117	-0.435044
ENSMUSG00000070943	-0.443345	0.075459	0.272531	0.009143	-0.131018	0.186748
ENSMUSG00000070953	0.203302	0.924073	0.121639	-0.674168	-0.874026	0.108588
ENSMUSG00000070983	-0.340380	0.535529	0.066887	-0.075119	0.472497	-0.033800
ENSMUSG00000070985	-0.119507	0.096329	-0.357465	-0.518264	-0.456675	0.285899
ENSMUSG00000071000	-0.555489	0.352495	0.667804	0.147786	0.781343	-0.668469
ENSMUSG00000071005	-0.169594	0.698404	-0.504843	0.198847	0.576873	0.263822
ENSMUSG00000071014	-0.405426	-0.800972	0.514712	0.522375	-0.122862	0.406421
ENSMUSG00000071037	0.074096	0.083942	0.304566	0.007348	-0.108854	0.368543
ENSMUSG00000071042	0.113403	-0.300894	-0.685576	0.064411	0.077032	0.483908
ENSMUSG00000071047	-0.197658	-0.143568	0.242169	0.744712	0.292539	-0.206899
ENSMUSG00000071054	-0.344305	-0.666984	-0.086703	-0.248808	0.267946	-0.119347
ENSMUSG00000071065	-0.040088	0.528915	-0.170937	-0.370443	0.395430	0.324704
ENSMUSG00000071068	-0.044690	-0.438121	0.763494	-0.448717	0.398724	0.075965
ENSMUSG00000071072	0.044805	-0.032804	-0.895982	0.243346	0.192367	-0.301897
ENSMUSG00000071076	-0.431285	-0.600793	-0.043522	0.034076	-0.051505	-0.073523
ENSMUSG00000071112	0.324885	0.273714	0.401950	-0.316312	0.442555	0.153026
ENSMUSG00000071113	0.057201	0.712436	0.053591	-0.254971	0.246442	0.286390
ENSMUSG00000071147	0.069483	-0.044393	-0.586688	0.454408	-0.044003	0.360119
ENSMUSG00000071150	0.101660	-0.484957	0.406761	0.080746	0.624138	0.634627
ENSMUSG00000071169	-0.477618	-0.042751	0.837684	0.160186	0.056419	0.226444
ENSMUSG00000071172	0.001589	-0.409804	-0.499253	0.087254	-0.732985	-0.254653
ENSMUSG00000071176	0.235360	0.308391	0.062992	-0.258146	0.137130	-0.082422
ENSMUSG00000071177	-0.841875	-0.940440	0.658127	0.051066	0.349584	-0.697824
ENSMUSG00000071178	0.096056	0.046822	-0.369548	0.061919	0.137188	0.262766
ENSMUSG00000071185	-0.401493	-0.127296	0.598157	-0.364169	0.440585	-0.240337
ENSMUSG00000071195	-0.199645	-0.028137	-0.069195	0.037083	-0.146974	0.590406
ENSMUSG00000071203	0.457446	0.241626	0.128328	0.129239	-0.188432	0.130794
ENSMUSG00000071230	-0.075883	0.328459	-0.065505	-0.335790	-0.030712	0.532419
ENSMUSG00000071253	-0.086892	-0.079084	-0.265820	0.378442	0.112369	-0.362380
ENSMUSG00000071256	0.490585	-0.614052	-0.206371	-0.088010	0.206855	-0.151967
ENSMUSG00000071275	0.123690	0.151632	0.443293	0.404877	-0.091104	0.147406
ENSMUSG00000071276	0.319212	0.205083	0.525684	0.337755	0.574792	-0.065699
ENSMUSG00000071291	-0.313062	-0.499459	-0.057210	-0.215129	0.341584	0.326398
ENSMUSG00000071311	0.571891	0.025095	0.136358	0.082473	-0.124277	0.132499
ENSMUSG00000071317	0.382213	-0.463505	0.444828	-0.017891	0.450261	-0.298561
ENSMUSG00000071350	-0.401490	-0.293446	0.036080	-0.115469	0.334285	-0.175841
ENSMUSG00000071356	-0.008262	0.131031	-0.486333	0.221918	-0.194847	-0.590940
ENSMUSG00000071359	0.007020	0.133729	0.170465	0.321454	0.402086	-0.077812
ENSMUSG00000071369	0.202788	-0.522596	0.264492	0.121306	0.258121	-0.234199
ENSMUSG00000071415	0.174468	0.044431	0.092945	0.313961	0.329424	0.160061
ENSMUSG00000071424	-0.290060	0.148745	-0.289817	-0.098903	0.182981	0.163949
ENSMUSG00000071451	-0.125804	-0.248853	-0.395209	-0.098199	-0.355822	-0.460416
ENSMUSG00000071452	-0.016120	0.100309	0.637113	-0.262691	-0.500633	0.436108
ENSMUSG00000071454	-0.095732	-0.259086	0.380184	0.008842	-0.059810	-0.586622
ENSMUSG00000071478	-0.917992	0.304644	0.382243	-0.257532	0.157075	0.785601
ENSMUSG00000071481	0.304597	0.010675	0.445301	0.547244	-0.077448	0.369326
ENSMUSG00000071489	0.241947	-0.227917	0.380209	0.171123	0.180974	0.187126
ENSMUSG00000071494	-0.059867	0.216728	-0.161242	0.024862	0.279823	0.400258
ENSMUSG00000071510	-0.519093	0.090681	-0.079759	0.156816	-0.373309	-0.553540
ENSMUSG00000071516	-0.429982	-0.442593	0.244958	-0.604412	-0.037443	0.105566
ENSMUSG00000071517	0.038578	0.353180	0.161735	-0.062852	0.394227	-0.560633
ENSMUSG00000071519	0.054830	-0.602880	0.193702	-0.034136	0.274740	0.038876
ENSMUSG00000071521	-0.341391	-0.083719	-0.074516	0.104688	-0.260508	-0.258297
ENSMUSG00000071522	-0.301884	0.498120	0.136052	-0.113267	-0.187357	0.197026
ENSMUSG00000071528	-0.346778	0.060764	0.342092	-0.613569	0.277643	-0.345561
ENSMUSG00000071552	-0.104371	-0.249349	0.335714	-0.651087	-0.022378	0.106990
ENSMUSG00000071629	0.225871	-0.734645	-0.293373	-0.305258	-0.208479	0.076113
ENSMUSG00000071633	0.034610	-0.027029	-0.565704	-0.397933	-0.352612	-0.645205
ENSMUSG00000071644	-0.419286	0.067560	-0.567479	0.307395	0.054408	0.007332
ENSMUSG00000071646	1.007995	0.151762	-0.521742	0.246618	0.027403	-0.113573
ENSMUSG00000071649	-0.279277	0.322754	-0.343696	-0.556672	0.222839	0.137749
ENSMUSG00000071650	-0.031104	-0.386838	-0.030599	-0.307668	-0.209010	0.384138
ENSMUSG00000071652	-0.407534	-0.286249	0.036345	-0.009157	0.459771	-0.313167
ENSMUSG00000071655	0.156241	0.065338	-0.562448	-0.268516	-0.330490	0.367419
ENSMUSG00000071658	-0.681608	-0.161908	0.057698	-0.079940	0.060872	0.235055
ENSMUSG00000071662	-0.121796	-0.414150	-0.276765	-0.296336	-0.143934	-0.209854
ENSMUSG00000071708	-0.690212	-0.273280	-0.356380	-0.215465	-0.092943	0.597187
ENSMUSG00000071711	0.342120	0.187660	0.226287	0.136868	0.007317	-0.000192
ENSMUSG00000071713	0.426555	0.142737	-0.104289	0.627534	0.050831	0.700959
ENSMUSG00000071714	0.367396	0.173658	0.480270	-0.290383	-0.014211	-0.542522
ENSMUSG00000071715	0.061034	-0.483199	0.228428	-0.099054	0.940612	0.428559
ENSMUSG00000071716	-0.119896	0.337952	-0.290240	-0.273267	0.341712	0.389598
ENSMUSG00000071723	0.594867	-0.028373	0.471914	0.092365	-0.183612	0.059921
ENSMUSG00000071764	0.024172	0.214760	0.548646	-0.316436	-0.386837	-0.552505
ENSMUSG00000071847	0.452242	0.312966	0.190528	-0.786434	-0.817783	0.225138
ENSMUSG00000071856	-0.698206	0.324054	-0.344932	0.418637	-0.159677	-0.259432
ENSMUSG00000071862	-0.253466	0.218080	-0.472739	0.337822	0.023762	-0.409620
ENSMUSG00000071866	-0.105423	0.787843	-0.196371	-0.264741	-0.289385	-0.104684
ENSMUSG00000071937	-0.370639	0.250379	-0.337983	-0.492550	0.352347	-0.587235
ENSMUSG00000072082	-0.228421	-0.475172	0.461545	-0.210506	-0.440651	0.229196
ENSMUSG00000072115	-0.092725	0.080667	-0.224657	0.240134	0.173521	0.239760
ENSMUSG00000072214	0.326294	-0.052465	0.074984	0.096391	-0.037536	-0.244508
ENSMUSG00000072235	0.032023	-0.518750	0.294339	0.583073	-0.257849	-0.128350
ENSMUSG00000072258	0.094894	0.326465	-0.415534	-0.391743	-0.175762	0.055416
ENSMUSG00000072423	0.545238	-0.434220	0.126829	0.767760	-0.324575	-0.634641
ENSMUSG00000072494	-0.158239	-0.370711	0.722234	0.122036	-0.384706	-0.008742
ENSMUSG00000072501	-0.349084	-0.278853	0.183846	-0.036250	0.159741	-0.751921
ENSMUSG00000072572	0.132686	-0.320846	0.582780	-0.039860	-0.240994	-0.595608
ENSMUSG00000072582	-0.453281	-0.240465	0.205581	-0.095109	-0.126646	-0.508849
ENSMUSG00000072596	-0.043041	-0.179196	-0.154973	0.053938	0.101887	0.228699
ENSMUSG00000072601	-0.094839	0.486912	-0.570270	0.245791	-0.148987	-0.580821
ENSMUSG00000072623	-0.452514	0.257563	-0.277607	-0.422048	-0.232703	-0.142927
ENSMUSG00000072625	-0.787169	0.074800	0.050178	-0.036371	0.152347	-0.254281
ENSMUSG00000072664	0.245675	-0.564688	0.380336	0.004662	-0.297137	-0.329305
ENSMUSG00000072707	-0.340074	-0.591322	0.823736	-0.452259	0.086681	-0.297560
ENSMUSG00000072708	0.572997	-0.003734	-0.310299	0.580103	0.445651	0.210181
ENSMUSG00000072709	-0.401851	0.445516	-0.573863	0.217549	0.036431	-0.033476
ENSMUSG00000072763	0.119990	-0.012752	0.208760	0.067842	0.381623	0.422974
ENSMUSG00000072789	0.130765	0.419430	0.160148	0.286707	-0.032265	-0.548918
ENSMUSG00000072791	-0.046816	-0.163481	0.057742	0.335648	0.508063	-0.261010
ENSMUSG00000072849	-0.229769	-0.580595	-0.517136	0.209205	-1.113240	0.146301
ENSMUSG00000072872	0.186611	-0.079777	0.333042	-0.927331	0.261551	0.205874
ENSMUSG00000072941	-0.107225	-0.721753	-0.028530	0.118023	-0.127473	-0.343415
ENSMUSG00000072946	0.318488	-0.233437	0.195620	-0.026068	0.342187	0.462936
ENSMUSG00000072949	0.145392	0.260827	-0.200792	0.206757	-0.004640	-0.246977
ENSMUSG00000072980	0.591435	0.320895	-0.345029	0.783998	0.263756	-0.247157
ENSMUSG00000073110	-0.394403	0.939229	-0.298489	0.079979	0.581323	-0.024529
ENSMUSG00000073111	-0.188204	0.713278	0.367180	0.050185	-0.136386	-0.049283
ENSMUSG00000073295	0.555542	0.185806	-0.190403	0.550039	0.224532	-0.140212
ENSMUSG00000073402	-0.292321	-0.222171	0.105815	-0.678311	0.142134	0.460878
ENSMUSG00000073406	0.105661	0.063286	0.370649	-0.092652	-0.099342	0.149664
ENSMUSG00000073409	0.223994	-0.138663	0.243023	-0.380821	-0.145143	0.227192
ENSMUSG00000073411	0.060123	0.422247	0.587029	0.302867	0.964097	0.027869
ENSMUSG00000073413	-0.195868	-0.585648	0.187866	-0.522145	0.076247	0.668251
ENSMUSG00000073414	-0.672208	0.343884	-0.284230	0.172411	-0.468016	-0.136754
ENSMUSG00000073418	-0.296638	-0.042877	-0.451378	-0.259123	-0.414624	0.215850
ENSMUSG00000073421	0.179176	-0.101070	-0.144185	-0.348516	0.155004	0.391869
ENSMUSG00000073422	-0.002906	0.991967	-0.254879	-0.054375	-0.835661	-0.109076
ENSMUSG00000073433	-0.335504	0.105842	-0.541838	0.119601	-0.285616	-0.113134
ENSMUSG00000073435	-0.203709	-0.247029	0.618572	-0.453266	0.153327	-0.299352
ENSMUSG00000073436	-0.737166	0.125915	-0.356538	-0.330731	0.329015	0.329716
ENSMUSG00000073481	-0.152167	0.018478	0.149501	-0.024909	-0.019984	-0.327735
ENSMUSG00000073489	0.091193	0.219245	0.023245	-0.033135	-0.382872	0.128137
ENSMUSG00000073494	-0.168087	-0.203966	-0.326124	-0.328935	0.123037	-0.372447
ENSMUSG00000073514	0.102226	0.563683	0.049259	-0.112379	-0.320712	-0.509033
ENSMUSG00000073530	0.162661	-0.111286	0.460862	0.032628	-0.255962	-0.075065
ENSMUSG00000073542	-0.461202	0.229537	0.138117	0.312739	-0.297687	0.335016
ENSMUSG00000073557	0.852649	0.076716	-0.021332	0.263052	0.579471	0.422449
ENSMUSG00000073559	-0.011761	-0.216557	0.079930	-0.201870	0.219496	-0.419752
ENSMUSG00000073563	-0.022090	-0.218772	-0.905757	-0.214903	0.215830	0.113852
ENSMUSG00000073601	-0.203448	-0.453354	0.262510	-0.020533	0.346602	-0.043963
ENSMUSG00000073602	0.409537	-0.372208	0.352205	0.516354	0.057660	0.103346
ENSMUSG00000073609	-0.286341	-0.195211	-0.371634	1.121966	0.467424	-0.077609
ENSMUSG00000073639	-0.828073	-0.255334	0.295896	-0.410691	-0.012228	-0.301807
ENSMUSG00000073676	-0.035978	-0.958628	0.089722	-0.258361	-0.789486	0.058998
ENSMUSG00000073678	0.017021	-0.492061	0.200553	-0.198812	0.234446	-0.742251
ENSMUSG00000073684	-0.452756	-0.536000	0.115013	0.687402	-0.868240	0.470869
ENSMUSG00000073700	0.107097	-0.324279	0.499281	-0.257516	0.115636	0.010389
ENSMUSG00000073702	-0.069796	0.447824	-0.085711	-0.373149	-0.253579	0.086217
ENSMUSG00000073705	-0.145628	-0.076767	0.619060	0.215356	-0.312586	0.483091
ENSMUSG00000073725	-0.256879	0.043480	-0.244994	0.084483	-0.168036	-0.274431
ENSMUSG00000073735	-0.559689	-0.094992	0.352406	-0.618060	0.257851	-0.461008
ENSMUSG00000073768	-0.338509	-0.097542	-0.108326	0.181410	0.161703	-0.605569
ENSMUSG00000073769	0.438563	0.024841	0.478711	-0.299345	0.299277	0.341408
ENSMUSG00000073785	-0.056099	-0.312198	-0.302593	-0.757016	0.118488	-0.177171
ENSMUSG00000073786	-0.095326	-0.157343	-0.116786	-0.188716	-0.078820	0.252935
ENSMUSG00000073791	-0.438429	-0.013890	0.088650	0.166327	0.077596	0.412324
ENSMUSG00000073792	-0.202641	-0.309224	-0.439554	-0.537878	0.287611	-0.056455
ENSMUSG00000073802	0.512213	-0.101827	-0.035029	-0.561413	-0.204290	-0.631362
ENSMUSG00000073804	0.575028	-0.243724	-0.292604	0.513129	0.281708	0.175221
ENSMUSG00000073811	0.063672	-0.222245	0.004069	-0.023454	0.140112	0.227210
ENSMUSG00000073876	-0.082735	-0.354430	0.370192	-0.273692	0.230227	-0.037427
ENSMUSG00000073877	-0.394222	-0.513321	-0.219972	-0.361103	-0.238670	-0.128823
ENSMUSG00000073878	-0.127200	0.139628	0.246201	0.727837	-0.177057	-0.027367
ENSMUSG00000073888	-0.016814	-0.231042	0.041801	-0.108830	0.055072	-0.329820
ENSMUSG00000073889	0.447523	0.969276	-0.201057	-0.539882	0.544157	0.415615
ENSMUSG00000073893	-0.274470	-0.498797	-0.134919	-0.226479	0.507077	0.104081
ENSMUSG00000073896	-0.037919	-0.119172	0.538066	0.104581	0.192178	0.037341
ENSMUSG00000073897	-0.149644	-0.588084	-0.135064	-0.350743	-0.063006	0.239125
ENSMUSG00000073898	0.116918	-0.255104	-0.310789	0.066259	-0.038248	-0.152549
ENSMUSG00000073899	-0.148578	-0.270770	-0.026638	-0.241412	-0.026993	0.064926
ENSMUSG00000073900	0.286110	0.407857	0.013972	-0.331534	-0.120605	0.216590
ENSMUSG00000073901	-0.028904	0.350676	-0.209161	-0.157529	0.188925	0.046233
ENSMUSG00000073906	0.504179	0.358182	0.511716	-0.175061	-0.512760	0.024349
ENSMUSG00000073907	0.278081	0.835033	-0.552826	0.375600	-0.295060	-0.192841
ENSMUSG00000073909	0.255536	0.355031	-0.162489	-0.301387	-0.063233	0.795790
ENSMUSG00000073913	-0.330565	0.589339	0.125959	0.345044	-0.074134	0.699660
ENSMUSG00000073914	0.320426	-0.024859	0.041350	-0.454091	0.310988	0.341348
ENSMUSG00000073915	0.223375	0.091466	0.190825	0.038945	-0.144786	-0.253224
ENSMUSG00000073916	0.165680	-0.357652	-0.439032	0.285700	0.247085	0.850743
ENSMUSG00000073917	0.313377	0.211651	-0.415754	0.163452	0.219460	0.211246
ENSMUSG00000073920	0.507499	0.401376	-0.109548	-0.611572	-0.358997	-0.148606
ENSMUSG00000073922	-0.508479	-0.431412	0.145026	-0.375340	-0.118870	-0.194778
ENSMUSG00000073923	0.369163	0.018169	0.460096	0.366249	0.094029	-0.311240
ENSMUSG00000073924	-0.230867	-0.199628	-0.767150	0.423890	0.231896	0.131985
ENSMUSG00000073925	0.359521	0.269540	0.367002	0.307951	-0.495942	-0.002965
ENSMUSG00000073926	-0.437045	0.109084	-0.397329	-0.153971	0.199772	-0.042172
ENSMUSG00000073927	0.030160	0.194478	0.797753	-0.691178	0.360434	0.039231
ENSMUSG00000073928	0.103730	-0.382122	0.591745	0.333387	0.139572	0.586865
ENSMUSG00000073931	0.008884	0.361831	0.052172	0.361576	0.702614	0.723527
ENSMUSG00000073932	0.266326	0.221896	-0.327523	-0.372957	0.355881	-0.108258
ENSMUSG00000073937	-0.191358	0.265530	0.373226	0.563419	0.354247	0.457569
ENSMUSG00000073938	-0.015755	0.286364	0.588613	-0.554776	-0.224748	0.301492
ENSMUSG00000073944	-0.259003	0.008508	0.080693	0.503844	0.005822	-0.116794
ENSMUSG00000073945	-0.340716	-0.074682	0.226110	-0.425774	-0.260993	0.188774
ENSMUSG00000073946	0.438687	0.363596	0.837236	-0.207633	0.142426	-0.767846
ENSMUSG00000073947	-0.299446	-0.036439	0.282491	-0.521613	0.377952	-0.159014
ENSMUSG00000073948	0.664966	0.190304	-0.413407	-0.146726	0.851734	-0.413895
ENSMUSG00000073949	-0.208390	-0.097152	0.175885	-0.219772	-0.178083	-0.190087
ENSMUSG00000073950	-0.777555	-0.269221	0.329061	0.746036	0.903163	0.132552
ENSMUSG00000073951	-0.796076	0.023940	-0.406200	0.198908	-0.033378	-0.159152
ENSMUSG00000073952	0.023977	-0.126157	-0.315601	0.218699	-0.507712	0.124140
ENSMUSG00000073953	0.000666	-0.043386	0.042669	-0.152240	0.147652	0.172387
ENSMUSG00000073954	0.297151	0.084007	0.192607	-0.106324	0.136355	-0.110716
ENSMUSG00000073955	-0.346863	0.556883	-0.133355	0.526212	0.626413	0.507480
ENSMUSG00000073956	0.179865	0.075052	-0.107676	-0.021588	0.411586	0.070822
ENSMUSG00000073959	-0.054352	-0.284259	0.018064	-0.215859	-0.491197	-0.174665
ENSMUSG00000073960	-0.395316	-0.532519	0.130150	-0.032871	0.088175	-0.256456
ENSMUSG00000073961	-0.024819	0.056385	0.128409	-0.140781	-0.206265	-0.083570
ENSMUSG00000073962	-0.568690	0.232247	0.120158	-0.271949	-0.232774	0.185875
ENSMUSG00000073963	0.158623	-0.387101	1.031036	-0.188800	0.058599	-0.401912
ENSMUSG00000073964	0.156466	0.227601	-0.635854	-0.199797	-0.438660	-0.576622
ENSMUSG00000073965	-0.449884	0.050474	-0.105952	-0.206930	-0.417155	-0.031000
ENSMUSG00000073966	-0.061825	0.137574	-0.484769	0.193811	-0.071427	0.062329
ENSMUSG00000073967	0.177685	-0.110900	-0.332425	0.558374	-0.392392	0.178891
ENSMUSG00000073969	0.576141	-0.098010	-0.703251	0.274732	-0.050462	0.032683
ENSMUSG00000073970	0.158120	-0.354594	-0.196804	0.109020	0.218396	0.274570
ENSMUSG00000073971	-0.295620	0.646060	-0.008227	0.226115	0.346863	0.029013
ENSMUSG00000073972	0.127918	-0.610374	-0.201495	-0.091509	0.233172	0.021616
ENSMUSG00000073973	0.208479	0.469840	-0.255748	0.585202	-0.070666	-0.020603
ENSMUSG00000073974	-0.212566	-0.180267	-0.490926	-0.299932	-0.061631	0.166654
ENSMUSG00000073975	-0.157905	0.402601	0.475217	-0.580551	-0.700030	-1.059897
ENSMUSG00000073977	-0.116635	0.772146	-0.397539	-0.431866	-0.135423	-0.119951
ENSMUSG00000073978	0.191904	0.162950	-0.127587	0.051622	-0.146912	0.015166
ENSMUSG00000073979	-0.402479	0.387470	0.597009	0.160501	-0.165577	-0.237871
ENSMUSG00000073982	-0.062135	0.323734	-0.365774	0.750947	0.154024	-0.421804
ENSMUSG00000073987	-0.105211	-0.249932	0.136354	0.001058	-0.075535	0.336245
ENSMUSG00000073988	0.038988	-0.111977	0.015570	-0.703569	0.099953	0.156723
ENSMUSG00000073997	-0.328223	-0.332838	0.262570	-0.054214	0.161046	-0.374823
ENSMUSG00000073998	-0.804435	0.212294	0.084569	-0.563658	0.199402	0.109774
ENSMUSG00000074003	0.045202	-0.002116	0.329840	0.606630	-0.039968	-0.562765
ENSMUSG00000074004	-0.202321	-0.220252	0.206616	0.168635	-0.175957	-0.426293
ENSMUSG00000074028	0.309430	0.075006	0.236196	-0.373232	-0.140456	0.195340
ENSMUSG00000074030	0.271719	-0.054748	0.113982	0.419339	-0.455253	0.590229
ENSMUSG00000074037	-0.150773	-0.013141	-0.279966	0.063038	0.431845	0.714310
ENSMUSG00000074064	0.182368	-0.368537	-0.349634	0.576412	-0.156688	-0.081813
ENSMUSG00000074088	0.167814	0.041213	-0.660120	0.003120	0.040635	0.165151
ENSMUSG00000074093	-0.005943	-0.182925	-0.204697	-0.222546	0.377005	-0.443323
ENSMUSG00000074121	-0.102705	-0.238885	0.368394	0.134177	0.156866	-0.535476
ENSMUSG00000074129	0.730611	-0.164341	0.518994	0.057597	-0.498651	-0.063022
ENSMUSG00000074141	-0.377934	0.174527	0.451008	-0.872234	0.105852	-0.050470
ENSMUSG00000074151	-0.298721	-0.777461	-1.355331	-1.253816	-0.498185	-1.169702
ENSMUSG00000074155	0.182863	0.182988	0.006773	-0.215030	-0.256161	-0.246883
ENSMUSG00000074156	0.527032	-0.367124	-0.072175	-0.233721	0.532291	0.237795
ENSMUSG00000074158	-0.180287	0.075375	0.328310	0.690599	0.565795	0.453446
ENSMUSG00000074165	-0.071679	-0.170058	0.068160	-0.384762	-0.121325	0.017367
ENSMUSG00000074179	-0.091300	0.466625	0.687626	0.010276	-0.129914	0.320184
ENSMUSG00000074183	0.366661	0.125576	0.277737	-0.130722	0.164708	-0.224930
ENSMUSG00000074195	0.110740	0.027452	0.221504	0.155845	0.376337	-0.103125
ENSMUSG00000074207	-0.558385	0.498782	-0.292464	0.605414	0.622866	0.192255
ENSMUSG00000074211	-0.039194	0.137904	0.183756	0.212353	-0.210698	0.236316
ENSMUSG00000074218	0.671846	0.081149	-0.255590	-0.280043	0.253398	-0.517771
ENSMUSG00000074220	0.023555	0.633232	-0.178721	0.161855	0.026983	-0.178154
ENSMUSG00000074227	-0.174379	0.414347	-0.753751	0.223057	-0.238158	0.425804
ENSMUSG00000074247	0.441211	-0.165712	-0.015458	0.012739	-0.427222	-0.271892
ENSMUSG00000074254	-0.087274	-0.020607	-0.411717	-0.172169	0.222247	0.128756
ENSMUSG00000074264	0.652024	-0.107710	0.525243	-0.507821	0.121297	-0.150361
ENSMUSG00000074268	-0.553180	0.040219	0.060146	0.173434	-0.255781	-0.111981
ENSMUSG00000074272	0.143298	0.288040	0.113954	-0.182825	0.268530	0.230514
ENSMUSG00000074282	0.079328	0.202731	0.036104	0.391272	0.048199	0.277250
ENSMUSG00000074305	-0.044817	-0.526031	-0.089901	-0.266285	0.165904	-0.003593
ENSMUSG00000074336	0.180186	-0.775078	0.875200	0.204205	-0.393542	-0.310617
ENSMUSG00000074340	0.204547	0.318124	-0.306853	-0.395453	-0.479354	-0.224781
ENSMUSG00000074345	0.492486	-0.266105	-0.007619	-0.478654	-0.218642	0.143205
ENSMUSG00000074361	0.219387	0.405003	-0.085004	-0.051276	-0.734474	0.046573
ENSMUSG00000074364	0.064012	-0.211529	-0.011184	-0.359303	-0.075214	-0.201740
ENSMUSG00000074375	-0.324921	-0.210955	0.126167	0.045628	0.361346	0.318720
ENSMUSG00000074377	-0.248514	0.222081	-0.314875	-0.571348	0.427353	-0.009306
ENSMUSG00000074403	-0.201138	-0.084494	0.283781	0.101729	0.341952	-0.123996
ENSMUSG00000074417	0.144616	-0.224885	0.496416	0.243590	0.711741	-0.406539
ENSMUSG00000074419	0.128868	0.037738	-0.112862	0.342181	0.193569	0.108887
ENSMUSG00000074424	0.359078	0.302090	0.035130	0.751665	-0.564661	0.077391
ENSMUSG00000074434	0.115830	-0.467929	-0.185374	-0.140155	-0.079761	0.455912
ENSMUSG00000074440	-0.366071	0.153025	-0.279738	0.305941	-0.031009	0.349620
ENSMUSG00000074441	-0.465388	-0.541069	0.389979	0.343388	0.014877	0.737764
ENSMUSG00000074442	-0.222772	0.643456	-0.319086	0.496599	0.173172	-0.334811
ENSMUSG00000074443	-0.321956	-0.318516	0.343486	-0.037691	-0.216209	0.069711
ENSMUSG00000074444	-0.033886	0.548789	-0.278626	0.367015	-0.244134	0.697031
ENSMUSG00000074447	-0.379136	0.006615	-0.121521	-0.238753	-0.293490	-0.059546
ENSMUSG00000074452	-0.038189	0.091287	-0.066333	-0.080324	0.988723	0.505080
ENSMUSG00000074472	-0.229219	-0.259555	-0.093758	0.291833	-0.018714	-0.048161
ENSMUSG00000074476	0.219204	0.407850	-0.295438	-0.140603	0.295700	-0.740322
ENSMUSG00000074483	-0.149101	0.757359	-0.194703	-0.228295	0.171943	-0.450742
ENSMUSG00000074486	0.172134	-0.236741	0.332936	0.609089	0.159886	-0.738621
ENSMUSG00000074489	0.258972	0.624421	-0.193432	-0.639080	-0.117983	-0.190296
ENSMUSG00000074491	-0.141101	0.199898	0.033399	0.232070	-0.106700	-0.157670
ENSMUSG00000074500	0.378000	-0.008271	0.007312	0.123767	-0.289466	-0.111420
ENSMUSG00000074569	0.730671	-0.017182	-0.254340	0.267563	-0.281240	0.173910
ENSMUSG00000074575	-0.069611	-0.250303	-0.103850	0.835478	-0.045337	-0.197990
ENSMUSG00000074576	-0.223590	-0.463209	-0.227784	0.672121	0.361137	-0.561320
ENSMUSG00000074604	0.720353	0.223375	0.064468	-0.001894	-0.192590	-0.032451
ENSMUSG00000074622	0.757821	-0.891526	0.091713	-0.118951	-0.603923	0.402899
ENSMUSG00000074625	-0.041839	-0.091506	0.173465	0.240490	-0.217597	0.186992
ENSMUSG00000074637	0.160267	0.318139	0.406037	0.157292	0.184635	0.409041
ENSMUSG00000074639	0.305628	0.216354	-0.053423	-0.425517	0.486597	0.373526
ENSMUSG00000074643	-0.305811	-0.686676	0.481227	-0.013942	-0.836776	-0.323162
ENSMUSG00000074656	-0.386802	-0.250447	0.153477	-0.138087	0.037027	0.698558
ENSMUSG00000074657	0.331888	-0.110621	-0.230827	-0.187105	0.164875	0.214740
ENSMUSG00000074665	-0.010642	-0.103376	-0.119012	0.039655	-0.170462	-0.004383
ENSMUSG00000074673	0.091406	0.135839	-0.095220	0.205207	-0.505945	-0.499233
ENSMUSG00000074677	-0.233120	-0.241138	-0.209104	0.196143	-0.062636	0.099844
ENSMUSG00000074678	0.210659	0.072646	-0.700367	0.481205	0.084339	0.102840
ENSMUSG00000074679	-0.079670	0.396485	-0.405475	-0.226585	-0.157397	-0.070275
ENSMUSG00000074695	-0.292144	-0.202823	0.537943	-0.110233	0.042832	-0.419872
ENSMUSG00000074698	0.427050	-0.023069	-0.507945	0.276513	0.324552	0.131257
ENSMUSG00000074715	0.847664	-0.516944	-0.209981	0.029793	0.065563	0.243521
ENSMUSG00000074731	-0.994803	-0.271512	0.359343	-0.138584	-0.197105	-0.037148
ENSMUSG00000074743	0.133916	-0.045045	-0.475239	-0.412618	-0.429389	0.800098
ENSMUSG00000074768	0.245719	-0.056432	-0.035870	-0.353045	0.009889	0.213965
ENSMUSG00000074781	-0.635673	-0.791280	-0.313552	-0.943423	-0.982615	-0.825553
ENSMUSG00000074785	0.090243	-0.020502	0.143481	-0.233271	-0.057972	0.698009
ENSMUSG00000074793	-0.415752	-0.107617	0.217747	0.108132	0.753927	-0.339951
ENSMUSG00000074797	-0.005691	-0.616269	-0.759237	0.027380	-0.317242	-0.125840
ENSMUSG00000074812	0.080383	0.332338	0.122092	-0.184941	0.093685	0.100503
ENSMUSG00000074824	0.564022	-0.174199	-0.131083	-0.789335	-0.377896	0.302231
ENSMUSG00000074852	-0.478688	0.489720	0.067007	0.513794	0.199422	-0.244673
ENSMUSG00000074865	-0.178988	0.065013	-0.259642	0.324323	0.182288	-0.369247
ENSMUSG00000074867	-0.237016	-0.012035	0.301244	-0.050238	-0.118290	0.145391
ENSMUSG00000074882	0.275673	-0.206922	-0.196265	-0.084393	0.390617	-0.336479
ENSMUSG00000074886	0.308601	0.160475	-0.241156	-0.554243	0.136098	0.132420
ENSMUSG00000074892	0.319993	-0.207165	-0.099908	0.407203	0.113475	0.242662
ENSMUSG00000074895	0.155322	0.474086	-0.052451	0.456396	0.283674	0.093369
ENSMUSG00000074899	-0.081209	0.153692	-0.228561	0.688333	0.174300	-0.224439
ENSMUSG00000074916	0.206315	-0.600534	0.093521	0.798922	0.150285	0.265492
ENSMUSG00000074923	0.662317	0.465601	0.197355	-0.386506	-0.220829	0.441511
ENSMUSG00000074930	0.003043	-0.112742	0.504179	-0.080666	-0.369373	-0.155725
ENSMUSG00000074934	0.583858	0.440910	0.511172	0.243138	0.013063	-0.290591
ENSMUSG00000074939	0.200684	-0.299256	0.221149	-0.386857	-0.025759	-0.408563
ENSMUSG00000074945	0.074338	-0.135244	0.444358	0.280303	-0.171416	-0.091937
ENSMUSG00000074946	0.207371	0.137491	0.253144	0.174048	-0.308532	-0.529454
ENSMUSG00000074947	0.659323	-0.304601	0.040461	0.291034	-0.241731	-0.123825
ENSMUSG00000074952	-0.416330	0.761952	0.033487	-0.059693	0.130848	0.950900
ENSMUSG00000074955	-0.322637	-0.159398	0.028471	-0.043760	0.239185	-0.347392
ENSMUSG00000074965	-0.104418	0.532875	0.450162	0.222927	-0.051110	-0.274677
ENSMUSG00000074966	-0.240783	0.266440	-0.571684	0.135878	0.361907	-0.130601
ENSMUSG00000074968	-0.002335	-0.138745	-0.127543	0.017807	0.070941	0.086185
ENSMUSG00000074991	-0.626342	0.141085	0.272168	0.165387	-0.206590	-0.400334
ENSMUSG00000074995	-0.270405	-0.406035	0.007253	-0.165352	-0.127096	-0.413074
ENSMUSG00000074996	0.040198	0.298119	0.099318	-0.487207	0.039283	0.591020
ENSMUSG00000074997	0.197316	-0.663613	0.234566	0.714193	-0.028823	0.447891
ENSMUSG00000075000	-0.839378	-0.134950	-1.035234	0.063675	0.165737	-0.083704
ENSMUSG00000075031	0.054555	-0.148750	0.249513	-0.138101	0.314664	0.016112
ENSMUSG00000075040	0.164443	-0.262304	0.194203	0.634514	-0.406350	0.441883
ENSMUSG00000075061	-0.125777	-0.056286	0.067109	-0.179636	-0.172516	-0.116652
ENSMUSG00000075062	-0.126073	0.248876	-0.036325	0.744795	0.243094	-0.226978
ENSMUSG00000075063	-0.687550	-0.149437	-0.101649	-0.183126	-0.566395	-0.606589
ENSMUSG00000075065	0.159961	-0.160931	0.207293	0.036343	-0.551675	0.031558
ENSMUSG00000075066	-0.140426	0.714871	0.333091	0.093734	0.722863	-0.452795
ENSMUSG00000075068	-0.415283	-0.500362	-0.134434	-0.095995	-0.664152	0.153009
ENSMUSG00000075069	0.149970	0.143144	-0.143965	0.279415	-0.060811	0.490393
ENSMUSG00000075072	0.158626	0.076053	0.307693	-0.140545	0.563830	0.335741
ENSMUSG00000075073	0.409702	-0.336810	-0.046331	0.598065	0.397706	-0.025324
ENSMUSG00000075074	0.102682	-0.046056	-0.054671	0.231362	-0.398583	-0.517657
ENSMUSG00000075075	0.001739	0.058569	-0.382859	-0.282932	0.201097	-0.164831
ENSMUSG00000075078	-0.080780	-0.013731	-0.171226	0.010405	-0.294354	-0.181512
ENSMUSG00000075079	-0.102518	0.154938	0.263420	-0.114593	-0.197556	0.292018
ENSMUSG00000075081	0.210797	0.121666	1.057076	-0.190585	-0.395033	-0.350455
ENSMUSG00000075084	0.377320	0.574999	0.281974	-0.264894	0.057888	0.505390
ENSMUSG00000075085	0.261926	-0.094324	-0.083503	0.042665	0.177044	-0.442060
ENSMUSG00000075086	0.815874	-0.612778	-0.243961	-0.335153	-0.271640	-0.426404
ENSMUSG00000075088	-0.622541	-0.224502	-0.073502	-0.439522	0.139674	-0.208500
ENSMUSG00000075090	0.206931	-0.818428	-0.190115	0.057950	0.430257	0.064272
ENSMUSG00000075091	-0.041944	0.000400	-0.348146	-0.128654	-0.260919	-0.002468
ENSMUSG00000075092	-0.506883	0.055434	-0.095822	-0.349287	0.114958	0.056513
ENSMUSG00000075093	0.018307	-0.160379	-0.612768	0.041260	-0.421104	0.348489
ENSMUSG00000075094	-0.060864	-0.369849	0.055157	0.106199	0.065190	-0.692359
ENSMUSG00000075095	0.268865	-0.014288	0.686349	0.547884	0.013372	-0.034245
ENSMUSG00000075097	-0.571935	0.972623	0.208948	0.274227	-0.001626	-0.036142
ENSMUSG00000075099	0.132658	-0.575372	-0.357006	0.050368	0.074405	0.622103
ENSMUSG00000075100	-0.412732	0.194224	0.011068	0.118822	0.880671	-0.052505
ENSMUSG00000075101	0.206407	-0.040893	-0.161609	0.334993	-0.254605	-0.617051
ENSMUSG00000075102	0.367796	0.181048	0.015452	0.566816	-0.013968	0.117011
ENSMUSG00000075104	0.985185	-0.288523	0.049216	0.362586	0.135550	0.522003
ENSMUSG00000075105	0.830719	-0.117562	0.128472	-0.257964	-0.035960	0.273141
ENSMUSG00000075107	-0.734609	0.890128	-0.554346	0.326934	0.034031	0.063334
ENSMUSG00000075110	-0.310750	0.152187	-0.087210	0.213689	0.388636	0.451377
ENSMUSG00000075111	0.089020	-0.245487	0.076046	-0.391055	-0.897945	-0.131954
ENSMUSG00000075112	-0.084986	0.045542	-0.327281	0.051074	-0.011719	-0.077735
ENSMUSG00000075113	0.478226	0.209397	0.517256	-0.066692	0.618365	-0.268217
ENSMUSG00000075114	0.063146	0.227419	0.458337	-0.352929	0.100341	-0.000887
ENSMUSG00000075115	0.008256	-0.149249	-0.238375	0.681485	0.017908	0.165376
ENSMUSG00000075117	-0.065519	-0.251894	0.166072	-0.073053	-0.479080	0.032634
ENSMUSG00000075119	0.702920	0.165348	0.144053	0.183682	0.355789	-0.947770
ENSMUSG00000075120	-0.055278	-0.209200	-0.048739	0.256654	-0.129067	-0.147935
ENSMUSG00000075121	-0.186175	0.524489	-0.356550	0.329078	-0.336451	-0.100579
ENSMUSG00000075122	0.365651	-0.884591	-0.380364	-0.005811	0.213386	1.030826
ENSMUSG00000075125	-0.323631	-0.009554	-0.002601	0.015847	-0.002174	-0.420179
ENSMUSG00000075126	-0.422360	0.128991	-0.030315	0.276471	-0.237061	0.115277
ENSMUSG00000075127	0.111202	0.153485	0.227137	-0.171945	0.088714	-0.045016
ENSMUSG00000075128	0.599968	-0.002182	-0.193141	-0.392989	-0.143099	0.206554
ENSMUSG00000075132	0.391595	0.297502	-0.469450	-0.202326	0.421366	-0.351251
ENSMUSG00000075133	0.140061	0.342602	0.022005	0.606574	-0.074708	0.603029
ENSMUSG00000075136	-0.303884	0.586297	0.098375	0.844057	0.250987	0.076643
ENSMUSG00000075137	-0.388716	-0.750367	0.023083	-0.820182	0.040727	-0.104379
ENSMUSG00000075139	0.211834	0.624357	-0.461907	-0.079389	0.376226	-0.186074
ENSMUSG00000075140	0.170241	0.106232	-0.146078	0.076596	-0.401298	0.303283
ENSMUSG00000075141	0.227254	0.383499	0.100553	-0.264599	0.198594	0.164149
ENSMUSG00000075142	-0.232425	0.035166	0.501825	-0.695823	0.020551	0.449990
ENSMUSG00000075143	-0.081547	-0.258811	-0.156431	0.345613	0.335245	0.134337
ENSMUSG00000075144	-0.256404	-0.511096	-0.046931	-0.257173	-0.554383	-0.439671
ENSMUSG00000075145	0.488568	-0.358378	0.067336	0.128095	-0.790197	0.651110
ENSMUSG00000075146	-0.386728	0.103660	-0.046785	0.700863	0.404980	0.322476
ENSMUSG00000075148	-0.556684	-0.309504	-0.065406	-0.388565	0.096389	0.093961
ENSMUSG00000075149	-0.509979	-0.175353	0.353960	-0.574088	-0.235995	-0.166127
ENSMUSG00000075150	0.029416	-0.078221	0.094824	0.108741	0.234571	-0.522765
ENSMUSG00000075151	-0.204434	-0.092119	-0.542947	-0.251955	0.071743	-0.152236
ENSMUSG00000075153	-0.234093	0.300945	0.318450	-0.653063	-0.324810	-0.212184
ENSMUSG00000075155	-0.061892	0.459281	0.408955	-0.058026	-0.015230	-0.282968
ENSMUSG00000075156	0.758241	0.326363	-0.111132	-0.322259	-0.049515	-0.378638
ENSMUSG00000075158	0.098633	0.252644	0.587998	0.457258	0.199411	0.203882
ENSMUSG00000075159	0.302279	-0.443513	-0.081001	0.216770	-0.096368	0.032519
ENSMUSG00000075160	0.007718	0.387732	-0.160087	-0.161561	0.357779	0.330081
ENSMUSG00000075161	-0.524071	-0.023244	0.293160	-0.476410	-0.414737	-0.043802
ENSMUSG00000075163	-0.340480	0.062689	-0.290430	-0.346791	0.017236	-0.224799
ENSMUSG00000075164	0.367275	-0.052608	-0.595490	-0.185439	-0.351886	0.221851
ENSMUSG00000075166	-0.005065	-0.104621	-0.063150	0.200082	-0.230580	0.649613
ENSMUSG00000075167	0.224588	1.017516	-1.149386	-0.061209	0.144597	-0.294092
ENSMUSG00000075168	0.005232	0.126329	-0.088025	-0.091391	0.046951	-0.248117
ENSMUSG00000075169	-0.196930	0.762739	0.083721	0.565386	0.388668	0.144004
ENSMUSG00000075170	-0.666600	0.253872	-0.464132	-0.042321	-0.320868	0.067790
ENSMUSG00000075171	0.192446	-0.088667	0.030994	-0.323864	0.187446	-0.081685
ENSMUSG00000075172	-0.059298	-0.684817	0.074142	0.013833	-0.028474	0.372348
ENSMUSG00000075174	0.024067	-0.085433	0.003247	0.635137	0.109781	0.499391
ENSMUSG00000075175	-0.100828	0.136268	0.058673	0.038979	0.419555	0.426259
ENSMUSG00000075176	-0.180541	-0.066509	0.182161	-0.447667	0.300106	-0.601273
ENSMUSG00000075179	0.605618	-0.343988	-0.573317	-0.387729	-0.440335	-0.275617
ENSMUSG00000075181	0.009395	-0.176901	-0.255857	-0.363528	0.144553	0.170548
ENSMUSG00000075185	-0.507113	0.254530	0.633862	-0.075963	0.136041	-0.148879
ENSMUSG00000075186	0.185960	0.020170	0.194156	0.145454	0.022373	0.182053
ENSMUSG00000075187	-0.324948	-0.080717	0.122905	-0.310718	-0.068569	0.058094
ENSMUSG00000075188	0.484775	0.265119	0.062514	0.799476	0.543729	0.344574
ENSMUSG00000075189	0.097439	0.424483	0.385995	-0.159593	-0.045219	-0.393585
ENSMUSG00000075190	-0.228810	-0.283876	0.677787	-0.166288	-0.013079	0.106083
ENSMUSG00000075192	-0.508402	0.529992	-0.052924	0.281632	-0.028777	-0.428340
ENSMUSG00000075193	0.188704	0.119232	-0.012606	-0.341786	-0.540793	-0.374405
ENSMUSG00000075194	-0.013428	-0.046449	0.308099	-0.183608	0.344098	0.260392
ENSMUSG00000075195	0.264819	0.165525	0.559766	-0.293919	0.039366	-0.160509
ENSMUSG00000075196	0.113449	-0.623507	-0.124572	0.191891	-0.565249	-0.010789
ENSMUSG00000075197	-0.174985	0.538996	-0.078596	0.320622	0.286194	-0.251825
ENSMUSG00000075198	0.048181	-0.269600	0.503254	-0.240534	-0.124575	0.039575
ENSMUSG00000075199	0.346446	-0.585255	0.057568	-0.551053	-0.155395	-0.098857
ENSMUSG00000075200	0.050506	-0.566063	0.323343	0.130998	0.142252	0.140858
ENSMUSG00000075201	-0.793364	0.102639	0.047086	-0.049888	-0.149342	0.045785
ENSMUSG00000075202	-0.438984	-1.038814	-0.160909	-0.265651	0.074255	0.109186
ENSMUSG00000075203	0.167534	0.092535	0.104057	-0.197462	0.034340	-0.341990
ENSMUSG00000075204	0.293392	0.668378	0.117443	-0.481865	-0.346828	-0.639047
ENSMUSG00000075205	0.306013	-0.174731	0.178183	-0.011639	-0.121170	-0.010782
ENSMUSG00000075206	0.401183	-0.022662	0.536641	-0.475543	-0.039724	0.275231
ENSMUSG00000075208	-0.124052	-0.615766	0.281723	0.430512	0.431062	0.130485
ENSMUSG00000075209	-0.442073	-0.066518	-0.176729	-0.012644	0.871445	-0.211990
ENSMUSG00000075210	0.284773	-0.228035	0.037832	0.402896	-0.100445	-0.375706
ENSMUSG00000075211	0.519802	0.273395	0.196625	0.242843	0.200469	-0.420680
ENSMUSG00000075212	0.014642	-0.370666	0.172248	0.916418	-0.320831	-0.296090
ENSMUSG00000075214	-0.187264	-0.071798	0.413929	0.104865	-0.074530	-0.345511
ENSMUSG00000075215	0.200723	0.287661	-0.407876	-0.193611	0.305656	-0.523365
ENSMUSG00000075218	-0.094093	0.450516	-0.160537	-0.048135	-0.407774	0.399786
ENSMUSG00000075219	0.285141	0.522532	-0.221699	-0.035890	0.206058	-0.024397
ENSMUSG00000075220	0.028067	-0.354470	0.019819	0.081335	0.498915	-0.144841
ENSMUSG00000075221	-0.185863	-0.440806	0.175393	0.372088	0.055971	0.104368
ENSMUSG00000075222	0.391630	0.657075	-0.187098	-0.058987	-0.347494	-0.341489
ENSMUSG00000075223	0.089605	0.103100	-0.048746	-0.605255	0.574378	0.304207
ENSMUSG00000075232	0.065398	-0.255173	0.348776	0.513911	0.574548	-0.113635
ENSMUSG00000075254	0.591561	0.427250	0.115745	0.369671	-0.125511	-0.366674
ENSMUSG00000075266	0.003364	-0.042048	0.113175	0.928185	-0.124098	-0.055996
ENSMUSG00000075270	-0.072011	-0.123943	0.435840	0.178816	0.096678	-0.460476
ENSMUSG00000075271	0.126186	-0.428163	0.086360	-0.026309	-0.922602	-0.367497
ENSMUSG00000075272	0.014961	-0.308456	-0.154668	0.142111	-0.106793	-0.333695
ENSMUSG00000075273	-0.108697	-0.513398	-0.062508	0.663052	-0.388153	-0.162106
ENSMUSG00000075276	-0.311163	-0.015265	-0.567551	0.030048	-0.286234	0.683810
ENSMUSG00000075284	-0.065689	-0.772745	-0.240100	-0.070092	-0.211438	0.347504
ENSMUSG00000075289	0.011996	0.350294	0.095396	-0.444084	-0.008495	-0.003886
ENSMUSG00000075296	0.091573	0.031222	0.008264	0.817294	0.203621	-0.130278
ENSMUSG00000075307	-0.183153	-0.117657	-0.148669	-0.284262	0.663491	-0.087080
ENSMUSG00000075316	0.358553	0.262428	-0.021372	0.182311	0.243663	-0.411370
ENSMUSG00000075318	0.288466	0.785780	-0.299779	0.288713	0.565372	0.634495
ENSMUSG00000075334	-0.457420	0.288487	-0.661206	0.346577	-0.009311	0.112548
ENSMUSG00000075370	-0.642484	-0.202096	-0.039773	0.474353	-0.148503	0.380283
ENSMUSG00000075377	-0.175114	-0.356586	-0.434386	0.344875	0.903866	-0.029780
ENSMUSG00000075378	0.395160	0.440814	-0.637773	-0.660768	-0.225182	-0.122010
ENSMUSG00000075379	-0.108311	0.154402	0.203895	-0.229286	-0.349220	-0.249101
ENSMUSG00000075380	0.152526	-0.067556	0.479217	0.126135	-0.610980	-0.337145
ENSMUSG00000075382	0.462029	0.124599	0.155526	0.009825	-0.217807	-0.268426
ENSMUSG00000075383	0.293412	-0.521843	0.341429	-0.208845	-0.595570	0.511674
ENSMUSG00000075384	-0.005603	0.023594	0.057610	-0.180787	-0.668788	-0.097404
ENSMUSG00000075387	-0.209060	-0.384778	0.015883	0.153205	-0.054773	0.176594
ENSMUSG00000075402	0.304562	-0.193211	-0.305884	0.211187	0.206463	-0.172250
ENSMUSG00000075415	0.243110	-0.069720	-0.056381	-0.447458	0.395440	-0.194267
ENSMUSG00000075419	-0.366745	-0.034346	0.415889	-0.013118	-0.392548	0.424276
ENSMUSG00000075420	-0.481347	-0.063923	0.272007	0.904901	0.706475	-0.248899
ENSMUSG00000075427	-0.372477	-0.065002	-0.046746	0.461859	-0.100722	0.004974
ENSMUSG00000075470	-0.816242	0.717425	0.265536	-0.015326	0.000349	0.005528
ENSMUSG00000075478	0.312395	0.243659	0.026660	-0.438600	-0.647991	-0.203593
ENSMUSG00000075486	0.481726	-0.472303	0.224508	0.060945	-0.032902	0.194739
ENSMUSG00000075543	-0.320634	-0.333005	0.066624	-0.429437	-0.289215	-0.306812
ENSMUSG00000075551	-0.192791	0.359574	0.055343	0.386435	0.838913	0.095784
ENSMUSG00000075552	-0.009163	0.080187	0.155432	0.445400	0.267867	-0.188749
ENSMUSG00000075566	-0.068504	0.012970	0.266077	0.499758	0.231991	0.282283
ENSMUSG00000075567	0.242201	-0.373785	0.487432	0.120055	0.027572	0.385929
ENSMUSG00000075569	-0.224658	0.347262	0.260584	-0.017129	-0.190874	0.184535
ENSMUSG00000075570	-0.240480	-0.429820	-0.283937	-0.094477	-0.282114	0.408474
ENSMUSG00000075571	-0.140270	-0.283072	0.037852	0.300811	0.033882	-0.389228
ENSMUSG00000075572	0.125962	0.253658	0.335968	0.459507	0.155885	-0.593071
ENSMUSG00000075573	-0.138060	-0.294315	0.355324	0.521647	-0.429953	0.041431
ENSMUSG00000075574	-0.506358	-0.459111	-0.006217	-0.275303	-0.430387	0.108502
ENSMUSG00000075600	-0.470514	0.136294	-0.423332	-0.176138	0.279034	-0.089793
ENSMUSG00000075604	0.011420	0.336339	0.479622	-0.399478	0.182300	-0.040470
ENSMUSG00000075605	-0.233348	0.280374	0.427178	-0.164461	0.308345	-0.487348
ENSMUSG00000075703	0.007348	-0.454875	0.186699	0.087072	-0.310999	0.327402
ENSMUSG00000075704	-0.130082	-0.047051	-0.249955	0.128570	0.247826	0.171996
ENSMUSG00000075705	0.383921	-0.091741	-0.228062	0.387686	0.138430	-0.137772
ENSMUSG00000075706	-0.004046	-0.257474	0.070633	0.457468	-0.438439	-0.089413
ENSMUSG00000075707	0.173490	-0.068962	0.325336	-0.170680	0.659921	0.157048
ENSMUSG00000076041	-0.051665	0.145832	0.374354	0.418001	0.159192	0.406121
ENSMUSG00000076062	0.188929	0.156524	0.158534	-0.483912	-0.168306	-0.363298
ENSMUSG00000076066	-0.364270	-0.360904	-0.156820	-0.065406	0.021389	0.036862
ENSMUSG00000076146	-0.182127	0.075795	0.130282	0.260452	0.423294	-0.194048
ENSMUSG00000076256	0.548459	0.026610	0.611233	0.005421	-0.282909	0.076879
ENSMUSG00000076338	-0.193209	0.006021	0.200436	-0.098818	0.208155	-0.456549
ENSMUSG00000076431	0.116710	-0.268261	-0.152519	-0.178083	-0.046423	0.475880
ENSMUSG00000076432	0.225716	0.200423	0.048234	-0.818296	-0.068173	-0.026743
ENSMUSG00000076435	-0.052577	-0.177291	-0.013748	-0.099302	-0.490071	0.222693
ENSMUSG00000076436	0.065766	-0.272161	-0.178276	-0.346871	-0.188610	-0.201541
ENSMUSG00000076438	0.148208	-0.286558	-0.093301	0.116955	-0.545250	-0.572578
ENSMUSG00000076441	0.595130	0.184026	-0.242817	0.101587	0.133977	-0.008774
ENSMUSG00000076972	-0.249192	-0.480608	0.311440	-0.180323	0.078522	-0.342784
ENSMUSG00000077111	0.316401	-0.229491	-0.061871	0.675688	-0.230093	-0.064952
ENSMUSG00000077450	-0.114700	0.472549	0.115295	0.082352	0.054957	0.223121
ENSMUSG00000078080	-0.213007	-0.068018	-0.441639	0.274178	-0.003668	0.415156
ENSMUSG00000078097	0.075808	-0.206536	0.136352	0.273300	0.297463	-0.064463
ENSMUSG00000078116	0.450658	0.371463	-0.117422	0.106883	0.172348	-0.875332
ENSMUSG00000078118	0.262143	-0.241255	0.112109	-0.047073	0.445782	-0.318084
ENSMUSG00000078131	-0.870600	0.275230	-0.190634	0.353068	0.581566	-0.126273
ENSMUSG00000078144	-0.531220	-0.063672	0.248617	0.087203	0.241431	0.212706
ENSMUSG00000078153	0.144802	-0.644476	0.227822	0.062327	-0.514373	-0.135068
ENSMUSG00000078185	-0.604108	-0.617854	-0.552716	0.066030	0.110005	0.360939
ENSMUSG00000078198	-0.121669	0.435148	0.234492	0.253680	-0.116965	0.504063
ENSMUSG00000078202	-0.125341	0.315152	-0.122638	0.154540	0.059658	0.803923
ENSMUSG00000078249	-0.679137	-0.034634	0.728193	0.539839	-0.618473	0.243982
ENSMUSG00000078253	-0.317505	0.241600	-0.106552	-0.080834	-0.165220	0.265081
ENSMUSG00000078254	0.724675	0.471176	0.550361	-0.327729	0.056959	0.109496
ENSMUSG00000078255	-0.486534	-0.360676	-0.212364	-0.087209	-0.559189	-0.181902
ENSMUSG00000078256	0.383305	0.342138	0.336276	-0.039018	0.603763	0.640559
ENSMUSG00000078257	0.042273	-0.275614	-0.575233	-0.132964	-0.055449	-0.061055
ENSMUSG00000078258	-0.058008	-0.307715	0.161887	0.201430	0.344488	-0.186222
ENSMUSG00000078259	-0.449729	0.139721	0.282506	-0.056223	-0.398806	-0.048040
ENSMUSG00000078260	-0.302497	0.191240	-0.079166	0.295819	0.217431	-0.224122
ENSMUSG00000078261	-0.351972	0.075302	0.536241	0.796338	-0.134593	-0.088476
ENSMUSG00000078262	0.733408	0.591922	0.734270	0.301750	0.688654	0.019291
ENSMUSG00000078346	0.503880	-0.131873	-0.081842	0.111809	0.181642	0.254008
ENSMUSG00000078348	-0.454171	0.137381	-0.158454	0.300755	-0.049262	0.165281
ENSMUSG00000078354	0.377436	-0.030512	0.083175	0.298260	-0.031892	-0.016770
ENSMUSG00000078355	-0.026590	-0.043209	-0.282836	0.025004	0.009939	-0.576058
ENSMUSG00000078365	0.003250	0.005452	-0.577848	0.830039	0.722270	-0.277854
ENSMUSG00000078420	-0.362806	0.217410	-0.377878	0.183739	-0.133224	-0.017442
ENSMUSG00000078427	0.660002	0.345054	-0.405072	0.087873	-0.091197	-0.199279
ENSMUSG00000078440	0.074305	0.065458	0.411493	-0.062918	0.586359	-0.138724
ENSMUSG00000078452	0.585513	0.511400	0.555336	0.429816	-0.050026	0.319547
ENSMUSG00000078502	0.517483	-0.072116	0.194722	0.127199	0.214875	-0.451031
ENSMUSG00000078566	0.331974	0.553447	0.453658	0.409394	-0.063946	0.245783
ENSMUSG00000078572	-0.339500	0.687366	0.094791	0.339048	0.265444	0.437431
ENSMUSG00000078578	-0.372054	-0.151992	-0.605492	-1.055147	-1.090782	-1.040502
ENSMUSG00000078580	0.243510	-0.225375	-0.663110	-0.439673	-0.284734	-0.242963
ENSMUSG00000078591	-0.030994	-0.175596	0.350822	-0.866052	-0.204880	-0.368113
ENSMUSG00000078597	-0.353987	-0.584282	-0.129261	0.358586	0.413297	0.057881
ENSMUSG00000078619	-0.382714	-0.097890	-0.012964	-0.199914	-0.235701	-0.258467
ENSMUSG00000078624	-0.006843	0.242924	-0.242891	0.100062	0.082474	0.422721
ENSMUSG00000078630	-0.653456	0.464868	0.044178	0.017789	-0.052996	-0.292950
ENSMUSG00000078650	0.075048	-0.459197	-0.690698	0.580277	-0.467440	-0.075641
ENSMUSG00000078651	-0.344498	-0.317854	0.244997	0.028104	-0.443999	0.764017
ENSMUSG00000078652	-0.284887	-0.362000	-0.310722	-0.130616	0.001767	-0.706102
ENSMUSG00000078656	0.078539	-0.077503	0.023373	-0.390727	-0.129881	-0.179423
ENSMUSG00000078668	-0.328419	-0.042983	-0.240706	-0.124960	-0.622413	-0.082083
ENSMUSG00000078676	0.625841	0.112030	0.059593	-0.458320	0.232067	-0.067710
ENSMUSG00000078713	0.192837	-0.466078	0.157820	-0.413795	-0.421943	-0.318114
ENSMUSG00000078735	-0.205157	-0.379757	0.282391	-0.165179	0.036447	-0.466110
ENSMUSG00000078747	-0.665537	-0.247085	0.261625	-0.177171	-0.509901	-0.397058
ENSMUSG00000078762	-0.115178	0.240069	0.220888	-0.563600	-0.203895	-0.523472
ENSMUSG00000078765	0.032269	-0.121683	-0.060530	0.221336	-0.098808	0.213039
ENSMUSG00000078768	0.174887	0.463710	-0.109725	-0.295478	-0.162770	-0.419340
ENSMUSG00000078780	0.062404	-0.096775	-0.306431	-0.059157	-0.705920	0.146452
ENSMUSG00000078783	0.579546	-0.058803	0.059068	0.067755	-0.009937	1.139836
ENSMUSG00000078789	-0.104137	-0.168365	0.066052	-0.169389	-0.471276	0.155364
ENSMUSG00000078798	-0.023529	-0.237582	-0.009193	-0.013142	0.411032	0.307448
ENSMUSG00000078799	-0.924832	-0.053669	-0.550898	0.137195	0.749849	0.173089
ENSMUSG00000078810	0.101322	0.430499	-0.032298	0.795996	0.535595	0.356256
ENSMUSG00000078812	0.035307	0.046914	0.353310	0.331979	0.616454	0.610109
ENSMUSG00000078813	-0.623954	-0.572931	0.290307	0.540228	-0.723159	0.175085
ENSMUSG00000078815	0.187145	0.221379	0.692760	-0.238426	-0.735155	-0.363367
ENSMUSG00000078816	0.274353	0.028022	0.068376	-0.476395	0.283751	-0.329629
ENSMUSG00000078817	-0.104383	-0.052001	-0.013385	0.106208	0.320379	-0.088570
ENSMUSG00000078851	-0.572712	0.608396	-0.081812	-0.582765	-0.309875	-0.295466
ENSMUSG00000078853	0.214922	-0.120781	0.001988	0.027442	0.247325	0.073769
ENSMUSG00000078861	0.094556	-0.075174	0.217817	0.021432	0.035138	-0.581017
ENSMUSG00000078866	0.179662	0.358814	0.353365	-0.397900	0.436583	0.478307
ENSMUSG00000078908	-0.104782	-0.253291	-0.901175	-0.055181	0.742227	-0.039621
ENSMUSG00000078919	-0.154002	0.150574	-0.325603	0.377225	0.393904	0.238843
ENSMUSG00000078923	-0.571372	-0.431286	-0.887095	-0.687047	-1.111952	-0.295687
ENSMUSG00000078934	0.164187	0.270909	-0.130435	-0.707548	0.600149	-0.033784
ENSMUSG00000078937	0.133688	0.035130	-0.436128	-0.465334	-0.713955	-0.119274
ENSMUSG00000078941	0.023358	0.067698	-0.510925	-0.312330	-0.507039	-0.110149
ENSMUSG00000078942	0.349105	0.072921	-0.211425	-0.177909	0.319712	0.056805
ENSMUSG00000078945	-0.590989	0.790967	0.251783	-0.147402	0.815844	-0.020904
ENSMUSG00000078954	0.080438	-0.111346	-0.369472	0.030393	0.055019	-0.023426
ENSMUSG00000078964	0.354100	0.059539	-0.112251	0.190777	-0.539922	-0.237141
ENSMUSG00000078974	0.130734	-0.094443	-0.001662	-0.543407	-0.371478	0.543242
ENSMUSG00000078994	0.505874	-0.464425	0.736839	-0.706842	0.139128	0.036504
ENSMUSG00000078995	-0.162790	-0.043476	-0.106897	0.165494	-0.141331	0.275913
ENSMUSG00000079007	-0.442532	0.121712	0.079928	-0.200531	-0.627997	-0.277763
ENSMUSG00000079008	-0.290672	0.255745	0.327038	-0.611682	-0.027380	-0.259863
ENSMUSG00000079015	-0.526258	-0.068112	-0.303850	-0.167613	0.611860	-0.116041
ENSMUSG00000079019	0.482878	-0.322120	0.513267	0.409156	1.072947	-0.412306
ENSMUSG00000079022	-0.265758	0.434827	0.560113	-0.348246	0.022376	0.188996
ENSMUSG00000079033	0.139719	-0.023381	-0.117356	0.162700	0.028665	-0.376782
ENSMUSG00000079037	-0.712430	0.093251	0.102053	-0.584300	-0.071327	-0.195820
ENSMUSG00000079042	-0.529927	-0.243303	-0.316356	-0.050390	0.064659	-0.362048
ENSMUSG00000079055	0.333072	-0.334207	0.104293	-0.362323	-0.318169	0.235103
ENSMUSG00000079056	0.055086	-0.393397	-0.299952	-0.161653	0.563020	-0.296019
ENSMUSG00000079057	0.108622	-0.200725	-0.472427	-0.765751	0.927591	0.200897
ENSMUSG00000079101	0.669593	-0.136497	-0.181665	0.031403	-0.011353	0.042608
ENSMUSG00000079104	0.658984	-0.108567	-0.337341	-0.031196	-0.409737	-0.103651
ENSMUSG00000079105	-0.065047	0.461913	-0.206122	0.411483	0.331381	-0.190261
ENSMUSG00000079111	-0.327224	-0.196344	-0.499912	-0.579792	0.203084	-0.166454
ENSMUSG00000079114	-0.467660	0.690158	-0.008990	-0.034164	-0.016087	-0.384661
ENSMUSG00000079116	-0.343521	-0.573323	0.847030	-0.096585	0.116720	-0.266006
ENSMUSG00000079120	-0.236983	-0.435946	0.580022	0.164316	-0.262661	0.551726
ENSMUSG00000079164	0.417445	-0.384410	-0.023580	0.091955	-0.006510	0.053382
ENSMUSG00000079168	0.210822	-0.394734	0.438611	-0.299538	0.188884	0.101378
ENSMUSG00000079197	0.277061	0.044690	-0.228138	0.158760	-0.048986	0.168767
ENSMUSG00000079215	-0.449476	0.212158	0.068521	0.347284	-0.736841	0.114026
ENSMUSG00000079227	-0.058145	0.063350	0.092871	0.025938	-0.399171	0.094858
ENSMUSG00000079258	-0.486177	0.108011	-0.137591	0.544962	0.008218	0.413899
ENSMUSG00000079259	-0.268334	0.398323	0.225943	0.117402	1.032553	0.451198
ENSMUSG00000079262	0.037224	0.176888	0.125794	-0.219955	-0.006305	0.020818
ENSMUSG00000079263	-0.301846	0.264406	-0.745364	-0.617043	0.336593	-0.256072
ENSMUSG00000079293	-0.607956	0.430151	-0.115470	-0.489560	0.297469	0.057154
ENSMUSG00000079316	-0.290828	0.182572	-0.037530	0.291193	-0.106086	-0.436686
ENSMUSG00000079317	-0.600498	0.230699	-0.003094	-0.206922	0.291417	0.449289
ENSMUSG00000079339	0.018581	0.133158	0.331420	-0.355893	-0.183165	0.017408
ENSMUSG00000079343	0.771281	-0.158696	0.197315	-0.414574	0.621656	0.013497
ENSMUSG00000079355	0.262611	0.138404	0.157139	0.497929	0.269206	-0.383985
ENSMUSG00000079415	-0.262835	-0.301970	0.174860	0.699419	0.164565	0.389078
ENSMUSG00000079418	0.200683	-0.162854	-0.183020	0.127110	-0.387926	0.790685
ENSMUSG00000079426	-0.572189	-0.655406	-0.062288	0.350383	-0.622141	0.007738
ENSMUSG00000079427	0.442290	-0.390970	-0.171348	0.399349	0.416264	-0.834681
ENSMUSG00000079434	-0.430035	-0.010260	0.474658	-0.458743	-0.028085	-0.230291
ENSMUSG00000079435	0.554903	0.336562	-0.055452	0.716422	-0.405141	0.097185
ENSMUSG00000079440	-0.112133	-0.494677	-0.176242	0.433336	-0.298850	0.818048
ENSMUSG00000079442	-0.754430	0.254711	-0.650193	-0.067367	-0.277487	0.239201
ENSMUSG00000079445	-0.177851	-0.402390	-0.031021	0.370389	-0.456933	0.036148
ENSMUSG00000079465	-0.424534	-0.557238	0.340106	-0.433718	-0.999284	-0.087370
ENSMUSG00000079469	0.830254	0.507439	0.355177	-0.439856	-0.271812	0.145168
ENSMUSG00000079470	-0.306764	0.265525	-0.046249	0.050804	-0.110112	-0.232340
ENSMUSG00000079477	-0.769222	0.079090	-0.395765	0.270621	-0.316321	-0.272758
ENSMUSG00000079487	0.159413	0.410938	-0.200576	0.071566	-0.086474	0.262276
ENSMUSG00000079492	-0.069352	-0.018879	0.556857	0.725958	0.056002	-0.039743
ENSMUSG00000079494	0.496198	0.034201	0.178758	-0.152563	0.087622	0.092244
ENSMUSG00000079495	0.347930	-0.184921	0.062611	-0.553775	-0.236572	-0.116054
ENSMUSG00000079507	0.020690	-0.476303	0.045336	0.105031	-0.476196	0.096136
ENSMUSG00000079513	-0.228027	-0.284683	0.378136	0.866087	-0.276576	-0.233225
ENSMUSG00000079516	0.162900	0.079937	-0.179067	-0.004087	-0.032130	-0.348555
ENSMUSG00000079525	0.442203	-0.199929	0.184808	0.051688	-0.242861	0.163615
ENSMUSG00000079547	-0.537605	-0.317483	-0.347759	0.468941	0.584478	-0.193483
ENSMUSG00000079550	-0.066125	-0.354354	0.202818	0.050056	0.219219	-0.039794
ENSMUSG00000079553	0.956501	-0.652702	-0.324905	-0.557839	-0.290706	-0.399413
ENSMUSG00000079554	-0.127137	-0.690494	0.076179	-0.419773	0.145164	-0.261102
ENSMUSG00000079555	-0.001489	0.204184	0.365982	0.049733	0.092547	0.025749
ENSMUSG00000079562	-0.360121	-0.171239	0.385075	0.182379	-0.041371	-0.573030
ENSMUSG00000079563	-0.536253	0.483782	0.536519	0.060279	0.116790	0.782694
ENSMUSG00000079608	-0.276399	0.560065	-0.047547	0.359391	-0.407822	-0.088074
ENSMUSG00000079614	-0.311920	0.239602	0.089555	0.181618	-0.416418	0.141657
ENSMUSG00000079641	0.030765	-0.157232	0.712912	-0.350273	-0.370628	0.125418
ENSMUSG00000079657	0.317923	-0.082640	-0.120698	-0.104729	-0.010677	-0.792048
ENSMUSG00000079658	0.078141	0.450142	-0.032932	-0.196659	-0.247529	-0.423057
ENSMUSG00000079677	0.133366	-0.322108	0.280507	0.110612	-0.311737	-0.173340
ENSMUSG00000079685	0.719530	0.199240	-0.219901	0.016512	0.063386	-0.534482
ENSMUSG00000079700	-0.007122	0.077344	0.395448	-0.403522	-0.089213	-0.211341
ENSMUSG00000079722	-0.007608	0.151125	0.057943	-0.134562	0.238899	0.119386
ENSMUSG00000079852	0.025378	-0.038030	0.312209	-0.045474	0.220849	-0.018147
ENSMUSG00000079853	0.094647	-0.177093	0.116403	-0.429278	0.123611	-0.222339
ENSMUSG00000079875	-0.498259	-0.069322	-0.503265	0.293423	0.094997	-0.132105
ENSMUSG00000079962	0.079781	0.554688	0.244078	0.345919	-0.058967	0.343667
ENSMUSG00000080152	-0.593613	0.257403	0.185587	-0.084595	0.132197	-0.012404
ENSMUSG00000080268	-0.318510	-0.286211	0.004638	-0.003771	-0.536523	-0.332329
ENSMUSG00000080662	-0.165129	0.751753	-0.296818	-0.451754	0.394486	-0.214258
ENSMUSG00000080712	0.188863	-0.004564	0.132517	0.108121	0.435886	0.173067
ENSMUSG00000080891	0.135501	0.390284	0.198536	-0.225952	0.020267	0.041907
ENSMUSG00000080932	-0.375227	-0.152952	-0.088435	-0.265679	-0.218591	-0.015209
ENSMUSG00000080968	-0.518102	0.515868	0.289378	-0.031965	-0.446718	0.104192
ENSMUSG00000080990	0.117542	0.010385	-0.062296	0.122479	-0.031653	0.168784
ENSMUSG00000081058	-0.053767	0.057646	-0.263615	0.130035	0.011261	-0.188730
ENSMUSG00000081225	-0.127854	-0.397684	0.294447	-0.063986	0.456381	-0.280811
ENSMUSG00000081234	0.062098	-0.190962	0.076821	-0.456286	-0.442647	0.001892
ENSMUSG00000081260	0.138465	0.393869	0.076421	0.607769	0.041797	-0.176020
ENSMUSG00000081362	-0.019523	-0.094407	-0.163277	0.079154	0.258273	-0.673668
ENSMUSG00000081649	-0.090648	-0.075175	0.024592	0.014189	-0.276395	-0.126204
ENSMUSG00000081665	-0.544874	-0.495679	0.007937	0.249108	0.769455	-0.059939
ENSMUSG00000081675	-0.047275	-0.089962	0.184903	-0.081853	-0.228374	0.151174
ENSMUSG00000081683	0.131481	-0.380107	-0.389224	0.038575	-0.811544	-0.350339
ENSMUSG00000081724	-0.659776	-0.149292	0.342928	0.156404	-0.118048	-0.374760
ENSMUSG00000081836	0.107985	0.580358	0.004670	1.078524	0.152788	-0.258727
ENSMUSG00000081897	0.385091	-0.318541	-0.079326	0.249688	-0.202305	0.154847
ENSMUSG00000081945	-0.745416	-0.105289	0.200863	-0.155251	-0.047911	0.024815
ENSMUSG00000082079	-0.783774	0.447063	0.071195	0.094540	0.242375	0.308648
ENSMUSG00000082151	0.321494	-0.241722	0.075501	0.308099	-0.121163	-0.398115
ENSMUSG00000082216	-0.066377	0.245094	0.479182	0.004239	0.142637	-0.529046
ENSMUSG00000082260	-0.462321	-0.443560	-0.104938	-0.694148	0.319610	-0.146472
ENSMUSG00000082361	0.150255	-0.054382	0.116541	0.194406	-0.216063	0.184571
ENSMUSG00000082482	0.290314	0.219211	0.270344	0.248975	0.544717	0.447812
ENSMUSG00000082524	-0.350149	-1.085397	-0.287996	0.179132	0.081485	-0.258899
ENSMUSG00000082754	0.172412	0.149390	0.270058	0.393548	-0.035877	-0.170605
ENSMUSG00000082769	-0.329661	0.125425	0.560643	0.051831	0.544927	-0.157890
ENSMUSG00000082882	-0.254683	-0.011664	0.184420	0.541304	0.519737	-0.440151
ENSMUSG00000082932	-0.428479	0.224381	0.122601	-0.108982	0.326789	0.784601
ENSMUSG00000082980	0.067482	0.572671	-0.526993	-0.056893	-0.113869	0.625404
ENSMUSG00000083011	0.191452	-0.388671	-0.579178	-0.349228	0.459225	0.576246
ENSMUSG00000083079	-0.133561	-0.554482	0.356835	0.072343	-0.270202	-0.008708
ENSMUSG00000083138	0.351961	-0.400478	-0.250838	-0.771830	0.324265	0.323840
ENSMUSG00000083282	-0.385085	1.111196	-0.711726	0.274925	-0.200161	0.543142
ENSMUSG00000083361	-0.173499	0.125914	-0.995813	0.103693	0.222381	0.109070
ENSMUSG00000083380	-0.348204	-0.822844	-0.175434	0.232528	-0.366947	-0.192853
ENSMUSG00000083394	-0.160462	-0.148302	0.023961	-0.564663	-0.268999	-0.040491
ENSMUSG00000083515	0.283205	0.130352	-0.542586	-0.135450	-0.159410	-0.165650
ENSMUSG00000083616	0.289995	0.025520	0.033054	-0.204484	-0.622940	-0.470027
ENSMUSG00000083649	0.053707	0.016166	-0.032844	-0.247865	0.375481	-0.219216
ENSMUSG00000083706	-0.245102	0.287527	0.038917	0.383706	-0.149473	-0.172219
ENSMUSG00000083820	-0.458005	-0.177613	0.306716	-0.130224	0.424841	-0.218650
ENSMUSG00000083947	0.196728	-0.876402	0.433841	0.403883	0.351886	0.044968
ENSMUSG00000084234	-0.827775	-0.041376	-0.330849	0.741291	0.225188	0.430506
ENSMUSG00000084262	-0.191637	-0.422476	0.049190	0.265972	-0.460441	-0.168661
ENSMUSG00000084275	0.449595	0.063973	-0.911902	0.169793	-0.251578	-0.236429
ENSMUSG00000084336	-0.012510	-0.180453	-0.373411	-0.032317	-0.238800	-0.033582
ENSMUSG00000084346	0.010374	-0.075189	-0.647457	0.223843	0.018106	0.407436
ENSMUSG00000084786	-0.153982	0.268041	-0.736870	-0.103336	0.074494	-0.115017
ENSMUSG00000084842	-0.210530	-0.448587	0.261542	-0.371821	0.117084	-0.105580
ENSMUSG00000084927	0.813600	-0.201671	-0.038171	0.150854	0.472599	-0.332460
ENSMUSG00000085793	0.339863	0.668277	0.517509	0.412778	0.551065	0.423998
ENSMUSG00000085795	-0.547042	0.395176	-0.617275	-0.085741	0.233881	-0.025244
ENSMUSG00000086040	-0.797568	0.145180	-0.475730	-0.310166	-0.371328	-0.137220
ENSMUSG00000086056	-0.215159	-0.418990	-0.002747	0.744918	0.379573	-0.083483
ENSMUSG00000086338	-0.207823	-0.333547	-0.057729	-0.030266	-0.242743	0.212919
ENSMUSG00000086524	0.056735	0.071816	-0.181177	0.226157	0.147331	0.077249
ENSMUSG00000086564	-0.119914	0.094546	-0.057607	0.017946	-0.579293	0.454865
ENSMUSG00000087152	0.137658	0.458406	-0.798887	-0.013294	0.348749	0.540500
ENSMUSG00000087247	0.132786	0.135203	0.217679	-0.614928	-0.211585	-0.370377
ENSMUSG00000087260	0.816478	0.061846	-0.125934	-0.273258	-0.464972	-0.004806
ENSMUSG00000087408	0.379902	-0.129738	-0.051718	0.260957	-0.140286	-0.220080
ENSMUSG00000089669	-0.432418	-0.567688	0.446096	-0.072152	-0.340617	0.486654
ENSMUSG00000089675	0.153627	-0.398011	-0.000070	-0.266734	-0.473031	0.341927
ENSMUSG00000089678	-0.389676	0.219682	-0.089814	0.027305	-0.273959	0.776408
ENSMUSG00000089682	-0.100874	-0.363898	-0.592477	0.154426	0.084691	0.407065
ENSMUSG00000089694	0.022923	0.169283	1.037683	-0.246520	-0.252166	0.076302
ENSMUSG00000089704	0.114231	-0.345153	-0.178861	0.204219	-0.403625	-0.845541
ENSMUSG00000089715	-0.311190	0.675527	0.820092	0.025290	-0.165466	-0.005356
ENSMUSG00000089717	-0.474607	-0.284224	-0.033752	-0.238164	-0.366035	0.280807
ENSMUSG00000089724	1.003621	-0.080908	-0.192271	0.194476	-0.264925	-0.433826
ENSMUSG00000089774	0.439697	-0.115021	0.630343	0.082613	0.090559	-0.102670
ENSMUSG00000089789	-0.062646	0.547533	-0.171657	-0.238126	0.271313	-0.031833
ENSMUSG00000089859	-0.475704	0.059075	0.240653	-0.896172	0.130309	-0.332087
ENSMUSG00000089892	0.452958	0.387274	0.063841	0.040899	-0.007950	0.200570
ENSMUSG00000089917	0.122766	0.010639	0.360475	0.204190	-0.196751	0.314417
ENSMUSG00000089929	-0.331298	-0.398548	0.302628	-0.124229	0.285630	-0.375858
ENSMUSG00000089942	0.263954	0.532355	0.632197	-0.802829	0.042844	-0.060282
ENSMUSG00000089943	-0.463031	0.161022	-0.277941	-0.448952	-0.152100	0.171479
ENSMUSG00000089960	-0.408456	-0.304930	0.355338	0.389622	-0.537135	-0.298301
ENSMUSG00000089992	-0.339323	-0.105681	-0.435563	-0.175161	0.248215	-0.278483
ENSMUSG00000090035	0.013471	0.302231	0.429830	0.953182	0.220251	-0.137034
ENSMUSG00000090059	0.145927	0.381178	-0.775563	-0.702785	-0.534432	0.242322
ENSMUSG00000090083	-0.137028	0.038966	0.395303	0.230409	0.869432	0.016992
ENSMUSG00000090093	-0.047075	-0.024480	0.101652	-0.039896	-0.457223	0.132690
ENSMUSG00000090097	0.092813	-0.039243	-0.278797	-0.342298	0.562423	0.013122
ENSMUSG00000090100	-0.327237	-0.566560	-0.845307	0.264566	-0.427658	0.029668
ENSMUSG00000090112	-0.349620	-0.622278	-0.492445	-0.147678	0.184880	0.126392
ENSMUSG00000090122	-0.095986	-0.556889	-0.364261	-0.127134	0.246375	0.470046
ENSMUSG00000090124	-0.341973	-0.390395	-0.050903	-0.073296	0.150800	0.517478
ENSMUSG00000090129	0.034727	-0.483006	0.181594	0.123602	0.075600	-0.201043
ENSMUSG00000090137	-0.894898	-1.357893	-0.615231	-1.637589	-1.444131	-1.787679
ENSMUSG00000090145	-0.266890	0.392354	0.226046	-0.228312	0.125105	-0.198815
ENSMUSG00000090150	0.559502	0.292791	-0.018638	-0.286925	0.138614	0.236625
ENSMUSG00000090165	0.083260	0.032729	-0.033278	0.183979	0.321692	-0.063918
ENSMUSG00000090166	0.582978	0.247261	0.557262	0.181064	-0.257746	0.162989
ENSMUSG00000090171	-0.102220	-0.364268	-0.361132	-0.389745	-0.238431	-0.016025
ENSMUSG00000090175	-0.074364	-1.090850	-0.018043	-0.288963	0.120695	-0.409823
ENSMUSG00000090176	0.417778	-0.622985	0.259736	0.016783	0.539872	-0.439220
ENSMUSG00000090210	0.286368	-0.332895	0.287982	-0.304865	0.496412	0.385434
ENSMUSG00000090213	-0.238248	-0.542334	0.252214	-0.350054	0.342957	-0.536711
ENSMUSG00000090219	-0.093445	0.441057	-0.204734	-0.112628	1.221121	0.140620
ENSMUSG00000090225	0.450155	-0.498442	0.208253	-0.062692	0.372134	0.032650
ENSMUSG00000090231	0.169199	-0.679767	0.654858	0.019095	-0.264918	0.288230
ENSMUSG00000090236	-0.002616	-0.071786	0.084979	0.027534	-0.195597	0.223621
ENSMUSG00000090247	0.299563	0.003970	-0.539452	0.085250	-0.094307	0.270661
ENSMUSG00000090272	0.583522	0.065043	-0.250363	-0.254055	-0.071250	0.390593
ENSMUSG00000090461	-0.323513	-0.316846	-0.025946	0.117067	-0.344400	-0.066114
ENSMUSG00000090471	0.165607	0.080644	-0.496057	0.215684	-0.010980	-0.988638
ENSMUSG00000090474	0.017481	-0.633019	0.394514	-0.353156	0.295464	-0.503135
ENSMUSG00000090489	-0.013482	-0.052672	0.301488	-0.544230	0.074159	-0.110304
ENSMUSG00000090550	-0.281769	-0.633369	0.130373	-0.078676	-0.190595	0.175244
ENSMUSG00000090553	0.341695	-0.111201	-0.203080	0.322153	-0.224139	-0.135626
ENSMUSG00000090588	0.389666	0.820406	-0.328325	-0.719925	-0.500520	-0.344311
ENSMUSG00000090629	-0.204622	-0.572128	-0.034955	-0.274357	0.295587	0.443531
ENSMUSG00000090631	-0.287493	-0.162596	-0.133622	0.121652	-0.133746	0.000277
ENSMUSG00000090641	0.691983	-0.211190	0.228380	-0.323886	0.046850	-0.148141
ENSMUSG00000090675	-0.588487	-0.115737	0.215114	-0.367232	-0.057164	0.101333
ENSMUSG00000090700	-0.111212	-0.064274	0.104295	0.862666	-0.160572	0.217504
ENSMUSG00000090733	0.181010	0.095689	-0.422800	-0.024891	-0.302933	0.064043
ENSMUSG00000090738	-0.627483	0.482919	-0.116239	-0.156568	0.360624	0.309018
ENSMUSG00000090817	0.083601	0.229565	0.208138	-0.130309	0.096504	0.336944
ENSMUSG00000090824	-0.071552	-0.291506	-0.383221	0.255458	-0.063245	0.250080
ENSMUSG00000090841	0.137011	-0.372807	0.115604	0.462668	0.390047	0.429895
ENSMUSG00000090854	-0.577096	0.199159	-0.170413	0.165746	-0.024635	0.089152
ENSMUSG00000090862	-0.011660	0.343275	0.306561	0.085458	-0.117176	-0.736234
ENSMUSG00000090874	0.108093	-0.108115	0.273640	0.095508	0.248951	0.835379
ENSMUSG00000090877	-0.363454	-0.498032	-0.354169	0.494152	0.542143	0.096245
ENSMUSG00000090894	0.062858	0.327550	-0.257323	-0.096951	-0.539660	0.222586
ENSMUSG00000090919	0.078487	0.011822	-0.437838	-0.263188	0.253262	-0.369624
ENSMUSG00000090951	-0.271605	-0.033769	0.037487	-0.595750	-0.027535	-0.026849
ENSMUSG00000090958	-0.101762	0.148263	0.174089	0.402841	-0.174266	-0.380305
ENSMUSG00000091039	-0.390677	0.229829	0.120980	0.072760	-0.272534	-0.263293
ENSMUSG00000091043	0.019032	0.278385	-0.004721	0.684851	-0.043443	-0.845219
ENSMUSG00000091055	-0.370923	0.255404	0.211122	-0.480840	-0.115254	-0.775204
ENSMUSG00000091086	-0.131381	0.110260	-0.508910	0.020317	0.156153	0.547890
ENSMUSG00000091091	0.247796	-0.284324	-0.848615	-0.479415	0.581947	-0.289889
ENSMUSG00000091174	-0.039883	0.040562	0.092247	-0.335204	-0.526796	-0.075793
ENSMUSG00000091183	0.183624	-0.369090	0.042814	-0.048234	0.080073	0.004378
ENSMUSG00000091212	-0.209234	0.013684	0.765225	-0.680385	0.059560	-0.465955
ENSMUSG00000091215	-0.163280	0.438658	-0.421675	0.143997	0.427210	-0.542757
ENSMUSG00000091228	0.123826	0.483706	-0.183449	0.101214	0.323435	0.214549
ENSMUSG00000091285	-0.239183	-0.648296	-0.214849	-0.070404	0.717075	0.139655
ENSMUSG00000091318	0.257996	-0.182102	0.134796	-0.409499	-0.065573	0.552479
ENSMUSG00000091345	-0.896373	0.096678	0.704461	-0.488888	0.222375	-0.148404
ENSMUSG00000091387	0.660543	-0.404082	-0.414814	-0.228805	0.347425	-0.034696
ENSMUSG00000091405	0.434219	0.159540	-0.063087	0.064917	-0.092002	0.494075
ENSMUSG00000091415	0.077273	0.204350	0.146992	-0.366423	-0.630282	0.176846
ENSMUSG00000091512	-0.361722	-0.017262	0.230452	-0.488333	0.102302	-0.025415
ENSMUSG00000091530	0.803917	0.005779	0.364052	-0.146687	0.917600	0.648960
ENSMUSG00000091531	0.542971	-0.656495	0.068842	-0.000688	0.191310	-0.277605
ENSMUSG00000091601	-0.045852	0.064714	0.078117	-0.504275	0.069571	0.248667
ENSMUSG00000091625	-0.291603	-0.078620	0.405790	0.311522	-0.374492	0.123666
ENSMUSG00000091650	-0.042923	0.162374	0.221000	-0.126290	-0.226514	0.185394
ENSMUSG00000091694	-0.039251	-0.377915	0.028783	-0.630190	0.070689	0.225633
ENSMUSG00000091705	0.724424	0.220735	-0.257790	-0.204589	-0.083718	0.006577
ENSMUSG00000091764	0.455692	-0.054889	-0.549815	0.485533	0.605857	-0.642380
ENSMUSG00000091779	0.044596	0.530497	-0.350046	0.265018	-0.113302	0.130177
ENSMUSG00000091780	-0.347495	-0.622014	0.103000	0.014546	0.152114	0.399543
ENSMUSG00000091803	0.098557	0.172289	0.111310	0.122791	-0.087519	0.518303
ENSMUSG00000091809	-0.029144	0.121010	-0.054552	-0.071849	0.147776	-0.667601
ENSMUSG00000091813	-0.582710	0.562592	0.010109	-0.070548	-0.019482	0.441085
ENSMUSG00000091867	0.205083	-0.573530	-0.067449	-0.112504	0.372423	0.307722
ENSMUSG00000091873	0.478589	0.062342	0.157105	-0.020530	0.236057	-0.136034
ENSMUSG00000091896	0.008682	-0.657974	-0.895120	-0.575759	-1.173008	-0.918252
ENSMUSG00000091898	-0.624213	0.092074	-0.110927	-0.389748	-0.101535	-0.093611
ENSMUSG00000091950	-0.002555	-0.066015	0.549120	-0.193387	-0.046797	-0.020307
ENSMUSG00000091971	-0.141391	0.554185	-0.020900	0.282364	0.036240	0.356780
ENSMUSG00000091983	-0.503574	0.002915	-0.346552	-0.352307	0.046079	-0.342515
ENSMUSG00000092008	-0.139675	0.027047	0.196796	0.198340	0.260231	-0.219953
ENSMUSG00000092074	-0.350364	-0.496080	-0.229056	-0.237193	-0.753541	-0.503434
ENSMUSG00000092077	-0.598087	0.022193	-0.139429	-0.027942	0.369266	0.160109
ENSMUSG00000092083	0.294924	0.143792	-0.456964	-0.443507	0.004291	0.298498
ENSMUSG00000092094	0.099023	0.286538	-0.230241	-0.048406	1.041536	0.304431
ENSMUSG00000092118	0.164805	-0.101615	0.321253	0.558224	-0.440832	-0.002329
ENSMUSG00000092243	-0.280693	0.447745	0.230004	0.158015	0.734624	0.261836
ENSMUSG00000092260	0.575993	-0.109837	0.000155	0.763061	0.042569	-0.115809
ENSMUSG00000092292	-0.836311	-0.416289	-0.077370	0.526616	-0.381856	0.120969
ENSMUSG00000092305	0.229128	-0.445186	-0.400672	0.557825	-0.664158	0.215142
ENSMUSG00000092413	0.379960	-0.381869	-0.075720	-0.191106	-0.542208	-0.109265
ENSMUSG00000092416	0.450090	-0.254986	-0.251338	0.230887	-0.542964	-0.335432
ENSMUSG00000092517	-0.184614	0.097609	0.017258	0.166369	0.016635	0.413747
ENSMUSG00000092572	0.439306	-0.698176	-0.450054	0.517888	0.129368	0.091161
ENSMUSG00000092586	-0.211719	0.166379	-0.174970	-0.049222	0.471577	-0.139965
ENSMUSG00000092770	-0.346683	0.047492	-0.471069	-0.233218	0.542619	0.195341
ENSMUSG00000092807	0.081967	0.047473	-0.035721	-0.102147	-0.184080	0.184337
ENSMUSG00000092995	-0.001839	0.601718	-0.250393	0.985537	-0.011695	-0.405061
ENSMUSG00000093007	-0.069340	-0.254306	0.214290	-0.173029	-0.593433	-0.067812
ENSMUSG00000093011	0.493804	-0.170812	0.147284	0.038231	-0.440111	-0.116245
ENSMUSG00000093073	-1.118721	-0.490309	0.186947	-0.528794	-0.057723	-0.001170
ENSMUSG00000093238	0.429901	0.436089	0.064305	0.155887	0.102302	0.210538
ENSMUSG00000093354	-0.810209	-0.522188	0.718241	-0.438218	-0.280670	-0.353017
ENSMUSG00000093550	0.277032	-0.256567	-0.681736	0.097626	-0.374311	0.069004
ENSMUSG00000093661	-0.158263	0.102562	0.346719	0.436217	-0.137818	-0.419494
ENSMUSG00000093674	0.602109	0.071439	-0.470319	0.168792	-0.189041	-0.297248
ENSMUSG00000093769	0.401780	-0.279529	0.746597	-0.263225	-0.375749	-0.379720
ENSMUSG00000093803	-0.050775	0.074916	0.444127	-0.494889	-0.146813	-0.187213
ENSMUSG00000093804	0.224026	0.726181	-0.310146	-0.752257	0.141392	-0.165097
ENSMUSG00000093806	0.261176	-0.258424	0.227079	0.274203	0.365795	0.156168
ENSMUSG00000093825	-0.312541	-0.357358	0.221906	0.273917	-0.144520	-0.448367
ENSMUSG00000093839	0.102028	-0.229981	-0.730745	0.377352	0.058728	-0.218670
ENSMUSG00000093866	0.400454	0.387034	-0.106841	-0.228302	-0.157088	-0.132011
ENSMUSG00000093877	0.048932	-0.278010	0.630135	0.235905	-0.400785	0.130913
ENSMUSG00000093884	-0.248142	-0.006355	-0.033200	-0.264116	0.406953	0.092690
ENSMUSG00000093901	0.185110	-0.489037	0.562374	-0.168370	-0.356075	0.149611
ENSMUSG00000093904	-0.153392	0.463159	0.127204	-0.081154	-0.358918	0.414070
ENSMUSG00000093920	-0.307533	-0.403788	0.143493	-0.628050	-0.461097	-0.137114
ENSMUSG00000093930	-0.247309	-0.482479	0.407230	-0.072786	0.231369	-0.329040
ENSMUSG00000093931	-0.438205	0.216948	0.631389	-0.145274	0.418949	-0.272724
ENSMUSG00000093934	0.228982	-0.092094	-0.144472	0.395297	0.002468	0.364234
ENSMUSG00000093942	0.147589	-0.210684	-0.221171	1.256365	-0.391431	0.207180
ENSMUSG00000093980	-0.598244	-0.013909	-0.268827	-0.257209	0.466946	-0.176410
ENSMUSG00000093990	0.117826	0.215146	0.254230	0.172202	0.030498	0.016242
ENSMUSG00000094012	-0.188801	-0.207389	-0.035746	0.139931	0.253734	0.370234
ENSMUSG00000094063	0.295800	-0.280454	-0.198390	-0.609597	0.593998	-0.168391
ENSMUSG00000094065	0.475229	-0.031148	0.407442	-0.417573	0.136524	-0.004767
ENSMUSG00000094080	0.032515	-0.371029	0.304462	0.180532	0.177757	0.152655
ENSMUSG00000094119	0.507193	-0.345984	-0.027465	-0.419984	0.367981	0.161798
ENSMUSG00000094120	-0.434318	0.179571	0.372612	0.256025	0.355944	0.438536
ENSMUSG00000094133	-0.338373	0.135957	-0.738711	0.022301	-0.109707	0.685153
ENSMUSG00000094140	-0.373538	-0.047375	0.176097	0.027390	-0.079286	0.227379
ENSMUSG00000094146	0.016228	0.152564	0.108848	-0.253855	0.297042	0.697922
ENSMUSG00000094156	0.328701	-0.008728	-0.038215	0.288202	-0.313922	-0.208115
ENSMUSG00000094163	-0.363991	-0.495711	0.011657	-0.030595	0.203698	0.394344
ENSMUSG00000094182	0.338032	0.546938	-0.410950	0.209894	0.115186	-0.387297
ENSMUSG00000094185	0.248045	0.044295	0.194757	0.081889	-0.029988	-0.485842
ENSMUSG00000094192	-0.428730	-0.133071	-0.184880	0.110535	-0.529216	-0.630684
ENSMUSG00000094197	0.130828	0.289917	-0.069382	0.518888	-0.120221	-0.193455
ENSMUSG00000094200	-0.151370	-0.142907	-0.146922	0.013164	-0.176777	0.100959
ENSMUSG00000094238	0.069708	-0.395308	0.068344	0.276847	0.391256	0.202530
ENSMUSG00000094248	-0.457680	0.549699	-0.116143	-0.463026	-0.200999	0.618685
ENSMUSG00000094254	-0.039100	-0.647019	-0.389551	-0.237165	-0.293865	-0.555828
ENSMUSG00000094266	-0.259717	-0.044561	0.664725	-0.191426	0.490150	-0.132415
ENSMUSG00000094269	-0.633058	0.080552	-0.003202	0.142019	0.013010	0.276740
ENSMUSG00000094285	-0.672326	0.151846	-0.123185	-0.228214	-0.022907	-0.292510
ENSMUSG00000094295	-0.236187	0.483236	0.427292	0.201256	-0.126345	0.415185
ENSMUSG00000094318	-0.578160	0.559475	-0.119246	0.361360	0.240776	0.481714
ENSMUSG00000094338	-0.320277	0.302625	0.534669	-0.049202	-0.277405	0.118385
ENSMUSG00000094347	-0.111563	-0.102500	-0.631311	-0.409119	0.319186	-0.305473
ENSMUSG00000094353	-0.212960	-0.309931	-0.371006	-0.148755	0.019693	-0.480895
ENSMUSG00000094380	-0.135947	-0.343266	0.309075	0.886768	-0.112918	0.127510
ENSMUSG00000094422	0.278822	0.200731	-0.097910	-0.073659	-0.341178	0.835180
ENSMUSG00000094426	-0.400755	-0.481064	0.072565	-0.310544	-0.028346	-0.106982
ENSMUSG00000094449	-0.172079	-0.479750	-0.192228	0.225893	0.191681	-0.015039
ENSMUSG00000094461	0.109423	0.065276	-0.489378	-0.025518	0.454017	0.128052
ENSMUSG00000094464	-0.422892	-0.224002	-0.133587	0.575473	0.149066	-0.544585
ENSMUSG00000094488	0.241682	0.163750	0.292714	0.072072	-0.469721	-0.151090
ENSMUSG00000094493	0.112038	-0.396764	-0.474655	-0.216403	0.140116	0.062276
ENSMUSG00000094496	-0.006105	0.748585	0.334492	0.320122	0.095424	-0.288213
ENSMUSG00000094520	0.003447	-0.301515	0.069428	-0.260181	0.341190	-0.158313
ENSMUSG00000094531	-0.158436	0.224434	-0.146266	0.115460	-0.102257	-0.307664
ENSMUSG00000094535	0.288956	0.198784	0.216824	0.391273	-0.432197	-0.549572
ENSMUSG00000094539	0.009033	-0.105601	-0.359973	0.290207	-0.057266	-0.011676
ENSMUSG00000094559	-0.204036	-0.135423	-0.140398	0.299215	0.246032	-0.226111
ENSMUSG00000094588	-0.305229	0.692192	-0.134028	0.369798	-0.314327	-0.042171
ENSMUSG00000094612	-0.173997	-0.718154	-0.464840	0.244314	0.132870	0.314144
ENSMUSG00000094632	-0.012729	-0.025458	0.116491	0.125437	-0.260131	-0.600468
ENSMUSG00000094669	-0.000475	0.116216	0.058518	-0.075578	-0.132272	0.205366
ENSMUSG00000094673	0.588386	0.248989	0.224463	-0.120733	0.408212	-0.111362
ENSMUSG00000094678	-0.381032	-0.301027	-0.632668	0.025047	-0.089331	-0.371788
ENSMUSG00000094686	-0.266686	0.004390	0.392070	0.318711	-0.141015	0.051670
ENSMUSG00000094687	0.694339	0.343804	0.035807	-0.199832	0.085954	0.632137
ENSMUSG00000094692	0.659220	-0.398557	-0.591181	-0.011340	0.773370	0.301937
ENSMUSG00000094695	0.166418	-0.507765	-0.639073	-0.062053	-0.576414	0.003609
ENSMUSG00000094701	0.501750	0.129632	-0.194889	-0.126678	-0.244146	0.028304
ENSMUSG00000094721	-0.162094	0.224394	-0.132269	-0.334589	0.190492	0.414187
ENSMUSG00000094734	-0.015783	0.433842	0.124971	0.043320	0.027211	-0.157369
ENSMUSG00000094745	-0.038401	0.605761	-0.220651	-0.419666	0.023605	-0.013885
ENSMUSG00000094747	0.077548	0.885850	0.071349	-0.079368	0.362160	0.094517
ENSMUSG00000094755	0.008469	0.118365	-0.062971	-0.294161	0.825458	-0.075014
ENSMUSG00000094764	-0.196219	0.361912	0.323669	-0.512368	-0.093860	0.160015
ENSMUSG00000094777	0.317785	-0.733200	-0.373621	0.353897	0.088654	-0.467936
ENSMUSG00000094778	0.258721	-0.389704	0.251693	0.393377	-0.232852	0.299423
ENSMUSG00000094805	0.356808	-0.777811	-0.535815	-0.327062	-0.288696	-0.720791
ENSMUSG00000094806	0.293177	0.002308	0.616356	0.590777	-0.614070	0.209312
ENSMUSG00000094808	-0.142298	0.176048	0.355298	0.308623	0.307109	0.083637
ENSMUSG00000094810	-0.323473	0.052415	0.074913	-0.025888	-0.083059	-0.257034
ENSMUSG00000094818	-0.167626	0.029661	-0.365718	-0.025261	-0.012929	-0.029407
ENSMUSG00000094819	0.728265	0.592038	-0.676934	0.525470	-0.835381	-0.021240
ENSMUSG00000094822	0.069175	-0.445247	0.362098	-0.529364	-0.134759	-0.956902
ENSMUSG00000094846	-0.621463	-0.332283	-0.300505	0.418611	0.301266	0.645916
ENSMUSG00000094858	0.104132	0.337004	0.014219	0.119615	0.546032	0.747388
ENSMUSG00000094870	-0.564304	-0.222174	-1.018407	0.476193	0.085285	0.116427
ENSMUSG00000094878	-0.170161	0.514476	-0.168910	-0.103771	0.168542	-0.436542
ENSMUSG00000094881	0.480928	-0.410995	0.059120	-0.247419	0.357687	0.320532
ENSMUSG00000094891	0.107247	-0.159476	-0.088632	-0.133155	-0.608265	0.004559
ENSMUSG00000094904	-0.340694	0.032498	-0.218087	0.100743	0.160469	0.568101
ENSMUSG00000094913	0.083958	0.426213	0.033743	0.609713	-0.320601	0.800394
ENSMUSG00000094942	0.619836	0.344077	-0.176383	-0.207212	0.318118	-0.322180
ENSMUSG00000094970	0.129675	-0.714850	-0.078183	0.017155	-0.364860	0.121192
ENSMUSG00000094986	-0.005782	-0.115267	0.148460	0.090082	-0.092689	-0.443512
ENSMUSG00000094995	-0.173959	-0.233129	0.275145	0.018674	0.050962	0.408474
ENSMUSG00000095002	0.236267	0.319589	-0.268298	0.249748	0.741039	0.631917
ENSMUSG00000095017	0.244461	0.126514	0.054120	0.618765	0.312652	0.435658
ENSMUSG00000095028	-0.185531	-0.344787	-0.187637	-0.440373	-0.665237	0.070780
ENSMUSG00000095030	0.776128	0.129231	0.127452	-0.164134	-0.213337	-0.118219
ENSMUSG00000095075	0.319678	0.129202	0.020511	-0.003586	0.188726	-0.010598
ENSMUSG00000095095	0.262906	-0.074740	0.191539	0.186686	0.257617	0.238840
ENSMUSG00000095105	-0.379786	-0.062765	0.485607	-0.103643	0.017365	-0.636602
ENSMUSG00000095138	0.128350	0.005039	0.462968	-0.216584	-0.291717	0.139549
ENSMUSG00000095143	0.267013	-0.475251	-0.181151	0.112511	-0.191052	0.486275
ENSMUSG00000095156	0.138529	0.394615	0.185916	0.096376	0.408906	0.200138
ENSMUSG00000095171	-0.135652	-0.010297	-0.276305	0.381514	0.495998	-0.649681
ENSMUSG00000095187	0.044935	0.066041	0.148025	-0.032369	-0.397407	0.344848
ENSMUSG00000095189	-0.200988	-0.271695	0.061320	0.098350	-0.613877	0.391410
ENSMUSG00000095194	-0.195046	-0.015708	0.180016	0.199600	-0.016934	0.191762
ENSMUSG00000095212	0.310144	0.001873	-0.070490	-0.050676	-0.051384	-0.208315
ENSMUSG00000095217	0.487369	0.024164	0.527527	-0.018944	-0.052529	0.506600
ENSMUSG00000095218	-0.565521	0.192942	0.494696	0.323702	0.022601	-0.010668
ENSMUSG00000095234	-0.063893	0.419618	0.042869	-0.644654	0.307282	0.355183
ENSMUSG00000095236	-0.112794	0.024585	0.390376	-0.033984	0.240259	0.106431
ENSMUSG00000095239	-0.157864	-0.593458	0.674975	0.411530	-0.148466	0.313295
ENSMUSG00000095248	-0.380377	0.105490	-0.132228	0.159274	0.284671	0.158051
ENSMUSG00000095251	-0.011130	0.350126	0.279619	-0.261348	0.257700	-0.574504
ENSMUSG00000095270	0.134727	0.204844	-0.207087	0.042284	0.055225	-0.434972
ENSMUSG00000095286	-0.190559	-0.327548	-0.008078	-0.159086	0.235945	-0.180582
ENSMUSG00000095301	-0.143703	0.421758	0.160072	0.136641	0.304344	0.322952
ENSMUSG00000095312	0.215750	-0.033158	-0.090930	0.026734	-0.288936	0.294457
ENSMUSG00000095322	0.377725	0.333161	-0.307045	-0.528623	0.137838	-0.362894
ENSMUSG00000095377	-0.004913	0.306300	-0.220705	0.492208	0.056574	-0.004411
ENSMUSG00000095388	0.211478	0.539224	0.149277	-0.100864	-0.105924	-0.169213
ENSMUSG00000095390	0.121197	0.017768	0.095455	0.213864	0.241570	0.197394
ENSMUSG00000095401	0.119522	0.463474	-0.200891	-0.181370	0.030963	0.302218
ENSMUSG00000095413	-0.415340	-0.047659	0.044144	-0.702912	0.016439	0.427870
ENSMUSG00000095432	0.010736	-0.208439	0.089277	-0.254166	-0.252085	0.318446
ENSMUSG00000095445	0.002895	-0.810297	0.035663	-0.145084	0.372794	-0.091385
ENSMUSG00000095448	-0.048153	-0.359499	-0.005046	-0.509929	0.794580	0.166948
ENSMUSG00000095463	-0.602219	0.221549	-0.317402	-0.300642	0.955722	-0.051470
ENSMUSG00000095483	-0.490167	0.241082	0.244560	-0.493799	-0.063296	0.695959
ENSMUSG00000095484	-0.040096	0.161085	-0.408420	-0.296533	-0.599177	-0.592768
ENSMUSG00000095498	-0.138873	0.394485	0.580319	-0.083401	0.185050	0.259539
ENSMUSG00000095499	0.412345	0.149133	0.072214	-0.066001	0.270087	0.026744
ENSMUSG00000095524	0.319961	-0.344839	0.537387	0.336961	0.594993	0.185000
ENSMUSG00000095525	-0.104272	-0.392556	-0.000273	-0.072869	-0.495672	-0.093129
ENSMUSG00000095527	-0.410626	0.372932	-0.069689	-0.044590	-0.262647	0.029105
ENSMUSG00000095569	0.677664	0.554470	-0.120312	-0.533773	-0.121553	0.469384
ENSMUSG00000095573	0.679856	-0.083283	0.402728	-0.027816	-0.345234	0.546109
ENSMUSG00000095576	0.376138	-0.124964	0.083893	-0.170569	-0.550274	-0.054832
ENSMUSG00000095586	-0.608287	0.146145	-0.091554	-0.164291	0.335046	0.105874
ENSMUSG00000095593	0.024968	-0.119158	0.337727	0.097733	-0.539148	0.159795
ENSMUSG00000095608	-0.150355	0.423276	0.247837	-0.096428	0.601098	0.169573
ENSMUSG00000095640	0.043526	-0.235478	0.372881	0.376710	0.464633	0.561913
ENSMUSG00000095647	0.416058	0.022740	0.022539	-0.025210	-0.317966	0.081035
ENSMUSG00000095655	0.123599	-0.046472	0.092908	-0.355729	0.300737	-0.228131
ENSMUSG00000095662	0.610439	0.279135	0.178912	0.646412	0.607067	0.111737
ENSMUSG00000095667	0.128806	0.059611	-0.350882	-0.159356	0.188251	-0.059337
ENSMUSG00000095675	0.567974	0.281927	-0.294691	0.225496	0.127924	-0.589239
ENSMUSG00000095677	-0.252418	-0.561253	-0.002101	0.654958	-0.016813	0.131623
ENSMUSG00000095687	-0.274358	0.180840	-0.252430	-0.119053	-0.141641	-0.094514
ENSMUSG00000095696	-0.063227	0.581457	-0.298247	-0.058073	-0.299807	0.436638
ENSMUSG00000095706	-0.227766	0.007831	-0.004687	-0.360981	0.213606	0.125560
ENSMUSG00000095721	0.152250	-0.658448	-0.717429	0.335045	0.763381	0.547371
ENSMUSG00000095765	0.013354	0.303848	-0.142162	1.033690	-0.032961	-0.651745
ENSMUSG00000095774	0.684852	0.481199	0.310350	0.377788	0.531083	-0.248774
ENSMUSG00000095788	0.195769	0.281020	-1.303062	-0.011861	0.370853	0.495623
ENSMUSG00000095804	-0.050877	-0.084544	-0.100786	0.041593	0.022733	-0.032604
ENSMUSG00000095809	-0.208088	0.225356	-0.003332	0.426314	-0.013933	0.466878
ENSMUSG00000095817	-0.152321	-0.735578	0.416402	1.065779	0.580956	-0.142216
ENSMUSG00000095831	0.259726	-0.207555	0.887387	0.608488	0.345100	-0.683818
ENSMUSG00000095839	-0.248855	0.527452	0.409372	0.030393	-0.324928	-0.410387
ENSMUSG00000095845	0.229372	0.482909	0.141414	0.377215	-0.407081	0.255668
ENSMUSG00000095847	0.070096	0.153137	0.536708	-0.018384	0.726409	0.248967
ENSMUSG00000095893	-0.247994	0.011510	0.815268	0.136014	0.350483	0.657915
ENSMUSG00000095896	0.183159	-0.270833	0.187333	0.174582	0.301463	0.379693
ENSMUSG00000095901	0.845215	-0.000140	0.099014	-0.198390	0.465591	0.427330
ENSMUSG00000095903	-0.092055	-0.018144	-0.069498	-0.316198	-0.106523	-0.465247
ENSMUSG00000095910	0.400676	-0.115366	0.551758	0.149320	-0.176486	-0.110823
ENSMUSG00000095917	0.062291	-0.053122	-0.229049	0.333718	0.010080	0.198447
ENSMUSG00000095928	0.134348	0.513333	0.471710	-0.151481	0.517471	0.194822
ENSMUSG00000095929	0.347885	0.223789	-0.169093	0.210073	-0.205090	0.339997
ENSMUSG00000095941	0.527629	0.015757	-0.250718	0.368032	-0.084955	-0.108151
ENSMUSG00000095957	0.113545	-0.562181	0.565558	-0.364616	-0.055317	0.309869
ENSMUSG00000095970	-0.486648	0.018557	-0.218204	-0.072668	0.297580	-0.150597
ENSMUSG00000095990	-0.081699	-0.036240	0.425273	-0.136187	-0.040891	-0.092291
ENSMUSG00000096000	-0.248177	-0.519961	-0.841132	-0.433515	0.630451	0.148536
ENSMUSG00000096009	-0.113953	-0.384287	0.237858	0.382498	0.006831	-0.081674
ENSMUSG00000096010	-0.157879	-0.153542	-0.239568	-0.178682	0.179866	-0.117167
ENSMUSG00000096011	0.332616	0.241659	0.043183	0.207961	-0.387344	-0.508963
ENSMUSG00000096029	-0.706686	-0.746102	-0.386175	0.159393	-0.324721	-0.148332
ENSMUSG00000096068	-0.116419	0.184422	-0.760112	0.134126	0.965373	0.113589
ENSMUSG00000096069	0.296648	-0.201509	-0.454307	0.004128	0.562582	-0.520439
ENSMUSG00000096097	-0.453171	0.245488	0.163779	-0.490758	0.403074	0.403500
ENSMUSG00000096109	-0.119466	-0.245500	-0.796249	0.231828	0.232632	-0.390956
ENSMUSG00000096131	0.504634	0.153396	-0.282826	0.416343	0.328377	-0.193455
ENSMUSG00000096135	-0.218686	0.312254	0.291887	-0.325479	-0.409934	0.574307
ENSMUSG00000096141	-0.311512	0.132471	-0.586304	1.025503	0.074683	0.305336
ENSMUSG00000096145	-0.859161	-0.294300	0.497895	-0.192957	-0.211564	-0.217366
ENSMUSG00000096146	-0.361352	-0.214333	0.207073	-0.080013	0.201148	0.454077
ENSMUSG00000096151	-0.261739	-0.410082	-0.748759	0.671160	0.076225	-0.049931
ENSMUSG00000096167	-0.314494	0.294580	0.535958	-0.257784	-0.231472	0.536183
ENSMUSG00000096169	-0.383249	0.192349	0.251629	-0.064868	0.622629	0.554231
ENSMUSG00000096209	-0.503912	-0.398635	-0.258602	-0.166838	0.493537	0.549124
ENSMUSG00000096210	-0.480078	-0.204083	-0.102337	-0.009913	0.036998	0.336537
ENSMUSG00000096220	-0.247899	0.434983	-0.339228	-0.222926	-0.191895	0.255245
ENSMUSG00000096228	0.201386	-0.120025	-0.122602	0.180902	-0.073700	0.495445
ENSMUSG00000096229	-0.099365	-0.201401	-0.663166	0.522309	-0.557665	0.033805
ENSMUSG00000096254	-0.276696	0.204021	0.058212	-0.115042	-0.297145	-0.254062
ENSMUSG00000096255	-0.099841	0.053009	0.318301	0.041697	-0.062088	0.140497
ENSMUSG00000096273	-0.083827	0.170578	0.151864	0.515242	-0.000696	-0.219659
ENSMUSG00000096289	0.092840	-0.483402	0.101333	-0.197824	0.159127	0.101683
ENSMUSG00000096320	0.859198	-0.492567	0.686467	-0.304649	0.114773	0.204095
ENSMUSG00000096356	-0.507468	-0.133964	-0.364372	-0.108814	0.631331	0.330053
ENSMUSG00000096365	-0.114055	0.410046	-0.282947	0.553515	0.352640	0.139342
ENSMUSG00000096380	0.061226	0.474432	0.246194	-0.289917	-0.005054	-0.123767
ENSMUSG00000096409	-0.101644	0.913783	-0.721774	-0.436812	-0.296703	0.276163
ENSMUSG00000096421	-0.141132	0.100492	-0.173119	0.301564	0.011126	-0.086471
ENSMUSG00000096424	-0.086444	0.200455	-0.021178	-0.176185	-0.147800	0.282202
ENSMUSG00000096427	-0.575722	-0.357975	-0.546138	0.286683	0.512592	0.134149
ENSMUSG00000096436	-0.146040	0.384240	-0.196163	-0.066199	-0.327063	0.469942
ENSMUSG00000096437	-0.040573	0.213104	-0.543350	-0.074347	0.325525	-0.653214
ENSMUSG00000096442	0.889252	-0.879713	-0.751227	-0.787196	-0.265321	-0.265606
ENSMUSG00000096465	0.580131	-0.326445	-0.571464	-0.302048	-0.005833	-0.267102
ENSMUSG00000096472	-0.516049	-0.229125	-0.308489	-0.259788	-0.285699	0.893408
ENSMUSG00000096477	0.190567	-0.091642	-0.346393	0.057092	0.078929	0.060363
ENSMUSG00000096481	-0.118970	-0.457174	-0.215112	0.044275	0.347526	-0.110756
ENSMUSG00000096485	-0.344937	-0.056682	-0.030825	0.000296	-0.455579	-0.006010
ENSMUSG00000096497	0.319041	0.326523	0.187317	-0.174680	-0.263497	0.226455
ENSMUSG00000096516	0.437395	0.516980	-0.150890	-0.189883	0.054677	0.022863
ENSMUSG00000096525	-0.222527	0.551914	-0.126199	-0.335085	0.264177	0.397395
ENSMUSG00000096534	0.104805	0.118034	0.346286	-0.376474	0.126283	-0.255339
ENSMUSG00000096549	0.356329	0.499494	0.024632	0.426338	0.213567	-0.145553
ENSMUSG00000096554	-0.290976	-0.283905	-0.010036	0.057874	0.011166	-0.092584
ENSMUSG00000096555	-0.531985	-0.135042	0.043816	-0.422258	0.156408	0.114068
ENSMUSG00000096566	-0.037523	0.243224	-0.053354	0.852980	0.060930	0.002960
ENSMUSG00000096569	-0.300618	-0.471775	-0.093217	-0.555904	0.233197	0.376904
ENSMUSG00000096584	0.229784	0.005535	-0.604222	-0.219612	-0.306942	-0.283594
ENSMUSG00000096596	-0.102991	0.719414	-0.332352	0.020470	-0.307645	-0.218581
ENSMUSG00000096621	0.143086	-0.100151	0.476995	0.169423	-0.279277	0.889888
ENSMUSG00000096679	0.364320	0.195993	-0.413841	0.233640	0.131080	-0.123789
ENSMUSG00000096682	-0.490999	0.152877	-0.216493	0.298848	-0.481831	-0.018376
ENSMUSG00000096687	0.211360	0.125477	0.395259	0.158851	0.797072	-0.173855
ENSMUSG00000096695	0.818615	0.285055	0.015279	-0.004006	0.248541	0.010467
ENSMUSG00000096696	-0.601763	-0.310068	-0.141814	-0.202338	0.053495	0.335126
ENSMUSG00000096703	0.285345	-0.134626	-0.116387	-0.400762	0.039234	0.155115
ENSMUSG00000096705	0.108746	0.122716	-0.379662	-0.194469	-0.010668	0.012640
ENSMUSG00000096708	0.261914	0.352657	-0.574679	0.448260	-0.525915	0.220633
ENSMUSG00000096714	-0.220501	0.518922	0.047374	0.177760	0.509608	-0.390642
ENSMUSG00000096747	0.400967	-0.256723	-0.377343	-0.426873	-0.174682	-0.322304
ENSMUSG00000096757	-0.052035	0.682188	-0.216883	-0.158501	0.097591	0.037134
ENSMUSG00000096763	0.265362	-0.050792	-0.153241	0.133898	-0.272474	-0.211209
ENSMUSG00000096770	-0.051447	0.076211	0.260796	-0.338991	0.702072	0.120668
ENSMUSG00000096773	0.080322	0.013944	0.159536	0.209065	-0.198978	0.426949
ENSMUSG00000096794	0.455525	-0.147208	0.107414	0.233922	-0.779498	0.170394
ENSMUSG00000096795	0.515289	-0.185259	0.139295	-0.110526	0.609082	0.008335
ENSMUSG00000096806	-0.110449	-0.054248	0.424460	0.399482	-0.571871	0.479467
ENSMUSG00000096822	0.188566	-0.159179	0.115753	0.299878	-0.321934	-0.155346
ENSMUSG00000096826	0.205959	-0.191849	-0.473835	0.253948	0.041673	0.252153
ENSMUSG00000096840	0.529271	-0.705215	0.143879	-0.160967	-0.470213	0.411758
ENSMUSG00000096852	-0.596767	0.216795	0.732840	0.221561	0.057220	0.075718
ENSMUSG00000096856	0.656839	0.205164	-0.802676	0.280595	-0.040760	-0.082570
ENSMUSG00000096858	-0.282208	-0.043049	0.404637	0.077423	0.197773	0.377312
ENSMUSG00000096914	-0.210837	0.102267	-0.275597	0.264684	0.035579	0.336475
ENSMUSG00000097328	-0.023979	-0.066730	0.425156	-0.219056	0.140036	0.055635
ENSMUSG00000097333	0.098858	-0.183515	-0.020550	-0.159681	0.025292	0.709097
ENSMUSG00000098181	0.122197	-0.118522	-0.250055	0.096910	0.168949	0.066937
ENSMUSG00000098188	0.455266	0.030794	0.155339	-0.071034	-0.255958	0.296300
ENSMUSG00000098274	0.145646	-0.365065	0.161706	-0.225602	-0.096743	-0.200728
ENSMUSG00000098470	0.170084	0.236940	-0.261073	0.553950	-0.093495	0.523917
ENSMUSG00000098488	0.123394	0.264492	0.216978	0.691175	-0.237939	0.236049
ENSMUSG00000098539	-0.173670	-0.295206	-0.162433	0.688704	-0.246767	-0.127740
ENSMUSG00000098687	0.184516	0.425219	-0.711239	-0.149240	-0.212934	-0.418562
ENSMUSG00000098789	-0.109359	0.330976	0.417205	-0.345348	0.192485	0.035206
ENSMUSG00000099169	0.069369	0.138103	-0.094285	0.046461	0.621926	-0.262354
ENSMUSG00000099269	-0.007203	-0.213319	-0.136812	-0.007723	-0.409691	0.077679
ENSMUSG00000099443	-0.138688	-0.015901	-0.482565	0.106321	0.763594	-0.434949
ENSMUSG00000099486	-0.253327	-0.211773	0.477904	-0.390347	-0.535474	0.221427
ENSMUSG00000099517	0.100169	0.054050	-0.263729	0.021248	0.217226	-0.116211
ENSMUSG00000099583	-0.674623	0.615586	-0.044161	0.526452	-0.229539	-0.346145
ENSMUSG00000099687	0.103174	0.505720	0.143779	0.694058	-0.111130	0.055962
ENSMUSG00000099689	-0.118014	-0.530902	-0.544039	-0.331105	-0.284235	-0.305074
ENSMUSG00000099820	-0.146926	-0.165046	-0.144605	0.016370	-0.327431	0.026694
ENSMUSG00000099974	0.195645	-0.307833	0.609617	0.579230	0.187313	-0.188745
ENSMUSG00000100004	-0.094604	-0.035301	-0.259489	-0.278266	-0.026258	-0.062362
ENSMUSG00000100016	-0.289230	0.171752	-0.450363	0.392057	0.043147	-0.529943
ENSMUSG00000100079	-0.349413	-0.138344	0.579123	-0.118513	0.054462	0.239903
ENSMUSG00000100186	0.879934	0.877825	0.080439	0.202994	0.182036	0.258820
ENSMUSG00000100200	0.053383	0.114550	0.373301	-0.345032	0.086217	-0.159237
ENSMUSG00000100210	0.034770	-0.024841	0.014140	0.417339	-0.369728	-0.049170
ENSMUSG00000100241	0.287069	0.154999	0.472202	-0.486767	0.162058	-0.034604
ENSMUSG00000100324	0.459822	0.054545	0.026838	-0.458200	-0.316682	0.313761
ENSMUSG00000100448	0.161481	-0.226663	0.462837	0.128643	-0.418158	-0.271624
ENSMUSG00000100517	-0.168625	0.472091	-0.032587	-0.482993	-0.026665	-0.060300
ENSMUSG00000100549	0.201946	0.225470	0.135222	-0.089985	-0.926467	-0.436590
ENSMUSG00000100613	-0.194749	-0.036799	-0.256857	-0.531905	0.204729	-0.166612
ENSMUSG00000100626	-0.853350	0.486940	0.030846	-0.034084	0.054849	0.054900
ENSMUSG00000100689	-0.088314	0.030736	0.527295	0.521466	0.214047	-0.623137
ENSMUSG00000100713	-0.140794	0.366338	-0.139705	-0.378448	0.054808	0.810787
ENSMUSG00000100751	-0.600518	-0.270371	0.120050	-0.415794	-0.691650	-0.192240
ENSMUSG00000100899	-0.142747	0.202322	-0.473334	-0.022072	-0.169371	-0.204694
ENSMUSG00000100916	-0.230647	-0.002150	-0.105124	0.044583	0.321530	-0.074460
ENSMUSG00000100923	-0.263034	-0.487020	-0.441626	-0.285075	-0.717587	-0.080633
ENSMUSG00000100926	-0.302299	0.261859	0.165796	-0.013182	-0.524763	-0.028880
ENSMUSG00000100950	-0.098732	0.630286	0.478375	0.336228	0.190083	-0.108688
ENSMUSG00000101078	-0.008141	-0.350016	0.008884	0.563740	0.441704	-0.129888
ENSMUSG00000101252	0.257157	-0.535853	-0.135236	-0.120052	-0.396220	0.517341
ENSMUSG00000101312	-0.210892	-0.277948	0.332042	-0.268640	-0.223035	0.327788
ENSMUSG00000101337	0.076856	-0.120964	0.058092	0.110426	-0.564301	-0.037661
ENSMUSG00000101355	-0.142469	0.048583	0.432680	-0.525743	-0.074213	0.066530
ENSMUSG00000101391	-0.256147	0.398827	-0.494554	0.035630	-0.184614	-0.159387
ENSMUSG00000101427	0.426506	-0.514478	0.286866	-0.097163	0.515951	-0.061306
ENSMUSG00000101480	-0.175248	-0.199016	-0.171970	0.470404	-0.417323	0.466521
ENSMUSG00000101605	0.031491	-0.594667	-0.330777	0.023453	0.318820	-0.563740
ENSMUSG00000101750	0.264077	-0.174584	0.112522	0.065823	-0.445285	-0.281026
ENSMUSG00000101819	-0.334442	-0.301536	0.369798	0.567041	-0.558156	0.031861
ENSMUSG00000101874	-0.408615	0.293256	-0.236134	0.096030	-0.292140	-0.086414
ENSMUSG00000101918	0.271004	-0.021707	-0.200962	0.696830	-0.559328	0.062847
ENSMUSG00000101959	-0.467112	0.052342	0.431515	-0.338146	0.043749	-0.023409
ENSMUSG00000101972	0.136618	0.291364	0.095200	0.045355	-0.113226	-0.018458
ENSMUSG00000102037	0.516781	-0.178827	-0.084975	0.312618	-0.381015	-0.358993
ENSMUSG00000102091	-0.270175	-0.503444	-0.566027	-0.142809	-0.524212	-0.139643
ENSMUSG00000102252	0.647152	0.244155	-0.224821	-0.447243	0.062588	-0.424938
ENSMUSG00000102418	-0.316285	0.904235	0.049564	0.000923	0.252748	0.070692
ENSMUSG00000102692	-0.016289	-0.298496	-0.123981	0.137314	-0.409080	0.120864
ENSMUSG00000102802	0.321232	-0.072858	-0.461823	-0.191259	-0.565012	-0.385126
ENSMUSG00000102865	0.231958	0.029009	0.085932	-0.170442	-0.413302	0.022946
ENSMUSG00000102976	-0.158063	-0.256077	-0.096431	0.485131	-0.216288	-0.271430
ENSMUSG00000103711	0.778161	-0.548094	0.007202	0.242465	0.831753	-0.180555
ENSMUSG00000104445	-0.203275	-0.048592	0.405096	0.214810	0.040174	0.190981
ENSMUSG00000105298	0.230870	0.394836	0.171219	-0.178603	-0.117138	0.239260
ENSMUSG00000105406	-0.422274	0.734225	-0.400604	0.201145	-0.254203	-0.184619
ENSMUSG00000105621	0.215385	0.090229	0.059807	-0.318730	0.490544	0.440349
ENSMUSG00000105758	0.149549	-0.333243	-0.774840	0.203724	0.502118	-0.098893
ENSMUSG00000105799	-0.591655	0.101931	-0.004853	-0.300973	0.192174	-0.038916
ENSMUSG00000105827	0.307279	0.057407	0.054378	-0.609891	0.058449	0.308937
ENSMUSG00000106183	0.638393	0.099908	0.104235	-0.281488	-0.018829	0.146518
ENSMUSG00000106348	0.123095	-0.126605	-0.121840	0.231859	0.505867	0.236334
ENSMUSG00000106493	0.342907	-0.187482	0.114714	-0.142647	0.111644	-0.005857
ENSMUSG00000106677	0.695572	0.060909	-0.316569	0.711979	0.029630	0.110399
ENSMUSG00000106864	0.285678	0.308015	-0.154529	0.030001	0.293217	-0.342749
ENSMUSG00000106918	-0.087289	0.164999	0.251122	-0.159225	-0.163641	-0.502311
ENSMUSG00000107068	-0.106987	-0.297081	-0.191746	0.345980	-0.188523	0.616446
ENSMUSG00000107280	0.066640	-0.361040	-0.234337	0.260729	0.201290	0.169013
ENSMUSG00000107417	-0.232516	0.073957	0.106602	0.059535	-0.372970	-0.697086
ENSMUSG00000107573	0.495011	0.272702	-0.625777	-0.418421	0.111531	0.642544
ENSMUSG00000107645	0.060480	0.557014	0.358107	0.200878	-0.118506	-0.000307
ENSMUSG00000107662	-0.087321	0.195186	0.176380	0.676448	0.540241	0.092666
ENSMUSG00000107677	-0.039307	-0.474845	-0.064399	-0.463787	-0.157384	0.208995
ENSMUSG00000107711	0.519391	0.162066	-0.140129	-0.357533	0.610540	0.088938
ENSMUSG00000107822	-0.526174	-0.488255	-0.036568	0.489567	-0.391655	0.014329
ENSMUSG00000108114	-0.269454	-0.341897	1.229286	0.252721	0.263754	0.174809
ENSMUSG00000108167	-0.584671	0.294845	0.028065	0.074472	-0.096027	-0.686511
ENSMUSG00000108265	0.374111	-0.255569	0.308288	-0.462298	-0.188009	0.000692
ENSMUSG00000108426	-0.553369	0.223405	-0.069657	0.351317	-0.496583	-0.176097
ENSMUSG00000108534	-0.367026	-0.197869	0.049257	-0.631546	0.084940	0.273519
ENSMUSG00000108674	-0.061086	0.349399	0.858551	0.242552	0.281788	0.350603
ENSMUSG00000108728	0.668195	0.309767	0.170643	-0.259640	-0.066313	-0.241395
ENSMUSG00000108827	-0.365204	0.438732	0.025333	-0.218810	0.173503	0.550628
ENSMUSG00000108908	0.222120	-0.363600	0.035030	0.078064	-0.000748	0.248387
ENSMUSG00000108919	0.092122	0.302649	-0.312654	0.062267	-0.139819	-0.008212
ENSMUSG00000108931	-0.064830	0.080401	0.043541	-0.671512	0.031041	0.268217
ENSMUSG00000108948	-0.073975	-0.018688	0.080151	-0.330773	0.215913	-0.237526
ENSMUSG00000108995	0.079462	-0.219742	-0.264536	-0.507391	-0.224281	-0.618055
ENSMUSG00000109022	-0.234276	-0.346555	-0.083257	-0.847154	0.081522	0.115983
ENSMUSG00000109058	-0.261735	-0.074673	-0.142106	-0.497267	0.317725	0.629652
ENSMUSG00000109100	0.218300	0.364586	0.035917	-0.187357	-0.062046	0.096327
ENSMUSG00000109212	0.031564	0.088581	-0.531836	-0.065763	-0.242311	-0.357839
ENSMUSG00000109219	0.058245	0.163354	-0.362120	0.382775	0.061736	-0.187212
ENSMUSG00000109322	-0.224240	0.264755	0.116634	-0.033446	0.372246	0.818796
ENSMUSG00000109324	-0.197259	0.027124	-0.443354	-0.656939	-0.146087	-0.175706
ENSMUSG00000109328	0.073019	-0.108197	0.064375	0.099990	0.465137	0.074748
ENSMUSG00000109350	-0.159854	0.022289	0.449573	-0.036863	-0.250704	-0.032162
ENSMUSG00000109354	-0.397220	0.669401	0.519197	-0.217858	-0.051412	0.089922
ENSMUSG00000109376	0.265930	0.562101	-0.430967	-0.427043	-0.063305	0.030840
ENSMUSG00000109389	0.355155	-0.063399	-0.011051	-0.416609	0.418020	-0.413695
ENSMUSG00000109398	-0.176078	0.096991	-0.297050	0.502187	0.513219	-0.412516
ENSMUSG00000109403	-0.168259	0.179368	0.360965	-0.862553	-0.152580	-0.053458
ENSMUSG00000109449	-0.312356	0.189131	0.697670	0.449525	-0.804335	-0.089762
ENSMUSG00000109487	0.136707	0.428388	-0.176150	0.273152	-0.086871	-0.073776
ENSMUSG00000109497	-0.219311	-0.122980	0.265073	0.556909	0.256397	0.032324
ENSMUSG00000109511	-0.483366	-0.153078	-0.347692	-0.069189	0.195001	-0.410921
ENSMUSG00000109520	-0.310751	0.608369	0.459270	-0.307871	-0.108545	-0.384694
ENSMUSG00000109521	0.017177	-0.200361	-0.024722	0.298037	-0.106697	0.026012
ENSMUSG00000109523	-0.287832	-0.289885	-0.047761	-0.107742	-0.170657	-0.047863
ENSMUSG00000109528	0.085493	0.635005	0.300545	0.356963	-0.254726	-0.185942
ENSMUSG00000109542	-0.002508	-0.185836	0.234398	-0.609722	-0.066166	-0.376232
ENSMUSG00000109544	0.056716	0.420018	0.015125	0.171163	0.457277	-0.100966
ENSMUSG00000109547	0.018758	0.139364	-0.199626	-0.376964	-0.391829	0.465407
ENSMUSG00000109631	-0.028796	-0.091771	-0.104090	0.009608	0.231833	0.664482
ENSMUSG00000109659	0.135767	0.001090	0.501932	-0.311977	-0.272131	0.020065
ENSMUSG00000109764	0.102691	0.271478	-0.454018	0.300826	-0.082361	0.454385
ENSMUSG00000109801	0.070196	0.020301	-0.057492	-0.427413	-0.016050	-0.048796
ENSMUSG00000109806	0.048303	0.233726	-0.567170	0.077131	0.062287	0.450721
ENSMUSG00000109813	0.675258	-0.430592	0.588123	-0.002531	0.246277	0.414308
ENSMUSG00000109835	-0.373679	0.121901	0.206307	-0.102192	0.362005	-0.226920
ENSMUSG00000109858	0.317402	-0.582742	0.090743	1.006475	-0.348042	0.018899
ENSMUSG00000109859	0.247978	0.150954	0.464769	-0.145256	-0.834315	-0.173319
ENSMUSG00000109864	-0.004538	-0.565484	0.309083	-0.141604	-0.113644	-0.466995
ENSMUSG00000109865	-0.011425	-0.243149	0.442073	0.306550	0.192226	-0.045845
ENSMUSG00000109884	-0.744538	-0.343134	0.489411	0.573979	-0.070958	0.393824
ENSMUSG00000109901	-0.583827	0.222127	-0.481526	-0.008461	0.239815	-0.589323
ENSMUSG00000109941	-0.165228	0.132445	0.164154	0.372138	0.388425	0.544033
ENSMUSG00000109951	-0.685497	0.544915	0.361602	-0.170232	0.390798	-0.256146
ENSMUSG00000110008	-0.364753	0.276933	-0.200093	0.299343	0.438765	-0.022914
ENSMUSG00000110012	0.424943	-0.086473	-0.090385	0.010009	-0.240305	-0.089600
ENSMUSG00000110061	-0.237975	-0.026322	-0.088102	-0.054526	-0.055610	-0.041832
ENSMUSG00000110091	-0.099092	-0.495393	-0.161448	-0.049056	0.315974	-0.448702
ENSMUSG00000110122	-0.136901	0.367344	0.481538	-0.102110	-0.162057	-0.451870
ENSMUSG00000110171	-0.151418	0.181566	-0.147513	-0.134939	-0.535492	0.113484
ENSMUSG00000110206	-0.336285	0.233141	0.462067	-0.592793	0.185866	0.711137
ENSMUSG00000110253	-0.110105	-0.177221	0.476420	0.178901	-0.008317	0.575389
ENSMUSG00000110259	-0.007486	-0.271595	-0.197965	0.386068	-0.286326	0.583285
ENSMUSG00000110519	0.024582	0.544102	0.050933	-0.432185	0.054146	0.218590
ENSMUSG00000110526	0.592451	-0.153600	-0.399898	0.005063	0.421011	0.152501
ENSMUSG00000110621	0.054303	0.340547	-0.069514	0.615463	-0.132856	-0.097798
ENSMUSG00000110648	-0.042193	-0.150396	-0.332599	-0.052613	0.402180	0.051012
ENSMUSG00000110804	0.183296	-0.347111	-0.037833	-0.188932	0.175937	-0.134553
ENSMUSG00000110819	-0.411446	-0.074415	0.066525	-0.015013	-0.389638	-0.008212
ENSMUSG00000110881	-0.171721	-0.290902	0.654912	-0.558673	-0.041741	-0.706443
ENSMUSG00000110912	-0.262223	0.388030	0.207706	-0.093022	0.227221	0.222365
ENSMUSG00000110947	0.258156	-0.402356	-0.055486	-0.266543	0.312732	0.308561
ENSMUSG00000110970	0.422347	0.712804	-0.146267	-0.249676	0.481821	-0.487404
ENSMUSG00000110991	0.082518	0.066979	0.145140	-0.203015	-0.087689	-0.475842
ENSMUSG00000111021	-0.330532	0.251499	0.246140	0.279148	-0.108621	0.073638
ENSMUSG00000111119	-0.031720	0.189940	-0.604298	-0.255295	0.345167	-0.214021
ENSMUSG00000111159	-0.704425	-0.158577	0.219015	-0.629351	0.256381	0.311928
ENSMUSG00000111174	0.153690	-0.033089	-0.347508	0.371526	0.017944	-0.031933
ENSMUSG00000111179	0.373158	0.463516	0.075730	-0.363881	-0.516814	0.369092
ENSMUSG00000111190	0.015358	-0.323277	0.147975	0.346707	0.095111	0.507635
ENSMUSG00000111239	-0.148623	-0.206736	-0.048724	-0.714623	-0.019219	-0.244631
ENSMUSG00000111259	-0.071323	-0.027306	0.186908	0.527614	-0.446256	-0.357829
ENSMUSG00000111273	-0.583159	0.373167	0.312887	0.259638	0.618938	0.359769
ENSMUSG00000111306	-0.158153	-0.523785	-0.034040	0.020994	-0.360718	0.190051
ENSMUSG00000111338	-0.219747	0.313647	-0.432480	0.184594	0.076668	0.462227
ENSMUSG00000111356	0.113935	0.408767	0.045069	0.175968	-0.617696	0.119737
ENSMUSG00000111448	-0.053272	-0.201583	0.067190	-0.399433	0.026433	-0.739636
ENSMUSG00000111454	0.068149	-0.033303	0.345865	0.358479	-0.246848	0.497852
ENSMUSG00000111456	0.042249	0.094054	-0.227163	0.346520	0.645551	-0.388403
ENSMUSG00000111517	0.048061	-0.101951	-0.768607	0.176236	0.212510	0.150628
ENSMUSG00000111567	-0.213672	-0.290542	0.048311	-0.025162	-0.364334	-0.352819
ENSMUSG00000111590	0.000130	0.463288	-0.224502	0.591159	-0.022496	-0.596472
ENSMUSG00000111611	0.384011	-0.191841	-0.197445	0.148767	-0.066693	0.277141
ENSMUSG00000111660	-0.117361	-0.128482	0.293929	0.285493	0.241390	0.215343
ENSMUSG00000111661	0.143462	0.085092	-0.019824	0.078357	-0.224038	0.011760
ENSMUSG00000111689	0.031054	-0.015959	-0.211022	0.191186	0.510241	-0.089124
ENSMUSG00000111709	-0.591057	0.037042	0.636374	0.338956	-0.101250	0.211290
ENSMUSG00000111711	-0.057711	-0.348643	0.506190	-0.078046	-0.255777	0.303171
ENSMUSG00000111715	0.083743	0.384896	0.687474	0.088662	0.641115	-0.146334
ENSMUSG00000111732	0.484172	0.265386	-0.198756	0.577318	0.409838	-0.231236
ENSMUSG00000111747	-0.213047	0.413117	0.177343	0.412347	0.576532	-0.189724
ENSMUSG00000111772	-0.040792	0.311358	0.313083	0.230456	0.079799	0.243781
ENSMUSG00000111814	-0.385531	0.354454	0.025280	-0.064469	0.187109	0.075648
ENSMUSG00000111863	-0.140770	-0.132243	0.178416	0.775808	0.634368	-0.889025
ENSMUSG00000111869	0.318475	-0.332549	0.896953	0.264340	0.204630	0.465705
ENSMUSG00000111915	-0.159564	0.197184	-0.205100	-0.591184	-0.498056	-0.093289
ENSMUSG00000112022	-0.174170	-0.495413	-0.893089	-0.015916	0.227530	-0.272412
ENSMUSG00000112023	0.050683	0.271108	0.088321	-0.187909	-0.074383	0.238697
ENSMUSG00000112039	-0.457441	-0.510981	0.102441	-0.403329	-0.295592	0.451813
ENSMUSG00000112051	0.450230	0.141287	0.542783	0.296355	-0.021109	0.344393
ENSMUSG00000112148	0.232112	0.087733	-0.201322	0.307400	-0.364012	0.494489
ENSMUSG00000112160	0.287337	0.302170	0.049971	-0.159762	-0.845053	-0.173002
ENSMUSG00000112170	0.696403	-0.279702	-0.363456	0.259169	0.135968	-0.307024
ENSMUSG00000112223	0.107871	-0.269008	-0.079614	0.147737	-0.365083	-0.161012
ENSMUSG00000112341	-0.214535	0.221718	-0.168390	0.073830	0.105774	-0.221967
ENSMUSG00000112380	-0.408427	-0.160100	-0.629958	-0.265473	0.249318	-0.021631
ENSMUSG00000112449	0.023467	-0.330490	0.161322	0.179764	-0.414337	0.510430
ENSMUSG00000112640	0.237439	-0.342038	-0.522945	0.381464	0.179183	-0.028280
ENSMUSG00000112690	0.176389	0.028158	0.847688	-0.276908	-0.273879	0.432166
ENSMUSG00000112697	-0.186691	-0.141883	0.740250	-0.319920	0.420897	0.244827
ENSMUSG00000112740	-0.126687	0.177224	0.158834	-0.470929	-0.146552	-0.507469
ENSMUSG00000113163	0.195049	0.287309	-0.360101	0.067680	-0.736879	-0.460839
ENSMUSG00000113198	-0.499085	-0.242593	-0.795427	-0.121714	-0.121085	-0.027283
ENSMUSG00000113237	-0.782888	0.020083	0.245499	-0.327178	0.365496	-0.549271
ENSMUSG00000113247	0.361770	-0.486829	0.206484	0.031022	0.019117	0.031711
ENSMUSG00000113902	-0.367687	0.056771	-0.164361	-0.164838	0.136220	-0.344278
ENSMUSG00000114279	-0.498171	0.052888	-0.395180	0.215742	0.203954	0.123821
ENSMUSG00000114456	-0.172071	0.174519	0.313671	-0.070073	-0.050601	0.366719
ENSMUSG00000114481	0.149795	0.392950	-0.046322	-0.026957	0.343802	-0.345970
ENSMUSG00000114755	-0.323584	-0.192165	-0.508534	-0.208326	0.380252	-0.054812
ENSMUSG00000114797	-0.042983	0.177195	-0.064691	0.530852	-0.225709	-0.554132
ENSMUSG00000115067	0.308813	0.227468	-0.160408	0.133417	-0.492323	0.172119
ENSMUSG00000115293	0.013143	0.106997	0.100774	-0.061785	-0.069670	0.285964
ENSMUSG00000115338	0.403160	0.225881	0.154105	-0.401756	0.058593	-0.075285
ENSMUSG00000115958	0.123025	-0.032760	-0.030989	0.649219	-0.550494	-0.105397
ENSMUSG00000115987	0.240211	0.197909	0.188889	-0.404893	-0.297393	-0.203053
ENSMUSG00000116165	0.421136	-0.213682	0.006640	-0.018727	-0.519692	-0.041219
ENSMUSG00000116336	0.049948	0.840974	-0.611317	0.623541	-0.404907	-0.455773
ENSMUSG00000116378	-0.564778	0.171524	-0.143263	-0.205553	0.207828	-0.027350
ENSMUSG00000116564	0.139273	0.010175	-0.209154	-0.521822	0.018397	0.053234
ENSMUSG00000116648	-0.161502	0.002049	-0.308827	0.276486	-0.401020	0.197727
ENSMUSG00000116780	0.088962	-0.178928	-0.072105	0.866194	-0.255369	0.264873
ENSMUSG00000116845	0.281111	0.197548	-0.185647	-0.390928	-0.617521	-0.296087
ENSMUSG00000117145	0.451589	-0.324750	-0.290355	-0.120591	-0.156398	-0.239390
ENSMUSG00000118346	-0.021113	-0.311221	-0.258895	-0.048545	-0.214759	0.076668
ENSMUSG00000118406	-0.287078	0.070175	0.698952	0.269293	-0.107737	-0.041707
ENSMUSG00000118662	-0.024431	-0.051968	-0.303671	0.503950	-0.491929	-0.474351
ENSMUSG00000118664	0.370668	0.405818	0.324302	-0.429480	-0.009248	-0.163490
ENSMUSG00000118665	0.590274	0.255360	0.801992	-0.050333	-0.321086	0.584633
ENSMUSG00000118667	-0.240855	-0.104507	-0.462540	-0.585503	-0.267747	-0.941863
ENSMUSG00000118668	0.795920	-0.049877	-0.220142	0.810633	0.256345	0.216749
ENSMUSG00000118670	-0.030951	0.280919	0.075954	-0.331142	0.457602	-0.357583
ENSMUSG00000118672	-0.167620	-0.039831	0.128753	0.465825	-0.388579	0.035590
ENSMUSG00000118889	-0.228417	0.021269	0.493881	-0.273439	-0.175361	0.558519
ENSMUSG00000119752	-0.266238	0.080049	0.746664	0.181965	-0.515681	-0.210379
ENSMUSG00000121441	0.300640	-0.096473	-0.199353	-0.115078	0.129669	0.076828
ENSMUSG00000121510	-0.062110	-0.528143	0.303380	0.889773	-0.560223	-0.431955
ENSMUSG00000121595	-0.370370	-0.091557	-0.028526	0.202717	-0.319370	0.218949
ENSMUSG00000121628	-0.189781	-0.000778	0.681966	-0.201528	-0.419047	0.684938
ENSMUSG00000121647	0.209449	0.221851	0.211355	0.054344	-0.542701	-0.061841
ENSMUSG00000121800	0.064342	-0.498649	-0.023525	-0.144511	0.225747	-0.260828
ENSMUSG00000121801	0.046963	-0.147149	0.589837	0.223958	-0.014825	0.211064
ENSMUSG00000121818	0.494257	0.125092	-0.441570	0.054001	0.159538	-0.119533
ENSMUSG00000121846	-0.725358	-0.156040	-0.331930	0.590358	0.169767	-0.038201
ENSMUSG00000121914	-0.355006	-0.198258	-0.083566	0.144219	0.323260	0.185980
ENSMUSG00000135477	-1.096209	-0.615212	0.213193	-0.014776	-0.239008	0.328611
ENSMUSG00000142832	0.114844	0.066250	-0.172609	-0.202182	0.475198	-0.245686
ENSMUSG00000144287	0.532296	0.202078	0.387113	0.453601	-0.061477	0.239545
ENSMUSG00000144291	-0.213455	-0.752048	0.136616	0.508371	0.331595	0.470508
